# hetoimasia allocator parity trace, format 1; see README.md
# Synthetic, hypothetical: 1000 live buffers of 256 B to 64 KiB, log-uniform, alignments 16, 64 or 256,
# filling 50% of the block, then 5,000 steps of one random free and one allocation.
trace sweep-live-01000-occupancy-50
capacity 26673152
seed 1003
a 0 512 256
a 1 384 64
a 2 38928 16
a 3 13168 64
a 4 29792 64
a 5 39104 256
a 6 14064 64
a 7 1472 256
a 8 3952 16
a 9 384 16
a 10 1360 64
a 11 15280 256
a 12 14672 256
a 13 384 16
a 14 20448 256
a 15 2528 256
a 16 61232 16
a 17 4480 16
a 18 5200 16
a 19 2480 256
a 20 62464 64
a 21 5248 256
a 22 3184 16
a 23 44720 16
a 24 3600 256
a 25 1056 16
a 26 4880 256
a 27 14560 16
a 28 20080 16
a 29 15728 256
a 30 464 16
a 31 3392 256
a 32 352 256
a 33 880 256
a 34 528 64
a 35 512 256
a 36 400 256
a 37 8112 64
a 38 50256 64
a 39 336 16
a 40 1392 256
a 41 43472 16
a 42 2000 256
a 43 15904 256
a 44 7600 64
a 45 13856 256
a 46 944 64
a 47 12368 16
a 48 9808 256
a 49 896 16
a 50 9552 256
a 51 1520 256
a 52 51840 64
a 53 1744 256
a 54 1392 64
a 55 5248 64
a 56 23920 256
a 57 1792 256
a 58 30848 64
a 59 560 64
a 60 12080 16
a 61 720 256
a 62 8672 16
a 63 53744 256
a 64 864 256
a 65 4000 16
a 66 1952 64
a 67 10432 256
a 68 6144 16
a 69 944 64
a 70 28512 16
a 71 7360 16
a 72 1888 16
a 73 512 16
a 74 272 64
a 75 6976 256
a 76 1504 16
a 77 13344 64
a 78 2592 64
a 79 3520 256
a 80 480 256
a 81 544 16
a 82 1104 64
a 83 27712 64
a 84 976 64
a 85 49904 64
a 86 992 16
a 87 672 16
a 88 44016 64
a 89 13152 16
a 90 3968 256
a 91 43840 256
a 92 1328 64
a 93 336 256
a 94 5392 256
a 95 30688 16
a 96 41776 64
a 97 27872 256
a 98 6480 64
a 99 17200 64
a 100 31728 16
a 101 62768 64
a 102 1968 16
a 103 672 16
a 104 672 16
a 105 5728 16
a 106 1536 256
a 107 7424 16
a 108 6208 256
a 109 2736 256
a 110 480 64
a 111 59824 256
a 112 352 16
a 113 1600 64
a 114 816 16
a 115 8272 64
a 116 22544 64
a 117 624 16
a 118 1056 64
a 119 20800 16
a 120 384 64
a 121 7408 256
a 122 784 256
a 123 416 256
a 124 1376 16
a 125 27040 64
a 126 1808 256
a 127 36032 64
a 128 1344 256
a 129 50608 64
a 130 6944 256
a 131 14288 256
a 132 496 16
a 133 976 256
a 134 832 256
a 135 62320 256
a 136 36400 64
a 137 43696 256
a 138 5264 64
a 139 3984 64
a 140 16672 64
a 141 1952 16
a 142 3216 256
a 143 13664 256
a 144 2864 256
a 145 1792 64
a 146 33920 256
a 147 65488 256
a 148 304 16
a 149 1344 256
a 150 27872 16
a 151 1616 64
a 152 2208 256
a 153 57008 256
a 154 1616 64
a 155 2464 64
a 156 64544 64
a 157 3776 16
a 158 48032 16
a 159 304 64
a 160 15424 256
a 161 3776 16
a 162 1424 64
a 163 5696 256
a 164 7024 16
a 165 11824 16
a 166 384 256
a 167 9072 16
a 168 1744 64
a 169 832 256
a 170 12736 256
a 171 12272 16
a 172 26224 256
a 173 368 256
a 174 2688 64
a 175 3088 64
a 176 42160 64
a 177 2928 256
a 178 6416 16
a 179 11376 64
a 180 41888 16
a 181 3584 16
a 182 416 16
a 183 14672 64
a 184 10176 256
a 185 3072 16
a 186 42752 16
a 187 640 16
a 188 2224 64
a 189 4144 256
a 190 6496 64
a 191 22960 64
a 192 30208 256
a 193 1760 256
a 194 2016 256
a 195 14784 64
a 196 34096 64
a 197 2112 256
a 198 1584 256
a 199 2784 64
a 200 8384 16
a 201 14512 64
a 202 28800 16
a 203 4016 256
a 204 38896 64
a 205 39904 64
a 206 352 256
a 207 53520 16
a 208 480 16
a 209 672 16
a 210 2624 256
a 211 448 64
a 212 3056 256
a 213 13184 16
a 214 13968 16
a 215 960 16
a 216 9232 256
a 217 768 256
a 218 5200 256
a 219 512 16
a 220 56656 64
a 221 13424 16
a 222 16784 256
a 223 1920 256
a 224 3312 64
a 225 4320 256
a 226 22064 256
a 227 576 256
a 228 864 256
a 229 2816 64
a 230 8768 64
a 231 14048 64
a 232 31392 64
a 233 304 64
a 234 6400 16
a 235 11568 16
a 236 21472 16
a 237 36336 256
a 238 11696 256
a 239 3344 16
a 240 2176 16
a 241 1232 64
a 242 8032 16
a 243 16912 16
a 244 9888 64
a 245 5504 256
a 246 54448 256
a 247 40288 256
a 248 1312 256
a 249 1296 256
a 250 416 64
a 251 6048 16
a 252 1744 16
a 253 1936 256
a 254 34160 64
a 255 9616 16
a 256 9872 256
a 257 2720 64
a 258 5888 16
a 259 37888 256
a 260 60640 64
a 261 53584 256
a 262 6880 64
a 263 63024 256
a 264 32352 16
a 265 8400 64
a 266 30704 16
a 267 42880 64
a 268 5728 256
a 269 6800 16
a 270 1936 64
a 271 59168 16
a 272 9648 64
a 273 2480 64
a 274 496 16
a 275 2224 256
a 276 896 64
a 277 31472 64
a 278 31520 256
a 279 3776 16
a 280 336 64
a 281 32080 16
a 282 288 64
a 283 480 256
a 284 34640 256
a 285 13056 16
a 286 9552 64
a 287 44848 64
a 288 50480 256
a 289 592 16
a 290 57216 16
a 291 8912 256
a 292 34880 64
a 293 464 16
a 294 5200 64
a 295 432 256
a 296 30320 256
a 297 49200 16
a 298 46592 64
a 299 272 16
a 300 10688 64
a 301 816 64
a 302 28976 64
a 303 62288 64
a 304 21328 16
a 305 880 256
a 306 3040 256
a 307 2128 64
a 308 4288 16
a 309 416 64
a 310 19120 16
a 311 3360 16
a 312 400 16
a 313 12336 256
a 314 3232 16
a 315 704 256
a 316 464 256
a 317 26864 16
a 318 1872 64
a 319 21168 256
a 320 38416 64
a 321 1040 16
a 322 28864 256
a 323 64192 256
a 324 15856 256
a 325 352 64
a 326 720 16
a 327 6112 64
a 328 27776 256
a 329 4048 64
a 330 4192 16
a 331 28464 256
a 332 9712 16
a 333 22640 16
a 334 58064 16
a 335 48112 16
a 336 1232 16
a 337 27312 16
a 338 60688 256
a 339 61904 64
a 340 44624 64
a 341 14272 64
a 342 23952 256
a 343 30496 64
a 344 8272 256
a 345 8960 256
a 346 27216 16
a 347 656 16
a 348 3376 16
a 349 21392 256
a 350 912 16
a 351 18608 256
a 352 42992 16
a 353 28320 16
a 354 9072 256
a 355 272 256
a 356 656 16
a 357 9584 256
a 358 5760 64
a 359 2048 64
a 360 4032 64
a 361 61472 64
a 362 2016 16
a 363 1936 256
a 364 816 64
a 365 384 256
a 366 576 64
a 367 1312 64
a 368 3888 64
a 369 7504 256
a 370 496 64
a 371 2624 16
a 372 4160 16
a 373 28064 256
a 374 1024 64
a 375 3232 16
a 376 368 16
a 377 528 16
a 378 3968 64
a 379 58416 256
a 380 15984 256
a 381 320 256
a 382 368 16
a 383 1616 16
a 384 464 16
a 385 14384 256
a 386 432 16
a 387 480 64
a 388 11872 64
a 389 6288 64
a 390 31296 256
a 391 2016 256
a 392 2208 16
a 393 8608 64
a 394 560 256
a 395 37984 16
a 396 3344 256
a 397 7504 256
a 398 5232 64
a 399 688 256
a 400 14080 64
a 401 2736 64
a 402 4704 256
a 403 30192 16
a 404 896 64
a 405 4064 16
a 406 15648 64
a 407 4336 16
a 408 368 64
a 409 2720 64
a 410 2064 64
a 411 39808 16
a 412 1952 64
a 413 352 64
a 414 736 256
a 415 1280 64
a 416 400 16
a 417 14352 64
a 418 1264 256
a 419 2432 256
a 420 400 256
a 421 4832 256
a 422 2672 64
a 423 4080 256
a 424 33808 256
a 425 2208 256
a 426 5248 64
a 427 1664 16
a 428 448 16
a 429 5312 16
a 430 11136 64
a 431 20064 256
a 432 29552 64
a 433 6128 64
a 434 23616 256
a 435 7168 16
a 436 4944 256
a 437 13648 16
a 438 4896 256
a 439 784 256
a 440 416 64
a 441 896 256
a 442 7248 16
a 443 2032 16
a 444 15088 16
a 445 1136 16
a 446 320 16
a 447 37248 256
a 448 49648 256
a 449 8736 256
a 450 12800 256
a 451 368 256
a 452 29824 64
a 453 3664 16
a 454 31984 256
a 455 4272 64
a 456 496 64
a 457 3152 16
a 458 368 16
a 459 912 64
a 460 26128 16
a 461 624 64
a 462 1248 16
a 463 10576 64
a 464 608 256
a 465 608 16
a 466 480 256
a 467 1424 64
a 468 816 256
a 469 1584 16
a 470 896 64
a 471 704 256
a 472 17824 64
a 473 6832 64
a 474 8880 64
a 475 12864 64
a 476 24000 16
a 477 24048 256
a 478 9056 256
a 479 19296 256
a 480 1104 64
a 481 5792 16
a 482 544 64
a 483 6864 16
a 484 928 16
a 485 6080 16
a 486 640 64
a 487 1104 16
a 488 54672 256
a 489 256 64
a 490 36240 256
a 491 7392 64
a 492 480 256
a 493 912 64
a 494 22384 64
a 495 304 256
a 496 544 64
a 497 2544 16
a 498 432 64
a 499 52752 256
a 500 544 256
a 501 56000 64
a 502 336 256
a 503 3840 16
a 504 63264 256
a 505 18432 64
a 506 24576 64
a 507 4592 16
a 508 16016 16
a 509 624 64
a 510 19424 16
a 511 432 256
a 512 29840 64
a 513 368 16
a 514 45120 16
a 515 1472 16
a 516 464 16
a 517 39536 16
a 518 29776 64
a 519 12528 16
a 520 56368 64
a 521 3856 16
a 522 6464 64
a 523 1920 16
a 524 32560 16
a 525 512 256
a 526 2784 256
a 527 14624 16
a 528 13840 16
a 529 384 64
a 530 464 256
a 531 14080 256
a 532 4480 256
a 533 12448 64
a 534 7632 16
a 535 5184 64
a 536 29552 64
a 537 608 256
a 538 3296 64
a 539 1728 256
a 540 3168 64
a 541 15872 256
a 542 25504 16
a 543 14080 64
a 544 1664 256
a 545 2144 64
a 546 8960 16
a 547 1440 64
a 548 5600 64
a 549 2064 16
a 550 12064 16
a 551 1776 256
a 552 3632 64
a 553 304 256
a 554 17744 64
a 555 400 256
a 556 720 64
a 557 27280 16
a 558 29024 16
a 559 14032 64
a 560 5616 16
a 561 4512 64
a 562 384 64
a 563 6800 64
a 564 320 256
a 565 62288 256
a 566 1152 256
a 567 4240 64
a 568 24816 64
a 569 34304 16
a 570 2192 256
a 571 11232 16
a 572 496 16
a 573 6960 256
a 574 38064 16
a 575 1472 256
a 576 672 16
a 577 640 16
a 578 37456 16
a 579 15520 64
a 580 11952 256
a 581 26736 16
a 582 4864 16
a 583 512 16
a 584 5872 64
a 585 528 256
a 586 37344 256
a 587 1968 256
a 588 5904 64
a 589 12384 256
a 590 44928 256
a 591 44352 256
a 592 42096 16
a 593 30400 64
a 594 3088 64
a 595 20432 256
a 596 39712 64
a 597 1760 256
a 598 384 16
a 599 24256 256
a 600 912 256
a 601 24176 256
a 602 43952 16
a 603 656 16
a 604 35472 256
a 605 896 16
a 606 48928 16
a 607 7504 16
a 608 36896 64
a 609 2080 64
a 610 640 64
a 611 432 64
a 612 46880 64
a 613 1328 64
a 614 288 256
a 615 65344 64
a 616 49504 64
a 617 6736 256
a 618 27408 256
a 619 8192 256
a 620 9456 256
a 621 2848 256
a 622 288 256
a 623 13264 256
a 624 272 16
a 625 544 256
a 626 2768 64
a 627 22992 16
a 628 3216 64
a 629 784 256
a 630 37792 16
a 631 54432 256
a 632 368 64
a 633 2544 256
a 634 62192 16
a 635 5760 256
a 636 17104 64
a 637 40352 256
a 638 12480 64
a 639 16960 64
a 640 960 16
a 641 4496 16
a 642 3520 256
a 643 36752 16
a 644 656 256
a 645 928 64
a 646 3328 256
a 647 14608 256
a 648 7248 256
a 649 46368 16
a 650 11904 64
a 651 29024 64
a 652 3728 64
a 653 464 16
a 654 3264 256
a 655 400 256
a 656 57136 256
a 657 2032 256
a 658 8352 16
a 659 2336 64
a 660 1120 256
a 661 22512 64
a 662 12352 256
a 663 1056 256
a 664 35888 256
a 665 25456 16
a 666 7392 64
a 667 1216 16
a 668 5344 64
a 669 2496 256
a 670 13200 256
a 671 5904 256
a 672 4768 256
a 673 2960 64
a 674 288 16
a 675 54640 256
a 676 784 256
a 677 42352 16
a 678 34976 16
a 679 512 256
a 680 11120 256
a 681 43744 64
a 682 768 256
a 683 53696 256
a 684 32736 16
a 685 40656 256
a 686 23248 16
a 687 65200 64
a 688 2528 256
a 689 3456 64
a 690 10512 256
a 691 1760 256
a 692 784 16
a 693 816 256
a 694 1360 64
a 695 2304 64
a 696 1136 256
a 697 1280 256
a 698 2048 64
a 699 3440 256
a 700 32128 16
a 701 28064 64
a 702 640 16
a 703 688 16
a 704 28224 256
a 705 848 16
a 706 39008 256
a 707 14448 16
a 708 2224 64
a 709 6032 64
a 710 5104 256
a 711 672 16
a 712 5440 16
a 713 3680 16
a 714 592 64
a 715 3920 16
a 716 14112 64
a 717 12496 64
a 718 7520 16
a 719 1104 64
a 720 30112 256
a 721 11872 256
a 722 2128 64
a 723 304 64
a 724 1504 16
a 725 3616 16
a 726 4224 64
a 727 640 256
a 728 320 16
a 729 24704 64
a 730 1120 64
a 731 5440 64
a 732 46704 64
a 733 7520 16
a 734 32816 64
a 735 19760 256
a 736 672 256
a 737 27952 256
a 738 41328 64
a 739 5200 16
a 740 1216 64
a 741 3360 16
a 742 1504 16
a 743 2368 16
a 744 512 16
a 745 10144 256
a 746 5584 16
a 747 1008 256
a 748 912 64
a 749 2784 256
a 750 512 64
a 751 41520 64
a 752 6720 256
a 753 1152 64
a 754 53408 256
a 755 1136 64
a 756 560 16
a 757 45136 256
a 758 17168 256
a 759 1920 256
a 760 63984 16
a 761 752 16
a 762 26752 16
a 763 352 64
a 764 16784 256
a 765 3712 64
a 766 7056 16
a 767 336 16
a 768 672 256
a 769 4608 256
a 770 624 64
a 771 4944 256
a 772 5200 16
a 773 14048 256
a 774 14592 64
a 775 6496 64
a 776 528 16
a 777 5344 256
a 778 368 16
a 779 58304 256
a 780 864 64
a 781 6112 64
a 782 1424 16
a 783 23520 64
a 784 35040 64
a 785 32064 256
a 786 2208 16
a 787 7936 64
a 788 624 256
a 789 59120 64
a 790 39008 16
a 791 13248 256
a 792 3536 64
a 793 7296 256
a 794 512 256
a 795 14592 256
a 796 1040 64
a 797 960 64
a 798 3472 16
a 799 3888 256
a 800 22608 256
a 801 2992 256
a 802 32512 64
a 803 752 64
a 804 1504 16
a 805 3616 256
a 806 352 16
a 807 7520 16
a 808 35952 64
a 809 43216 16
a 810 13808 256
a 811 784 256
a 812 50560 16
a 813 272 256
a 814 1056 64
a 815 12016 64
a 816 1952 64
a 817 19536 16
a 818 18560 16
a 819 1760 64
a 820 12736 16
a 821 3440 16
a 822 56176 64
a 823 11568 64
a 824 12736 64
a 825 448 256
a 826 2832 256
a 827 1984 64
a 828 21488 64
a 829 384 16
a 830 352 64
a 831 14576 256
a 832 720 256
a 833 640 64
a 834 28544 16
a 835 1184 256
a 836 11888 64
a 837 272 64
a 838 1216 16
a 839 6800 256
a 840 51936 64
a 841 1872 16
a 842 624 256
a 843 30656 256
a 844 3744 16
a 845 10240 64
a 846 16640 64
a 847 18528 256
a 848 18176 256
a 849 20336 16
a 850 1376 256
a 851 752 64
a 852 3088 16
a 853 23552 16
a 854 61920 64
a 855 19808 64
a 856 3184 16
a 857 26928 64
a 858 3696 64
a 859 608 256
a 860 352 16
a 861 65488 256
a 862 60368 256
a 863 65472 256
a 864 12784 64
a 865 22512 64
a 866 11984 256
a 867 23344 256
a 868 1088 64
a 869 1728 64
a 870 26960 64
a 871 448 256
a 872 64624 16
a 873 13728 16
a 874 29328 64
a 875 9792 16
a 876 4688 64
a 877 6656 16
a 878 27904 16
a 879 592 64
a 880 47024 256
a 881 31776 64
a 882 5472 16
a 883 22672 256
a 884 3088 256
a 885 59984 16
a 886 8528 64
a 887 2240 256
a 888 16736 64
a 889 29888 64
a 890 1120 256
a 891 27680 16
a 892 5408 256
a 893 3360 16
a 894 4624 64
a 895 56416 256
a 896 7136 256
a 897 21696 16
a 898 8640 64
a 899 2832 256
a 900 55472 64
a 901 928 64
a 902 640 16
a 903 10864 16
a 904 992 64
a 905 34544 16
a 906 1456 256
a 907 512 64
a 908 3200 256
a 909 14400 64
a 910 656 16
a 911 22368 16
a 912 848 256
a 913 9600 64
a 914 6640 64
a 915 13888 64
a 916 5840 64
a 917 31456 16
a 918 1904 256
a 919 13632 256
a 920 496 256
a 921 20416 16
a 922 15088 256
a 923 9728 256
a 924 39344 16
a 925 56016 64
a 926 16640 256
a 927 3648 64
a 928 18768 256
a 929 18208 256
a 930 3440 256
a 931 9424 16
a 932 4992 256
a 933 2848 64
a 934 8384 64
a 935 5408 64
a 936 8976 16
a 937 4512 256
a 938 432 64
a 939 3584 16
a 940 5232 16
a 941 6256 16
a 942 19712 256
a 943 20704 256
a 944 45024 64
a 945 30352 256
a 946 4096 64
a 947 4592 256
a 948 1360 16
a 949 7328 16
a 950 4144 256
a 951 49424 256
a 952 336 256
a 953 7488 16
a 954 496 256
a 955 3216 64
a 956 63840 256
a 957 11104 64
a 958 3488 16
a 959 2512 256
a 960 7488 16
a 961 1888 64
a 962 5312 64
a 963 1264 16
a 964 38064 64
a 965 18992 16
a 966 3984 256
a 967 960 256
a 968 768 64
a 969 400 256
a 970 18592 256
a 971 52704 256
a 972 23120 64
a 973 368 64
a 974 2448 64
a 975 5616 16
a 976 12960 16
a 977 16352 256
a 978 28544 64
a 979 912 256
a 980 64720 64
a 981 13616 64
a 982 288 64
a 983 12944 64
a 984 1936 64
a 985 5136 16
a 986 10832 256
a 987 672 64
a 988 13056 16
a 989 288 64
a 990 25568 256
a 991 3152 16
a 992 6240 256
a 993 2464 256
a 994 320 16
a 995 384 64
a 996 384 256
a 997 1440 64
a 998 560 256
a 999 832 256
c filled
f 869
a 1000 33856 256
f 706
a 1001 688 256
f 833
a 1002 3456 64
f 527
a 1003 1104 64
f 405
a 1004 400 64
f 108
a 1005 944 16
f 890
a 1006 464 256
f 39
a 1007 1264 16
f 408
a 1008 6112 16
f 272
a 1009 304 16
f 866
a 1010 752 16
f 312
a 1011 1744 64
f 944
a 1012 29504 16
f 722
a 1013 6080 64
f 812
a 1014 1024 64
f 542
a 1015 60192 64
f 19
a 1016 11632 256
f 764
a 1017 3008 256
f 191
a 1018 3216 64
f 762
a 1019 528 16
f 916
a 1020 1616 256
f 540
a 1021 3504 16
f 758
a 1022 25696 16
f 451
a 1023 14384 64
f 996
a 1024 8416 16
f 96
a 1025 7808 256
f 200
a 1026 14688 256
f 67
a 1027 19328 64
f 270
a 1028 15344 256
f 339
a 1029 4624 256
f 755
a 1030 1552 16
f 529
a 1031 432 16
f 601
a 1032 624 16
f 671
a 1033 19168 256
f 211
a 1034 31136 256
f 674
a 1035 15984 256
f 181
a 1036 1216 64
f 824
a 1037 992 64
f 431
a 1038 49488 256
f 225
a 1039 37648 64
f 106
a 1040 33328 16
f 943
a 1041 7312 64
f 329
a 1042 11472 256
f 467
a 1043 944 256
f 396
a 1044 2416 64
f 594
a 1045 896 256
f 242
a 1046 7008 64
f 79
a 1047 352 16
f 692
a 1048 20784 64
f 1024
a 1049 2048 64
f 111
a 1050 25904 64
f 203
a 1051 32112 16
f 365
a 1052 10640 16
f 260
a 1053 1952 64
f 301
a 1054 1536 256
f 1002
a 1055 4992 64
f 303
a 1056 11952 64
f 159
a 1057 52912 256
f 232
a 1058 46448 16
f 107
a 1059 2864 16
f 658
a 1060 25648 16
f 456
a 1061 32112 64
f 150
a 1062 23936 256
f 105
a 1063 512 256
f 463
a 1064 2688 256
f 17
a 1065 13968 16
f 459
a 1066 3504 64
f 822
a 1067 1776 256
f 402
a 1068 1248 256
f 287
a 1069 416 64
f 149
a 1070 848 256
f 622
a 1071 7248 64
f 921
a 1072 3088 256
f 110
a 1073 9328 256
f 27
a 1074 896 16
f 135
a 1075 592 16
f 1007
a 1076 56880 256
f 572
a 1077 62240 64
f 872
a 1078 528 16
f 418
a 1079 432 256
f 167
a 1080 16224 16
f 905
a 1081 2656 256
f 746
a 1082 26560 256
f 653
a 1083 752 64
f 251
a 1084 41712 256
f 924
a 1085 18000 16
f 338
a 1086 6048 16
f 255
a 1087 4992 256
f 30
a 1088 384 256
f 870
a 1089 2400 256
f 640
a 1090 1312 16
f 400
a 1091 1152 16
f 218
a 1092 832 64
f 1058
a 1093 13552 256
f 278
a 1094 20688 64
f 48
a 1095 18544 256
f 4
a 1096 3056 64
f 514
a 1097 512 256
f 814
a 1098 10784 256
f 471
a 1099 6768 64
f 693
a 1100 1328 16
f 121
a 1101 1856 64
f 935
a 1102 7008 256
f 689
a 1103 1280 64
f 969
a 1104 736 256
f 1069
a 1105 11584 64
f 783
a 1106 26320 256
f 854
a 1107 7696 256
f 793
a 1108 5536 256
f 515
a 1109 60928 256
f 26
a 1110 53968 16
f 249
a 1111 37472 64
f 158
a 1112 592 64
f 626
a 1113 864 256
f 131
a 1114 2224 16
f 792
a 1115 944 64
f 350
a 1116 448 16
f 599
a 1117 7360 256
f 1040
a 1118 4432 256
f 328
a 1119 30384 16
f 743
a 1120 3328 64
f 688
a 1121 1920 64
f 277
a 1122 1248 256
f 1034
a 1123 2624 256
f 155
a 1124 848 64
f 834
a 1125 416 256
f 684
a 1126 448 256
f 10
a 1127 3248 64
f 1045
a 1128 18144 256
f 391
a 1129 9824 16
f 202
a 1130 46256 64
f 274
a 1131 768 64
f 616
a 1132 768 16
f 590
a 1133 9472 256
f 414
a 1134 41632 64
f 573
a 1135 512 64
f 479
a 1136 784 16
f 546
a 1137 1008 256
f 1043
a 1138 832 16
f 886
a 1139 848 16
f 267
a 1140 688 64
f 367
a 1141 384 256
f 667
a 1142 52992 64
f 665
a 1143 752 256
f 536
a 1144 1776 64
f 168
a 1145 6016 256
f 213
a 1146 4544 16
f 919
a 1147 20064 256
f 140
a 1148 25120 16
f 204
a 1149 2864 64
f 123
a 1150 640 16
f 998
a 1151 15936 64
f 316
a 1152 8896 256
f 24
a 1153 3232 64
f 78
a 1154 22208 256
f 800
a 1155 272 256
f 571
a 1156 10624 64
f 846
a 1157 34656 16
f 22
a 1158 608 256
f 877
a 1159 400 64
f 263
a 1160 15184 16
f 1067
a 1161 368 256
f 797
a 1162 4288 16
f 611
a 1163 3808 256
f 462
a 1164 1968 64
f 648
a 1165 31776 64
f 288
a 1166 8432 64
f 681
a 1167 3200 256
f 1096
a 1168 13376 16
f 543
a 1169 256 64
f 1091
a 1170 720 256
f 778
a 1171 1376 64
f 1072
a 1172 32176 64
f 226
a 1173 58432 64
f 256
a 1174 16896 64
f 1023
a 1175 480 256
f 334
a 1176 3936 256
f 40
a 1177 24032 16
f 492
a 1178 2192 256
f 724
a 1179 25984 16
f 8
a 1180 28480 16
f 931
a 1181 4144 16
f 912
a 1182 1376 256
f 745
a 1183 1584 64
f 727
a 1184 19584 16
f 129
a 1185 4688 64
f 1009
a 1186 65136 16
f 271
a 1187 1280 256
f 1102
a 1188 27408 64
f 164
a 1189 10576 64
f 701
a 1190 16240 64
f 198
a 1191 3792 64
f 1039
a 1192 6496 64
f 222
a 1193 18848 256
f 32
a 1194 43824 256
f 1179
a 1195 704 64
f 134
a 1196 1952 256
f 323
a 1197 2240 64
f 117
a 1198 1120 16
f 190
a 1199 448 256
f 253
a 1200 704 16
f 130
a 1201 35584 64
f 541
a 1202 3328 256
f 136
a 1203 6400 16
f 823
a 1204 7328 256
f 702
a 1205 976 16
f 1133
a 1206 688 256
f 314
a 1207 15184 64
f 617
a 1208 30672 256
f 382
a 1209 704 16
f 205
a 1210 38016 16
f 1174
a 1211 4128 256
f 342
a 1212 2016 256
f 511
a 1213 8112 16
f 517
a 1214 848 256
f 1109
a 1215 21312 64
f 1214
a 1216 20480 64
f 703
a 1217 11456 64
f 113
a 1218 17456 16
f 189
a 1219 288 256
f 627
a 1220 272 256
f 221
a 1221 1136 16
f 895
a 1222 43168 16
f 730
a 1223 416 256
f 1052
a 1224 560 64
f 926
a 1225 3312 256
f 858
a 1226 368 16
f 666
a 1227 656 256
f 832
a 1228 5488 64
f 576
a 1229 6640 64
f 623
a 1230 544 16
f 1016
a 1231 6240 16
f 13
a 1232 2192 256
f 439
a 1233 3248 64
f 798
a 1234 496 256
f 750
a 1235 432 64
f 1092
a 1236 46944 64
f 1136
a 1237 1440 64
f 5
a 1238 3792 16
f 568
a 1239 53312 64
f 1176
a 1240 2768 256
f 1106
a 1241 480 256
f 1084
a 1242 432 64
f 1005
a 1243 31264 256
f 808
a 1244 15536 64
f 637
a 1245 304 16
f 1073
a 1246 25840 16
f 326
a 1247 592 256
f 377
a 1248 2688 64
f 1164
a 1249 2928 16
f 748
a 1250 384 256
f 390
a 1251 31488 64
f 1229
a 1252 64848 256
f 977
a 1253 1696 64
f 699
a 1254 40144 16
f 63
a 1255 27728 16
f 805
a 1256 3264 256
f 1074
a 1257 1072 16
f 1208
a 1258 20384 256
f 679
a 1259 736 16
f 597
a 1260 16976 256
f 1087
a 1261 3904 16
f 918
a 1262 5104 256
f 1118
a 1263 23040 64
f 659
a 1264 5296 16
f 138
a 1265 2464 16
f 575
a 1266 3056 256
f 741
a 1267 848 256
f 710
a 1268 11968 16
f 86
a 1269 752 16
f 1148
a 1270 19840 64
f 1146
a 1271 784 64
f 482
a 1272 6000 16
f 713
a 1273 928 64
f 450
a 1274 19152 256
f 682
a 1275 816 16
f 244
a 1276 6720 256
f 101
a 1277 608 16
f 987
a 1278 6096 256
f 950
a 1279 656 64
f 393
a 1280 25056 16
f 1181
a 1281 42080 16
f 621
a 1282 10304 16
f 1053
a 1283 1904 256
f 1115
a 1284 40096 64
f 337
a 1285 23888 64
f 1194
a 1286 3872 64
f 1071
a 1287 6944 256
f 875
a 1288 9056 64
f 38
a 1289 640 256
f 1173
a 1290 1056 256
f 1041
a 1291 1232 64
f 726
a 1292 1152 256
f 1031
a 1293 58912 16
f 1200
a 1294 1232 64
f 315
a 1295 29984 16
f 631
a 1296 1952 256
f 610
a 1297 6112 256
f 1232
a 1298 1120 16
f 522
a 1299 4992 256
f 967
a 1300 6624 16
f 628
a 1301 368 256
f 306
a 1302 7456 256
f 1193
a 1303 26656 64
f 484
a 1304 5488 16
f 446
a 1305 752 16
f 562
a 1306 3536 64
f 1157
a 1307 2000 16
f 6
a 1308 464 256
f 1131
a 1309 496 64
f 602
a 1310 736 64
f 243
a 1311 27472 64
f 1149
a 1312 50992 64
f 15
a 1313 19120 256
f 489
a 1314 3600 64
f 957
a 1315 42192 256
f 592
a 1316 3616 16
f 1306
a 1317 6352 256
f 1228
a 1318 1696 64
f 553
a 1319 1552 64
f 900
a 1320 1152 64
f 649
a 1321 9648 256
f 520
a 1322 480 256
f 769
a 1323 1376 16
f 21
a 1324 2000 64
f 1230
a 1325 448 64
f 715
a 1326 960 64
f 1019
a 1327 16784 64
f 1239
a 1328 2544 64
f 1061
a 1329 6176 64
f 565
a 1330 31744 16
f 813
a 1331 6752 256
f 1188
a 1332 7264 64
f 898
a 1333 8048 256
f 1201
a 1334 1184 64
f 166
a 1335 3936 256
f 1298
a 1336 1776 64
f 441
a 1337 976 64
f 1012
a 1338 336 64
f 126
a 1339 9600 64
f 1030
a 1340 16016 256
f 472
a 1341 3136 64
f 120
a 1342 272 256
f 948
a 1343 2800 256
f 819
a 1344 6896 16
f 680
a 1345 1456 64
f 179
a 1346 10016 64
f 313
a 1347 1296 64
f 843
a 1348 4720 16
f 147
a 1349 3456 64
f 1170
a 1350 3824 256
f 1205
a 1351 880 256
f 1299
a 1352 512 64
f 443
a 1353 5728 64
f 1305
a 1354 384 256
f 661
a 1355 7088 16
f 54
a 1356 28880 16
f 186
a 1357 4640 16
f 694
a 1358 8672 256
f 436
a 1359 480 16
f 556
a 1360 512 16
f 453
a 1361 432 16
f 645
a 1362 24720 16
f 1032
a 1363 7824 64
f 491
a 1364 400 256
f 1253
a 1365 3632 256
f 953
a 1366 512 256
f 1255
a 1367 2576 16
f 487
a 1368 7840 256
f 490
a 1369 20896 256
f 922
a 1370 1104 256
f 358
a 1371 3232 256
f 1154
a 1372 8800 256
f 360
a 1373 1120 64
f 795
a 1374 1104 64
f 1302
a 1375 272 256
f 151
a 1376 42720 16
f 321
a 1377 2000 256
f 1095
a 1378 30352 64
f 539
a 1379 304 64
f 449
a 1380 976 256
f 1291
a 1381 3376 256
f 1378
a 1382 720 64
f 733
a 1383 1952 16
f 280
a 1384 23856 256
f 719
a 1385 13888 64
f 216
a 1386 1952 16
f 984
a 1387 11984 64
f 557
a 1388 7184 64
f 228
a 1389 672 16
f 739
a 1390 352 64
f 654
a 1391 3456 256
f 548
a 1392 2464 256
f 90
a 1393 880 64
f 938
a 1394 1808 16
f 465
a 1395 400 16
f 1107
a 1396 3408 256
f 999
a 1397 480 256
f 1390
a 1398 944 256
f 380
a 1399 288 64
f 394
a 1400 38240 64
f 1393
a 1401 976 64
f 1241
a 1402 4416 64
f 310
a 1403 3760 64
f 424
a 1404 12944 64
f 192
a 1405 31984 16
f 454
a 1406 4480 64
f 1303
a 1407 864 256
f 502
a 1408 23600 16
f 747
a 1409 12432 256
f 215
a 1410 6016 256
f 346
a 1411 26288 16
f 558
a 1412 3072 256
f 1035
a 1413 3504 256
f 506
a 1414 8064 256
f 460
a 1415 10976 16
f 330
a 1416 352 256
f 370
a 1417 1120 64
f 76
a 1418 320 64
f 961
a 1419 3936 64
f 83
a 1420 288 256
f 1355
a 1421 4080 256
f 1078
a 1422 2080 256
f 1033
a 1423 3424 256
f 853
a 1424 47984 16
f 584
a 1425 1616 256
f 235
a 1426 30768 256
f 946
a 1427 416 64
f 1296
a 1428 496 256
f 84
a 1429 480 256
f 448
a 1430 10032 16
f 633
a 1431 5120 256
f 229
a 1432 11136 64
f 275
a 1433 416 16
f 1311
a 1434 1792 256
f 1286
a 1435 7296 256
f 569
a 1436 23184 256
f 988
a 1437 400 16
f 844
a 1438 2400 16
f 1301
a 1439 3408 256
f 444
a 1440 640 256
f 264
a 1441 38576 256
f 1327
a 1442 27440 16
f 1215
a 1443 4032 64
f 285
a 1444 592 64
f 579
a 1445 4928 64
f 560
a 1446 7120 256
f 103
a 1447 512 64
f 687
a 1448 1712 64
f 1093
a 1449 400 256
f 975
a 1450 33280 256
f 23
a 1451 39232 256
f 1265
a 1452 58848 64
f 440
a 1453 13984 16
f 1233
a 1454 1840 256
f 1161
a 1455 60512 256
f 317
a 1456 512 256
f 122
a 1457 896 64
f 1440
a 1458 11712 16
f 563
a 1459 7024 16
f 1455
a 1460 1440 256
f 1234
a 1461 12336 256
f 304
a 1462 272 256
f 980
a 1463 28960 256
f 947
a 1464 768 64
f 1297
a 1465 12400 64
f 115
a 1466 31488 256
f 269
a 1467 2576 256
f 1294
a 1468 15104 256
f 913
a 1469 5120 64
f 874
a 1470 3072 16
f 276
a 1471 3424 256
f 1011
a 1472 31280 16
f 473
a 1473 28016 16
f 1463
a 1474 992 16
f 35
a 1475 6416 64
f 660
a 1476 48832 16
f 294
a 1477 2928 256
f 290
a 1478 15088 64
f 401
a 1479 8080 256
f 311
a 1480 50544 256
f 510
a 1481 9744 64
f 1274
a 1482 3728 16
f 1284
a 1483 7632 64
f 580
a 1484 3552 64
f 962
a 1485 51792 16
f 364
a 1486 272 16
f 685
a 1487 1664 64
f 1195
a 1488 592 64
f 531
a 1489 9408 256
f 738
a 1490 15472 16
f 273
a 1491 560 16
f 258
a 1492 25472 64
f 784
a 1493 368 256
f 1132
a 1494 50240 256
f 1394
a 1495 6832 16
f 1051
a 1496 768 256
f 857
a 1497 52112 256
f 613
a 1498 4224 256
f 1249
a 1499 16656 256
c step-500
f 1379
a 1500 32416 256
f 837
a 1501 864 16
f 1451
a 1502 1760 256
f 1350
a 1503 1456 16
f 861
a 1504 54848 256
f 1044
a 1505 608 16
f 512
a 1506 816 256
f 31
a 1507 768 256
f 47
a 1508 400 256
f 994
a 1509 1936 16
f 709
a 1510 1440 256
f 1414
a 1511 1872 16
f 1326
a 1512 816 256
f 1178
a 1513 2144 64
f 1497
a 1514 8144 16
f 1479
a 1515 1008 16
f 1400
a 1516 1152 16
f 1017
a 1517 992 16
f 1325
a 1518 63888 16
f 407
a 1519 1024 16
f 530
a 1520 12352 64
f 1064
a 1521 384 16
f 1343
a 1522 61680 64
f 555
a 1523 7328 64
f 499
a 1524 1824 256
f 220
a 1525 22096 64
f 141
a 1526 2608 16
f 577
a 1527 3392 64
f 62
a 1528 464 256
f 1482
a 1529 9664 64
f 742
a 1530 48528 256
f 1204
a 1531 368 256
f 1384
a 1532 13744 16
f 174
a 1533 28496 64
f 58
a 1534 19248 16
f 731
a 1535 12416 64
f 57
a 1536 57456 256
f 1473
a 1537 24432 256
f 217
a 1538 57776 256
f 352
a 1539 384 256
f 389
a 1540 5056 64
f 1445
a 1541 560 16
f 438
a 1542 496 256
f 1348
a 1543 14816 64
f 643
a 1544 1632 256
f 1184
a 1545 976 16
f 773
a 1546 416 16
f 1272
a 1547 4224 64
f 361
a 1548 3440 64
f 1396
a 1549 9184 256
f 1216
a 1550 51568 16
f 1258
a 1551 816 64
f 1441
a 1552 1952 64
f 625
a 1553 42208 64
f 1408
a 1554 23120 256
f 74
a 1555 640 256
f 1320
a 1556 3920 256
f 770
a 1557 6720 64
f 325
a 1558 23360 64
f 1314
a 1559 13184 16
f 69
a 1560 21536 64
f 419
a 1561 496 64
f 165
a 1562 1488 16
f 331
a 1563 1792 64
f 1328
a 1564 6160 16
f 1557
a 1565 912 16
f 12
a 1566 7392 16
f 237
a 1567 2528 256
f 464
a 1568 3680 256
f 1430
a 1569 2752 16
f 332
a 1570 2272 256
f 154
a 1571 3584 16
f 119
a 1572 63008 64
f 279
a 1573 25312 64
f 152
a 1574 320 256
f 1293
a 1575 14672 256
f 891
a 1576 3968 256
f 759
a 1577 18288 256
f 1224
a 1578 12944 64
f 1236
a 1579 448 64
f 261
a 1580 64912 256
f 268
a 1581 304 16
f 206
a 1582 4400 256
f 552
a 1583 992 16
f 145
a 1584 9952 64
f 432
a 1585 1024 16
f 774
a 1586 336 16
f 1514
a 1587 42816 64
f 1574
a 1588 3808 64
f 1251
a 1589 608 64
f 1421
a 1590 832 16
f 644
a 1591 592 256
f 1496
a 1592 1664 16
f 230
a 1593 31424 64
f 1572
a 1594 22144 256
f 538
a 1595 368 16
f 1226
a 1596 22752 16
f 763
a 1597 1328 256
f 501
a 1598 17264 256
f 1199
a 1599 19632 16
f 976
a 1600 6672 64
f 1076
a 1601 320 16
f 1288
a 1602 3232 16
f 1198
a 1603 9888 16
f 1518
a 1604 2592 64
f 1550
a 1605 1632 16
f 547
a 1606 1248 64
f 1070
a 1607 2048 16
f 18
a 1608 28800 64
f 807
a 1609 13472 256
f 1242
a 1610 1392 64
f 77
a 1611 6448 256
f 972
a 1612 320 64
f 1268
a 1613 7904 16
f 587
a 1614 63728 64
f 335
a 1615 6768 64
f 838
a 1616 3584 256
f 219
a 1617 3344 16
f 720
a 1618 6000 16
f 1359
a 1619 496 256
f 398
a 1620 3888 16
f 672
a 1621 1136 256
f 933
a 1622 10624 16
f 474
a 1623 3472 256
f 1316
a 1624 784 256
f 254
a 1625 27888 256
f 1308
a 1626 9168 256
f 173
a 1627 3584 256
f 670
a 1628 352 16
f 1612
a 1629 2928 16
f 1601
a 1630 48080 16
f 751
a 1631 1024 256
f 516
a 1632 25104 64
f 1250
a 1633 4000 64
f 811
a 1634 43568 64
f 1506
a 1635 288 256
f 9
a 1636 7184 16
f 1522
a 1637 880 256
f 468
a 1638 1328 16
f 663
a 1639 2208 256
f 847
a 1640 3440 64
f 1579
a 1641 1312 256
f 373
a 1642 432 16
f 404
a 1643 59872 64
f 545
a 1644 4912 256
f 965
a 1645 62976 256
f 1637
a 1646 2240 256
f 64
a 1647 512 64
f 901
a 1648 4320 64
f 614
a 1649 5472 64
f 199
a 1650 336 256
f 981
a 1651 23968 16
f 1271
a 1652 320 64
f 234
a 1653 368 256
f 729
a 1654 62752 16
f 1478
a 1655 14160 16
f 1357
a 1656 464 256
f 982
a 1657 1168 64
f 1607
a 1658 1120 256
f 1036
a 1659 29648 64
f 178
a 1660 20592 16
f 1471
a 1661 53648 256
f 657
a 1662 20688 256
f 387
a 1663 1696 16
f 928
a 1664 3584 64
f 1159
a 1665 1728 16
f 766
a 1666 1744 16
f 1545
a 1667 416 256
f 139
a 1668 1728 16
f 1130
a 1669 43152 16
f 634
a 1670 1360 16
f 1508
a 1671 2688 64
f 1196
a 1672 63280 256
f 1185
a 1673 14544 64
f 1566
a 1674 7280 64
f 765
a 1675 20480 256
f 1180
a 1676 800 256
f 899
a 1677 18640 256
f 184
a 1678 46448 256
f 1319
a 1679 9440 256
f 1103
a 1680 1152 64
f 782
a 1681 352 16
f 1117
a 1682 49760 64
f 669
a 1683 2864 16
f 615
a 1684 7872 64
f 434
a 1685 704 64
f 780
a 1686 44784 256
f 737
a 1687 848 256
f 1410
a 1688 2320 16
f 1323
a 1689 384 256
f 1672
a 1690 3056 256
f 963
a 1691 5648 256
f 236
a 1692 2896 64
f 385
a 1693 14448 256
f 1524
a 1694 15600 16
f 598
a 1695 1632 16
f 1267
a 1696 57312 256
f 860
a 1697 3344 16
f 596
a 1698 608 16
f 1183
a 1699 592 64
f 477
a 1700 28208 64
f 1137
a 1701 2880 256
f 564
a 1702 59280 256
f 16
a 1703 1344 256
f 1678
a 1704 272 256
f 1474
a 1705 1536 64
f 1655
a 1706 896 64
f 340
a 1707 1664 64
f 636
a 1708 288 64
f 507
a 1709 11872 256
f 574
a 1710 12528 256
f 98
a 1711 11568 16
f 1150
a 1712 832 64
f 1438
a 1713 19600 64
f 856
a 1714 14400 256
f 508
a 1715 1968 16
f 1077
a 1716 51648 64
f 718
a 1717 3040 256
f 809
a 1718 640 64
f 1511
a 1719 1552 256
f 45
a 1720 7568 256
f 711
a 1721 4288 256
f 1689
a 1722 12752 64
f 1202
a 1723 544 16
f 25
a 1724 880 16
f 1447
a 1725 608 256
f 1488
a 1726 5088 256
f 589
a 1727 51904 16
f 883
a 1728 14512 256
f 985
a 1729 768 64
f 1697
a 1730 32368 16
f 845
a 1731 400 16
f 1289
a 1732 1808 64
f 1113
a 1733 1824 256
f 1218
a 1734 304 16
f 1231
a 1735 880 16
f 923
a 1736 4272 256
f 1532
a 1737 12208 256
f 1553
a 1738 9808 256
f 1703
a 1739 5984 256
f 503
a 1740 2624 64
f 1014
a 1741 464 64
f 618
a 1742 33696 256
f 416
a 1743 3120 16
f 7
a 1744 24368 256
f 1055
a 1745 26848 64
f 862
a 1746 288 16
f 371
a 1747 5472 16
f 53
a 1748 44352 64
f 586
a 1749 2480 256
f 1562
a 1750 864 16
f 519
a 1751 3936 64
f 95
a 1752 704 256
f 639
a 1753 22544 16
f 1317
a 1754 43904 16
f 452
a 1755 10912 64
f 607
a 1756 11728 64
f 1528
a 1757 1904 64
f 1555
a 1758 2512 256
f 1186
a 1759 752 16
f 1745
a 1760 2800 64
f 1257
a 1761 18960 16
f 148
a 1762 464 16
f 1046
a 1763 2704 64
f 1727
a 1764 15056 64
f 1206
a 1765 368 256
f 954
a 1766 28208 256
f 551
a 1767 288 64
f 841
a 1768 416 256
f 378
a 1769 3312 256
f 1048
a 1770 464 256
f 591
a 1771 4400 16
f 1500
a 1772 400 64
f 252
a 1773 10048 64
f 224
a 1774 640 16
f 421
a 1775 848 64
f 1710
a 1776 1872 16
f 1513
a 1777 38224 64
f 1337
a 1778 1184 16
f 1089
a 1779 30592 16
f 1623
a 1780 464 256
f 336
a 1781 58464 64
f 1582
a 1782 28000 16
f 1223
a 1783 4128 64
f 1718
a 1784 368 256
f 686
a 1785 16512 64
f 422
a 1786 48928 16
f 1406
a 1787 3008 64
f 1050
a 1788 1536 64
f 1664
a 1789 12832 256
f 871
a 1790 57424 256
f 1381
a 1791 3824 16
f 1696
a 1792 2208 256
f 1604
a 1793 26336 64
f 37
a 1794 432 64
f 1411
a 1795 14656 16
f 907
a 1796 896 16
f 1504
a 1797 40784 64
f 852
a 1798 15152 16
f 50
a 1799 704 256
f 1279
a 1800 9232 256
f 281
a 1801 41984 64
f 1015
a 1802 336 64
f 734
a 1803 12064 64
f 1722
a 1804 14864 64
f 1110
a 1805 400 16
f 1775
a 1806 15072 16
f 1105
a 1807 384 16
f 395
a 1808 5216 16
f 983
a 1809 3456 256
f 1163
a 1810 752 64
f 1437
a 1811 864 256
f 925
a 1812 464 64
f 1715
a 1813 3072 256
f 1560
a 1814 320 64
f 707
a 1815 6928 256
f 1759
a 1816 25024 16
f 1059
a 1817 1808 16
f 906
a 1818 432 256
f 505
a 1819 2320 64
f 183
a 1820 17888 256
f 88
a 1821 62864 16
f 1675
a 1822 3648 16
f 1536
a 1823 7104 64
f 397
a 1824 3632 64
f 1762
a 1825 1840 256
f 428
a 1826 576 256
f 1351
a 1827 1920 64
f 1525
a 1828 38160 16
f 1510
a 1829 4048 64
f 1571
a 1830 5088 256
f 1066
a 1831 496 256
f 1127
a 1832 12144 16
f 1544
a 1833 384 16
f 881
a 1834 46256 16
f 909
a 1835 12080 256
f 1380
a 1836 14192 16
f 566
a 1837 464 16
f 1834
a 1838 54192 16
f 302
a 1839 1024 64
f 1190
a 1840 928 256
f 1685
a 1841 1168 256
f 177
a 1842 18304 64
f 878
a 1843 4800 16
f 1080
a 1844 21840 256
f 521
a 1845 10000 16
f 197
a 1846 52816 256
f 498
a 1847 416 16
f 1631
a 1848 58960 256
f 1779
a 1849 50960 256
f 1140
a 1850 1520 64
f 1383
a 1851 27728 256
f 1704
a 1852 15456 16
f 1591
a 1853 3808 64
f 1638
a 1854 272 64
f 1649
a 1855 22784 16
f 1794
a 1856 7360 256
f 1767
a 1857 416 64
f 1781
a 1858 320 64
f 1372
a 1859 448 64
f 603
a 1860 288 16
f 1462
a 1861 3056 64
f 1484
a 1862 416 16
f 1404
a 1863 35344 16
f 208
a 1864 576 64
f 1456
a 1865 21936 64
f 735
a 1866 9584 64
f 958
a 1867 35440 64
f 964
a 1868 384 16
f 1817
a 1869 896 64
f 1252
a 1870 384 256
f 1502
a 1871 35760 16
f 1673
a 1872 31728 256
f 1694
a 1873 800 16
f 721
a 1874 384 16
f 1449
a 1875 736 64
f 1819
a 1876 416 64
f 406
a 1877 1664 64
f 1310
a 1878 1552 64
f 903
a 1879 5808 64
f 775
a 1880 6880 64
f 1684
a 1881 2016 64
f 297
a 1882 640 16
f 170
a 1883 3984 64
f 233
a 1884 512 64
f 175
a 1885 896 16
f 1805
a 1886 24688 64
f 796
a 1887 928 256
f 1785
a 1888 384 16
f 1332
a 1889 1056 64
f 1677
a 1890 928 64
f 1659
a 1891 37440 16
f 1056
a 1892 288 256
f 1688
a 1893 496 16
f 1405
a 1894 624 64
f 1090
a 1895 928 16
f 1434
a 1896 480 16
f 1428
a 1897 320 16
f 973
a 1898 560 16
f 945
a 1899 1488 16
f 1153
a 1900 55344 256
f 1711
a 1901 848 16
f 307
a 1902 1056 16
f 1333
a 1903 560 16
f 1851
a 1904 3280 256
f 1648
a 1905 37952 64
f 1151
a 1906 2448 64
f 1386
a 1907 49680 16
f 1454
a 1908 22000 256
f 1018
a 1909 7280 16
f 526
a 1910 17952 16
f 1755
a 1911 32656 256
f 827
a 1912 21600 64
f 732
a 1913 976 16
f 1763
a 1914 27328 256
f 876
a 1915 5536 64
f 1679
a 1916 3280 16
f 1352
a 1917 6560 64
f 1505
a 1918 9696 256
f 1786
a 1919 3600 256
f 723
a 1920 1664 256
f 354
a 1921 5280 64
f 1099
a 1922 10160 16
f 1481
a 1923 49520 16
f 1469
a 1924 16144 256
f 82
a 1925 8080 16
f 927
a 1926 8384 64
f 1476
a 1927 336 256
f 848
a 1928 432 16
f 1733
a 1929 480 64
f 705
a 1930 7088 256
f 1813
a 1931 10368 64
f 1739
a 1932 8016 256
f 1897
a 1933 416 256
f 1828
a 1934 3024 256
f 1171
a 1935 2992 16
f 1010
a 1936 2528 64
f 785
a 1937 496 64
f 345
a 1938 10032 256
f 231
a 1939 62800 64
f 1605
a 1940 816 64
f 124
a 1941 10304 256
f 1436
a 1942 15024 16
f 888
a 1943 21984 64
f 1896
a 1944 27440 256
f 72
a 1945 47488 64
f 1100
a 1946 12448 64
f 1013
a 1947 832 256
f 1617
a 1948 18608 16
f 1521
a 1949 9520 16
f 1364
a 1950 3088 256
f 532
a 1951 1856 64
f 1075
a 1952 1152 64
f 435
a 1953 9120 16
f 794
a 1954 10864 16
f 673
a 1955 1920 256
f 1945
a 1956 624 256
f 348
a 1957 30928 16
f 1345
a 1958 3664 64
f 1191
a 1959 960 64
f 1743
a 1960 400 64
f 1716
a 1961 1360 256
f 1556
a 1962 1968 256
f 1424
a 1963 288 64
f 1754
a 1964 5328 256
f 1586
a 1965 58880 64
f 1816
a 1966 384 64
f 87
a 1967 37600 16
f 1836
a 1968 3088 256
f 1003
a 1969 400 16
f 238
a 1970 432 64
f 708
a 1971 880 256
f 368
a 1972 608 64
f 1644
a 1973 5360 256
f 1756
a 1974 2608 64
f 116
a 1975 27024 16
f 1527
a 1976 640 256
f 1699
a 1977 1856 16
f 142
a 1978 1632 16
f 1309
a 1979 35248 64
f 1788
a 1980 13744 256
f 1104
a 1981 7888 64
f 392
a 1982 528 64
f 1182
a 1983 14048 16
f 1492
a 1984 944 256
f 1472
a 1985 2960 256
f 1124
a 1986 64432 16
f 1152
a 1987 7040 16
f 1875
a 1988 272 16
f 642
a 1989 23648 16
f 1388
a 1990 21568 16
f 1838
a 1991 55024 64
f 298
a 1992 5008 64
f 1735
a 1993 2864 64
f 865
a 1994 3792 64
f 1926
a 1995 288 256
f 1413
a 1996 1872 16
f 1885
a 1997 1024 64
f 1902
a 1998 2544 256
f 801
a 1999 1936 16
c step-1000
f 1915
a 2000 42320 64
f 1973
a 2001 6960 16
f 744
a 2002 35936 64
f 1565
a 2003 42240 64
f 0
a 2004 688 256
f 1439
a 2005 8752 256
f 1986
a 2006 55120 256
f 1584
a 2007 3776 64
f 1900
a 2008 20640 256
f 1652
a 2009 512 64
f 936
a 2010 464 256
f 524
a 2011 15648 64
f 1334
a 2012 976 16
f 533
a 2013 29072 16
f 1120
a 2014 6256 16
f 1916
a 2015 288 256
f 1065
a 2016 960 16
f 92
a 2017 37840 16
f 1920
a 2018 9888 16
f 1217
a 2019 24352 16
f 1764
a 2020 28800 64
f 725
a 2021 11456 16
f 1787
a 2022 21152 16
f 1824
a 2023 784 64
f 1651
a 2024 592 16
f 324
a 2025 640 256
f 423
a 2026 592 16
f 1769
a 2027 40400 64
f 1523
a 2028 1184 64
f 1726
a 2029 608 64
f 989
a 2030 1664 64
f 1810
a 2031 44144 256
f 1246
a 2032 64880 256
f 791
a 2033 6624 16
f 2003
a 2034 1360 16
f 1261
a 2035 720 64
f 1974
a 2036 9392 64
f 593
a 2037 20704 64
f 897
a 2038 2512 64
f 1004
a 2039 1024 16
f 1620
a 2040 12992 256
f 1667
a 2041 7952 16
f 1342
a 2042 512 256
f 523
a 2043 35776 16
f 1630
a 2044 6960 16
f 753
a 2045 19232 256
f 1567
a 2046 6736 16
f 1460
a 2047 960 16
f 41
a 2048 464 256
f 1391
a 2049 1392 64
f 1490
a 2050 20752 16
f 1922
a 2051 8688 16
f 1937
a 2052 30624 64
f 488
a 2053 944 64
f 956
a 2054 2384 256
f 427
a 2055 15536 16
f 1829
a 2056 432 256
f 14
a 2057 21760 64
f 1227
a 2058 336 64
f 652
a 2059 2064 64
f 1823
a 2060 336 64
f 756
a 2061 23296 256
f 1427
a 2062 23456 16
f 283
a 2063 10928 16
f 52
a 2064 28256 64
f 1925
a 2065 17536 16
f 1768
a 2066 46992 16
f 1548
a 2067 384 64
f 1975
a 2068 23584 64
f 1166
a 2069 17040 64
f 1580
a 2070 10384 64
f 1877
a 2071 896 16
f 1976
a 2072 12288 64
f 1541
a 2073 61232 256
f 1978
a 2074 13952 256
f 359
a 2075 21584 16
f 1901
a 2076 304 64
f 1940
a 2077 1312 16
f 1808
a 2078 7344 256
f 2056
a 2079 11104 256
f 1259
a 2080 2032 256
f 1766
a 2081 832 256
f 196
a 2082 400 16
f 1593
a 2083 4816 64
f 46
a 2084 2832 256
f 1025
a 2085 1792 64
f 1608
a 2086 1920 64
f 1869
a 2087 15472 64
f 1501
a 2088 2672 256
f 2019
a 2089 1184 16
f 585
a 2090 11008 16
f 1825
a 2091 416 256
f 1740
a 2092 54592 16
f 357
a 2093 57456 16
f 34
a 2094 28688 256
f 736
a 2095 2512 16
f 2008
a 2096 17488 64
f 1256
a 2097 832 16
f 1822
a 2098 55024 16
f 1399
a 2099 304 64
f 920
a 2100 1168 16
f 804
a 2101 752 16
f 1083
a 2102 7680 16
f 1618
a 2103 528 64
f 1998
a 2104 3200 256
f 1746
a 2105 38176 16
f 2073
a 2106 6736 16
f 70
a 2107 28176 256
f 1098
a 2108 5328 64
f 2086
a 2109 1904 64
f 1796
a 2110 2704 64
f 1060
a 2111 656 64
f 1695
a 2112 3104 64
f 1368
a 2113 13776 64
f 341
a 2114 14576 64
f 1674
a 2115 33008 256
f 2015
a 2116 12048 16
f 629
a 2117 23216 256
f 1158
a 2118 7392 256
f 1614
a 2119 3984 256
f 44
a 2120 22336 256
f 528
a 2121 1008 16
f 343
a 2122 14752 64
f 1155
a 2123 1696 256
f 1363
a 2124 28400 16
f 495
a 2125 5296 16
f 979
a 2126 2768 16
f 1707
a 2127 272 64
f 1122
a 2128 7904 256
f 1890
a 2129 45792 256
f 1698
a 2130 1408 256
f 68
a 2131 832 256
f 1489
a 2132 46400 256
f 1538
a 2133 29824 256
f 1807
a 2134 416 16
f 2119
a 2135 3104 256
f 749
a 2136 1472 256
f 641
a 2137 864 16
f 1590
a 2138 38832 16
f 700
a 2139 1968 256
f 2033
a 2140 304 256
f 94
a 2141 1296 256
f 2090
a 2142 352 64
f 754
a 2143 448 256
f 43
a 2144 720 64
f 1982
a 2145 35536 64
f 2075
a 2146 12816 16
f 289
a 2147 704 64
f 1981
a 2148 1392 256
f 2058
a 2149 35264 16
f 816
a 2150 58352 256
f 1369
a 2151 30176 64
f 1776
a 2152 6240 16
f 2079
a 2153 400 16
f 75
a 2154 1200 256
f 2093
a 2155 816 16
f 1276
a 2156 36048 256
f 461
a 2157 38832 256
f 2087
a 2158 5696 64
f 1029
a 2159 448 256
f 820
a 2160 1008 16
f 2024
a 2161 928 64
f 2048
a 2162 336 256
f 893
a 2163 768 16
f 1855
a 2164 864 64
f 1287
a 2165 14240 256
f 1809
a 2166 58544 16
f 704
a 2167 880 256
f 578
a 2168 47536 16
f 806
a 2169 32688 16
f 1949
a 2170 784 256
f 1968
a 2171 7120 16
f 1887
a 2172 11632 64
f 2064
a 2173 608 256
f 1079
a 2174 5584 256
f 481
a 2175 1552 16
f 1135
a 2176 15648 16
f 133
a 2177 400 64
f 2126
a 2178 7776 256
f 1947
a 2179 5088 256
f 1946
a 2180 55520 16
f 320
a 2181 42608 64
f 1101
a 2182 4496 16
f 97
a 2183 6480 256
f 1483
a 2184 9248 16
f 1599
a 2185 432 64
f 2137
a 2186 45792 16
f 2020
a 2187 2048 256
f 1782
a 2188 24368 16
f 1365
a 2189 21168 64
f 1512
a 2190 53712 256
f 2164
a 2191 15840 16
f 1904
a 2192 8544 16
f 1965
a 2193 272 16
f 716
a 2194 10512 256
f 1761
a 2195 512 16
f 384
a 2196 6784 64
f 410
a 2197 576 256
f 2155
a 2198 19424 256
f 2193
a 2199 63152 64
f 889
a 2200 7856 256
f 955
a 2201 2384 256
f 1950
a 2202 1472 16
f 1957
a 2203 464 256
f 789
a 2204 2528 16
f 1362
a 2205 656 16
f 2069
a 2206 3920 256
f 212
a 2207 1648 256
f 1934
a 2208 2384 16
f 1909
a 2209 928 16
f 2204
a 2210 1744 64
f 156
a 2211 2992 256
f 960
a 2212 528 16
f 1385
a 2213 704 256
f 2146
a 2214 1904 256
f 1889
a 2215 1792 256
f 1845
a 2216 1584 64
f 1423
a 2217 40464 64
f 1692
a 2218 7136 256
f 914
a 2219 12640 256
f 1339
a 2220 1680 16
f 185
a 2221 464 256
f 2186
a 2222 13840 256
f 2174
a 2223 480 16
f 2156
a 2224 15392 64
f 1622
a 2225 33024 64
f 818
a 2226 896 64
f 1760
a 2227 3440 256
f 2121
a 2228 3840 256
f 1602
a 2229 4976 64
f 284
a 2230 624 256
f 1453
a 2231 2000 16
f 1790
a 2232 1328 16
f 1027
a 2233 15712 64
f 2060
a 2234 23392 16
f 1222
a 2235 4048 256
f 582
a 2236 15856 256
f 1682
a 2237 7456 64
f 486
a 2238 2528 64
f 518
a 2239 1792 64
f 1929
a 2240 14592 64
f 2001
a 2241 432 256
f 172
a 2242 64432 64
f 2167
a 2243 528 16
f 1529
a 2244 14768 256
f 1457
a 2245 25184 16
f 2160
a 2246 544 256
f 2198
a 2247 480 256
f 1804
a 2248 12832 64
f 1665
a 2249 3872 64
f 1156
a 2250 5856 16
f 1799
a 2251 5296 256
f 1085
a 2252 50592 256
f 239
a 2253 2864 64
f 1493
a 2254 42432 16
f 1324
a 2255 5520 64
f 917
a 2256 5936 64
f 2112
a 2257 432 16
f 2129
a 2258 11744 16
f 2196
a 2259 5936 256
f 162
a 2260 8176 64
f 1635
a 2261 9184 16
f 606
a 2262 3760 64
f 1088
a 2263 39872 256
f 1082
a 2264 48144 256
f 1749
a 2265 49840 16
f 1728
a 2266 1216 64
f 1744
a 2267 15040 16
f 978
a 2268 2800 16
f 1691
a 2269 912 16
f 1086
a 2270 13744 16
f 1022
a 2271 4336 16
f 1789
a 2272 14288 64
f 1814
a 2273 2464 256
f 2063
a 2274 1856 256
f 2244
a 2275 53472 256
f 1412
a 2276 7408 256
f 2171
a 2277 976 16
f 1955
a 2278 4560 64
f 1662
a 2279 864 256
f 2061
a 2280 31136 256
f 1732
a 2281 10688 256
f 1841
a 2282 15776 256
f 588
a 2283 832 64
f 836
a 2284 3936 16
f 2251
a 2285 8928 256
f 1886
a 2286 1328 256
f 534
a 2287 27712 256
f 630
a 2288 28560 16
f 1144
a 2289 4208 64
f 1983
a 2290 2928 64
f 2012
a 2291 13280 16
f 2264
a 2292 11072 16
f 1360
a 2293 7520 16
f 1831
a 2294 4512 16
f 2278
a 2295 864 256
f 292
a 2296 23808 256
f 1576
a 2297 5376 64
f 1928
a 2298 18224 256
f 2166
a 2299 14688 64
f 2085
a 2300 352 16
f 188
a 2301 20896 64
f 1020
a 2302 288 256
f 2084
a 2303 13648 16
f 786
a 2304 29984 64
f 2025
a 2305 12096 64
f 1465
a 2306 912 256
f 99
a 2307 2880 64
f 171
a 2308 3648 256
f 1871
a 2309 18336 64
f 2065
a 2310 2000 64
f 1346
a 2311 864 64
f 1641
a 2312 3760 64
f 29
a 2313 3568 64
f 2152
a 2314 61376 64
f 788
a 2315 320 256
f 1683
a 2316 640 16
f 127
a 2317 11024 256
f 882
a 2318 2688 16
f 1847
a 2319 1504 256
f 1653
a 2320 480 64
f 296
a 2321 1232 16
f 1948
a 2322 384 256
f 2274
a 2323 35552 16
f 262
a 2324 41504 16
f 1996
a 2325 1664 64
f 1734
a 2326 1072 64
f 118
a 2327 800 16
f 1687
a 2328 34320 16
f 194
a 2329 12816 64
f 2044
a 2330 480 256
f 537
a 2331 10720 256
f 1507
a 2332 256 16
f 2104
a 2333 8640 16
f 1280
a 2334 3616 256
f 995
a 2335 64320 16
f 2046
a 2336 368 256
f 1285
a 2337 32096 16
f 1963
a 2338 576 256
f 480
a 2339 55856 256
f 2338
a 2340 8288 256
f 1936
a 2341 47664 16
f 2246
a 2342 50976 64
f 1517
a 2343 832 256
f 1930
a 2344 47728 16
f 466
a 2345 9008 16
f 1403
a 2346 7360 64
f 1112
a 2347 912 256
f 1595
a 2348 33600 16
f 2147
a 2349 35504 256
f 1546
a 2350 28944 16
f 1543
a 2351 37872 16
f 1448
a 2352 656 64
f 1621
a 2353 4032 256
f 2299
a 2354 14208 16
f 2220
a 2355 5344 64
f 455
a 2356 7600 256
f 383
a 2357 496 16
f 248
a 2358 464 256
f 1347
a 2359 2320 256
f 2225
a 2360 912 16
f 1392
a 2361 368 256
f 2330
a 2362 320 16
f 2317
a 2363 15616 64
f 830
a 2364 3616 64
f 1139
a 2365 10320 64
f 2252
a 2366 62288 64
f 2040
a 2367 8224 16
f 656
a 2368 1968 256
f 1640
a 2369 1584 16
f 740
a 2370 11632 256
f 1432
a 2371 1776 16
f 970
a 2372 1248 256
f 1777
a 2373 560 16
f 2017
a 2374 1104 64
f 1842
a 2375 400 256
f 1116
a 2376 42128 64
f 2215
a 2377 7952 64
f 2234
a 2378 6832 16
f 2192
a 2379 1856 64
f 662
a 2380 45344 256
f 2022
a 2381 58992 256
f 2322
a 2382 3136 256
f 2170
a 2383 7824 64
f 425
a 2384 2384 64
f 1526
a 2385 320 256
f 347
a 2386 12192 256
f 388
a 2387 752 16
f 1606
a 2388 60464 256
f 1927
a 2389 63344 64
f 1531
a 2390 1072 256
f 417
a 2391 448 64
f 91
a 2392 1312 256
f 1063
a 2393 352 256
f 2002
a 2394 16192 256
f 2283
a 2395 800 64
f 66
a 2396 12720 16
f 207
a 2397 3888 16
f 1426
a 2398 58608 16
f 1863
a 2399 304 256
f 714
a 2400 384 64
f 1573
a 2401 1936 16
f 351
a 2402 15088 64
f 1537
a 2403 592 64
f 318
a 2404 16048 64
f 2396
a 2405 3936 64
f 2269
a 2406 496 64
f 2270
a 2407 14992 256
f 559
a 2408 3616 16
f 2021
a 2409 1824 256
f 1868
a 2410 336 16
f 1848
a 2411 52976 16
f 1611
a 2412 784 64
f 1547
a 2413 26592 256
f 2191
a 2414 2432 16
f 2028
a 2415 12736 256
f 1966
a 2416 26992 256
f 413
a 2417 3216 64
f 2180
a 2418 12272 256
f 1535
a 2419 496 256
f 1811
a 2420 688 64
f 2253
a 2421 8080 16
f 2018
a 2422 3264 256
f 1984
a 2423 15376 64
f 1
a 2424 6384 64
f 1747
a 2425 848 64
f 2230
a 2426 320 16
f 2221
a 2427 816 64
f 2212
a 2428 28400 16
f 2208
a 2429 6960 16
f 2226
a 2430 27232 64
f 1446
a 2431 3392 64
f 1189
a 2432 672 256
f 968
a 2433 50688 64
f 2397
a 2434 40544 256
f 885
a 2435 18176 64
f 210
a 2436 4720 16
f 327
a 2437 21760 256
f 1770
a 2438 848 64
f 80
a 2439 384 64
f 608
a 2440 15248 16
f 993
a 2441 272 256
f 1654
a 2442 46320 16
f 2340
a 2443 1200 16
f 1467
a 2444 1504 64
f 1907
a 2445 35072 64
f 2211
a 2446 12944 64
f 835
a 2447 46832 256
f 2266
a 2448 4192 64
f 2343
a 2449 400 64
f 1690
a 2450 400 64
f 2255
a 2451 2768 16
f 638
a 2452 55968 64
f 1958
a 2453 3600 16
f 880
a 2454 2512 256
f 1366
a 2455 30816 256
f 554
a 2456 1952 256
f 2178
a 2457 4960 256
f 509
a 2458 992 256
f 2375
a 2459 336 256
f 1778
a 2460 464 16
f 2258
a 2461 1088 256
f 908
a 2462 32432 256
f 500
a 2463 13792 64
f 1264
a 2464 1664 64
f 1670
a 2465 800 64
f 2435
a 2466 24128 16
f 182
a 2467 12000 16
f 259
a 2468 43120 256
f 683
a 2469 2832 16
f 305
a 2470 272 256
f 2149
a 2471 53664 256
f 1028
a 2472 496 64
f 430
a 2473 5200 256
f 1008
a 2474 8192 256
f 2138
a 2475 416 64
f 868
a 2476 6336 64
f 1833
a 2477 28640 64
f 2050
a 2478 1712 16
f 2304
a 2479 4224 16
f 2314
a 2480 1168 64
f 1247
a 2481 56784 16
f 2237
a 2482 1344 64
f 1452
a 2483 1120 256
f 1903
a 2484 2240 16
f 2273
a 2485 752 16
f 887
a 2486 1488 64
f 1475
a 2487 10592 16
f 2358
a 2488 448 256
f 1714
a 2489 39696 256
f 2014
a 2490 3728 16
f 2145
a 2491 4656 256
f 1416
a 2492 4640 256
f 132
a 2493 3168 256
f 2407
a 2494 592 256
f 1209
a 2495 880 256
f 193
a 2496 14736 64
f 1919
a 2497 14256 64
f 1329
a 2498 12400 16
f 2308
a 2499 1024 256
c step-1500
f 1057
a 2500 1008 16
f 1418
a 2501 400 16
f 2310
a 2502 880 16
f 1724
a 2503 400 256
f 647
a 2504 53216 16
f 1123
a 2505 9280 256
f 2207
a 2506 1808 256
f 1615
a 2507 464 256
f 550
a 2508 1344 64
f 1519
a 2509 1472 256
f 2144
a 2510 4880 16
f 1861
a 2511 12256 64
f 2239
a 2512 6176 64
f 55
a 2513 11088 256
f 2430
a 2514 960 16
f 1585
a 2515 9888 16
f 353
a 2516 336 64
f 2454
a 2517 3184 256
f 1315
a 2518 7760 16
f 2441
a 2519 3104 16
f 1581
a 2520 3792 256
f 1619
a 2521 880 256
f 2461
a 2522 6752 256
f 1878
a 2523 688 256
f 2462
a 2524 61584 64
f 1933
a 2525 928 256
f 2440
a 2526 1296 64
f 33
a 2527 4448 64
f 1177
a 2528 8320 64
f 104
a 2529 816 64
f 1081
a 2530 464 256
f 2350
a 2531 17072 16
f 2409
a 2532 23904 64
f 1818
a 2533 9936 256
f 1939
a 2534 512 16
f 2505
a 2535 10256 16
f 1128
a 2536 3856 256
f 1812
a 2537 18912 256
f 1894
a 2538 21472 16
f 2475
a 2539 768 16
f 904
a 2540 53904 256
f 1459
a 2541 5792 256
f 1658
a 2542 19232 16
f 1420
a 2543 1424 16
f 291
a 2544 3792 16
f 381
a 2545 3184 256
f 1147
a 2546 288 64
f 2233
a 2547 432 64
f 1852
a 2548 2064 16
f 1780
a 2549 672 256
f 469
a 2550 1856 16
f 1737
a 2551 1760 64
f 2470
a 2552 1440 64
f 51
a 2553 54848 16
f 1938
a 2554 880 64
f 2140
a 2555 7040 16
f 2281
a 2556 22816 64
f 1466
a 2557 7136 16
f 1125
a 2558 6096 16
f 2011
a 2559 1312 256
f 2078
a 2560 288 256
f 2558
a 2561 11392 256
f 2487
a 2562 60240 16
f 2520
a 2563 768 64
f 2550
a 2564 6544 256
f 2271
a 2565 11872 256
f 476
a 2566 59664 16
f 1119
a 2567 2240 16
f 282
a 2568 21856 16
f 1666
a 2569 15696 64
f 1632
a 2570 57600 16
f 810
a 2571 25984 256
f 2420
a 2572 31008 16
f 356
a 2573 36256 256
f 583
a 2574 7584 16
f 1862
a 2575 976 256
f 2240
a 2576 448 64
f 2141
a 2577 416 256
f 1108
a 2578 336 64
f 1561
a 2579 528 256
f 1867
a 2580 464 16
f 2555
a 2581 57312 16
f 2030
a 2582 14544 256
f 2173
a 2583 27872 64
f 1802
a 2584 20048 64
f 2360
a 2585 10640 64
f 1840
a 2586 1280 16
f 61
a 2587 6352 256
f 1376
a 2588 5216 256
f 2150
a 2589 28016 16
f 896
a 2590 3488 16
f 2421
a 2591 2720 256
f 322
a 2592 2000 64
f 344
a 2593 31328 256
f 1656
a 2594 50224 16
f 2580
a 2595 57696 64
f 1167
a 2596 576 256
f 1307
a 2597 63088 64
f 1898
a 2598 14864 16
f 760
a 2599 1008 16
f 1624
a 2600 9392 64
f 840
a 2601 7600 256
f 362
a 2602 880 16
f 2201
a 2603 53472 64
f 2229
a 2604 15520 256
f 1277
a 2605 400 16
f 1962
a 2606 4752 256
f 2465
a 2607 22944 16
f 2460
a 2608 30816 16
f 2111
a 2609 63920 64
f 831
a 2610 11680 256
f 1964
a 2611 57920 64
f 1660
a 2612 416 256
f 1969
a 2613 2800 64
f 1629
a 2614 28576 16
f 1172
a 2615 944 16
f 2006
a 2616 19744 16
f 1924
a 2617 7472 64
f 971
a 2618 54624 16
f 1738
a 2619 19664 16
f 1806
a 2620 27856 256
f 1846
a 2621 20896 64
f 442
a 2622 5824 256
f 691
a 2623 2912 16
f 2000
a 2624 8176 256
f 863
a 2625 8864 16
f 2124
a 2626 23184 256
f 1800
a 2627 1888 64
f 2585
a 2628 47520 256
f 767
a 2629 30800 64
f 609
a 2630 1344 64
f 2490
a 2631 752 16
f 2452
a 2632 63248 64
f 309
a 2633 384 64
f 1062
a 2634 5600 64
f 902
a 2635 3504 64
f 2293
a 2636 32960 16
f 1425
a 2637 704 16
f 2400
a 2638 448 64
f 1736
a 2639 40448 16
f 2165
a 2640 13920 256
f 2301
a 2641 24736 64
f 1643
a 2642 7984 256
f 939
a 2643 2752 64
f 308
a 2644 62912 64
f 1892
a 2645 8672 16
f 2519
a 2646 2144 16
f 2032
a 2647 13264 256
f 1702
a 2648 6256 64
f 2232
a 2649 11888 64
f 457
a 2650 19312 64
f 2466
a 2651 688 16
f 864
a 2652 464 64
f 842
a 2653 2352 16
f 2634
a 2654 448 256
f 932
a 2655 51744 64
f 1470
a 2656 448 256
f 266
a 2657 2672 256
f 2188
a 2658 1552 64
f 2636
a 2659 12720 256
f 2604
a 2660 2464 16
f 2242
a 2661 7824 256
f 2639
a 2662 52480 16
f 790
a 2663 7984 64
f 2218
a 2664 37536 16
f 1238
a 2665 45744 64
f 2633
a 2666 1728 256
f 1138
a 2667 33072 16
f 2355
a 2668 61888 16
f 433
a 2669 3856 256
f 286
a 2670 672 16
f 375
a 2671 63984 16
f 781
a 2672 3968 16
f 2666
a 2673 4320 64
f 1395
a 2674 464 16
f 2539
a 2675 56176 16
f 2016
a 2676 46096 256
f 3
a 2677 272 64
f 1338
a 2678 4720 256
f 595
a 2679 736 64
f 1587
a 2680 3952 256
f 1210
a 2681 368 256
f 1054
a 2682 5552 16
f 2414
a 2683 544 64
f 1792
a 2684 1776 16
f 2600
a 2685 3456 64
f 2522
a 2686 336 16
f 475
a 2687 1984 64
f 2070
a 2688 304 16
f 2416
a 2689 864 256
f 1114
a 2690 27728 64
f 1598
a 2691 63056 64
f 2356
a 2692 3424 256
f 2284
a 2693 416 64
f 1956
a 2694 45792 256
f 2458
a 2695 3040 256
f 1980
a 2696 8336 16
f 1872
a 2697 3152 256
f 1487
a 2698 976 64
f 2099
a 2699 51568 256
f 2382
a 2700 2016 64
f 1821
a 2701 432 64
f 1999
a 2702 13472 16
f 2181
a 2703 40160 64
f 2341
a 2704 592 64
f 1723
a 2705 272 256
f 2235
a 2706 41504 64
f 2563
a 2707 31504 64
f 1797
a 2708 1104 64
f 2094
a 2709 7888 64
f 180
a 2710 3520 64
f 525
a 2711 1072 256
f 2267
a 2712 416 16
f 2671
a 2713 608 16
f 676
a 2714 848 256
f 934
a 2715 4896 256
f 426
a 2716 1744 16
f 1706
a 2717 2048 16
f 1803
a 2718 16016 256
f 2609
a 2719 15792 64
f 2004
a 2720 624 256
f 2513
a 2721 3696 256
f 2669
a 2722 35392 16
f 2379
a 2723 768 256
f 1917
a 2724 29888 16
f 2667
a 2725 51136 16
f 2377
a 2726 62096 16
f 1783
a 2727 4080 16
f 176
a 2728 1408 64
f 2362
a 2729 16032 16
f 2662
a 2730 2480 16
f 1141
a 2731 1664 64
f 2248
a 2732 12320 64
f 779
a 2733 640 64
f 2389
a 2734 6624 16
f 604
a 2735 15088 256
f 1134
a 2736 1392 64
f 1340
a 2737 22720 16
f 2372
a 2738 12144 16
f 2474
a 2739 512 16
f 2200
a 2740 23584 16
f 2039
a 2741 4032 16
f 1491
a 2742 45952 64
f 2611
a 2743 25728 16
f 2298
a 2744 12944 64
f 1913
a 2745 5152 256
f 1669
a 2746 1696 256
f 655
a 2747 56400 16
f 1498
a 2748 960 16
f 1701
a 2749 1376 16
f 2344
a 2750 27680 64
f 2110
a 2751 1456 256
f 2499
a 2752 36048 256
f 2601
a 2753 19984 16
f 2177
a 2754 944 16
f 911
a 2755 320 256
f 1645
a 2756 784 256
f 1751
a 2757 2816 256
f 2752
a 2758 14560 64
f 2182
a 2759 544 64
f 2744
a 2760 976 16
f 1977
a 2761 6736 16
f 2114
a 2762 25312 256
f 2043
a 2763 944 256
f 1633
a 2764 784 256
f 2650
a 2765 1920 16
f 11
a 2766 576 16
f 2635
a 2767 288 64
f 2727
a 2768 14720 256
f 2592
a 2769 1680 16
f 2588
a 2770 28816 16
f 2584
a 2771 29808 256
f 379
a 2772 3056 256
f 415
a 2773 59696 256
f 2386
a 2774 608 256
f 772
a 2775 4032 64
f 2256
a 2776 14672 64
f 2626
a 2777 1424 256
f 2564
a 2778 1488 16
f 2231
a 2779 5088 256
f 2092
a 2780 2752 16
f 1540
a 2781 3376 16
f 2463
a 2782 3008 64
f 1647
a 2783 720 256
f 2706
a 2784 42784 64
f 2512
a 2785 656 16
f 664
a 2786 6896 64
f 1300
a 2787 1024 256
f 2385
a 2788 416 256
f 1397
a 2789 7776 64
f 2623
a 2790 880 16
f 1270
a 2791 31408 256
f 1212
a 2792 54576 256
f 2118
a 2793 1376 256
f 240
a 2794 1600 64
f 2644
a 2795 19312 256
f 668
a 2796 4688 16
f 2410
a 2797 14320 16
f 2279
a 2798 64432 256
f 1589
a 2799 848 16
f 1374
a 2800 12848 64
f 1516
a 2801 21760 16
f 1220
a 2802 44704 16
f 2799
a 2803 3312 256
f 929
a 2804 448 64
f 2664
a 2805 960 256
f 2765
a 2806 320 256
f 828
a 2807 27088 64
f 1680
a 2808 704 16
f 2074
a 2809 448 16
f 1774
a 2810 59536 64
f 2325
a 2811 656 16
f 1142
a 2812 8608 64
f 2224
a 2813 464 256
f 1121
a 2814 3856 256
f 1068
a 2815 400 64
f 2653
a 2816 816 64
f 2276
a 2817 976 256
f 2680
a 2818 25504 16
f 1520
a 2819 352 64
f 787
a 2820 57088 16
f 1992
a 2821 656 64
f 2480
a 2822 3296 256
f 2751
a 2823 688 64
f 1972
a 2824 912 64
f 349
a 2825 2352 64
f 2259
a 2826 27872 64
f 697
a 2827 3296 16
f 600
a 2828 32896 16
f 2257
a 2829 30480 256
f 93
a 2830 2752 16
f 1219
a 2831 53776 256
f 2674
a 2832 15168 16
f 2525
a 2833 1040 256
f 1954
a 2834 8000 256
f 1752
a 2835 784 16
f 1961
a 2836 7536 64
f 1486
a 2837 1952 16
f 2608
a 2838 512 64
f 2103
a 2839 448 16
f 2573
a 2840 416 64
f 1495
a 2841 2768 16
f 2841
a 2842 272 256
f 2553
a 2843 12448 16
f 2828
a 2844 384 256
f 1657
a 2845 22368 64
f 1815
a 2846 976 256
f 1798
a 2847 3664 256
f 1967
a 2848 49856 256
f 2222
a 2849 12128 16
f 1989
a 2850 49488 64
f 1549
a 2851 416 64
f 894
a 2852 304 16
f 2117
a 2853 1024 16
f 2780
a 2854 400 16
f 2551
a 2855 1664 256
f 777
a 2856 15792 64
f 2796
a 2857 10960 64
f 990
a 2858 30304 16
f 1742
a 2859 720 64
f 169
a 2860 352 256
f 2579
a 2861 512 16
f 2860
a 2862 3408 16
f 157
a 2863 288 16
f 1960
a 2864 20336 64
f 2439
a 2865 30112 256
f 2158
a 2866 16896 256
f 2537
a 2867 3904 256
f 2663
a 2868 9152 16
f 1318
a 2869 2688 256
f 1422
a 2870 704 16
f 2333
a 2871 49232 256
f 1162
a 2872 672 64
f 2670
a 2873 896 16
f 1705
a 2874 3584 16
f 1331
a 2875 26160 64
f 2415
a 2876 400 16
f 2747
a 2877 10112 64
f 2825
a 2878 560 16
f 2035
a 2879 4352 64
f 2615
a 2880 52912 256
f 2858
a 2881 560 64
f 2453
a 2882 15808 256
f 2427
a 2883 432 64
f 1603
a 2884 3104 64
f 1884
a 2885 44240 64
f 2369
a 2886 816 256
f 1370
a 2887 7568 16
f 2859
a 2888 320 16
f 771
a 2889 336 256
f 2621
a 2890 1424 64
f 1830
a 2891 36912 256
f 2272
a 2892 4352 256
f 1671
a 2893 16224 16
f 2699
a 2894 496 256
f 1642
a 2895 1760 64
f 1594
a 2896 416 256
f 2887
a 2897 35968 16
f 2392
a 2898 5072 16
f 1931
a 2899 2560 64
f 677
a 2900 5344 256
f 1533
a 2901 624 16
f 2291
a 2902 3952 256
f 2348
a 2903 320 16
f 2889
a 2904 2448 256
f 2378
a 2905 1952 64
f 1725
a 2906 336 16
f 2786
a 2907 336 16
f 1864
a 2908 1472 256
f 1442
a 2909 1184 256
f 992
a 2910 1088 64
f 2737
a 2911 2272 256
f 651
a 2912 28672 256
f 2349
a 2913 2208 16
f 2864
a 2914 336 64
f 2879
a 2915 1968 64
f 2169
a 2916 33888 64
f 1281
a 2917 14944 256
f 209
a 2918 16368 64
f 2524
a 2919 28192 256
f 2906
a 2920 26080 256
f 2586
a 2921 6320 16
f 2846
a 2922 1408 64
f 2853
a 2923 30048 256
f 1431
a 2924 13776 16
f 2830
a 2925 15712 64
f 698
a 2926 1648 16
f 1912
a 2927 1408 64
f 2810
a 2928 41792 64
f 2320
a 2929 7568 256
f 2351
a 2930 28656 256
f 859
a 2931 6304 16
f 2798
a 2932 1232 16
f 2195
a 2933 512 64
f 2277
a 2934 4224 256
f 1551
a 2935 3664 64
f 2250
a 2936 15232 16
f 2122
a 2937 4432 64
f 2893
a 2938 28656 16
f 2712
a 2939 608 256
f 2531
a 2940 44576 256
f 2506
a 2941 61056 16
f 1895
a 2942 24672 64
f 2637
a 2943 24784 16
f 1959
a 2944 368 64
f 2761
a 2945 608 64
f 803
a 2946 42320 64
f 2486
a 2947 62976 64
f 867
a 2948 496 64
f 1444
a 2949 336 16
f 2619
a 2950 1136 16
f 2411
a 2951 416 16
f 1049
a 2952 2016 256
f 2363
a 2953 22992 64
f 1312
a 2954 288 16
f 2679
a 2955 5168 64
f 2209
a 2956 33280 16
f 2285
a 2957 55216 16
f 2916
a 2958 30912 256
f 1304
a 2959 48288 256
f 1987
a 2960 28928 64
f 2260
a 2961 43248 16
f 2107
a 2962 1904 256
f 2877
a 2963 3536 256
f 1837
a 2964 368 16
f 2665
a 2965 33088 64
f 2645
a 2966 43104 64
f 2217
a 2967 5072 256
f 2779
a 2968 7120 64
f 2818
a 2969 1952 256
f 2698
a 2970 640 16
f 1713
a 2971 2240 16
f 2760
a 2972 5392 256
f 2083
a 2973 7856 64
f 1952
a 2974 2768 16
f 2590
a 2975 384 64
f 2426
a 2976 464 16
f 2874
a 2977 7424 16
f 2651
a 2978 36304 16
f 2720
a 2979 30640 16
f 2702
a 2980 640 16
f 2787
a 2981 944 256
f 2433
a 2982 2416 16
f 2891
a 2983 640 256
f 2404
a 2984 3136 256
f 2655
a 2985 592 64
f 1758
a 2986 10224 16
f 2113
a 2987 1840 256
f 1911
a 2988 2096 256
f 2945
a 2989 3168 256
f 2437
a 2990 352 256
f 2735
a 2991 1024 16
f 2800
a 2992 848 256
f 1047
a 2993 56528 64
f 71
a 2994 14112 16
f 1628
a 2995 27952 256
f 2139
a 2996 752 256
f 1097
a 2997 3984 64
f 2754
a 2998 416 256
f 949
a 2999 1184 256
c step-2000
f 2673
a 3000 58176 64
f 2949
a 3001 672 64
f 409
a 3002 4592 16
f 403
a 3003 31968 256
f 2920
a 3004 1680 256
f 437
a 3005 1504 16
f 2907
a 3006 44608 256
f 2731
a 3007 1344 16
f 2693
a 3008 28016 64
f 2275
a 3009 928 16
f 2966
a 3010 416 256
f 624
a 3011 7136 16
f 2263
a 3012 2976 16
f 2953
a 3013 1600 256
f 2575
a 3014 336 256
f 2569
a 3015 480 64
f 2500
a 3016 416 64
f 1865
a 3017 35760 256
f 2794
a 3018 2992 64
f 561
a 3019 928 64
f 2739
a 3020 46992 64
f 1771
a 3021 2672 16
f 2684
a 3022 3136 256
f 1844
a 3023 59936 256
f 1609
a 3024 32352 16
f 2429
a 3025 47440 16
f 2527
a 3026 57232 64
f 2862
a 3027 1104 256
f 2989
a 3028 960 16
f 2476
a 3029 59584 16
f 2789
a 3030 2128 256
f 768
a 3031 3200 256
f 2740
a 3032 272 256
f 1330
a 3033 10688 64
f 2205
a 3034 63440 256
f 2970
a 3035 13680 256
f 2839
a 3036 3040 64
f 2733
a 3037 1376 16
f 2510
a 3038 576 256
f 2402
a 3039 432 16
f 2010
a 3040 3280 16
f 2843
a 3041 34608 64
f 2967
a 3042 448 16
f 2878
a 3043 18256 256
f 100
a 3044 9472 64
f 2313
a 3045 31248 16
f 1568
a 3046 2720 256
f 1006
a 3047 57760 256
f 2154
a 3048 17552 256
f 2742
a 3049 2272 16
f 2994
a 3050 416 256
f 2873
a 3051 6976 64
f 2536
a 3052 3712 256
f 1801
a 3053 592 256
f 2899
a 3054 1072 256
f 1906
a 3055 3552 256
f 2790
a 3056 432 64
f 2784
a 3057 944 256
f 2728
a 3058 27104 16
f 581
a 3059 1088 64
f 2687
a 3060 28144 64
f 2903
a 3061 1040 256
f 2484
a 3062 624 256
f 1888
a 3063 13936 256
f 2988
a 3064 5536 16
f 2678
a 3065 6016 16
f 1712
a 3066 28672 256
f 2547
a 3067 288 64
f 2924
a 3068 1456 64
f 300
a 3069 1584 64
f 646
a 3070 400 64
f 2533
a 3071 2576 16
f 2538
a 3072 6816 64
f 2398
a 3073 2288 16
f 1583
a 3074 624 256
f 1221
a 3075 512 64
f 1126
a 3076 816 16
f 1563
a 3077 752 16
f 2826
a 3078 1552 256
f 2911
a 3079 26928 64
f 3026
a 3080 448 16
f 2975
a 3081 2000 64
f 3063
a 3082 864 16
f 1235
a 3083 1200 256
f 2134
a 3084 448 256
f 2984
a 3085 21744 16
f 2187
a 3086 26928 16
f 2668
a 3087 1632 256
f 570
a 3088 4384 256
f 1873
a 3089 7648 256
f 2729
a 3090 17584 256
f 2940
a 3091 12176 64
f 3061
a 3092 28640 16
f 2603
a 3093 22400 256
f 1859
a 3094 576 16
f 2955
a 3095 1808 256
f 2554
a 3096 26704 256
f 632
a 3097 3168 64
f 2875
a 3098 38928 64
f 1262
a 3099 37680 16
f 1534
a 3100 576 256
f 2596
a 3101 496 256
f 2782
a 3102 688 256
f 549
a 3103 288 64
f 1858
a 3104 5312 256
f 1197
a 3105 12992 64
f 3097
a 3106 480 16
f 2335
a 3107 3392 64
f 1143
a 3108 2528 64
f 937
a 3109 6736 64
f 2583
a 3110 30624 64
f 2312
a 3111 944 64
f 1313
a 3112 1712 16
f 2401
a 3113 29696 16
f 2511
a 3114 32464 16
f 2827
a 3115 512 64
f 2203
a 3116 688 64
f 3075
a 3117 848 16
f 1826
a 3118 5856 16
f 2746
a 3119 5584 16
f 1145
a 3120 1296 64
f 2419
a 3121 5008 64
f 2804
a 3122 480 256
f 2337
a 3123 1712 16
f 2772
a 3124 28960 256
f 2036
a 3125 2800 64
f 2262
a 3126 1216 16
f 2562
a 3127 288 16
f 49
a 3128 3568 64
f 1995
a 3129 1920 64
f 2097
a 3130 592 16
f 2428
a 3131 9232 64
f 2681
a 3132 13376 16
f 986
a 3133 352 64
f 3103
a 3134 13824 16
f 2189
a 3135 37968 16
f 293
a 3136 10528 64
f 635
a 3137 3216 64
f 1429
a 3138 16032 256
f 2120
a 3139 4096 256
f 2659
a 3140 11328 64
f 2357
a 3141 640 16
f 2290
a 3142 1456 64
f 3053
a 3143 2464 256
f 2968
a 3144 3920 64
f 3039
a 3145 2576 64
f 892
a 3146 576 64
f 2685
a 3147 496 256
f 1530
a 3148 25200 64
f 3037
a 3149 4048 64
f 2753
a 3150 2272 16
f 2286
a 3151 4032 16
f 2778
a 3152 5696 256
f 1820
a 3153 5280 64
f 1853
a 3154 2320 64
f 1336
a 3155 22784 64
f 2268
a 3156 4352 16
f 3035
a 3157 4496 64
f 2904
a 3158 1760 256
f 2472
a 3159 544 256
f 2886
a 3160 64768 16
f 1921
a 3161 2400 64
f 1730
a 3162 448 256
f 2029
a 3163 1760 64
f 2867
a 3164 1056 256
f 2374
a 3165 27568 64
f 2946
a 3166 688 16
f 3149
a 3167 5024 64
f 3153
a 3168 18640 64
f 2052
a 3169 44512 256
f 2998
a 3170 7664 256
f 2613
a 3171 3040 256
f 1971
a 3172 64400 16
f 114
a 3173 6944 256
f 1450
a 3174 63744 256
f 2755
a 3175 59936 256
f 1663
a 3176 352 64
f 3029
a 3177 896 256
f 163
a 3178 1600 16
f 2368
a 3179 2720 16
f 1625
a 3180 8496 16
f 2128
a 3181 9904 16
f 2890
a 3182 10800 16
f 2647
a 3183 752 256
f 3105
a 3184 2016 16
f 1499
a 3185 1744 16
f 1870
a 3186 40448 16
f 2518
a 3187 10272 256
f 483
a 3188 4048 64
f 3121
a 3189 57248 64
f 3093
a 3190 7808 16
f 85
a 3191 5216 16
f 2007
a 3192 7568 16
f 1757
a 3193 63728 16
f 3025
a 3194 7824 64
f 60
a 3195 23792 64
f 1613
a 3196 5104 256
f 2734
a 3197 25152 16
f 930
a 3198 10480 256
f 2054
a 3199 1712 64
f 3114
a 3200 10304 256
f 3047
a 3201 6032 16
f 2716
a 3202 2688 16
f 3173
a 3203 1392 64
f 2935
a 3204 1520 256
f 2795
a 3205 9504 64
f 3005
a 3206 15024 64
f 3057
a 3207 3408 256
f 1634
a 3208 464 256
f 2571
a 3209 640 256
f 3146
a 3210 608 64
f 2574
a 3211 992 16
f 1283
a 3212 1728 16
f 1693
a 3213 63968 64
f 2646
a 3214 6784 64
f 2783
a 3215 2336 16
f 535
a 3216 6928 64
f 1464
a 3217 448 256
f 2446
a 3218 816 64
f 59
a 3219 6736 256
f 1646
a 3220 8576 64
f 1988
a 3221 19168 64
f 2151
a 3222 5520 16
f 2813
a 3223 11536 256
f 1709
a 3224 59728 256
f 2491
a 3225 1008 64
f 2656
a 3226 2688 256
f 245
a 3227 8496 16
f 2788
a 3228 672 64
f 2602
a 3229 3376 256
f 429
a 3230 2416 16
f 3127
a 3231 784 16
f 2405
a 3232 18176 16
f 2130
a 3233 63600 64
f 2597
a 3234 1680 64
f 2610
a 3235 26000 256
f 2559
a 3236 2176 256
f 2589
a 3237 2992 16
f 3049
a 3238 1472 16
f 2691
a 3239 1936 16
f 2523
a 3240 336 256
f 2542
a 3241 560 256
f 1509
a 3242 1040 64
f 1335
a 3243 42912 256
f 2072
a 3244 17024 64
f 3169
a 3245 512 256
f 3219
a 3246 2496 256
f 2197
a 3247 13632 64
f 412
a 3248 15488 256
f 2849
a 3249 3088 256
f 2976
a 3250 53840 256
f 2936
a 3251 960 64
f 56
a 3252 17648 256
f 3172
a 3253 56400 256
f 3090
a 3254 62944 256
f 3235
a 3255 1952 64
f 2399
a 3256 6832 64
f 2660
a 3257 3408 16
f 2135
a 3258 7296 256
f 1278
a 3259 20656 16
f 2436
a 3260 13024 64
f 2347
a 3261 368 64
f 2960
a 3262 18048 256
f 1552
a 3263 1232 16
f 3065
a 3264 1872 16
f 2900
a 3265 14928 16
f 2632
a 3266 352 64
f 3126
a 3267 52848 64
f 855
a 3268 39712 256
f 2947
a 3269 49440 256
f 2884
a 3270 9136 256
f 2896
a 3271 6160 256
f 1893
a 3272 848 16
f 2745
a 3273 42112 256
f 1409
a 3274 20448 64
f 3243
a 3275 5360 64
f 1001
a 3276 1360 64
f 2345
a 3277 2512 64
f 3081
a 3278 24256 256
f 1932
a 3279 4496 16
f 2125
a 3280 17920 16
f 3102
a 3281 9376 64
f 3078
a 3282 3984 16
f 2194
a 3283 52160 16
f 299
a 3284 400 256
f 3192
a 3285 3056 16
f 2709
a 3286 2048 16
f 2959
a 3287 28432 16
f 2624
a 3288 1216 64
f 3120
a 3289 1872 64
f 3263
a 3290 3232 256
f 497
a 3291 59760 16
f 2327
a 3292 688 64
f 2053
a 3293 22832 256
f 2985
a 3294 928 256
f 2627
a 3295 352 256
f 3155
a 3296 5200 16
f 2077
a 3297 2064 64
f 3225
a 3298 63952 256
f 1874
a 3299 16160 16
f 201
a 3300 31712 256
f 3270
a 3301 624 64
f 2622
a 3302 4736 16
f 2938
a 3303 352 64
f 2076
a 3304 1536 64
f 2776
a 3305 9632 256
f 246
a 3306 1568 16
f 1292
a 3307 336 256
f 20
a 3308 960 16
f 3304
a 3309 29952 256
f 2133
a 3310 2336 64
f 3247
a 3311 7712 256
f 3308
a 3312 63568 256
f 2353
a 3313 816 64
f 1248
a 3314 32192 256
f 1719
a 3315 5968 64
f 3244
a 3316 2848 64
f 3206
a 3317 1760 256
f 1918
a 3318 736 256
f 2280
a 3319 30640 16
f 2556
a 3320 64080 16
f 3238
a 3321 30400 64
f 1765
a 3322 1584 256
f 826
a 3323 3600 64
f 3092
a 3324 43984 64
f 544
a 3325 2144 256
f 2981
a 3326 30480 16
f 3028
a 3327 5936 64
f 2305
a 3328 15024 64
f 3133
a 3329 23536 64
f 2501
a 3330 2000 16
f 2901
a 3331 10960 64
f 2931
a 3332 45280 256
f 815
a 3333 58592 256
f 3199
a 3334 6832 256
f 3066
a 3335 6032 64
f 1192
a 3336 13968 64
f 1791
a 3337 368 64
f 2726
a 3338 1952 64
f 3033
a 3339 6608 64
f 1559
a 3340 23472 16
f 3104
a 3341 304 64
f 2908
a 3342 1504 64
f 2683
a 3343 896 256
f 2845
a 3344 384 256
f 2080
a 3345 496 64
f 2909
a 3346 3568 256
f 2417
a 3347 32160 256
f 2373
a 3348 3584 64
f 2530
a 3349 960 64
f 1676
a 3350 3360 16
f 2701
a 3351 2880 16
f 2844
a 3352 17824 64
f 2724
a 3353 2640 256
f 2758
a 3354 58880 256
f 2546
a 3355 22960 64
f 1341
a 3356 63824 64
f 513
a 3357 29824 256
f 2051
a 3358 4480 256
f 1480
a 3359 8736 64
f 2366
a 3360 46832 64
f 2098
a 3361 18176 256
f 3265
a 3362 656 64
f 3355
a 3363 736 64
f 873
a 3364 3520 16
f 1037
a 3365 49408 64
f 3022
a 3366 2736 64
f 2972
a 3367 416 64
f 2473
a 3368 54832 64
f 2383
a 3369 1200 16
f 2743
a 3370 23424 16
f 619
a 3371 6896 64
f 2288
a 3372 2400 256
f 2822
a 3373 6944 256
f 2587
a 3374 656 256
f 2648
a 3375 29008 16
f 2529
a 3376 12208 64
f 3357
a 3377 3264 256
f 241
a 3378 2080 64
f 3132
a 3379 10704 16
f 3178
a 3380 2112 256
f 3269
a 3381 7824 16
f 3340
a 3382 496 256
f 2812
a 3383 6880 16
f 2176
a 3384 6752 16
f 3198
a 3385 8080 64
f 829
a 3386 23632 256
f 2802
a 3387 52080 64
f 2974
a 3388 448 64
f 3343
a 3389 768 256
f 2939
a 3390 656 16
f 2770
a 3391 4336 256
f 1639
a 3392 5920 64
f 2370
a 3393 53888 256
f 2641
a 3394 576 256
f 1038
a 3395 7552 16
f 153
a 3396 47072 64
f 2339
a 3397 432 64
f 2502
a 3398 14368 256
f 2971
a 3399 1280 256
f 850
a 3400 3872 16
f 2692
a 3401 15616 16
f 2657
a 3402 448 64
f 2153
a 3403 4784 16
f 3014
a 3404 60432 256
f 2202
a 3405 1152 64
f 3234
a 3406 352 64
f 752
a 3407 7888 64
f 3040
a 3408 784 16
f 1910
a 3409 480 256
f 2912
a 3410 288 256
f 2425
a 3411 6688 64
f 3164
a 3412 17824 64
f 2498
a 3413 288 256
f 1616
a 3414 12848 64
f 227
a 3415 5408 16
f 1569
a 3416 3616 16
f 3196
a 3417 384 64
f 3371
a 3418 35392 64
f 2163
a 3419 35184 16
f 3144
a 3420 29072 64
f 2469
a 3421 2560 16
f 2963
a 3422 20720 64
f 1748
a 3423 2384 256
f 2836
a 3424 800 256
f 3310
a 3425 544 64
f 3312
a 3426 560 64
f 3254
a 3427 41296 256
f 3406
a 3428 10576 256
f 620
a 3429 5856 16
f 2438
a 3430 13392 16
f 3030
a 3431 41344 64
f 1377
a 3432 864 256
f 1860
a 3433 30640 16
f 2481
a 3434 36672 16
f 1344
a 3435 272 16
f 2866
a 3436 1408 64
f 2763
a 3437 3424 64
f 3272
a 3438 13088 16
f 3015
a 3439 63920 256
f 2391
a 3440 13744 16
f 102
a 3441 5440 64
f 2756
a 3442 448 16
f 1266
a 3443 1696 64
f 2722
a 3444 4720 64
f 3364
a 3445 928 256
f 3054
a 3446 61120 16
f 3129
a 3447 33488 256
f 2992
a 3448 14800 64
f 3393
a 3449 13392 64
f 3392
a 3450 31872 256
f 143
a 3451 28016 256
f 3209
a 3452 33856 16
f 3071
a 3453 2448 16
f 757
a 3454 15408 256
f 3167
a 3455 24128 64
f 2185
a 3456 2256 64
f 3329
a 3457 30064 16
f 223
a 3458 2352 16
f 2216
a 3459 6528 64
f 2700
a 3460 3952 64
f 2785
a 3461 3536 256
f 849
a 3462 10400 64
f 3221
a 3463 448 16
f 3404
a 3464 752 256
f 2950
a 3465 5184 16
f 3373
a 3466 2016 64
f 2418
a 3467 496 16
f 3099
a 3468 4896 256
f 3027
a 3469 7968 64
f 951
a 3470 800 256
f 3376
a 3471 13040 64
f 3317
a 3472 7952 256
f 265
a 3473 4624 256
f 1417
a 3474 64608 256
f 997
a 3475 26480 64
f 2894
a 3476 29264 64
f 3163
a 3477 512 256
f 2808
a 3478 10368 256
f 2294
a 3479 272 16
f 1407
a 3480 272 256
f 3258
a 3481 608 16
f 3471
a 3482 57984 256
f 2591
a 3483 20608 256
f 1941
a 3484 62000 64
f 2540
a 3485 1888 16
f 2315
a 3486 1728 256
f 3278
a 3487 11552 64
f 3245
a 3488 416 256
f 1401
a 3489 6320 16
f 3249
a 3490 4064 256
f 2847
a 3491 4736 16
f 1880
a 3492 9952 64
f 3131
a 3493 448 256
f 2088
a 3494 36416 256
f 2055
a 3495 416 64
f 3414
a 3496 2096 16
f 2876
a 3497 5376 256
f 2738
a 3498 464 256
f 3293
a 3499 25440 256
c step-2500
f 2605
a 3500 4864 64
f 3041
a 3501 5504 16
f 3375
a 3502 15680 256
f 3006
a 3503 304 64
f 2620
a 3504 9728 64
f 2697
a 3505 13616 64
f 3374
a 3506 720 16
f 3446
a 3507 1008 16
f 2450
a 3508 5504 16
f 3302
a 3509 29056 256
f 1263
a 3510 7472 16
f 3059
a 3511 752 256
f 1908
a 3512 352 64
f 2926
a 3513 4688 16
f 2897
a 3514 7744 256
f 3361
a 3515 720 64
f 3459
a 3516 496 256
f 3499
a 3517 43408 256
f 2526
a 3518 1040 64
f 3416
a 3519 16304 64
f 3421
a 3520 576 256
f 3000
a 3521 25904 16
f 3064
a 3522 400 64
f 250
a 3523 288 64
f 3478
a 3524 7600 16
f 28
a 3525 14304 256
f 3382
a 3526 52512 64
f 2606
a 3527 496 64
f 3489
a 3528 8736 256
f 3111
a 3529 11664 64
f 374
a 3530 4624 256
f 2850
a 3531 8400 16
f 3427
a 3532 944 16
f 3055
a 3533 20208 64
f 675
a 3534 12608 64
f 447
a 3535 24752 16
f 3488
a 3536 2160 256
f 1225
a 3537 1808 256
f 3281
a 3538 21424 64
f 2695
a 3539 47520 16
f 2640
a 3540 17488 256
f 2595
a 3541 1968 256
f 2457
a 3542 50464 256
f 3479
a 3543 976 64
f 2902
a 3544 928 256
f 3227
a 3545 400 64
f 3338
a 3546 368 16
f 3457
a 3547 9936 16
f 3195
a 3548 1520 64
f 2549
a 3549 1856 64
f 1175
a 3550 3168 16
f 3520
a 3551 1856 64
f 3466
a 3552 624 64
f 2854
a 3553 640 64
f 802
a 3554 6896 256
f 3004
a 3555 1696 16
f 2774
a 3556 592 16
f 2872
a 3557 14144 16
f 2749
a 3558 12128 256
f 2797
a 3559 62080 16
f 2905
a 3560 7536 64
f 3363
a 3561 22288 64
f 3532
a 3562 1728 64
f 3498
a 3563 10032 16
f 3491
a 3564 1184 64
f 3130
a 3565 18784 256
f 3529
a 3566 320 256
f 2715
a 3567 59728 64
f 2311
a 3568 2224 64
f 2009
a 3569 25984 64
f 3301
a 3570 31696 16
f 3128
a 3571 1184 16
f 3553
a 3572 368 16
f 2990
a 3573 33184 256
f 678
a 3574 7264 16
f 2042
a 3575 5232 16
f 3362
a 3576 5216 16
f 2688
a 3577 9632 256
f 3259
a 3578 27344 64
f 1458
a 3579 13600 256
f 3516
a 3580 52000 64
f 2956
a 3581 272 256
f 2703
a 3582 400 64
f 2921
a 3583 16640 256
f 2471
a 3584 35616 256
f 3424
a 3585 5600 64
f 3282
a 3586 368 64
f 2324
a 3587 4144 256
f 3291
a 3588 17536 16
f 1905
a 3589 5536 16
f 3087
a 3590 21456 64
f 696
a 3591 31184 256
f 3300
a 3592 528 16
f 3503
a 3593 23328 256
f 3571
a 3594 7392 256
f 2999
a 3595 4176 64
f 2261
a 3596 57440 256
f 1935
a 3597 3888 256
f 1415
a 3598 14624 64
f 3455
a 3599 1088 16
f 2871
a 3600 5104 16
f 1636
a 3601 688 16
f 3316
a 3602 320 16
f 3526
a 3603 57632 256
f 2642
a 3604 3424 64
f 2661
a 3605 26224 16
f 1461
a 3606 768 16
f 3468
a 3607 496 16
f 2395
a 3608 14880 256
f 3500
a 3609 15344 16
f 2614
a 3610 1520 16
f 2485
a 3611 2608 16
f 2091
a 3612 18816 256
f 2509
a 3613 14384 256
f 3171
a 3614 1872 16
f 3546
a 3615 35424 256
f 2328
a 3616 448 256
f 3328
a 3617 25344 256
f 2162
a 3618 18672 256
f 2560
a 3619 448 256
f 3176
a 3620 25584 64
f 3511
a 3621 944 16
f 2459
a 3622 1936 256
f 3512
a 3623 44848 16
f 3148
a 3624 960 64
f 1260
a 3625 6320 64
f 2132
a 3626 3264 64
f 2432
a 3627 1968 256
f 3535
a 3628 3280 16
f 2628
a 3629 19856 256
f 2832
a 3630 560 256
f 2676
a 3631 28240 256
f 3557
a 3632 17920 256
f 2943
a 3633 13952 64
f 1485
a 3634 63840 256
f 3021
a 3635 1168 16
f 355
a 3636 19504 256
f 3596
a 3637 624 16
f 1129
a 3638 14496 16
f 3060
a 3639 13344 256
f 2686
a 3640 9456 64
f 3342
a 3641 320 16
f 3407
a 3642 2896 16
f 3394
a 3643 5744 64
f 3262
a 3644 384 64
f 2718
a 3645 1024 256
f 3110
a 3646 432 64
f 3298
a 3647 320 256
f 3426
a 3648 272 16
f 3241
a 3649 2512 64
f 2364
a 3650 6448 16
f 2361
a 3651 35808 16
f 3437
a 3652 26432 16
f 3023
a 3653 1712 64
f 2488
a 3654 8640 16
f 3578
a 3655 8176 64
f 3370
a 3656 304 64
f 2352
a 3657 1408 256
f 3451
a 3658 592 16
f 2757
a 3659 896 256
f 3134
a 3660 27744 256
f 1661
a 3661 12880 64
f 1773
a 3662 800 16
f 3275
a 3663 720 64
f 2199
a 3664 976 256
f 3070
a 3665 3536 16
f 445
a 3666 5472 256
f 2552
a 3667 14208 16
f 3405
a 3668 6976 256
f 112
a 3669 12992 256
f 3635
a 3670 4400 64
f 3550
a 3671 3024 256
f 2942
a 3672 6560 16
f 2811
a 3673 9072 64
f 3336
a 3674 8224 256
f 3123
a 3675 33664 64
f 1721
a 3676 2400 64
f 2249
a 3677 736 256
f 3349
a 3678 1792 256
f 2143
a 3679 384 256
f 2629
a 3680 1472 16
f 3079
a 3681 5424 64
f 3161
a 3682 896 64
f 2607
a 3683 60848 64
f 3032
a 3684 3488 16
f 1600
a 3685 3360 16
f 1849
a 3686 24112 16
f 2649
a 3687 32304 16
f 1503
a 3688 15712 64
f 3682
a 3689 320 256
f 3358
a 3690 9312 64
f 2297
a 3691 48608 256
f 3207
a 3692 416 256
f 3255
a 3693 912 256
f 2951
a 3694 45792 256
f 3555
a 3695 13776 16
f 3094
a 3696 1216 64
f 3011
a 3697 5536 64
f 2034
a 3698 5504 64
f 3460
a 3699 928 16
f 3581
a 3700 400 64
f 2898
a 3701 3728 16
f 2219
a 3702 384 16
f 2534
a 3703 62032 16
f 2568
a 3704 320 64
f 2944
a 3705 37760 16
f 3521
a 3706 7792 64
f 2824
a 3707 23552 64
f 3151
a 3708 2720 64
f 1832
a 3709 7440 64
f 2957
a 3710 26208 16
f 1570
a 3711 30432 16
f 2243
a 3712 43600 64
f 3675
a 3713 784 16
f 493
a 3714 2176 64
f 3413
a 3715 832 16
f 2582
a 3716 1904 64
f 3353
a 3717 35200 64
f 879
a 3718 3456 64
f 3139
a 3719 14688 256
f 2934
a 3720 768 64
f 1577
a 3721 736 256
f 3510
a 3722 10032 64
f 2300
a 3723 39888 16
f 2930
a 3724 14960 256
f 3696
a 3725 31040 64
f 3530
a 3726 8528 64
f 2833
a 3727 1600 16
f 3212
a 3728 37776 16
f 2654
a 3729 1584 256
f 3138
a 3730 944 64
f 1923
a 3731 2608 256
f 3614
a 3732 46464 16
f 1382
a 3733 3024 16
f 3562
a 3734 2608 64
f 3708
a 3735 15424 256
f 1943
a 3736 400 64
f 3162
a 3737 2480 16
f 3727
a 3738 1248 256
f 1881
a 3739 320 256
f 399
a 3740 7392 64
f 2371
a 3741 26304 16
f 3482
a 3742 6352 16
f 3688
a 3743 1568 16
f 2882
a 3744 656 256
f 2986
a 3745 2224 16
f 3606
a 3746 21856 256
f 2005
a 3747 1056 16
f 137
a 3748 3296 64
f 2381
a 3749 1120 256
f 3576
a 3750 3392 16
f 2423
a 3751 3040 256
f 128
a 3752 23616 64
f 2803
a 3753 560 64
f 1650
a 3754 5616 256
f 369
a 3755 41168 64
f 2991
a 3756 2176 16
f 366
a 3757 320 64
f 3473
a 3758 16288 256
f 2247
a 3759 3664 256
f 295
a 3760 5328 256
f 3506
a 3761 37728 256
f 2067
a 3762 704 64
f 2618
a 3763 3584 16
f 3676
a 3764 6768 64
f 3645
a 3765 5712 16
f 3159
a 3766 11840 64
f 1211
a 3767 12864 64
f 3076
a 3768 8656 256
f 2172
a 3769 288 16
f 3150
a 3770 27712 64
f 2767
a 3771 352 256
f 1578
a 3772 2384 256
f 2334
a 3773 1552 64
f 2295
a 3774 2848 256
f 3636
a 3775 22656 64
f 160
a 3776 58992 64
f 3540
a 3777 40176 64
f 2561
a 3778 512 64
f 2451
a 3779 38176 16
f 1784
a 3780 4752 16
f 2821
a 3781 304 16
f 3142
a 3782 6208 64
f 2714
a 3783 4080 256
f 3508
a 3784 37136 256
f 2282
a 3785 4000 64
f 2161
a 3786 4464 16
f 3395
a 3787 15152 16
f 1991
a 3788 2208 16
f 3630
a 3789 800 256
f 1597
a 3790 10368 16
f 3566
a 3791 29328 64
f 3295
a 3792 27824 16
f 2390
a 3793 1280 256
f 3213
a 3794 896 64
f 3534
a 3795 2016 64
f 2159
a 3796 352 64
f 3083
a 3797 27616 16
f 2962
a 3798 928 64
f 2631
a 3799 4064 64
f 3524
a 3800 18800 16
f 3166
a 3801 57696 16
f 1275
a 3802 9552 256
f 2851
a 3803 3984 256
f 3483
a 3804 43344 64
f 3231
a 3805 24960 256
f 3201
a 3806 12464 64
f 3470
a 3807 23392 16
f 3711
a 3808 1520 256
f 2228
a 3809 18832 256
f 3072
a 3810 1056 16
f 2468
a 3811 26976 256
f 3193
a 3812 7456 256
f 3383
a 3813 3168 64
f 3610
a 3814 1968 16
f 3593
a 3815 1648 64
f 195
a 3816 8272 64
f 2066
a 3817 60928 256
f 3810
a 3818 7312 64
f 2179
a 3819 816 64
f 3432
a 3820 17344 64
f 2565
a 3821 832 64
f 3453
a 3822 29168 256
f 2456
a 3823 2288 64
f 2183
a 3824 736 256
f 3779
a 3825 24336 256
f 3714
a 3826 384 64
f 3519
a 3827 60080 64
f 2594
a 3828 12944 256
f 3729
a 3829 55744 256
f 612
a 3830 5696 256
f 3326
a 3831 15296 256
f 3579
a 3832 6736 64
f 3124
a 3833 736 16
f 3390
a 3834 12000 16
f 2781
a 3835 1104 256
f 2431
a 3836 33376 256
f 3288
a 3837 656 256
f 1720
a 3838 8432 16
f 2057
a 3839 64112 16
f 2496
a 3840 3888 256
f 2544
a 3841 31936 16
f 2516
a 3842 400 256
f 3835
a 3843 1024 16
f 2387
a 3844 1776 64
f 2517
a 3845 1024 16
f 3719
a 3846 1360 16
f 3679
a 3847 12400 256
f 1419
a 3848 848 16
f 3537
a 3849 55472 16
f 3112
a 3850 40432 16
f 3051
a 3851 24496 16
f 3038
a 3852 2496 64
f 2443
a 3853 4544 256
f 1879
a 3854 7840 16
f 3683
a 3855 5296 16
f 2707
a 3856 3632 256
f 2045
a 3857 15056 256
f 1970
a 3858 864 256
f 2704
a 3859 2160 256
f 3325
a 3860 1472 256
f 3285
a 3861 40592 64
f 690
a 3862 3584 64
f 3673
a 3863 28832 64
f 3637
a 3864 288 16
f 3086
a 3865 63184 256
f 3067
a 3866 1664 64
f 3381
a 3867 3984 256
f 3851
a 3868 960 64
f 3840
a 3869 37488 256
f 2406
a 3870 60928 16
f 3152
a 3871 496 256
f 2820
a 3872 27712 64
f 3599
a 3873 5424 256
f 761
a 3874 22752 16
f 2581
a 3875 42976 256
f 3319
a 3876 7136 256
f 420
a 3877 1312 16
f 3045
a 3878 592 64
f 3344
a 3879 304 64
f 3830
a 3880 6192 64
f 3575
a 3881 496 16
f 3878
a 3882 10256 256
f 2532
a 3883 31728 256
f 3452
a 3884 416 16
f 1835
a 3885 12560 256
f 363
a 3886 39360 64
f 2515
a 3887 34576 64
f 3003
a 3888 1376 64
f 3467
a 3889 2496 256
f 3888
a 3890 3040 64
f 3800
a 3891 5696 64
f 3611
a 3892 28544 64
f 494
a 3893 1888 16
f 3834
a 3894 448 256
f 1094
a 3895 448 64
f 2892
a 3896 5376 64
f 2880
a 3897 10384 64
f 3348
a 3898 416 64
f 821
a 3899 45568 64
f 2954
a 3900 1888 256
f 3284
a 3901 35056 64
f 3737
a 3902 12480 64
f 3721
a 3903 1024 64
f 3401
a 3904 10144 256
f 3058
a 3905 21280 16
f 3461
a 3906 8736 16
f 3750
a 3907 54848 256
f 3812
a 3908 1472 64
f 3425
a 3909 39968 256
f 3600
a 3910 752 256
f 776
a 3911 10064 16
f 1951
a 3912 6368 16
f 2236
a 3913 3008 256
f 3913
a 3914 7360 256
f 3242
a 3915 1216 64
f 3656
a 3916 2864 64
f 3485
a 3917 816 256
f 376
a 3918 800 256
f 3709
a 3919 39520 256
f 3439
a 3920 3440 16
f 3691
a 3921 480 64
f 2528
a 3922 304 16
f 3647
a 3923 2928 256
f 3257
a 3924 58784 64
f 3551
a 3925 896 16
f 1793
a 3926 8832 64
f 2769
a 3927 1936 16
f 3341
a 3928 3136 16
f 2572
a 3929 30336 16
f 2109
a 3930 14832 16
f 3251
a 3931 42224 16
f 2567
a 3932 2064 256
f 2318
a 3933 2576 16
f 2388
a 3934 608 256
f 3337
a 3935 8608 64
f 3624
a 3936 47616 16
f 3620
a 3937 55696 256
f 3896
a 3938 6656 16
f 3814
a 3939 23584 64
f 3754
a 3940 2800 64
f 1993
a 3941 1920 64
f 2791
a 3942 1760 256
f 3296
a 3943 576 64
f 1558
a 3944 1936 64
f 3398
a 3945 640 256
f 3408
a 3946 3984 64
f 3469
a 3947 10096 64
f 2987
a 3948 14864 256
f 1891
a 3949 62112 16
f 3917
a 3950 10768 256
f 3428
a 3951 352 64
f 3927
a 3952 480 16
f 1213
a 3953 31584 256
f 3385
a 3954 1728 64
f 1990
a 3955 7872 16
f 3746
a 3956 1184 64
f 2732
a 3957 576 256
f 2913
a 3958 30672 16
f 1367
a 3959 1136 256
f 3020
a 3960 59168 256
f 2365
a 3961 1152 64
f 3545
a 3962 1296 16
f 3559
a 3963 3664 16
f 3018
a 3964 8240 64
f 3869
a 3965 368 64
f 3646
a 3966 11440 16
f 3887
a 3967 608 16
f 3429
a 3968 1360 256
f 3905
a 3969 9872 256
f 3824
a 3970 42912 64
f 3650
a 3971 47392 16
f 3042
a 3972 14928 64
f 3839
a 3973 24240 256
f 1468
a 3974 608 64
f 1668
a 3975 592 16
f 3294
a 3976 3392 256
f 3792
a 3977 16624 256
f 3002
a 3978 976 64
f 3811
a 3979 10864 64
f 3940
a 3980 30368 64
f 3554
a 3981 56944 256
f 3751
a 3982 1536 256
f 3954
a 3983 336 16
f 3430
a 3984 54272 256
f 3515
a 3985 54560 16
f 1729
a 3986 22784 256
f 3720
a 3987 2128 16
f 3926
a 3988 480 64
f 2403
a 3989 1760 256
f 1899
a 3990 61472 16
f 3934
a 3991 6144 64
f 3969
a 3992 864 256
f 974
a 3993 528 64
f 3582
a 3994 3824 256
f 3574
a 3995 976 16
f 65
a 3996 13568 64
f 3589
a 3997 45760 256
f 2321
a 3998 1232 16
f 3976
a 3999 65360 64
c step-3000
f 2477
a 4000 4128 64
f 2983
a 4001 1504 16
f 2868
a 4002 976 64
f 3651
a 4003 2656 16
f 3007
a 4004 57568 256
f 2977
a 4005 832 16
f 1827
a 4006 288 64
f 3718
a 4007 20864 64
f 3661
a 4008 624 64
f 3909
a 4009 51536 64
f 2723
a 4010 7184 16
f 3818
a 4011 1488 256
f 825
a 4012 672 16
f 2658
a 4013 1424 256
f 3789
a 4014 8176 64
f 2049
a 4015 640 16
f 3017
a 4016 21952 16
f 1349
a 4017 1232 16
f 1354
a 4018 12336 16
f 3874
a 4019 6336 256
f 2995
a 4020 16080 256
f 3784
a 4021 14976 16
f 3584
a 4022 496 16
f 386
a 4023 59120 256
f 3732
a 4024 1792 16
f 3959
a 4025 368 64
f 3694
a 4026 400 64
f 2855
a 4027 21168 64
f 3884
a 4028 2000 64
f 3983
a 4029 1360 256
f 3211
a 4030 55424 16
f 2578
a 4031 3776 16
f 3157
a 4032 384 64
f 2116
a 4033 288 64
f 3260
a 4034 1520 16
f 3034
a 4035 768 16
f 3597
a 4036 416 64
f 3672
a 4037 8912 256
f 3958
a 4038 23456 256
f 3522
a 4039 272 256
f 3860
a 4040 28144 16
f 3456
a 4041 5696 256
f 2521
a 4042 21536 64
f 1627
a 4043 1856 16
f 3901
a 4044 4336 16
f 1596
a 4045 36880 256
f 2115
a 4046 12864 64
f 1243
a 4047 21232 256
f 2342
a 4048 992 256
f 3671
a 4049 2016 256
f 3356
a 4050 15552 64
f 3527
a 4051 512 256
f 3698
a 4052 7664 16
f 2838
a 4053 320 256
f 2910
a 4054 40608 64
f 372
a 4055 1968 256
f 3663
a 4056 736 16
f 3216
a 4057 40720 16
f 3541
a 4058 1664 256
f 2919
a 4059 2640 256
f 2638
a 4060 31808 256
f 81
a 4061 736 256
f 3379
a 4062 576 256
f 3877
a 4063 7600 256
f 3552
a 4064 400 16
f 2168
a 4065 12752 64
f 1681
a 4066 15152 16
f 3689
a 4067 4400 256
f 3560
a 4068 19776 16
f 1850
a 4069 4368 16
f 3785
a 4070 304 64
f 2445
a 4071 33664 256
f 1269
a 4072 4864 16
f 3048
a 4073 1680 256
f 2557
a 4074 3360 64
f 3179
a 4075 5392 16
f 1588
a 4076 35600 256
f 3757
a 4077 33344 16
f 3321
a 4078 608 256
f 3639
a 4079 12464 256
f 3360
a 4080 21584 16
f 3605
a 4081 6784 16
f 3504
a 4082 384 64
f 3100
a 4083 3616 64
f 4021
a 4084 11232 256
f 3397
a 4085 496 16
f 2895
a 4086 912 16
f 3724
a 4087 496 16
f 3204
a 4088 368 16
f 3623
a 4089 1376 64
f 3929
a 4090 3120 16
f 485
a 4091 46112 16
f 3135
a 4092 8288 64
f 3307
a 4093 800 16
f 3634
a 4094 11696 16
f 2241
a 4095 20240 64
f 3882
a 4096 544 64
f 3872
a 4097 42832 64
f 3536
a 4098 2448 256
f 2996
a 4099 528 256
f 2696
a 4100 13264 16
f 3947
a 4101 5296 16
f 2302
a 4102 2928 64
f 3999
a 4103 9552 64
f 3372
a 4104 9872 16
f 4032
a 4105 336 64
f 3977
a 4106 1488 256
f 3313
a 4107 384 64
f 4072
a 4108 10000 256
f 2489
a 4109 1024 256
f 2493
a 4110 1792 64
f 3286
a 4111 7504 16
f 4002
a 4112 1120 64
f 2923
a 4113 12288 256
f 3916
a 4114 6800 16
f 3367
a 4115 3952 64
f 2157
a 4116 832 256
f 3109
a 4117 3024 256
f 3998
a 4118 800 16
f 4083
a 4119 39664 64
f 3717
a 4120 9536 16
f 3619
a 4121 52576 16
f 3966
a 4122 20432 16
f 2424
a 4123 5328 64
f 3822
a 4124 22496 64
f 4050
a 4125 1616 256
f 4111
a 4126 45520 256
f 2823
a 4127 19584 256
f 4029
a 4128 3472 256
f 1443
a 4129 14400 16
f 3191
a 4130 1808 256
f 2807
a 4131 13856 256
f 3542
a 4132 57184 256
f 4116
a 4133 8848 64
f 1564
a 4134 880 64
f 4016
a 4135 1728 64
f 4036
a 4136 37152 64
f 3826
a 4137 6992 256
f 3621
a 4138 1120 64
f 3543
a 4139 6752 256
f 3752
a 4140 1360 16
f 4089
a 4141 32176 256
f 3062
a 4142 672 256
f 3739
a 4143 432 16
f 1686
a 4144 1216 16
f 3953
a 4145 3328 256
f 3591
a 4146 9008 64
f 3223
a 4147 672 256
f 2917
a 4148 26896 256
f 4035
a 4149 5712 256
f 4020
a 4150 1952 256
f 3335
a 4151 12352 256
f 3919
a 4152 496 16
f 3513
a 4153 27200 64
f 3815
a 4154 1152 64
f 3434
a 4155 54480 256
f 3838
a 4156 1664 16
f 3141
a 4157 960 256
f 1169
a 4158 24416 16
f 3187
a 4159 1408 16
f 3701
a 4160 30464 256
f 3442
a 4161 3664 64
f 3955
a 4162 16368 256
f 4010
a 4163 1856 16
f 3760
a 4164 400 64
f 2108
a 4165 432 64
f 3786
a 4166 864 256
f 2816
a 4167 35744 64
f 3539
a 4168 1648 16
f 3879
a 4169 624 16
f 3436
a 4170 12208 64
f 144
a 4171 1040 16
f 3733
a 4172 2000 256
f 4070
a 4173 496 16
f 2434
a 4174 1904 64
f 3220
a 4175 1264 64
f 3836
a 4176 576 256
f 2206
a 4177 352 64
f 3799
a 4178 5120 16
f 4027
a 4179 20208 64
f 3587
a 4180 2016 256
f 3484
a 4181 864 64
f 3616
a 4182 320 64
f 3230
a 4183 15264 16
f 2494
a 4184 880 256
f 3205
a 4185 61648 16
f 3726
a 4186 2912 64
f 3509
a 4187 7104 16
f 3770
a 4188 4064 256
f 2805
a 4189 17168 256
f 3324
a 4190 34576 16
f 2852
a 4191 3952 16
f 4140
a 4192 7184 64
f 3592
a 4193 3280 256
f 2708
a 4194 1248 64
f 3322
a 4195 400 64
f 3438
a 4196 36784 16
f 3772
a 4197 7232 256
f 3989
a 4198 688 64
f 2095
a 4199 3264 256
f 2694
a 4200 56288 256
f 4054
a 4201 54960 16
f 3979
a 4202 1024 64
f 3705
a 4203 7040 16
f 3074
a 4204 832 64
f 4118
a 4205 3808 16
f 4028
a 4206 848 64
f 3648
a 4207 1984 16
f 3214
a 4208 2272 64
f 2969
a 4209 49248 64
f 1165
a 4210 39168 16
f 411
a 4211 1216 256
f 1554
a 4212 1888 16
f 2287
a 4213 20736 16
f 3332
a 4214 7312 16
f 3091
a 4215 15120 64
f 3762
a 4216 63888 16
f 3252
a 4217 57216 64
f 2748
a 4218 10448 16
f 3454
a 4219 7344 16
f 3580
a 4220 24912 64
f 4075
a 4221 1104 16
f 3725
a 4222 1904 16
f 2306
a 4223 16448 16
f 2937
a 4224 43328 64
f 3350
a 4225 46272 256
f 3569
a 4226 16192 256
f 2482
a 4227 28480 16
f 3895
a 4228 15344 64
f 4003
a 4229 2480 256
f 2089
a 4230 2912 256
f 2612
a 4231 6720 256
f 2394
a 4232 41504 16
f 4045
a 4233 3328 64
f 3377
a 4234 17056 16
f 125
a 4235 1264 64
f 1402
a 4236 336 64
f 2105
a 4237 448 64
f 966
a 4238 16368 16
f 2508
a 4239 26192 64
f 2941
a 4240 1456 256
f 2408
a 4241 1520 64
f 3351
a 4242 43136 256
f 4161
a 4243 22832 256
f 3975
a 4244 24544 64
f 959
a 4245 2800 64
f 3465
a 4246 53392 64
f 4171
a 4247 46464 256
f 3861
a 4248 62912 256
f 3806
a 4249 784 256
f 3957
a 4250 3120 64
f 4242
a 4251 448 64
f 4211
a 4252 688 64
f 2883
a 4253 35632 16
f 1494
a 4254 496 16
f 2834
a 4255 44240 16
f 3314
a 4256 512 16
f 4011
a 4257 352 64
f 3995
a 4258 1072 256
f 4255
a 4259 4720 16
f 3817
a 4260 5984 256
f 3931
a 4261 2736 16
f 3700
a 4262 6624 16
f 4135
a 4263 304 64
f 4063
a 4264 3760 64
f 3046
a 4265 672 256
f 4087
a 4266 15168 16
f 3158
a 4267 464 16
f 1322
a 4268 7792 64
f 4254
a 4269 704 16
f 1000
a 4270 704 16
f 3487
a 4271 4656 256
f 3389
a 4272 21296 256
f 3644
a 4273 336 256
f 2319
a 4274 656 256
f 4014
a 4275 464 256
f 3080
a 4276 272 256
f 2730
a 4277 1840 64
f 4196
a 4278 4576 64
f 4253
a 4279 2736 16
f 3921
a 4280 8960 256
f 4186
a 4281 544 16
f 2227
a 4282 432 16
f 3794
a 4283 2096 16
f 4281
a 4284 16128 16
f 3418
a 4285 11824 64
f 2447
a 4286 9424 64
f 3279
a 4287 53280 64
f 3740
a 4288 20224 16
f 4064
a 4289 672 256
f 4288
a 4290 688 16
f 4052
a 4291 11888 64
f 2840
a 4292 592 64
f 3723
a 4293 2704 16
f 2041
a 4294 720 64
f 3855
a 4295 752 64
f 3012
a 4296 1216 64
f 650
a 4297 1072 64
f 3403
a 4298 5856 256
f 3444
a 4299 54288 64
f 2927
a 4300 3536 64
f 3749
a 4301 368 256
f 3986
a 4302 34944 64
f 3215
a 4303 1536 256
f 910
a 4304 352 16
f 4001
a 4305 1872 16
f 3607
a 4306 14048 64
f 4091
a 4307 544 16
f 4164
a 4308 51584 16
f 4252
a 4309 9344 64
f 2254
a 4310 9664 16
f 3690
a 4311 13248 64
f 4309
a 4312 53376 256
f 3655
a 4313 15632 16
f 3961
a 4314 288 256
f 2869
a 4315 1360 64
f 3292
a 4316 1216 16
f 3420
a 4317 55136 256
f 3577
a 4318 64848 256
f 3449
a 4319 512 16
f 3768
a 4320 44752 16
f 3273
a 4321 15696 64
f 3366
a 4322 816 64
f 4266
a 4323 640 256
f 3662
a 4324 384 16
f 3323
a 4325 336 256
f 3496
a 4326 10912 16
f 4156
a 4327 3552 256
f 3435
a 4328 1312 256
f 3185
a 4329 3792 256
f 3502
a 4330 1712 256
f 3339
a 4331 416 16
f 4300
a 4332 496 64
f 1542
a 4333 2800 64
f 3664
a 4334 2816 16
f 3463
a 4335 1104 64
f 4198
a 4336 2704 16
f 4239
a 4337 35536 64
f 4155
a 4338 11200 16
f 4138
a 4339 336 64
f 4108
a 4340 400 16
f 2881
a 4341 336 256
f 2801
a 4342 15392 16
f 3928
a 4343 816 16
f 4127
a 4344 1552 64
f 4279
a 4345 8640 256
f 3287
a 4346 2048 256
f 2504
a 4347 896 256
f 4233
a 4348 1888 256
f 3618
a 4349 848 64
f 4100
a 4350 19280 16
f 3626
a 4351 3072 64
f 3873
a 4352 1968 256
f 3702
a 4353 49328 256
f 4263
a 4354 42544 64
f 3190
a 4355 368 256
f 3246
a 4356 38848 16
f 4199
a 4357 44736 64
f 4344
a 4358 1744 256
f 4245
a 4359 4640 64
f 4318
a 4360 544 16
f 4031
a 4361 35952 16
f 4114
a 4362 5888 256
f 4144
a 4363 13200 64
f 4284
a 4364 4032 16
f 4364
a 4365 33328 256
f 3868
a 4366 2544 16
f 3493
a 4367 1216 64
f 3890
a 4368 4192 16
f 4015
a 4369 832 64
f 3970
a 4370 32288 16
f 1731
a 4371 7552 16
f 3761
a 4372 656 64
f 4313
a 4373 3152 64
f 4291
a 4374 65328 256
f 3056
a 4375 3376 16
f 3790
a 4376 11584 16
f 3843
a 4377 2224 256
f 2948
a 4378 3360 16
f 2980
a 4379 320 64
f 4025
a 4380 1552 16
f 3604
a 4381 21696 256
f 4009
a 4382 560 64
f 3845
a 4383 512 16
f 2672
a 4384 1792 64
f 4370
a 4385 1088 256
f 3885
a 4386 288 16
f 4019
a 4387 25056 16
f 3944
a 4388 336 64
f 3821
a 4389 2048 64
f 3108
a 4390 4128 256
f 4333
a 4391 27936 256
f 4078
a 4392 3952 64
f 3866
a 4393 15344 16
f 2759
a 4394 27792 16
f 2326
a 4395 384 16
f 3378
a 4396 672 64
f 2148
a 4397 32976 64
f 2978
a 4398 9680 16
f 2543
a 4399 19264 64
f 3036
a 4400 3152 256
f 4179
a 4401 1424 256
f 4276
a 4402 2400 256
f 3735
a 4403 464 16
f 3847
a 4404 3472 16
f 3759
a 4405 7456 16
f 333
a 4406 14448 16
f 4209
a 4407 33440 64
f 3386
a 4408 3376 16
f 3073
a 4409 400 256
f 4363
a 4410 1248 64
f 4243
a 4411 55168 64
f 3832
a 4412 9856 64
f 496
a 4413 432 64
f 3763
a 4414 41376 256
f 3807
a 4415 880 256
f 2835
a 4416 2288 256
f 839
a 4417 528 64
f 2013
a 4418 16720 64
f 3932
a 4419 15792 64
f 1753
a 4420 54672 64
f 2961
a 4421 29328 64
f 1353
a 4422 16384 16
f 3880
a 4423 17328 64
f 4018
a 4424 1280 256
f 3893
a 4425 3632 64
f 4391
a 4426 368 64
f 2292
a 4427 1904 256
f 3967
a 4428 1936 16
f 458
a 4429 50656 64
f 3261
a 4430 15760 16
f 4264
a 4431 480 256
f 3652
a 4432 4048 256
f 4145
a 4433 912 256
f 2102
a 4434 10128 64
f 3538
a 4435 12240 16
f 2038
a 4436 32432 256
f 3268
a 4437 51616 16
f 3447
a 4438 5600 64
f 4131
a 4439 16112 256
f 3177
a 4440 27872 256
f 3803
a 4441 880 256
f 3218
a 4442 29024 256
f 2973
a 4443 42784 64
f 4086
a 4444 3888 16
f 4177
a 4445 1152 16
f 3627
a 4446 1808 16
f 4368
a 4447 21264 16
f 4434
a 4448 704 256
f 4085
a 4449 7136 16
f 4440
a 4450 63696 64
f 4047
a 4451 704 256
f 4442
a 4452 59440 256
f 4184
a 4453 40608 64
f 3829
a 4454 63408 256
f 4261
a 4455 6864 64
f 3098
a 4456 448 16
f 3825
a 4457 21904 64
f 4283
a 4458 880 64
f 1795
a 4459 288 16
f 3441
a 4460 2160 64
f 4044
a 4461 2992 256
f 2031
a 4462 1648 256
f 3801
a 4463 6432 256
f 4435
a 4464 15280 16
f 3988
a 4465 352 256
f 4178
a 4466 1888 64
f 2711
a 4467 4608 16
f 3876
a 4468 2672 256
f 3972
a 4469 12256 256
f 2814
a 4470 768 64
f 2376
a 4471 24576 256
f 4187
a 4472 15376 16
f 1857
a 4473 4400 256
f 3747
a 4474 3920 64
f 3183
a 4475 5216 256
f 2829
a 4476 4080 16
f 3858
a 4477 16176 256
f 4454
a 4478 36512 256
f 4065
a 4479 544 256
f 4246
a 4480 2064 16
f 4026
a 4481 4080 64
f 4463
a 4482 5680 64
f 1290
a 4483 544 16
f 3547
a 4484 368 256
f 3311
a 4485 21360 256
f 2725
a 4486 6096 16
f 4207
a 4487 2448 16
f 4392
a 4488 544 16
f 3458
a 4489 3744 16
f 2296
a 4490 16304 256
f 4121
a 4491 1632 64
f 3670
a 4492 624 64
f 4475
a 4493 8000 64
f 4142
a 4494 1680 64
f 4162
a 4495 7248 16
f 2478
a 4496 5232 64
f 2449
a 4497 880 256
f 4452
a 4498 41808 256
f 3117
a 4499 4064 16
c step-3500
f 884
a 4500 27760 16
f 4305
a 4501 32480 64
f 3776
a 4502 656 256
f 1254
a 4503 3088 16
f 3043
a 4504 7376 16
f 2136
a 4505 2464 256
f 3417
a 4506 2128 16
f 3848
a 4507 2016 64
f 4445
a 4508 304 256
f 4249
a 4509 57072 256
f 3891
a 4510 1488 16
f 2316
a 4511 47712 16
f 4449
a 4512 6640 64
f 3118
a 4513 1776 64
f 4293
a 4514 57152 256
f 2514
a 4515 592 256
f 3495
a 4516 13120 16
f 4092
a 4517 304 64
f 3290
a 4518 544 256
f 2384
a 4519 4688 16
f 4208
a 4520 3792 16
f 4033
a 4521 1328 256
f 4067
a 4522 7360 256
f 4034
a 4523 37824 16
f 2576
a 4524 2832 64
f 3165
a 4525 3648 64
f 1373
a 4526 36992 256
f 4275
a 4527 1232 256
f 4130
a 4528 4416 16
f 1876
a 4529 304 256
f 3816
a 4530 45264 16
f 4365
a 4531 272 16
f 4295
a 4532 576 16
f 1979
a 4533 2512 16
f 2914
a 4534 32176 64
f 4409
a 4535 5840 16
f 3402
a 4536 384 16
f 2741
a 4537 2528 256
f 3570
a 4538 3808 64
f 3248
a 4539 2592 64
f 605
a 4540 704 256
f 73
a 4541 10432 256
f 3168
a 4542 21872 256
f 3019
a 4543 576 64
f 3912
a 4544 17712 16
f 3226
a 4545 6496 64
f 1295
a 4546 6960 16
f 3267
a 4547 62832 64
f 3613
a 4548 43648 16
f 4534
a 4549 5184 64
f 161
a 4550 2128 16
f 3864
a 4551 4128 64
f 3175
a 4552 51088 16
f 247
a 4553 8096 256
f 3419
a 4554 768 64
f 3010
a 4555 848 256
f 1021
a 4556 13360 16
f 3774
a 4557 976 16
f 4450
a 4558 2864 16
f 4101
a 4559 29088 64
f 3984
a 4560 36272 256
f 257
a 4561 27360 256
f 4437
a 4562 59600 16
f 3755
a 4563 58480 256
f 3844
a 4564 20256 16
f 4493
a 4565 16272 64
f 4039
a 4566 30992 16
f 3684
a 4567 3680 16
f 4331
a 4568 42144 64
f 3186
a 4569 480 16
f 3391
a 4570 33440 64
f 1361
a 4571 2400 256
f 1575
a 4572 576 256
f 3827
a 4573 3984 16
f 4218
a 4574 688 64
f 3833
a 4575 5184 64
f 3170
a 4576 800 16
f 3981
a 4577 2048 64
f 3715
a 4578 720 256
f 2336
a 4579 8672 256
f 3423
a 4580 45200 256
f 4441
a 4581 960 16
f 3136
a 4582 1808 64
f 3507
a 4583 1808 256
f 4069
a 4584 1040 256
f 4575
a 4585 15280 16
f 2106
a 4586 33696 64
f 4286
a 4587 58736 256
f 2071
a 4588 1360 256
f 2958
a 4589 3472 16
f 3973
a 4590 400 16
f 4338
a 4591 6736 16
f 4274
a 4592 13776 64
f 4393
a 4593 832 256
f 3738
a 4594 1920 16
f 2710
a 4595 2304 16
f 89
a 4596 27952 16
f 146
a 4597 416 16
f 3147
a 4598 1424 64
f 4238
a 4599 28816 64
f 3305
a 4600 960 64
f 4317
a 4601 1296 256
f 4361
a 4602 6160 64
f 3549
a 4603 2336 256
f 4244
a 4604 52160 256
f 4533
a 4605 25184 256
f 3640
a 4606 13040 16
f 4195
a 4607 61408 256
f 3734
a 4608 800 256
f 4008
a 4609 29536 16
f 2210
a 4610 3360 16
f 3978
a 4611 14288 16
f 4022
a 4612 1632 16
f 4489
a 4613 25008 64
f 2815
a 4614 7872 16
f 4405
a 4615 7392 64
f 3184
a 4616 1056 64
f 4269
a 4617 5360 16
f 4090
a 4618 2816 16
f 2717
a 4619 22992 256
f 4024
a 4620 29168 256
f 3852
a 4621 21808 16
f 4103
a 4622 8768 64
f 2643
a 4623 20912 16
f 4595
a 4624 7888 64
f 4512
a 4625 352 256
f 3902
a 4626 752 256
f 3704
a 4627 1904 16
f 4588
a 4628 1248 64
f 504
a 4629 512 16
f 3497
a 4630 2368 64
f 4058
a 4631 464 16
f 4453
a 4632 62272 16
f 1398
a 4633 1968 256
f 3865
a 4634 720 16
f 4334
a 4635 2800 16
f 3936
a 4636 1600 64
f 3658
a 4637 3552 16
f 3031
a 4638 16336 16
f 4112
a 4639 2496 256
f 4232
a 4640 1712 64
f 3837
a 4641 43744 64
f 4335
a 4642 12320 256
f 4006
a 4643 1376 64
f 2223
a 4644 11056 64
f 2997
a 4645 1280 64
f 3602
a 4646 36288 16
f 4383
a 4647 3552 16
f 2817
a 4648 27728 256
f 3598
a 4649 1728 64
f 4248
a 4650 28320 16
f 2359
a 4651 7104 256
f 4448
a 4652 7872 16
f 4059
a 4653 27200 64
f 4625
a 4654 3360 256
f 2497
a 4655 2000 64
f 4632
a 4656 5760 256
f 2265
a 4657 2176 64
f 2929
a 4658 2704 16
f 3320
a 4659 10688 256
f 3681
a 4660 1296 16
f 3730
a 4661 3888 64
f 4106
a 4662 8112 64
f 4546
a 4663 53872 16
f 4347
a 4664 816 256
f 2570
a 4665 38608 16
f 4474
a 4666 15392 256
f 1708
a 4667 1168 256
f 4517
a 4668 752 64
f 4526
a 4669 6656 64
f 3228
a 4670 1600 256
f 3942
a 4671 464 16
f 3359
a 4672 2384 64
f 3561
a 4673 30592 256
f 4303
a 4674 1456 256
f 3334
a 4675 2000 256
f 4133
a 4676 2736 64
f 4482
a 4677 46080 16
f 3208
a 4678 288 256
f 4093
a 4679 336 256
f 3773
a 4680 656 16
f 3481
a 4681 4080 16
f 2616
a 4682 1536 64
f 3210
a 4683 512 256
f 3716
a 4684 40032 256
f 4023
a 4685 720 16
f 4522
a 4686 3968 64
f 3831
a 4687 64160 256
f 4236
a 4688 51888 64
f 4501
a 4689 26896 16
f 2495
a 4690 736 16
f 4545
a 4691 17936 64
f 2037
a 4692 688 64
f 4336
a 4693 33616 256
f 4272
a 4694 12688 256
f 4200
a 4695 496 256
f 2705
a 4696 3360 256
f 3765
a 4697 3680 256
f 4212
a 4698 28464 64
f 4553
a 4699 432 256
f 2026
a 4700 1424 16
f 3309
a 4701 5392 64
f 4143
a 4702 4768 16
f 4292
a 4703 58304 256
f 3125
a 4704 1520 256
f 3638
a 4705 1856 16
f 4691
a 4706 3056 16
f 4570
a 4707 4048 256
f 4460
a 4708 3696 64
f 3568
a 4709 1152 16
f 4407
a 4710 7312 16
f 1237
a 4711 1232 64
f 1042
a 4712 5952 16
f 4329
a 4713 1184 16
f 4712
a 4714 4128 16
f 4202
a 4715 7136 256
f 3941
a 4716 8848 64
f 2689
a 4717 28464 64
f 4332
a 4718 30800 64
f 3667
a 4719 528 64
f 3612
a 4720 1392 64
f 4385
a 4721 3392 16
f 4594
a 4722 8064 16
f 3008
a 4723 3920 64
f 4464
a 4724 1824 16
f 4424
a 4725 6528 16
f 4307
a 4726 1232 256
f 3137
a 4727 40848 64
f 3741
a 4728 368 256
f 2467
a 4729 62144 16
f 3850
a 4730 944 16
f 4258
a 4731 912 16
f 4400
a 4732 38176 64
f 3678
a 4733 1200 256
f 991
a 4734 832 256
f 4711
a 4735 32688 256
f 3819
a 4736 15552 64
f 2214
a 4737 10128 16
f 3573
a 4738 1248 64
f 4613
a 4739 1840 16
f 3615
a 4740 26144 16
f 4257
a 4741 50304 64
f 4684
a 4742 800 64
f 4620
a 4743 288 64
f 4500
a 4744 1600 16
f 3412
a 4745 63648 64
f 4406
a 4746 400 256
f 4289
a 4747 1104 16
f 3668
a 4748 656 64
f 3622
a 4749 800 16
f 4561
a 4750 4752 64
f 3897
a 4751 13824 256
f 2503
a 4752 1424 64
f 4150
a 4753 704 64
f 4515
a 4754 688 64
f 3904
a 4755 2144 256
f 2131
a 4756 2880 256
f 4657
a 4757 512 64
f 3224
a 4758 29632 64
f 4693
a 4759 22352 256
f 3854
a 4760 5648 256
f 3240
a 4761 736 16
f 3106
a 4762 7952 256
f 717
a 4763 30848 256
f 2380
a 4764 640 16
f 4573
a 4765 1040 256
f 4502
a 4766 26176 256
f 4422
a 4767 9888 16
f 3692
a 4768 704 16
f 4659
a 4769 848 16
f 2925
a 4770 5136 64
f 4707
a 4771 352 64
f 3680
a 4772 1696 64
f 3625
a 4773 52640 256
f 3050
a 4774 272 64
f 3533
a 4775 368 64
f 4287
a 4776 2368 16
f 2652
a 4777 46896 256
f 4529
a 4778 5600 256
f 1985
a 4779 1744 16
f 3939
a 4780 1856 256
f 3758
a 4781 1280 16
f 1942
a 4782 44064 16
f 4772
a 4783 1104 16
f 4404
a 4784 288 16
f 4550
a 4785 3728 64
f 3140
a 4786 8144 16
f 4004
a 4787 44000 256
f 4350
a 4788 6224 64
f 3609
a 4789 400 256
f 2047
a 4790 5808 64
f 4073
a 4791 1728 64
f 4554
a 4792 5536 16
f 4102
a 4793 976 16
f 4665
a 4794 1744 256
f 4387
a 4795 448 16
f 4227
a 4796 7200 256
f 3629
a 4797 1936 256
f 4725
a 4798 8448 256
f 4278
a 4799 11760 16
f 3154
a 4800 4464 64
f 4467
a 4801 288 256
f 2848
a 4802 24320 64
f 4618
a 4803 768 16
f 4634
a 4804 28592 16
f 4762
a 4805 6272 16
f 3823
a 4806 2288 64
f 4055
a 4807 12416 256
f 3617
a 4808 22064 16
f 4717
a 4809 11056 64
f 4624
a 4810 592 16
f 470
a 4811 11984 256
f 4343
a 4812 480 16
f 4803
a 4813 14256 256
f 4799
a 4814 31104 16
f 4750
a 4815 23344 16
f 4733
a 4816 3712 16
f 3643
a 4817 58240 256
f 3476
a 4818 7296 16
f 3862
a 4819 5712 16
f 3077
a 4820 8832 16
f 2918
a 4821 768 16
f 4094
a 4822 26752 64
f 1477
a 4823 7984 256
f 4557
a 4824 960 16
f 1240
a 4825 832 256
f 4354
a 4826 5936 256
f 2677
a 4827 54432 64
f 4189
a 4828 49008 16
f 3965
a 4829 992 16
f 4411
a 4830 22288 256
f 3731
a 4831 37312 256
f 2764
a 4832 31600 256
f 4735
a 4833 1888 16
f 4748
a 4834 400 256
f 3352
a 4835 1488 64
f 4630
a 4836 15792 256
f 4768
a 4837 59568 16
f 4676
a 4838 63552 256
f 4635
a 4839 22512 256
f 4696
a 4840 11312 16
f 3894
a 4841 44304 256
f 4655
a 4842 14752 16
f 4746
a 4843 1168 256
f 3842
a 4844 576 16
f 3608
a 4845 352 256
f 2831
a 4846 55600 16
f 4341
a 4847 16528 64
f 4017
a 4848 16512 64
f 4513
a 4849 1888 16
f 3699
a 4850 56448 256
f 4781
a 4851 15568 64
f 2303
a 4852 23728 64
f 4724
a 4853 7664 256
f 3756
a 4854 55904 64
f 4622
a 4855 16144 64
f 2332
a 4856 60816 256
f 4567
a 4857 30784 256
f 1160
a 4858 816 64
f 3462
a 4859 11600 16
f 4704
a 4860 496 64
f 4495
a 4861 14432 64
f 4235
a 4862 4064 16
f 3980
a 4863 1056 16
f 4299
a 4864 1008 16
f 3013
a 4865 39648 256
f 4506
a 4866 1552 16
f 4558
a 4867 10672 256
f 1626
a 4868 5472 16
f 4606
a 4869 12848 256
f 4552
a 4870 42768 16
f 3277
a 4871 18528 64
f 940
a 4872 63408 16
f 4282
a 4873 640 16
f 2777
a 4874 54848 64
f 2837
a 4875 57088 256
f 4715
a 4876 55424 256
f 4813
a 4877 560 64
f 4457
a 4878 384 16
f 3122
a 4879 336 16
f 4670
a 4880 3328 256
f 3710
a 4881 31376 256
f 3410
a 4882 9376 16
f 4669
a 4883 3072 64
f 2933
a 4884 1712 16
f 3327
a 4885 400 16
f 2888
a 4886 53552 16
f 3632
a 4887 3280 256
f 2184
a 4888 2720 256
f 4352
a 4889 5632 64
f 3820
a 4890 1472 16
f 3411
a 4891 656 256
f 4241
a 4892 2992 16
f 4153
a 4893 3104 16
f 4230
a 4894 4368 16
f 4030
a 4895 464 256
f 4386
a 4896 624 16
f 3992
a 4897 768 256
f 4866
a 4898 1584 256
f 4818
a 4899 464 64
f 4115
a 4900 576 256
f 3853
a 4901 1232 256
f 4840
a 4902 4608 16
f 3677
a 4903 21936 256
f 4532
a 4904 28400 64
f 4084
a 4905 1072 256
f 4631
a 4906 2320 16
f 4661
a 4907 3792 16
f 4358
a 4908 24432 16
f 4536
a 4909 54720 256
f 4648
a 4910 21264 64
f 3996
a 4911 15472 256
f 4844
a 4912 512 256
f 4260
a 4913 11616 256
f 4471
a 4914 512 16
f 4483
a 4915 36704 16
f 3907
a 4916 7296 16
f 4057
a 4917 45680 256
f 851
a 4918 7120 64
f 567
a 4919 416 64
f 4497
a 4920 2048 16
f 4722
a 4921 3872 16
f 4074
a 4922 31168 64
f 2713
a 4923 2976 256
f 2857
a 4924 15552 64
f 4589
a 4925 9904 256
f 4584
a 4926 720 16
f 4082
a 4927 272 256
f 2442
a 4928 288 64
f 4855
a 4929 1776 16
f 4172
a 4930 22736 64
f 4810
a 4931 17440 16
f 4800
a 4932 1136 64
f 3531
a 4933 3968 16
f 4761
a 4934 39408 64
f 3203
a 4935 8928 256
f 3802
a 4936 704 256
f 4514
a 4937 944 256
f 4298
a 4938 1216 16
f 3780
a 4939 6112 64
f 817
a 4940 3744 64
f 4904
a 4941 464 256
f 4905
a 4942 2864 16
f 2856
a 4943 55520 256
f 3900
a 4944 352 256
f 4322
a 4945 1040 64
f 4163
a 4946 1648 256
f 2175
a 4947 11296 256
f 4105
a 4948 1088 16
f 2127
a 4949 640 16
f 4585
a 4950 752 64
f 4147
a 4951 368 16
f 4652
a 4952 448 256
f 4549
a 4953 752 16
f 4265
a 4954 44176 256
f 4320
a 4955 656 256
f 4759
a 4956 5456 16
f 4680
a 4957 18128 16
f 4473
a 4958 288 64
f 3828
a 4959 480 16
f 2464
a 4960 15440 256
f 4747
a 4961 15280 64
f 4870
a 4962 40352 16
f 3948
a 4963 5312 16
f 3306
a 4964 15296 16
f 4560
a 4965 1888 64
f 2625
a 4966 544 64
f 4201
a 4967 41552 16
f 36
a 4968 5648 256
f 4650
a 4969 1888 16
f 3795
a 4970 29760 64
f 3922
a 4971 20528 64
f 2068
a 4972 3936 64
f 4355
a 4973 768 64
f 4609
a 4974 944 256
f 3525
a 4975 320 64
f 3558
a 4976 2640 16
f 2773
a 4977 512 16
f 1944
a 4978 1472 16
f 3771
a 4979 11520 64
f 4382
a 4980 4368 16
f 4734
a 4981 992 16
f 3857
a 4982 11904 256
f 4373
a 4983 2032 256
f 1321
a 4984 5888 256
f 4175
a 4985 1840 64
f 319
a 4986 896 256
f 3088
a 4987 672 64
f 3951
a 4988 56032 256
f 4752
a 4989 16512 16
f 3736
a 4990 448 16
f 3935
a 4991 1056 64
f 3631
a 4992 5648 16
f 3354
a 4993 15040 256
f 4694
a 4994 880 16
f 4465
a 4995 52000 64
f 4528
a 4996 51792 256
f 4479
a 4997 4256 256
f 4308
a 4998 1872 64
f 4932
a 4999 784 256
c step-4000
f 4425
a 5000 37328 64
f 4384
a 5001 1824 256
f 4174
a 5002 1888 16
f 4825
a 5003 1696 256
f 4000
a 5004 28736 256
f 3993
a 5005 512 64
f 3687
a 5006 9648 256
f 4412
a 5007 3904 256
f 4842
a 5008 864 256
f 4926
a 5009 4576 16
f 1244
a 5010 17488 16
f 2599
a 5011 4016 64
f 4068
a 5012 3632 64
f 2630
a 5013 1184 256
f 4507
a 5014 9760 64
f 4607
a 5015 1520 64
f 3486
a 5016 4576 64
f 4523
a 5017 2112 64
f 4185
a 5018 4496 256
f 3289
a 5019 3184 64
f 4571
a 5020 30544 256
f 4666
a 5021 1744 64
f 3415
a 5022 1792 16
f 4867
a 5023 1984 64
f 1245
a 5024 58416 64
f 4128
a 5025 4064 256
f 4342
a 5026 480 64
f 2142
a 5027 400 64
f 4323
a 5028 7056 64
f 4310
a 5029 2912 256
f 4921
a 5030 480 64
f 4129
a 5031 496 16
f 4136
a 5032 12784 64
f 4485
a 5033 57040 256
f 4388
a 5034 34512 16
f 4683
a 5035 10096 16
f 4915
a 5036 21664 64
f 4824
a 5037 6000 64
f 4520
a 5038 24256 256
f 2952
a 5039 1520 16
f 4511
a 5040 512 64
f 2541
a 5041 62576 64
f 3971
a 5042 1472 256
f 3908
a 5043 1696 64
f 3943
a 5044 3392 256
f 4297
a 5045 3536 64
f 4881
a 5046 720 16
f 109
a 5047 5632 256
f 4688
a 5048 2752 64
f 4586
a 5049 768 64
f 2413
a 5050 3504 16
f 4716
a 5051 42256 16
f 4548
a 5052 720 64
f 3788
a 5053 12416 256
f 2309
a 5054 1280 16
f 4638
a 5055 47280 16
f 4564
a 5056 29344 16
f 4667
a 5057 272 64
f 4296
a 5058 1600 256
f 3222
a 5059 57712 16
f 2444
a 5060 544 64
f 5054
a 5061 864 64
f 5032
a 5062 1744 64
f 2775
a 5063 3936 16
f 3657
a 5064 55648 256
f 3925
a 5065 944 256
f 4376
a 5066 14464 64
f 3202
a 5067 1040 16
f 3588
a 5068 2160 16
f 942
a 5069 288 16
f 1741
a 5070 9072 256
f 4673
a 5071 50416 64
f 4830
a 5072 2464 256
f 4909
a 5073 2416 256
f 3387
a 5074 40096 64
f 4833
a 5075 27056 16
f 5014
a 5076 3008 16
f 2928
a 5077 560 64
f 4508
a 5078 1616 16
f 4062
a 5079 1440 256
f 2736
a 5080 44720 64
f 3603
a 5081 2464 64
f 4565
a 5082 4912 64
f 4204
a 5083 3888 256
f 4947
a 5084 1728 64
f 4098
a 5085 560 64
f 3712
a 5086 1744 256
f 4846
a 5087 9776 16
f 4787
a 5088 3200 16
f 3194
a 5089 384 256
f 5028
a 5090 2048 16
f 4152
a 5091 11408 16
f 3567
a 5092 6944 64
f 3180
a 5093 22400 256
f 4423
a 5094 26848 64
f 4793
a 5095 24608 64
f 4776
a 5096 448 16
f 5026
a 5097 4592 16
f 4806
a 5098 14768 16
f 4544
a 5099 1968 256
f 4267
a 5100 22976 16
f 3706
a 5101 1472 256
f 1914
a 5102 304 16
f 3654
a 5103 2176 256
f 4421
a 5104 288 16
f 2809
a 5105 51712 16
f 1750
a 5106 1328 64
f 4850
a 5107 12816 16
f 3923
a 5108 7760 16
f 5003
a 5109 3776 256
f 4643
a 5110 624 256
f 5025
a 5111 30192 16
f 4351
a 5112 2608 64
f 5068
a 5113 18784 16
f 4709
a 5114 17440 64
f 3331
a 5115 2960 16
f 4415
a 5116 960 64
f 4819
a 5117 4608 16
f 4146
a 5118 1136 64
f 4816
a 5119 24400 64
f 5060
a 5120 35456 64
f 5048
a 5121 6864 16
f 4598
a 5122 416 64
f 4710
a 5123 3696 256
f 4436
a 5124 5104 64
f 3333
a 5125 4000 64
f 2806
a 5126 29264 16
f 3693
a 5127 400 16
f 5116
a 5128 1328 16
f 3870
a 5129 672 256
f 4356
a 5130 336 16
f 2922
a 5131 464 16
f 4461
a 5132 640 64
f 5044
a 5133 65376 256
f 4081
a 5134 38784 16
f 4481
a 5135 64768 16
f 4579
a 5136 2208 16
f 5043
a 5137 3792 256
f 4228
a 5138 9424 64
f 2307
a 5139 1680 256
f 5128
a 5140 16192 16
f 4944
a 5141 20560 256
f 3841
a 5142 624 256
f 3991
a 5143 1088 256
f 4938
a 5144 37840 64
f 4574
a 5145 800 64
f 4922
a 5146 4416 64
f 2245
a 5147 15952 256
f 5018
a 5148 3472 256
f 5113
a 5149 9328 16
f 4941
a 5150 1520 64
f 2455
a 5151 1312 64
f 3565
a 5152 1024 256
f 4883
a 5153 13776 16
f 4381
a 5154 400 64
f 5073
a 5155 3488 64
f 3753
a 5156 32048 256
f 3399
a 5157 16592 16
f 5150
a 5158 3504 256
f 3660
a 5159 448 256
f 3960
a 5160 384 16
f 3346
a 5161 23680 256
f 4990
a 5162 59088 256
f 3115
a 5163 3872 16
f 5163
a 5164 6144 64
f 3145
a 5165 13024 16
f 5154
a 5166 56368 16
f 5149
a 5167 1088 256
f 3881
a 5168 5808 64
f 1883
a 5169 544 16
f 5012
a 5170 784 64
f 4251
a 5171 12736 16
f 3116
a 5172 640 256
f 5066
a 5173 15088 64
f 4917
a 5174 46624 256
f 4217
a 5175 3392 16
f 4042
a 5176 15568 256
f 4847
a 5177 544 256
f 1389
a 5178 1200 16
f 3044
a 5179 64832 256
f 1207
a 5180 2976 256
f 4369
a 5181 608 256
f 4911
a 5182 560 64
f 4611
a 5183 8192 16
f 3685
a 5184 848 256
f 4728
a 5185 496 16
f 4071
a 5186 32640 16
f 4662
a 5187 1536 256
f 1375
a 5188 912 256
f 4599
a 5189 11264 64
f 4977
a 5190 5744 256
f 2492
a 5191 656 16
f 2412
a 5192 1120 64
f 4958
a 5193 3888 64
f 4374
a 5194 6320 16
f 799
a 5195 1200 64
f 3982
a 5196 5088 256
f 4729
a 5197 544 64
f 3950
a 5198 12816 64
f 3197
a 5199 784 256
f 3686
a 5200 22256 16
f 2766
a 5201 1072 256
f 4337
a 5202 11456 256
f 4375
a 5203 6592 256
f 4912
a 5204 384 64
f 4492
a 5205 352 16
f 4401
a 5206 640 16
f 5173
a 5207 13392 64
f 4952
a 5208 1568 16
f 3642
a 5209 512 16
f 4151
a 5210 7104 16
f 4935
a 5211 1104 64
f 3945
a 5212 1296 64
f 5071
a 5213 6656 256
f 1203
a 5214 1552 64
f 1997
a 5215 15616 16
f 4555
a 5216 896 64
f 4458
a 5217 6208 64
f 4858
a 5218 2624 64
f 4629
a 5219 26144 256
f 4863
a 5220 21200 256
f 5009
a 5221 672 64
f 3365
a 5222 2880 16
f 4416
a 5223 3952 256
f 4798
a 5224 416 64
f 4808
a 5225 1584 16
f 4578
a 5226 8832 16
f 4210
a 5227 12112 64
f 3431
a 5228 13456 16
f 4795
a 5229 7968 256
f 5221
a 5230 34560 64
f 2617
a 5231 22528 16
f 4580
a 5232 19744 16
f 4398
a 5233 512 256
f 5045
a 5234 7088 64
f 1273
a 5235 59296 16
f 2690
a 5236 28608 16
f 5145
a 5237 1904 64
f 4527
a 5238 4944 16
f 4413
a 5239 53472 256
f 5169
a 5240 19696 256
f 5211
a 5241 3376 64
f 4740
a 5242 5024 64
f 5020
a 5243 992 64
f 4677
a 5244 6032 256
f 4784
a 5245 24192 16
f 2750
a 5246 10512 64
f 4166
a 5247 912 64
f 5179
a 5248 752 64
f 5225
a 5249 1232 256
f 4641
a 5250 3872 16
f 4645
a 5251 3264 64
f 4981
a 5252 10256 64
f 5181
a 5253 1520 16
f 4836
a 5254 784 256
f 4468
a 5255 2400 16
f 1772
a 5256 18352 16
f 4736
a 5257 960 16
f 4834
a 5258 368 64
f 4957
a 5259 1184 16
f 4864
a 5260 9248 256
f 2027
a 5261 464 16
f 5233
a 5262 1296 256
f 4966
a 5263 1584 64
f 4636
a 5264 9776 64
f 3303
a 5265 1024 16
f 4259
a 5266 3376 64
f 5203
a 5267 288 16
f 4593
a 5268 1296 256
f 4543
a 5269 24480 256
f 5039
a 5270 288 256
f 5092
a 5271 416 16
f 4785
a 5272 7440 64
f 4804
a 5273 14048 256
f 3722
a 5274 6592 256
f 4456
a 5275 9184 256
f 4280
a 5276 3280 16
f 5189
a 5277 2992 16
f 187
a 5278 1216 16
f 3994
a 5279 7024 16
f 4764
a 5280 12752 16
f 2289
a 5281 54128 256
f 3174
a 5282 64944 256
f 5126
a 5283 384 256
f 5199
a 5284 736 16
f 4488
a 5285 2704 256
f 4080
a 5286 23952 64
f 4927
a 5287 640 256
f 4444
a 5288 47408 256
f 5143
a 5289 3376 256
f 1610
a 5290 10640 256
f 5257
a 5291 14032 64
f 4556
a 5292 1024 16
f 4916
a 5293 13104 16
f 3474
a 5294 45712 256
f 5052
a 5295 14016 16
f 5013
a 5296 23008 64
f 3906
a 5297 51472 64
f 5053
a 5298 15200 64
f 5089
a 5299 2736 64
f 3590
a 5300 2320 16
f 5085
a 5301 2400 64
f 4285
a 5302 38352 64
f 5268
a 5303 11440 64
f 4843
a 5304 19504 64
f 4879
a 5305 49440 16
f 2682
a 5306 15488 16
f 5243
a 5307 14848 64
f 4664
a 5308 7088 64
f 4656
a 5309 44192 16
f 3849
a 5310 4944 64
f 5097
a 5311 10176 16
f 5050
a 5312 3376 256
f 2190
a 5313 22832 16
f 5188
a 5314 320 64
f 5021
a 5315 1520 16
f 4730
a 5316 2352 16
f 4789
a 5317 944 16
f 4377
a 5318 32016 256
f 5201
a 5319 576 16
f 2819
a 5320 59920 16
f 5148
a 5321 4720 64
f 5065
a 5322 1792 16
f 4530
a 5323 3824 16
f 5240
a 5324 2064 256
f 4247
a 5325 1536 16
f 5153
a 5326 22912 64
f 3347
a 5327 3856 256
f 3369
a 5328 1008 64
f 3963
a 5329 7040 64
f 5308
a 5330 1152 64
f 5161
a 5331 336 256
f 4176
a 5332 3808 256
f 4933
a 5333 60144 64
f 4901
a 5334 5328 256
f 5102
a 5335 2048 256
f 4869
a 5336 4224 64
f 4325
a 5337 896 256
f 4974
a 5338 848 64
f 4270
a 5339 3920 256
f 5272
a 5340 48960 16
f 3563
a 5341 44320 256
f 5030
a 5342 4944 256
f 4774
a 5343 14240 64
f 5331
a 5344 2032 64
f 4807
a 5345 480 16
f 5271
a 5346 47296 64
f 4988
a 5347 1088 256
f 5185
a 5348 320 16
f 4349
a 5349 752 256
f 2964
a 5350 3408 256
f 5115
a 5351 304 256
f 5072
a 5352 7072 64
f 5292
a 5353 272 64
f 4591
a 5354 9520 64
f 5182
a 5355 6848 16
f 3492
a 5356 10224 16
f 4687
a 5357 11792 16
f 3236
a 5358 704 16
f 2863
a 5359 3696 64
f 3113
a 5360 40416 256
f 2842
a 5361 1824 16
f 3572
a 5362 752 64
f 4849
a 5363 63808 64
f 4954
a 5364 1712 64
f 4874
a 5365 528 64
f 4213
a 5366 2848 16
f 5168
a 5367 320 256
f 4823
a 5368 7664 256
f 4779
a 5369 43872 16
f 4203
a 5370 27808 16
f 5151
a 5371 2096 64
f 5206
a 5372 57584 256
f 5041
a 5373 11424 256
f 4671
a 5374 29248 16
f 4340
a 5375 5168 16
f 5327
a 5376 528 16
f 5358
a 5377 2128 16
f 4038
a 5378 5984 256
f 4851
a 5379 18320 256
f 5283
a 5380 16048 16
f 4224
a 5381 34576 16
f 4250
a 5382 1280 64
f 4123
a 5383 23952 64
f 4982
a 5384 3840 256
f 5236
a 5385 720 64
f 5006
a 5386 1488 256
f 5133
a 5387 832 16
f 4860
a 5388 1856 256
f 3791
a 5389 17712 16
f 4234
a 5390 8096 64
f 3501
a 5391 28416 16
f 2719
a 5392 1136 64
f 4396
a 5393 1456 64
f 4919
a 5394 22960 16
f 3793
a 5395 30688 256
f 5046
a 5396 2768 16
f 4914
a 5397 1936 64
f 5137
a 5398 5168 16
f 4491
a 5399 4432 16
f 5364
a 5400 55488 64
f 4621
a 5401 1472 256
f 5184
a 5402 31824 64
f 1953
a 5403 33392 64
f 4476
a 5404 2144 64
f 2479
a 5405 8032 16
f 4880
a 5406 3440 256
f 5158
a 5407 1632 256
f 5064
a 5408 13792 16
f 5359
a 5409 23808 256
f 2101
a 5410 32080 256
f 5381
a 5411 1792 64
f 941
a 5412 3504 16
f 5392
a 5413 4816 16
f 4237
a 5414 5360 64
f 4197
a 5415 1168 64
f 4539
a 5416 10048 256
f 4321
a 5417 352 256
f 3001
a 5418 40704 16
f 5281
a 5419 3040 256
f 5106
a 5420 13152 256
f 2865
a 5421 15024 64
f 4997
a 5422 1024 256
f 5397
a 5423 1168 256
f 3232
a 5424 20800 16
f 4327
a 5425 10736 16
f 5109
a 5426 2080 16
f 2771
a 5427 1888 64
f 3445
a 5428 1136 16
f 4348
a 5429 464 64
f 5171
a 5430 1744 16
f 2323
a 5431 5200 256
f 4134
a 5432 464 16
f 5223
a 5433 5024 64
f 3653
a 5434 17264 256
f 5343
a 5435 4624 16
f 5265
a 5436 12112 256
f 4626
a 5437 24992 16
f 4328
a 5438 1776 16
f 4968
a 5439 848 256
f 1282
a 5440 464 64
f 2059
a 5441 37808 256
f 5386
a 5442 52672 16
f 4353
a 5443 15888 16
f 4887
a 5444 36528 16
f 3200
a 5445 2368 256
f 3016
a 5446 2512 64
f 5275
a 5447 10976 16
f 1371
a 5448 560 16
f 5401
a 5449 1968 16
f 5405
a 5450 29216 256
f 4418
a 5451 15328 256
f 4256
a 5452 2496 16
f 4095
a 5453 27856 64
f 4271
a 5454 3632 256
f 2979
a 5455 1968 64
f 4672
a 5456 7760 256
f 4891
a 5457 61328 256
f 4931
a 5458 3584 64
f 2081
a 5459 3824 16
f 5316
a 5460 496 64
f 5103
a 5461 33536 256
f 3777
a 5462 2336 16
f 4885
a 5463 11312 64
f 4758
a 5464 880 64
f 5330
a 5465 4560 16
f 5062
a 5466 26288 16
f 5280
a 5467 368 16
f 2793
a 5468 2192 64
f 5096
a 5469 2256 256
f 4478
a 5470 32208 256
f 5239
a 5471 45552 256
f 5454
a 5472 6224 16
f 4742
a 5473 3248 256
f 5289
a 5474 50208 256
f 5040
a 5475 544 64
f 3666
a 5476 320 64
f 5425
a 5477 2912 64
f 4965
a 5478 8400 256
f 3266
a 5479 64816 256
f 4215
a 5480 59568 256
f 5362
a 5481 304 64
f 2721
a 5482 272 64
f 2507
a 5483 2624 16
f 3274
a 5484 272 16
f 4470
a 5485 656 16
f 5224
a 5486 3376 256
f 4642
a 5487 8480 256
f 5086
a 5488 64416 256
f 4568
a 5489 1504 16
f 5421
a 5490 11648 256
f 4817
a 5491 13248 64
f 5391
a 5492 5744 64
f 4907
a 5493 24848 256
f 4780
a 5494 12576 256
f 5212
a 5495 46144 16
f 3188
a 5496 65168 16
f 4940
a 5497 11616 256
f 4913
a 5498 7296 16
f 5494
a 5499 14400 64
c step-4500
f 5170
a 5500 368 256
f 5403
a 5501 944 256
f 4890
a 5502 13216 64
f 5398
a 5503 57584 256
f 1358
a 5504 1552 16
f 2422
a 5505 50816 256
f 5235
a 5506 400 16
f 3764
a 5507 576 16
f 4043
a 5508 336 256
f 4639
a 5509 1664 256
f 478
a 5510 1744 64
f 4509
a 5511 7520 64
f 5423
a 5512 528 256
f 3846
a 5513 3008 64
f 5428
a 5514 1840 256
f 4472
a 5515 17968 16
f 3783
a 5516 704 64
f 5461
a 5517 16512 256
f 5447
a 5518 6272 16
f 2354
a 5519 416 64
f 5248
a 5520 29616 64
f 3400
a 5521 22384 16
f 5318
a 5522 1872 16
f 4882
a 5523 3568 16
f 3707
a 5524 34832 256
f 4219
a 5525 768 64
f 3388
a 5526 7152 16
f 5090
a 5527 3712 16
f 5298
a 5528 7984 16
f 5016
a 5529 15120 64
f 5175
a 5530 544 64
f 2870
a 5531 352 16
f 5404
a 5532 44240 256
f 4777
a 5533 1184 16
f 5501
a 5534 7056 16
f 5228
a 5535 848 16
f 5293
a 5536 304 16
f 4577
a 5537 2240 256
f 4692
a 5538 4144 16
f 4572
a 5539 7104 256
f 4367
a 5540 43328 64
f 5255
a 5541 288 64
f 1187
a 5542 15120 16
f 5522
a 5543 48144 64
f 5124
a 5544 512 256
f 5105
a 5545 704 64
f 1717
a 5546 2048 64
f 4859
a 5547 896 64
f 4976
a 5548 1760 256
f 4989
a 5549 800 256
f 5382
a 5550 1264 256
f 4945
a 5551 3760 16
f 5389
a 5552 720 16
f 4394
a 5553 18128 16
f 5317
a 5554 1728 256
f 5529
a 5555 432 256
f 5325
a 5556 2176 64
f 5208
a 5557 4784 256
f 4986
a 5558 2224 16
f 4158
a 5559 2976 16
f 3938
a 5560 464 64
f 5202
a 5561 6544 256
f 4832
a 5562 1840 16
f 3586
a 5563 39216 16
f 4432
a 5564 48096 64
f 4273
a 5565 2784 64
f 3628
a 5566 880 64
f 5197
a 5567 400 256
f 5413
a 5568 11760 256
f 5493
a 5569 1936 64
f 2577
a 5570 1648 64
f 4897
a 5571 7984 16
f 4516
a 5572 39168 16
f 5080
a 5573 2192 16
f 5084
a 5574 19216 256
f 4053
a 5575 24592 16
f 5099
a 5576 1840 256
f 3422
a 5577 60832 64
f 5176
a 5578 10736 64
f 4427
a 5579 4352 256
f 1592
a 5580 656 16
f 2393
a 5581 22896 64
f 4459
a 5582 7360 16
f 5433
a 5583 59680 64
f 3633
a 5584 528 64
f 4647
a 5585 29952 64
f 5156
a 5586 464 16
f 2768
a 5587 35040 256
f 5249
a 5588 41408 64
f 4417
a 5589 7936 256
f 5409
a 5590 5088 64
f 3985
a 5591 832 64
f 5127
a 5592 11760 256
f 5081
a 5593 464 16
f 5497
a 5594 30736 16
f 5484
a 5595 752 256
f 2982
a 5596 2752 16
f 4708
a 5597 1376 256
f 3315
a 5598 9664 16
f 4877
a 5599 432 64
f 5059
a 5600 5984 64
f 5261
a 5601 21472 256
f 5561
a 5602 432 64
f 5247
a 5603 54880 256
f 4154
a 5604 8352 16
f 4699
a 5605 384 16
f 4597
a 5606 544 64
f 4316
a 5607 19728 64
f 5554
a 5608 1008 16
f 4268
a 5609 5840 16
f 5051
a 5610 1488 64
f 5295
a 5611 15776 256
f 3085
a 5612 1840 256
f 4918
a 5613 21232 64
f 5524
a 5614 1856 16
f 4192
a 5615 1008 256
f 4996
a 5616 15696 16
f 4820
a 5617 14064 256
f 4225
a 5618 272 256
f 4315
a 5619 10384 256
f 3189
a 5620 21440 256
f 5378
a 5621 2272 256
f 4410
a 5622 3472 256
f 5469
a 5623 1696 64
f 5366
a 5624 1344 64
f 5075
a 5625 31792 256
f 5435
a 5626 7536 256
f 4888
a 5627 59664 256
f 5371
a 5628 608 64
f 5256
a 5629 4080 256
f 4678
a 5630 256 16
f 5344
a 5631 7184 64
f 4794
a 5632 1984 16
f 5136
a 5633 43520 256
f 4603
a 5634 4880 64
f 5464
a 5635 784 16
f 3775
a 5636 1040 64
f 4739
a 5637 54208 64
f 2762
a 5638 12240 256
f 5297
a 5639 288 16
f 4372
a 5640 5824 16
f 5351
a 5641 17856 64
f 4801
a 5642 13168 256
f 5513
a 5643 4576 256
f 4167
a 5644 2000 256
f 5190
a 5645 8256 64
f 4971
a 5646 48352 16
f 5369
a 5647 6128 64
f 4447
a 5648 832 256
f 4583
a 5649 336 64
f 4222
a 5650 8048 256
f 5514
a 5651 56528 16
f 5117
a 5652 416 256
f 4223
a 5653 752 16
f 3867
a 5654 46064 256
f 3601
a 5655 37424 64
f 5138
a 5656 1760 256
f 4924
a 5657 51312 64
f 5215
a 5658 55392 64
f 3713
a 5659 2016 256
f 4542
a 5660 1824 64
f 5110
a 5661 45168 64
f 4601
a 5662 7616 64
f 4814
a 5663 1552 256
f 4773
a 5664 432 256
f 5267
a 5665 432 16
f 5523
a 5666 960 256
f 4157
a 5667 6672 16
f 5007
a 5668 13584 64
f 5566
a 5669 624 64
f 3084
a 5670 480 256
f 3659
a 5671 448 64
f 4721
a 5672 1392 64
f 4439
a 5673 13504 16
f 3703
a 5674 18928 16
f 4173
a 5675 640 256
f 4429
a 5676 1888 256
f 5581
a 5677 784 64
f 4950
a 5678 592 16
f 5303
a 5679 3824 256
f 5445
a 5680 23536 256
f 5628
a 5681 7392 256
f 5008
a 5682 2272 16
f 5443
a 5683 1120 16
f 5219
a 5684 2528 16
f 5660
a 5685 2656 64
f 3899
a 5686 6144 16
f 5410
a 5687 1152 16
f 4562
a 5688 38432 256
f 3898
a 5689 560 16
f 3564
a 5690 25040 256
f 5575
a 5691 20960 16
f 5338
a 5692 6784 64
f 4194
a 5693 4800 64
f 5692
a 5694 448 256
f 4732
a 5695 1184 256
f 5665
a 5696 56096 16
f 1168
a 5697 3360 256
f 3856
a 5698 544 256
f 4925
a 5699 608 16
f 5346
a 5700 1344 64
f 4005
a 5701 11024 256
f 5642
a 5702 7840 16
f 5172
a 5703 624 16
f 4654
a 5704 63712 256
f 5684
a 5705 9888 64
f 3182
a 5706 288 256
f 5630
a 5707 384 256
f 5288
a 5708 336 64
f 1539
a 5709 11296 256
f 4969
a 5710 496 256
f 4985
a 5711 14256 64
f 4658
a 5712 2944 16
f 4792
a 5713 2208 16
f 5678
a 5714 336 256
f 4304
a 5715 32320 16
f 4346
a 5716 58688 64
f 5672
a 5717 24448 16
f 5558
a 5718 50416 256
f 5263
a 5719 10704 256
f 3544
a 5720 1056 64
f 4443
a 5721 33152 64
f 5279
a 5722 37664 256
f 5024
a 5723 7968 16
f 5466
a 5724 1776 256
f 5451
a 5725 18944 16
f 2213
a 5726 1056 16
f 4681
a 5727 416 16
f 5419
a 5728 48656 256
f 3517
a 5729 608 256
f 5063
a 5730 416 16
f 3924
a 5731 25712 16
f 4490
a 5732 512 256
f 5504
a 5733 1344 16
f 2535
a 5734 864 64
f 3886
a 5735 8208 256
f 5078
a 5736 54096 16
f 3472
a 5737 832 256
f 5373
a 5738 1072 16
f 4049
a 5739 848 16
f 3595
a 5740 4992 16
f 3797
a 5741 6960 256
f 5259
a 5742 2672 16
f 2915
a 5743 27856 16
f 5031
a 5744 23888 64
f 5560
a 5745 3648 16
f 3518
a 5746 816 16
f 3641
a 5747 24720 16
f 5034
a 5748 352 256
f 4900
a 5749 18336 16
f 5507
a 5750 14160 16
f 5706
a 5751 6336 256
f 3082
a 5752 24512 16
f 3523
a 5753 41312 256
f 5264
a 5754 3584 64
f 4301
a 5755 928 256
f 5670
a 5756 51440 64
f 4359
a 5757 944 256
f 5534
a 5758 11280 256
f 5251
a 5759 432 64
f 4857
a 5760 24336 16
f 5562
a 5761 1104 16
f 5144
a 5762 1888 16
f 5333
a 5763 4368 16
f 4899
a 5764 18832 64
f 5606
a 5765 720 64
f 5407
a 5766 13600 64
f 728
a 5767 864 256
f 4660
a 5768 48224 256
f 5648
a 5769 960 256
f 5720
a 5770 2960 256
f 5324
a 5771 1776 64
f 4302
a 5772 3696 64
f 5334
a 5773 2352 256
f 4838
a 5774 2544 64
f 5544
a 5775 352 256
f 3787
a 5776 65200 256
f 3475
a 5777 8016 16
f 4975
a 5778 40656 16
f 5429
a 5779 768 16
f 5559
a 5780 336 256
f 4191
a 5781 2272 16
f 3915
a 5782 13136 256
f 5186
a 5783 42880 256
f 4311
a 5784 8832 64
f 5242
a 5785 272 64
f 4498
a 5786 1264 16
f 4446
a 5787 3424 256
f 4698
a 5788 2976 16
f 4587
a 5789 16128 256
f 4963
a 5790 7504 64
f 4796
a 5791 992 64
f 5784
a 5792 448 16
f 5336
a 5793 10768 16
f 4604
a 5794 38144 16
f 5730
a 5795 784 16
f 4695
a 5796 34128 64
f 4700
a 5797 1248 16
f 5210
a 5798 272 16
f 3782
a 5799 992 256
f 5671
a 5800 8832 16
f 5632
a 5801 592 256
f 5436
a 5802 2960 64
f 3695
a 5803 1984 64
f 2545
a 5804 5776 256
f 3920
a 5805 416 64
f 1700
a 5806 11376 256
f 3728
a 5807 57440 256
f 5475
a 5808 8480 64
f 4547
a 5809 2448 256
f 5483
a 5810 1120 256
f 5583
a 5811 4048 64
f 4809
a 5812 9856 64
f 5614
a 5813 6656 64
f 5476
a 5814 6592 64
f 5783
a 5815 6512 16
f 5388
a 5816 42304 64
f 4827
a 5817 13920 64
f 5304
a 5818 31552 16
f 5705
a 5819 2256 256
f 4852
a 5820 416 64
f 1856
a 5821 4592 16
f 5496
a 5822 2816 256
f 4610
a 5823 1936 256
f 4705
a 5824 896 64
f 5526
a 5825 1360 16
f 5200
a 5826 688 16
f 5739
a 5827 40608 16
f 5527
a 5828 13008 16
f 5490
a 5829 15584 16
f 5191
a 5830 928 16
f 5360
a 5831 624 64
f 4431
a 5832 36544 256
f 5363
a 5833 8368 64
f 5623
a 5834 416 64
f 4690
a 5835 624 16
f 4408
a 5836 49632 16
f 4504
a 5837 1552 256
f 5711
a 5838 304 256
f 5539
a 5839 16992 64
f 4934
a 5840 512 256
f 5291
a 5841 17632 64
f 5101
a 5842 480 64
f 4771
a 5843 13616 64
f 5294
a 5844 336 64
f 5638
a 5845 1840 16
f 5232
a 5846 432 64
f 5669
a 5847 1008 64
f 4581
a 5848 9968 256
f 5326
a 5849 23184 64
f 5767
a 5850 704 64
f 3804
a 5851 34112 256
f 5828
a 5852 448 256
f 3744
a 5853 61776 64
f 2885
a 5854 1712 16
f 5091
a 5855 304 16
f 4181
a 5856 2192 256
f 4637
a 5857 39040 256
f 4703
a 5858 30368 64
f 5777
a 5859 1168 256
f 5662
a 5860 2176 16
f 5213
a 5861 16848 16
f 5618
a 5862 704 16
f 4731
a 5863 30176 64
f 5740
a 5864 13440 256
f 4132
a 5865 27744 256
f 3949
a 5866 31712 256
f 5415
a 5867 5584 16
f 5174
a 5868 480 16
f 4061
a 5869 33616 64
f 5375
a 5870 11216 256
f 5277
a 5871 416 16
f 4466
a 5872 352 256
f 3809
a 5873 1472 64
f 5866
a 5874 29120 16
f 5500
a 5875 3744 64
f 5549
a 5876 64656 256
f 5727
a 5877 35936 16
f 4702
a 5878 3504 64
f 4848
a 5879 9920 256
f 3778
a 5880 64880 256
f 5772
a 5881 464 256
f 4596
a 5882 45664 16
f 2861
a 5883 3024 16
f 5791
a 5884 18304 16
f 5806
a 5885 736 64
f 5697
a 5886 5648 16
f 4821
a 5887 10208 256
f 2792
a 5888 52336 256
f 4763
a 5889 1728 256
f 4871
a 5890 10416 16
f 4120
a 5891 9632 256
f 3583
a 5892 13888 64
f 5120
a 5893 48768 256
f 5886
a 5894 4400 16
f 5750
a 5895 2432 16
f 3930
a 5896 304 256
f 5178
a 5897 7280 16
f 5815
a 5898 5952 16
f 5653
a 5899 704 16
f 5118
a 5900 9024 16
f 5383
a 5901 752 64
f 5804
a 5902 12192 64
f 1866
a 5903 8848 16
f 4124
a 5904 432 64
f 2965
a 5905 22656 256
f 5709
a 5906 61408 64
f 4946
a 5907 2544 16
f 4962
a 5908 32144 64
f 3490
a 5909 704 16
f 4229
a 5910 4432 16
f 4906
a 5911 45408 64
f 5813
a 5912 2880 16
f 5049
a 5913 39456 256
f 4109
a 5914 15152 256
f 5488
a 5915 272 64
f 5123
a 5916 608 256
f 5377
a 5917 928 64
f 4469
a 5918 976 256
f 5649
a 5919 26480 16
f 5646
a 5920 1360 256
f 5629
a 5921 6816 16
f 5816
a 5922 30752 64
f 3330
a 5923 1040 64
f 5310
a 5924 48992 16
f 4718
a 5925 51072 16
f 4744
a 5926 15936 16
f 5141
a 5927 55200 256
f 5134
a 5928 288 64
f 5481
a 5929 6592 16
f 5152
a 5930 1664 64
f 4755
a 5931 34272 16
f 2993
a 5932 14272 256
f 4653
a 5933 3104 16
f 5395
a 5934 3712 256
f 4182
a 5935 3248 16
f 5874
a 5936 704 256
f 4644
a 5937 12800 16
f 5934
a 5938 624 64
f 5821
a 5939 15984 16
f 5241
a 5940 18288 256
f 3742
a 5941 928 256
f 4414
a 5942 16352 256
f 4113
a 5943 4320 64
f 5226
a 5944 320 16
f 5551
a 5945 6768 16
f 5598
a 5946 448 64
f 5790
a 5947 19168 16
f 5328
a 5948 2784 64
f 4791
a 5949 10656 16
f 2082
a 5950 6768 16
f 5234
a 5951 19712 256
f 4339
a 5952 624 256
f 5532
a 5953 25056 16
f 5125
a 5954 19680 64
f 5357
a 5955 13952 16
f 5552
a 5956 46720 16
f 3297
a 5957 5328 16
f 4104
a 5958 1424 256
f 3911
a 5959 11776 16
f 5868
a 5960 10064 64
f 5797
a 5961 16560 16
f 5893
a 5962 6512 256
f 5557
a 5963 720 256
f 4170
a 5964 384 64
f 5462
a 5965 1440 16
f 3910
a 5966 3568 16
f 5533
a 5967 944 64
f 5852
a 5968 17536 64
f 5907
a 5969 48400 256
f 4231
a 5970 656 16
f 5538
a 5971 3920 64
f 5752
a 5972 6448 256
f 5597
a 5973 2736 256
f 4330
a 5974 3776 16
f 5962
a 5975 5232 256
f 4623
a 5976 1792 256
f 5565
a 5977 62688 64
f 5033
a 5978 39232 16
f 5701
a 5979 1008 16
f 5899
a 5980 832 256
f 4960
a 5981 5408 64
f 5937
a 5982 27152 16
f 1839
a 5983 528 64
f 3253
a 5984 21856 64
f 5872
a 5985 27984 64
f 4535
a 5986 11264 16
f 4756
a 5987 6080 256
f 5019
a 5988 3824 64
f 4013
a 5989 1968 256
f 4884
a 5990 5808 64
f 5077
a 5991 19664 256
f 5803
a 5992 8816 256
f 5374
a 5993 16176 16
f 5853
a 5994 1152 64
f 5917
a 5995 2880 16
f 5350
a 5996 15104 16
f 5609
a 5997 352 256
f 5643
a 5998 8192 256
f 4451
a 5999 3296 256
c step-5000
