# hetoimasia allocator parity trace, format 1; see README.md
# Synthetic, hypothetical: 10000 live buffers of 256 B to 64 KiB, log-uniform, alignments 16, 64 or 256,
# filling 50% of the block, then 5,000 steps of one random free and one allocation.
trace sweep-live-10000-occupancy-50
capacity 249430016
seed 1006
a 0 11136 64
a 1 18752 64
a 2 46464 16
a 3 464 16
a 4 512 64
a 5 19712 16
a 6 6176 64
a 7 20496 64
a 8 656 64
a 9 14080 256
a 10 2736 256
a 11 1008 256
a 12 10096 256
a 13 57984 64
a 14 29296 16
a 15 2992 256
a 16 736 256
a 17 19776 256
a 18 752 16
a 19 4048 64
a 20 496 16
a 21 61696 16
a 22 528 16
a 23 1632 16
a 24 3280 16
a 25 1680 16
a 26 6256 256
a 27 880 256
a 28 34496 16
a 29 7120 256
a 30 608 256
a 31 2592 16
a 32 304 256
a 33 896 256
a 34 15488 16
a 35 10288 64
a 36 6112 16
a 37 6992 16
a 38 384 16
a 39 464 256
a 40 8320 16
a 41 1344 64
a 42 6512 256
a 43 4000 16
a 44 55120 256
a 45 3152 64
a 46 416 16
a 47 464 64
a 48 1168 64
a 49 53616 64
a 50 720 16
a 51 58384 64
a 52 464 16
a 53 304 16
a 54 560 64
a 55 464 16
a 56 7536 64
a 57 3280 256
a 58 496 16
a 59 4080 64
a 60 11840 16
a 61 608 16
a 62 1456 16
a 63 1024 16
a 64 336 256
a 65 12000 64
a 66 48208 64
a 67 4624 64
a 68 59424 16
a 69 6880 256
a 70 1632 64
a 71 976 64
a 72 688 64
a 73 54896 256
a 74 40096 16
a 75 61664 256
a 76 656 256
a 77 448 64
a 78 27696 16
a 79 5504 64
a 80 624 16
a 81 384 16
a 82 3664 16
a 83 34112 256
a 84 3344 256
a 85 352 64
a 86 10256 64
a 87 8112 16
a 88 416 16
a 89 54832 16
a 90 53312 64
a 91 56288 16
a 92 352 16
a 93 3856 64
a 94 3168 16
a 95 1472 64
a 96 61824 64
a 97 34864 16
a 98 16736 256
a 99 29552 16
a 100 816 64
a 101 44080 256
a 102 28064 16
a 103 528 16
a 104 1904 256
a 105 8384 256
a 106 2832 256
a 107 20096 64
a 108 640 16
a 109 3424 16
a 110 1968 16
a 111 624 256
a 112 4960 64
a 113 9456 64
a 114 22544 256
a 115 512 16
a 116 464 16
a 117 28336 256
a 118 432 64
a 119 4880 64
a 120 20384 16
a 121 496 16
a 122 1216 256
a 123 31072 256
a 124 1808 64
a 125 17776 64
a 126 38080 256
a 127 4240 64
a 128 45760 256
a 129 11152 16
a 130 1088 16
a 131 2736 256
a 132 416 64
a 133 336 16
a 134 53248 64
a 135 12608 256
a 136 1776 16
a 137 848 256
a 138 6928 16
a 139 3184 256
a 140 19648 256
a 141 320 16
a 142 56592 64
a 143 4784 16
a 144 2464 64
a 145 62512 64
a 146 320 256
a 147 448 64
a 148 26672 256
a 149 2544 64
a 150 31728 64
a 151 43536 256
a 152 896 64
a 153 3296 16
a 154 896 64
a 155 28080 64
a 156 3232 256
a 157 54160 256
a 158 7040 16
a 159 288 16
a 160 1888 256
a 161 22096 16
a 162 9600 256
a 163 51264 64
a 164 304 64
a 165 448 16
a 166 10736 256
a 167 56112 64
a 168 960 256
a 169 1312 64
a 170 1616 256
a 171 61920 16
a 172 3664 16
a 173 272 256
a 174 5072 16
a 175 3744 64
a 176 6688 256
a 177 416 256
a 178 1888 64
a 179 3568 256
a 180 30576 256
a 181 384 256
a 182 25696 64
a 183 20384 16
a 184 992 16
a 185 1232 16
a 186 12656 64
a 187 1360 16
a 188 23088 64
a 189 528 64
a 190 1536 64
a 191 1408 256
a 192 12800 256
a 193 4016 256
a 194 15840 16
a 195 3488 64
a 196 7984 64
a 197 1536 256
a 198 19168 64
a 199 41296 256
a 200 8928 256
a 201 22384 256
a 202 62320 16
a 203 4000 256
a 204 384 16
a 205 65328 64
a 206 3648 64
a 207 54992 256
a 208 11696 64
a 209 28224 64
a 210 7104 64
a 211 448 256
a 212 34464 64
a 213 304 16
a 214 848 256
a 215 25696 16
a 216 800 256
a 217 3744 256
a 218 11888 64
a 219 880 64
a 220 62704 256
a 221 18960 16
a 222 14528 256
a 223 13360 64
a 224 576 16
a 225 1104 256
a 226 1504 64
a 227 512 16
a 228 38208 16
a 229 8720 16
a 230 400 64
a 231 1424 256
a 232 768 64
a 233 5056 256
a 234 2048 64
a 235 6144 256
a 236 2000 64
a 237 432 64
a 238 21184 16
a 239 496 64
a 240 31456 64
a 241 688 64
a 242 1040 64
a 243 816 16
a 244 42288 256
a 245 54224 64
a 246 400 64
a 247 5312 256
a 248 17632 256
a 249 5040 16
a 250 26512 256
a 251 832 256
a 252 2928 16
a 253 30992 256
a 254 400 64
a 255 4400 16
a 256 1360 256
a 257 64368 256
a 258 7280 64
a 259 12384 64
a 260 42448 64
a 261 384 16
a 262 32480 16
a 263 15120 64
a 264 44112 256
a 265 43360 16
a 266 20176 16
a 267 1200 256
a 268 11680 64
a 269 3600 64
a 270 1904 64
a 271 1008 256
a 272 8576 16
a 273 1056 64
a 274 11552 256
a 275 864 256
a 276 1712 64
a 277 960 256
a 278 65056 256
a 279 1952 16
a 280 3424 64
a 281 10048 64
a 282 1840 256
a 283 1216 64
a 284 2256 16
a 285 48336 16
a 286 44640 16
a 287 320 256
a 288 1824 16
a 289 20000 64
a 290 22880 64
a 291 7280 256
a 292 304 64
a 293 8912 64
a 294 4240 64
a 295 15808 256
a 296 5600 256
a 297 704 256
a 298 1632 64
a 299 2304 256
a 300 54912 256
a 301 8352 16
a 302 11904 64
a 303 1152 64
a 304 1504 16
a 305 45984 256
a 306 592 64
a 307 704 64
a 308 5472 256
a 309 1952 256
a 310 608 256
a 311 61808 64
a 312 592 256
a 313 41552 256
a 314 1136 16
a 315 7872 64
a 316 3648 64
a 317 15712 16
a 318 480 256
a 319 480 16
a 320 960 64
a 321 13760 256
a 322 63936 16
a 323 400 16
a 324 7856 64
a 325 26672 64
a 326 63200 16
a 327 4256 16
a 328 448 256
a 329 44048 64
a 330 16288 64
a 331 15392 64
a 332 7664 64
a 333 480 64
a 334 464 64
a 335 688 256
a 336 18128 64
a 337 640 64
a 338 1968 256
a 339 2160 256
a 340 15488 16
a 341 23344 64
a 342 288 64
a 343 480 64
a 344 448 64
a 345 22800 64
a 346 1168 256
a 347 5760 16
a 348 34928 256
a 349 8640 64
a 350 3792 256
a 351 21392 16
a 352 448 64
a 353 44192 64
a 354 1024 16
a 355 384 256
a 356 30720 64
a 357 1808 256
a 358 6496 64
a 359 6784 64
a 360 9088 16
a 361 1008 256
a 362 47680 64
a 363 6016 64
a 364 14192 64
a 365 1616 16
a 366 2944 256
a 367 13152 256
a 368 1856 64
a 369 9136 16
a 370 1312 256
a 371 544 64
a 372 7680 256
a 373 5904 256
a 374 38784 64
a 375 35968 256
a 376 544 16
a 377 720 256
a 378 3296 256
a 379 9392 64
a 380 20304 64
a 381 448 64
a 382 8528 64
a 383 1392 16
a 384 27824 256
a 385 320 64
a 386 416 256
a 387 6784 64
a 388 3536 64
a 389 15360 256
a 390 9824 256
a 391 416 16
a 392 29248 16
a 393 288 16
a 394 688 256
a 395 5392 64
a 396 896 16
a 397 1440 64
a 398 22448 64
a 399 2912 256
a 400 8192 64
a 401 3008 256
a 402 61680 16
a 403 27936 64
a 404 928 64
a 405 368 16
a 406 6496 256
a 407 21136 16
a 408 20304 64
a 409 10880 64
a 410 4032 256
a 411 14432 256
a 412 45888 16
a 413 6480 16
a 414 720 16
a 415 864 64
a 416 15520 256
a 417 12416 64
a 418 432 16
a 419 1376 256
a 420 2016 16
a 421 4288 64
a 422 480 64
a 423 47072 16
a 424 272 16
a 425 1456 64
a 426 384 64
a 427 1424 64
a 428 32016 256
a 429 2736 256
a 430 7072 64
a 431 13184 16
a 432 55008 256
a 433 288 64
a 434 8992 16
a 435 23584 64
a 436 1264 64
a 437 800 16
a 438 496 16
a 439 1024 64
a 440 3824 256
a 441 496 16
a 442 14880 16
a 443 4912 16
a 444 9280 256
a 445 25344 16
a 446 65200 256
a 447 48528 64
a 448 4912 64
a 449 560 16
a 450 6464 256
a 451 960 16
a 452 384 256
a 453 272 256
a 454 1888 256
a 455 63968 16
a 456 848 256
a 457 7248 256
a 458 4080 256
a 459 6528 256
a 460 15680 64
a 461 2192 16
a 462 496 64
a 463 2448 16
a 464 30224 64
a 465 4432 16
a 466 1072 16
a 467 21040 64
a 468 1056 64
a 469 25696 64
a 470 21552 64
a 471 1424 256
a 472 10240 256
a 473 992 256
a 474 13392 256
a 475 6656 16
a 476 48240 16
a 477 13824 16
a 478 16688 256
a 479 464 64
a 480 52880 64
a 481 29008 256
a 482 896 256
a 483 7408 16
a 484 24880 256
a 485 4512 16
a 486 320 16
a 487 2720 256
a 488 24352 256
a 489 7920 64
a 490 1888 256
a 491 1536 64
a 492 18656 16
a 493 20240 64
a 494 384 256
a 495 2240 256
a 496 3376 256
a 497 21472 64
a 498 31232 16
a 499 3008 16
a 500 512 256
a 501 12976 64
a 502 320 16
a 503 64256 256
a 504 368 256
a 505 21056 256
a 506 1504 256
a 507 544 16
a 508 1968 16
a 509 5120 16
a 510 496 16
a 511 5520 256
a 512 1456 256
a 513 576 256
a 514 17328 64
a 515 272 64
a 516 1584 256
a 517 272 256
a 518 1552 256
a 519 27216 64
a 520 576 64
a 521 12368 256
a 522 1584 16
a 523 6672 64
a 524 3120 256
a 525 816 16
a 526 26592 16
a 527 2928 256
a 528 1360 64
a 529 1792 256
a 530 14544 256
a 531 592 16
a 532 18896 16
a 533 928 16
a 534 1376 16
a 535 480 64
a 536 3312 16
a 537 8720 64
a 538 35824 256
a 539 29120 64
a 540 12400 64
a 541 21552 64
a 542 944 16
a 543 640 64
a 544 320 64
a 545 512 16
a 546 1024 256
a 547 11376 64
a 548 6016 64
a 549 3328 16
a 550 3232 256
a 551 32800 64
a 552 14896 64
a 553 27920 16
a 554 9808 256
a 555 5248 64
a 556 672 16
a 557 256 256
a 558 2016 16
a 559 5584 16
a 560 15808 64
a 561 4816 64
a 562 41024 64
a 563 4272 16
a 564 3920 64
a 565 1984 256
a 566 944 16
a 567 13312 16
a 568 1808 256
a 569 11360 64
a 570 22432 64
a 571 50496 16
a 572 400 16
a 573 896 64
a 574 2016 16
a 575 304 16
a 576 45440 64
a 577 976 16
a 578 36592 256
a 579 45360 256
a 580 49952 64
a 581 5536 256
a 582 11952 16
a 583 896 16
a 584 496 256
a 585 1616 16
a 586 14144 64
a 587 6592 64
a 588 832 64
a 589 12032 256
a 590 2528 64
a 591 4864 256
a 592 12992 256
a 593 1088 64
a 594 2448 64
a 595 464 64
a 596 40000 256
a 597 5952 16
a 598 7520 16
a 599 944 256
a 600 352 256
a 601 46624 64
a 602 5984 64
a 603 5584 256
a 604 1392 16
a 605 512 16
a 606 1184 64
a 607 46912 256
a 608 448 64
a 609 24416 64
a 610 832 16
a 611 528 16
a 612 10272 256
a 613 42224 256
a 614 47776 16
a 615 816 256
a 616 672 256
a 617 48976 64
a 618 1840 16
a 619 6064 64
a 620 35056 16
a 621 512 256
a 622 14592 256
a 623 7920 256
a 624 8480 256
a 625 512 16
a 626 9472 16
a 627 2736 256
a 628 59616 16
a 629 2096 256
a 630 496 64
a 631 3136 16
a 632 48608 16
a 633 11232 64
a 634 32624 16
a 635 9792 16
a 636 7808 256
a 637 2016 256
a 638 4080 64
a 639 55696 64
a 640 37776 64
a 641 560 64
a 642 4928 64
a 643 19520 64
a 644 384 64
a 645 23472 64
a 646 3600 64
a 647 8608 256
a 648 57152 64
a 649 3616 256
a 650 624 64
a 651 2160 64
a 652 10336 64
a 653 44432 16
a 654 5136 16
a 655 608 256
a 656 59920 256
a 657 752 64
a 658 16720 16
a 659 10816 16
a 660 11152 64
a 661 1568 256
a 662 320 16
a 663 18240 256
a 664 49216 64
a 665 2464 64
a 666 13328 64
a 667 480 256
a 668 3872 64
a 669 288 16
a 670 1840 256
a 671 1552 64
a 672 16272 16
a 673 400 64
a 674 928 16
a 675 62928 16
a 676 11040 16
a 677 45216 256
a 678 464 256
a 679 52080 16
a 680 448 64
a 681 18368 256
a 682 720 16
a 683 12032 256
a 684 3072 256
a 685 2944 16
a 686 320 64
a 687 14208 64
a 688 1616 256
a 689 1328 256
a 690 544 16
a 691 8048 16
a 692 1360 16
a 693 1008 64
a 694 11280 64
a 695 1328 256
a 696 1696 64
a 697 13824 16
a 698 1776 256
a 699 31984 256
a 700 2320 16
a 701 1072 256
a 702 16064 16
a 703 2256 64
a 704 30672 16
a 705 58560 16
a 706 26880 64
a 707 2256 64
a 708 2304 64
a 709 19568 16
a 710 752 256
a 711 13280 64
a 712 59696 256
a 713 448 256
a 714 2880 16
a 715 8816 16
a 716 6400 16
a 717 7680 16
a 718 3744 64
a 719 1008 256
a 720 5824 64
a 721 38800 64
a 722 4048 64
a 723 416 256
a 724 30096 16
a 725 10640 256
a 726 544 16
a 727 31152 256
a 728 47392 64
a 729 848 16
a 730 1504 64
a 731 288 256
a 732 1376 16
a 733 18336 256
a 734 1360 256
a 735 1088 64
a 736 14384 64
a 737 5104 64
a 738 1104 16
a 739 752 64
a 740 7472 256
a 741 1056 256
a 742 3760 16
a 743 1312 256
a 744 14112 16
a 745 544 16
a 746 3568 256
a 747 768 256
a 748 592 64
a 749 1696 256
a 750 16944 256
a 751 3616 256
a 752 7568 256
a 753 3552 256
a 754 62432 256
a 755 25504 256
a 756 2160 16
a 757 960 64
a 758 11552 64
a 759 8224 64
a 760 2480 256
a 761 1168 16
a 762 22240 16
a 763 640 256
a 764 272 256
a 765 848 64
a 766 1568 16
a 767 416 256
a 768 55616 256
a 769 624 64
a 770 2000 16
a 771 3872 256
a 772 4960 16
a 773 56896 64
a 774 896 64
a 775 560 16
a 776 53104 256
a 777 496 64
a 778 1120 64
a 779 14128 256
a 780 352 16
a 781 320 256
a 782 47968 16
a 783 832 256
a 784 10096 16
a 785 656 64
a 786 15184 64
a 787 5232 256
a 788 304 64
a 789 9952 16
a 790 10464 16
a 791 624 256
a 792 1456 64
a 793 9696 256
a 794 42640 16
a 795 2672 16
a 796 992 64
a 797 25376 16
a 798 448 64
a 799 16528 256
a 800 496 64
a 801 15136 256
a 802 6048 16
a 803 1536 256
a 804 608 256
a 805 24048 16
a 806 736 64
a 807 1872 64
a 808 24688 256
a 809 7936 64
a 810 49184 16
a 811 12672 64
a 812 880 16
a 813 1760 64
a 814 26640 16
a 815 4528 16
a 816 7488 64
a 817 1296 256
a 818 36640 256
a 819 3184 64
a 820 3280 16
a 821 1984 64
a 822 5312 64
a 823 19552 256
a 824 10208 16
a 825 19232 16
a 826 880 256
a 827 512 256
a 828 15328 256
a 829 21056 64
a 830 304 256
a 831 2752 256
a 832 3936 64
a 833 5760 16
a 834 7712 64
a 835 3504 64
a 836 320 16
a 837 31424 16
a 838 6352 256
a 839 3920 16
a 840 8096 256
a 841 4928 64
a 842 1024 16
a 843 608 64
a 844 1520 16
a 845 28816 16
a 846 5520 256
a 847 36736 64
a 848 8032 256
a 849 10832 256
a 850 8880 64
a 851 26512 256
a 852 8528 16
a 853 22416 64
a 854 1296 64
a 855 2592 256
a 856 1632 16
a 857 1520 16
a 858 12336 256
a 859 13328 64
a 860 12864 64
a 861 39728 256
a 862 1984 64
a 863 44416 64
a 864 1440 256
a 865 512 256
a 866 320 256
a 867 608 16
a 868 368 64
a 869 1808 16
a 870 12048 256
a 871 4608 64
a 872 4208 64
a 873 352 256
a 874 11232 64
a 875 368 16
a 876 480 16
a 877 1072 16
a 878 528 64
a 879 1520 64
a 880 7728 256
a 881 6240 256
a 882 14720 64
a 883 12080 256
a 884 11648 64
a 885 1328 256
a 886 2976 64
a 887 384 16
a 888 320 64
a 889 384 256
a 890 6496 16
a 891 1360 64
a 892 944 16
a 893 1952 16
a 894 2528 64
a 895 5872 256
a 896 13296 256
a 897 464 256
a 898 416 256
a 899 272 16
a 900 62912 16
a 901 2048 64
a 902 3168 256
a 903 960 64
a 904 14688 64
a 905 2736 16
a 906 688 16
a 907 1136 256
a 908 12672 64
a 909 848 16
a 910 3728 64
a 911 7728 64
a 912 592 16
a 913 1808 16
a 914 11088 64
a 915 1296 256
a 916 24176 256
a 917 1152 64
a 918 592 16
a 919 528 256
a 920 1808 256
a 921 45792 16
a 922 6336 256
a 923 752 16
a 924 496 256
a 925 58592 16
a 926 1856 64
a 927 15376 256
a 928 3984 16
a 929 1504 256
a 930 832 256
a 931 944 16
a 932 27808 64
a 933 464 16
a 934 23264 256
a 935 2720 256
a 936 2048 256
a 937 3360 64
a 938 672 16
a 939 33632 64
a 940 3392 256
a 941 9360 16
a 942 416 64
a 943 27344 16
a 944 37232 16
a 945 13776 256
a 946 560 16
a 947 6736 64
a 948 752 256
a 949 1712 256
a 950 368 64
a 951 352 16
a 952 768 64
a 953 17120 256
a 954 54864 256
a 955 9152 16
a 956 480 64
a 957 7616 16
a 958 21648 64
a 959 20976 256
a 960 1648 64
a 961 400 256
a 962 21120 256
a 963 336 256
a 964 4000 256
a 965 6624 256
a 966 48544 64
a 967 6848 64
a 968 54768 16
a 969 288 256
a 970 672 256
a 971 3280 16
a 972 46752 64
a 973 832 16
a 974 2544 256
a 975 40368 16
a 976 2720 16
a 977 432 16
a 978 31696 16
a 979 3904 64
a 980 52944 16
a 981 2032 256
a 982 7792 64
a 983 832 16
a 984 3344 16
a 985 14576 64
a 986 1776 256
a 987 48112 64
a 988 896 16
a 989 1696 16
a 990 2160 16
a 991 896 64
a 992 352 16
a 993 17424 256
a 994 704 256
a 995 576 64
a 996 496 64
a 997 512 16
a 998 7520 16
a 999 2896 256
a 1000 656 256
a 1001 8080 256
a 1002 592 64
a 1003 22496 64
a 1004 992 256
a 1005 400 256
a 1006 5616 64
a 1007 19424 256
a 1008 14832 64
a 1009 1008 16
a 1010 5616 64
a 1011 320 64
a 1012 58800 256
a 1013 464 256
a 1014 26336 16
a 1015 14640 64
a 1016 3712 16
a 1017 61024 16
a 1018 832 256
a 1019 3488 64
a 1020 848 16
a 1021 3360 256
a 1022 15504 256
a 1023 59600 16
a 1024 26512 64
a 1025 400 256
a 1026 3648 64
a 1027 2992 16
a 1028 416 16
a 1029 1024 16
a 1030 7696 256
a 1031 608 256
a 1032 4880 64
a 1033 27376 256
a 1034 30368 16
a 1035 17744 256
a 1036 3744 256
a 1037 25104 16
a 1038 400 64
a 1039 59600 16
a 1040 1280 64
a 1041 6928 256
a 1042 60816 64
a 1043 2496 64
a 1044 3552 256
a 1045 10352 16
a 1046 12816 64
a 1047 21120 256
a 1048 50416 16
a 1049 64992 16
a 1050 46864 256
a 1051 6528 64
a 1052 2944 256
a 1053 432 256
a 1054 50464 64
a 1055 320 64
a 1056 15296 64
a 1057 1088 16
a 1058 51328 64
a 1059 13152 256
a 1060 15936 16
a 1061 15888 64
a 1062 1872 256
a 1063 368 64
a 1064 11760 16
a 1065 5008 16
a 1066 3888 256
a 1067 608 256
a 1068 15632 16
a 1069 13680 256
a 1070 23552 64
a 1071 10320 16
a 1072 272 256
a 1073 1808 256
a 1074 1568 16
a 1075 2080 16
a 1076 15072 16
a 1077 5792 16
a 1078 3984 256
a 1079 496 64
a 1080 2976 256
a 1081 14016 256
a 1082 3664 64
a 1083 3504 64
a 1084 14112 256
a 1085 52368 16
a 1086 5088 16
a 1087 4912 16
a 1088 14352 256
a 1089 5696 64
a 1090 416 256
a 1091 368 64
a 1092 912 16
a 1093 3744 256
a 1094 13504 64
a 1095 4704 64
a 1096 58208 16
a 1097 3504 64
a 1098 6880 64
a 1099 3696 256
a 1100 7456 256
a 1101 896 64
a 1102 30880 64
a 1103 28800 64
a 1104 416 16
a 1105 4672 16
a 1106 28976 16
a 1107 32528 64
a 1108 3504 64
a 1109 6416 256
a 1110 432 256
a 1111 34112 16
a 1112 19392 256
a 1113 3648 256
a 1114 1040 16
a 1115 31392 256
a 1116 5584 256
a 1117 1600 64
a 1118 30144 16
a 1119 22800 64
a 1120 1888 64
a 1121 15840 64
a 1122 400 16
a 1123 736 16
a 1124 1488 64
a 1125 56208 64
a 1126 54720 256
a 1127 400 16
a 1128 1472 64
a 1129 61904 64
a 1130 13152 256
a 1131 32688 16
a 1132 61680 16
a 1133 28416 16
a 1134 19312 256
a 1135 4768 64
a 1136 1216 16
a 1137 10272 16
a 1138 3248 16
a 1139 45440 16
a 1140 36448 16
a 1141 12848 256
a 1142 45808 16
a 1143 1808 64
a 1144 352 256
a 1145 320 64
a 1146 288 256
a 1147 4304 256
a 1148 1216 64
a 1149 22160 16
a 1150 3408 256
a 1151 11728 16
a 1152 3104 16
a 1153 3328 16
a 1154 7680 64
a 1155 6096 256
a 1156 624 64
a 1157 2912 256
a 1158 30496 16
a 1159 6672 256
a 1160 50224 64
a 1161 288 16
a 1162 2464 256
a 1163 7680 256
a 1164 384 256
a 1165 4800 64
a 1166 11328 256
a 1167 19024 64
a 1168 8000 64
a 1169 1328 256
a 1170 528 64
a 1171 22400 256
a 1172 21568 16
a 1173 4960 64
a 1174 1984 16
a 1175 5664 16
a 1176 3296 64
a 1177 24880 64
a 1178 432 256
a 1179 2928 16
a 1180 816 256
a 1181 2720 16
a 1182 11088 256
a 1183 1856 64
a 1184 4544 16
a 1185 672 64
a 1186 400 256
a 1187 7824 64
a 1188 6080 64
a 1189 19200 256
a 1190 2832 256
a 1191 656 64
a 1192 336 256
a 1193 9760 256
a 1194 1904 16
a 1195 5360 16
a 1196 62656 64
a 1197 3744 16
a 1198 53824 256
a 1199 15808 64
a 1200 624 64
a 1201 3376 256
a 1202 928 16
a 1203 29920 64
a 1204 1968 16
a 1205 44976 256
a 1206 672 64
a 1207 592 64
a 1208 2896 64
a 1209 62368 64
a 1210 1328 64
a 1211 400 16
a 1212 1280 256
a 1213 55792 64
a 1214 33488 256
a 1215 9856 64
a 1216 12704 64
a 1217 432 256
a 1218 12688 64
a 1219 4288 64
a 1220 480 256
a 1221 928 64
a 1222 6656 64
a 1223 11264 256
a 1224 13040 256
a 1225 61536 256
a 1226 832 64
a 1227 1008 64
a 1228 2272 64
a 1229 43376 64
a 1230 17968 64
a 1231 5520 64
a 1232 44112 16
a 1233 672 64
a 1234 304 64
a 1235 25952 64
a 1236 3392 16
a 1237 352 256
a 1238 5040 64
a 1239 1792 256
a 1240 11120 16
a 1241 3968 16
a 1242 4352 256
a 1243 10160 256
a 1244 12896 64
a 1245 512 64
a 1246 6816 64
a 1247 688 16
a 1248 21536 16
a 1249 49216 16
a 1250 7152 16
a 1251 3296 256
a 1252 52592 256
a 1253 38368 64
a 1254 1536 256
a 1255 432 64
a 1256 336 256
a 1257 608 256
a 1258 3344 16
a 1259 62400 256
a 1260 31008 64
a 1261 1168 64
a 1262 21280 256
a 1263 3920 16
a 1264 8016 256
a 1265 2736 64
a 1266 416 16
a 1267 8048 256
a 1268 400 64
a 1269 816 16
a 1270 736 256
a 1271 28768 256
a 1272 36928 16
a 1273 480 256
a 1274 33392 256
a 1275 31840 64
a 1276 23424 256
a 1277 464 16
a 1278 36704 16
a 1279 5088 256
a 1280 1216 64
a 1281 11152 16
a 1282 58336 16
a 1283 4528 64
a 1284 6992 64
a 1285 3344 64
a 1286 960 16
a 1287 19248 16
a 1288 15632 16
a 1289 2704 64
a 1290 36752 64
a 1291 61072 256
a 1292 512 16
a 1293 4096 256
a 1294 1744 256
a 1295 5280 16
a 1296 4032 16
a 1297 3760 16
a 1298 880 16
a 1299 7744 16
a 1300 960 64
a 1301 8512 256
a 1302 4096 256
a 1303 464 64
a 1304 896 256
a 1305 528 64
a 1306 4736 16
a 1307 368 64
a 1308 368 256
a 1309 4272 256
a 1310 23808 16
a 1311 2912 256
a 1312 3120 64
a 1313 2960 256
a 1314 3184 16
a 1315 384 64
a 1316 2512 256
a 1317 26320 16
a 1318 12496 64
a 1319 1728 64
a 1320 592 256
a 1321 1136 64
a 1322 480 64
a 1323 11376 16
a 1324 464 256
a 1325 16272 16
a 1326 12528 16
a 1327 2944 256
a 1328 1136 64
a 1329 18016 256
a 1330 26272 64
a 1331 15744 64
a 1332 3312 64
a 1333 16512 16
a 1334 4320 16
a 1335 304 64
a 1336 384 256
a 1337 18144 64
a 1338 49184 256
a 1339 1520 16
a 1340 16848 256
a 1341 12944 256
a 1342 24016 256
a 1343 480 256
a 1344 1520 16
a 1345 7232 64
a 1346 432 256
a 1347 3328 64
a 1348 960 16
a 1349 42016 256
a 1350 320 16
a 1351 7296 64
a 1352 2560 64
a 1353 45728 16
a 1354 400 64
a 1355 464 16
a 1356 496 64
a 1357 5920 64
a 1358 10064 64
a 1359 1120 64
a 1360 1936 64
a 1361 864 256
a 1362 416 16
a 1363 7904 256
a 1364 416 256
a 1365 9616 16
a 1366 2192 64
a 1367 2000 256
a 1368 15968 256
a 1369 2928 256
a 1370 20128 256
a 1371 6528 256
a 1372 2736 64
a 1373 2640 256
a 1374 6640 256
a 1375 1664 64
a 1376 816 16
a 1377 29264 256
a 1378 12240 16
a 1379 31120 64
a 1380 2720 16
a 1381 53328 256
a 1382 1328 256
a 1383 14608 64
a 1384 496 16
a 1385 1536 256
a 1386 7264 64
a 1387 2176 16
a 1388 992 256
a 1389 464 16
a 1390 17600 16
a 1391 400 64
a 1392 2192 16
a 1393 61312 256
a 1394 7408 256
a 1395 7872 64
a 1396 28992 16
a 1397 3520 256
a 1398 11344 16
a 1399 10336 16
a 1400 1328 64
a 1401 11632 256
a 1402 2752 16
a 1403 5264 256
a 1404 432 256
a 1405 896 64
a 1406 23280 256
a 1407 1472 16
a 1408 480 16
a 1409 6912 64
a 1410 11776 16
a 1411 17248 64
a 1412 59424 64
a 1413 8384 256
a 1414 49600 64
a 1415 336 256
a 1416 8880 16
a 1417 1056 64
a 1418 2800 256
a 1419 480 256
a 1420 368 16
a 1421 34496 256
a 1422 1680 64
a 1423 304 64
a 1424 352 256
a 1425 832 16
a 1426 11888 256
a 1427 3664 256
a 1428 1488 16
a 1429 4032 16
a 1430 11216 64
a 1431 2992 64
a 1432 320 16
a 1433 55248 64
a 1434 32112 64
a 1435 448 16
a 1436 2176 16
a 1437 28432 16
a 1438 4480 256
a 1439 4912 256
a 1440 5616 64
a 1441 58400 256
a 1442 4816 64
a 1443 7360 16
a 1444 1120 64
a 1445 31792 64
a 1446 4224 256
a 1447 14992 64
a 1448 6544 256
a 1449 7952 256
a 1450 6176 256
a 1451 50048 64
a 1452 528 64
a 1453 1360 16
a 1454 464 256
a 1455 19632 16
a 1456 1008 256
a 1457 432 16
a 1458 864 64
a 1459 832 16
a 1460 352 16
a 1461 2928 256
a 1462 9376 256
a 1463 528 16
a 1464 448 16
a 1465 10720 64
a 1466 864 16
a 1467 352 64
a 1468 14848 256
a 1469 1280 256
a 1470 22256 16
a 1471 23824 16
a 1472 6896 16
a 1473 704 64
a 1474 18304 16
a 1475 448 256
a 1476 13008 64
a 1477 7520 16
a 1478 39136 64
a 1479 59024 16
a 1480 384 64
a 1481 42864 256
a 1482 512 256
a 1483 3136 256
a 1484 12304 256
a 1485 16016 16
a 1486 816 256
a 1487 752 256
a 1488 3520 256
a 1489 5744 64
a 1490 9056 64
a 1491 26688 16
a 1492 3808 64
a 1493 16080 256
a 1494 10208 256
a 1495 2256 16
a 1496 35040 16
a 1497 12400 64
a 1498 19536 64
a 1499 49296 64
a 1500 480 64
a 1501 7440 64
a 1502 416 64
a 1503 1600 16
a 1504 5840 64
a 1505 912 64
a 1506 5920 256
a 1507 400 256
a 1508 656 64
a 1509 10640 64
a 1510 784 64
a 1511 416 64
a 1512 1440 64
a 1513 960 16
a 1514 368 64
a 1515 22192 256
a 1516 624 64
a 1517 54864 256
a 1518 6048 16
a 1519 44160 16
a 1520 1392 64
a 1521 2000 64
a 1522 11056 256
a 1523 46592 256
a 1524 1728 64
a 1525 352 256
a 1526 15904 16
a 1527 4912 16
a 1528 40272 16
a 1529 9936 16
a 1530 2336 64
a 1531 1952 256
a 1532 304 256
a 1533 29264 16
a 1534 22336 256
a 1535 5584 64
a 1536 4128 256
a 1537 33920 64
a 1538 1136 256
a 1539 416 64
a 1540 5312 256
a 1541 40768 256
a 1542 688 64
a 1543 8032 16
a 1544 464 16
a 1545 6672 256
a 1546 28816 64
a 1547 944 64
a 1548 1008 16
a 1549 28848 64
a 1550 2448 256
a 1551 14288 64
a 1552 448 64
a 1553 11424 64
a 1554 2048 256
a 1555 1808 64
a 1556 944 16
a 1557 2464 16
a 1558 6528 64
a 1559 7984 256
a 1560 35920 16
a 1561 28320 256
a 1562 6032 256
a 1563 3632 256
a 1564 2256 16
a 1565 12800 256
a 1566 3760 256
a 1567 13328 64
a 1568 1152 64
a 1569 54256 64
a 1570 15488 16
a 1571 11056 256
a 1572 384 16
a 1573 15440 64
a 1574 336 256
a 1575 45344 16
a 1576 17088 256
a 1577 832 256
a 1578 7088 64
a 1579 912 64
a 1580 480 256
a 1581 17728 64
a 1582 1744 64
a 1583 60752 16
a 1584 704 64
a 1585 336 64
a 1586 2784 256
a 1587 3984 256
a 1588 36528 64
a 1589 44608 256
a 1590 944 16
a 1591 25744 256
a 1592 672 16
a 1593 1744 64
a 1594 4224 16
a 1595 7216 64
a 1596 2032 256
a 1597 1056 64
a 1598 8144 16
a 1599 1776 64
a 1600 704 64
a 1601 480 64
a 1602 57712 16
a 1603 61312 64
a 1604 784 16
a 1605 19168 16
a 1606 11584 256
a 1607 12880 64
a 1608 16208 16
a 1609 31040 64
a 1610 496 64
a 1611 27456 256
a 1612 1824 16
a 1613 21872 256
a 1614 880 64
a 1615 1376 64
a 1616 13024 256
a 1617 2624 16
a 1618 7664 64
a 1619 14992 64
a 1620 7584 64
a 1621 2000 256
a 1622 34128 16
a 1623 23328 16
a 1624 1856 16
a 1625 288 64
a 1626 17072 256
a 1627 63232 16
a 1628 2736 64
a 1629 12944 16
a 1630 5760 16
a 1631 23888 64
a 1632 3152 16
a 1633 17216 16
a 1634 1952 16
a 1635 13888 64
a 1636 3536 64
a 1637 13216 16
a 1638 1088 64
a 1639 9104 64
a 1640 33840 64
a 1641 272 64
a 1642 1072 64
a 1643 59712 64
a 1644 608 64
a 1645 576 256
a 1646 55968 256
a 1647 2128 16
a 1648 4000 16
a 1649 12880 64
a 1650 63504 16
a 1651 1472 16
a 1652 864 16
a 1653 6496 64
a 1654 49984 16
a 1655 864 64
a 1656 1216 256
a 1657 992 256
a 1658 272 64
a 1659 15280 64
a 1660 4544 16
a 1661 22448 256
a 1662 44512 64
a 1663 60672 16
a 1664 47920 16
a 1665 7776 16
a 1666 3520 256
a 1667 464 256
a 1668 736 64
a 1669 9584 64
a 1670 41040 256
a 1671 2000 16
a 1672 608 16
a 1673 2224 16
a 1674 608 16
a 1675 416 64
a 1676 5648 16
a 1677 35680 256
a 1678 6880 256
a 1679 512 256
a 1680 8000 16
a 1681 2544 64
a 1682 7088 256
a 1683 4768 256
a 1684 7360 256
a 1685 384 256
a 1686 8416 256
a 1687 14320 16
a 1688 26752 16
a 1689 32080 256
a 1690 9248 16
a 1691 544 256
a 1692 54608 256
a 1693 18352 256
a 1694 47904 16
a 1695 4192 256
a 1696 912 256
a 1697 3872 64
a 1698 1824 16
a 1699 480 256
a 1700 37728 256
a 1701 448 256
a 1702 10624 256
a 1703 18464 256
a 1704 2496 64
a 1705 50016 16
a 1706 400 16
a 1707 19792 64
a 1708 304 64
a 1709 1472 64
a 1710 432 256
a 1711 304 16
a 1712 10064 16
a 1713 14528 16
a 1714 12672 256
a 1715 3616 16
a 1716 1920 64
a 1717 26480 16
a 1718 672 16
a 1719 656 16
a 1720 1376 16
a 1721 7584 16
a 1722 2400 256
a 1723 45008 16
a 1724 7024 64
a 1725 464 16
a 1726 15984 64
a 1727 11360 64
a 1728 4496 64
a 1729 11584 16
a 1730 12128 64
a 1731 848 64
a 1732 9504 64
a 1733 672 256
a 1734 10160 16
a 1735 1184 64
a 1736 5936 16
a 1737 31072 64
a 1738 2672 256
a 1739 42880 256
a 1740 3088 256
a 1741 4896 16
a 1742 400 256
a 1743 11200 64
a 1744 6416 64
a 1745 304 256
a 1746 624 64
a 1747 1808 64
a 1748 912 16
a 1749 15888 64
a 1750 25136 64
a 1751 3456 16
a 1752 1328 64
a 1753 10384 256
a 1754 3568 256
a 1755 2560 256
a 1756 1568 64
a 1757 352 256
a 1758 31680 64
a 1759 5168 16
a 1760 496 256
a 1761 47376 256
a 1762 784 16
a 1763 5472 256
a 1764 12544 256
a 1765 464 16
a 1766 43312 16
a 1767 3728 16
a 1768 3072 64
a 1769 1584 64
a 1770 25040 16
a 1771 704 16
a 1772 768 256
a 1773 560 16
a 1774 960 16
a 1775 6944 256
a 1776 1456 256
a 1777 47152 16
a 1778 320 256
a 1779 272 64
a 1780 2000 16
a 1781 400 16
a 1782 1840 64
a 1783 5200 64
a 1784 4800 64
a 1785 32464 256
a 1786 2768 256
a 1787 944 64
a 1788 18544 256
a 1789 16224 16
a 1790 752 256
a 1791 12288 64
a 1792 1360 256
a 1793 816 64
a 1794 5840 64
a 1795 3952 16
a 1796 12992 256
a 1797 3552 256
a 1798 1968 16
a 1799 54832 256
a 1800 40032 256
a 1801 2192 256
a 1802 6880 256
a 1803 11872 256
a 1804 10640 16
a 1805 1968 256
a 1806 992 64
a 1807 3248 64
a 1808 464 64
a 1809 30976 64
a 1810 576 64
a 1811 1216 256
a 1812 54736 256
a 1813 12304 256
a 1814 416 16
a 1815 1344 16
a 1816 448 256
a 1817 464 64
a 1818 880 64
a 1819 1760 64
a 1820 18048 256
a 1821 10160 64
a 1822 336 16
a 1823 15104 16
a 1824 7056 64
a 1825 1904 16
a 1826 2688 256
a 1827 32928 256
a 1828 432 16
a 1829 9568 64
a 1830 6960 16
a 1831 928 64
a 1832 4320 256
a 1833 18688 256
a 1834 688 256
a 1835 10640 64
a 1836 12448 16
a 1837 304 256
a 1838 368 16
a 1839 23280 16
a 1840 50208 16
a 1841 7712 256
a 1842 304 16
a 1843 20448 64
a 1844 1936 256
a 1845 24320 64
a 1846 1856 64
a 1847 1168 16
a 1848 22096 64
a 1849 56688 256
a 1850 2032 64
a 1851 15744 16
a 1852 544 256
a 1853 432 256
a 1854 1968 16
a 1855 528 256
a 1856 14880 256
a 1857 55776 256
a 1858 7440 16
a 1859 20656 256
a 1860 19824 256
a 1861 512 16
a 1862 57296 256
a 1863 5664 64
a 1864 31088 64
a 1865 12128 16
a 1866 9648 64
a 1867 656 256
a 1868 432 64
a 1869 1392 64
a 1870 544 64
a 1871 752 64
a 1872 320 16
a 1873 13616 16
a 1874 384 64
a 1875 1008 16
a 1876 1920 16
a 1877 544 64
a 1878 2800 16
a 1879 12288 16
a 1880 976 16
a 1881 62144 64
a 1882 2928 16
a 1883 58768 64
a 1884 272 16
a 1885 6240 16
a 1886 33600 16
a 1887 21712 16
a 1888 464 64
a 1889 6256 64
a 1890 6800 256
a 1891 17392 16
a 1892 1888 16
a 1893 47712 64
a 1894 384 256
a 1895 28256 64
a 1896 7296 16
a 1897 37728 256
a 1898 14144 16
a 1899 35152 64
a 1900 592 256
a 1901 512 16
a 1902 2048 256
a 1903 1312 256
a 1904 11600 64
a 1905 12432 256
a 1906 39312 256
a 1907 14704 16
a 1908 512 256
a 1909 1584 256
a 1910 35552 256
a 1911 14592 16
a 1912 832 16
a 1913 2256 64
a 1914 496 256
a 1915 1472 16
a 1916 352 64
a 1917 32416 256
a 1918 30832 16
a 1919 7648 64
a 1920 496 16
a 1921 45536 256
a 1922 720 256
a 1923 12208 64
a 1924 1088 256
a 1925 9056 16
a 1926 61168 16
a 1927 928 16
a 1928 5280 256
a 1929 13776 64
a 1930 496 256
a 1931 7408 16
a 1932 4064 64
a 1933 3360 16
a 1934 8784 16
a 1935 10112 64
a 1936 288 64
a 1937 704 64
a 1938 944 64
a 1939 30224 256
a 1940 17520 256
a 1941 2000 256
a 1942 896 256
a 1943 3040 16
a 1944 416 64
a 1945 1680 64
a 1946 60720 16
a 1947 27488 16
a 1948 12880 64
a 1949 15632 256
a 1950 1328 256
a 1951 928 64
a 1952 6352 64
a 1953 1712 16
a 1954 5744 64
a 1955 1840 16
a 1956 49248 64
a 1957 448 16
a 1958 2752 256
a 1959 51728 64
a 1960 5840 256
a 1961 16224 64
a 1962 400 256
a 1963 720 256
a 1964 656 256
a 1965 2080 64
a 1966 16336 256
a 1967 35248 16
a 1968 1376 64
a 1969 688 16
a 1970 5472 64
a 1971 3824 256
a 1972 2496 256
a 1973 32816 16
a 1974 1232 64
a 1975 6624 64
a 1976 976 16
a 1977 592 16
a 1978 1904 256
a 1979 368 64
a 1980 4624 16
a 1981 14032 256
a 1982 31472 16
a 1983 4224 16
a 1984 16064 16
a 1985 48400 64
a 1986 304 256
a 1987 1568 256
a 1988 51984 256
a 1989 416 256
a 1990 11808 256
a 1991 1936 64
a 1992 2752 16
a 1993 28592 256
a 1994 15152 64
a 1995 512 16
a 1996 28320 16
a 1997 19584 256
a 1998 62320 16
a 1999 368 16
a 2000 19296 16
a 2001 9616 16
a 2002 416 64
a 2003 976 64
a 2004 3392 256
a 2005 40688 256
a 2006 15376 16
a 2007 58592 64
a 2008 14976 16
a 2009 352 16
a 2010 7408 16
a 2011 3936 256
a 2012 832 64
a 2013 912 64
a 2014 384 16
a 2015 57744 16
a 2016 1104 256
a 2017 44320 16
a 2018 8000 16
a 2019 512 64
a 2020 1312 256
a 2021 10288 16
a 2022 3136 64
a 2023 17392 16
a 2024 4960 64
a 2025 816 64
a 2026 624 256
a 2027 3328 16
a 2028 9984 256
a 2029 24496 16
a 2030 2080 64
a 2031 496 64
a 2032 1536 16
a 2033 3136 256
a 2034 528 16
a 2035 4064 256
a 2036 880 256
a 2037 14752 64
a 2038 1520 256
a 2039 31536 64
a 2040 51168 16
a 2041 480 64
a 2042 336 64
a 2043 62064 16
a 2044 3648 64
a 2045 1392 256
a 2046 10944 64
a 2047 992 64
a 2048 40144 16
a 2049 7392 16
a 2050 10912 64
a 2051 6432 256
a 2052 9408 256
a 2053 560 256
a 2054 38512 64
a 2055 42832 64
a 2056 432 256
a 2057 2768 64
a 2058 47024 64
a 2059 2640 16
a 2060 400 256
a 2061 32144 16
a 2062 9728 64
a 2063 29072 16
a 2064 14368 256
a 2065 272 16
a 2066 30192 256
a 2067 45280 16
a 2068 19872 256
a 2069 11184 256
a 2070 8864 16
a 2071 22720 64
a 2072 62288 16
a 2073 464 16
a 2074 1872 64
a 2075 5472 16
a 2076 976 16
a 2077 14880 16
a 2078 16368 16
a 2079 2752 256
a 2080 2032 64
a 2081 896 256
a 2082 7280 256
a 2083 30608 16
a 2084 1104 256
a 2085 368 256
a 2086 8640 256
a 2087 50592 64
a 2088 736 256
a 2089 6608 256
a 2090 448 64
a 2091 1760 256
a 2092 4384 16
a 2093 3680 256
a 2094 704 256
a 2095 880 64
a 2096 528 256
a 2097 12736 16
a 2098 5104 64
a 2099 512 16
a 2100 5632 64
a 2101 9008 64
a 2102 53504 256
a 2103 544 256
a 2104 22128 256
a 2105 3616 16
a 2106 592 16
a 2107 480 16
a 2108 1184 64
a 2109 41264 256
a 2110 3280 64
a 2111 6928 256
a 2112 480 256
a 2113 1088 256
a 2114 6544 64
a 2115 1280 64
a 2116 720 256
a 2117 3600 256
a 2118 8016 16
a 2119 768 64
a 2120 39776 256
a 2121 4864 64
a 2122 336 256
a 2123 46080 64
a 2124 47616 64
a 2125 64640 64
a 2126 22336 256
a 2127 384 16
a 2128 3872 16
a 2129 1600 64
a 2130 22096 16
a 2131 32480 64
a 2132 576 256
a 2133 3664 256
a 2134 53664 64
a 2135 1152 16
a 2136 49168 64
a 2137 2640 64
a 2138 656 256
a 2139 3680 64
a 2140 5504 256
a 2141 16160 64
a 2142 1120 64
a 2143 7168 64
a 2144 10816 16
a 2145 736 16
a 2146 1520 16
a 2147 1776 16
a 2148 62944 64
a 2149 3136 16
a 2150 9696 64
a 2151 1808 64
a 2152 3296 64
a 2153 5472 64
a 2154 64704 256
a 2155 320 256
a 2156 49808 64
a 2157 7152 256
a 2158 1504 64
a 2159 18032 16
a 2160 336 64
a 2161 7728 256
a 2162 16096 256
a 2163 768 16
a 2164 1616 64
a 2165 12128 16
a 2166 22352 16
a 2167 46112 256
a 2168 1024 16
a 2169 304 16
a 2170 3024 256
a 2171 30480 64
a 2172 3536 256
a 2173 3424 16
a 2174 43408 64
a 2175 10624 256
a 2176 416 16
a 2177 544 16
a 2178 5264 64
a 2179 7136 256
a 2180 44048 64
a 2181 928 64
a 2182 10272 64
a 2183 31856 256
a 2184 512 16
a 2185 3920 64
a 2186 496 256
a 2187 35008 256
a 2188 64496 64
a 2189 18512 16
a 2190 21648 64
a 2191 33728 64
a 2192 55472 16
a 2193 8144 64
a 2194 3248 256
a 2195 496 64
a 2196 272 256
a 2197 15936 256
a 2198 25248 16
a 2199 15568 256
a 2200 21248 64
a 2201 1936 16
a 2202 23808 256
a 2203 25600 16
a 2204 512 16
a 2205 61088 64
a 2206 29776 16
a 2207 5648 64
a 2208 56784 64
a 2209 2048 256
a 2210 3200 64
a 2211 5024 256
a 2212 304 256
a 2213 3872 64
a 2214 336 16
a 2215 2224 16
a 2216 1680 256
a 2217 3824 256
a 2218 688 16
a 2219 55744 64
a 2220 12320 256
a 2221 928 256
a 2222 1408 16
a 2223 6672 256
a 2224 2000 256
a 2225 272 256
a 2226 336 256
a 2227 1776 16
a 2228 2512 256
a 2229 2336 16
a 2230 13312 64
a 2231 7024 16
a 2232 1840 256
a 2233 4320 64
a 2234 832 64
a 2235 25616 256
a 2236 6960 16
a 2237 3856 64
a 2238 752 16
a 2239 12144 256
a 2240 38640 16
a 2241 4832 64
a 2242 3008 256
a 2243 41488 16
a 2244 55232 64
a 2245 3536 64
a 2246 7968 64
a 2247 6768 256
a 2248 14672 64
a 2249 6000 64
a 2250 1568 64
a 2251 15520 64
a 2252 36496 16
a 2253 384 256
a 2254 3840 16
a 2255 384 256
a 2256 8240 16
a 2257 1504 256
a 2258 512 64
a 2259 8528 16
a 2260 16224 64
a 2261 17936 64
a 2262 2368 64
a 2263 368 16
a 2264 2400 256
a 2265 21456 64
a 2266 288 16
a 2267 28240 64
a 2268 46144 16
a 2269 17920 64
a 2270 3520 256
a 2271 12256 256
a 2272 12672 256
a 2273 480 16
a 2274 20336 64
a 2275 64112 16
a 2276 7472 64
a 2277 19744 64
a 2278 52496 256
a 2279 3728 16
a 2280 17248 64
a 2281 11056 16
a 2282 15456 16
a 2283 56352 256
a 2284 6464 16
a 2285 1584 16
a 2286 5296 64
a 2287 46208 16
a 2288 4096 64
a 2289 3408 64
a 2290 12624 256
a 2291 6032 64
a 2292 368 256
a 2293 1952 256
a 2294 1248 16
a 2295 4880 256
a 2296 37392 256
a 2297 6192 256
a 2298 57520 64
a 2299 32400 256
a 2300 656 64
a 2301 22224 64
a 2302 768 16
a 2303 4928 16
a 2304 1648 64
a 2305 65520 16
a 2306 12448 256
a 2307 30768 16
a 2308 12000 16
a 2309 3792 16
a 2310 4304 16
a 2311 8144 64
a 2312 304 256
a 2313 1424 256
a 2314 480 16
a 2315 16608 16
a 2316 10592 64
a 2317 6464 16
a 2318 64240 16
a 2319 44896 16
a 2320 1648 256
a 2321 1712 16
a 2322 448 64
a 2323 8928 64
a 2324 1536 256
a 2325 5088 16
a 2326 3552 256
a 2327 1280 64
a 2328 6992 256
a 2329 11488 64
a 2330 496 64
a 2331 3168 64
a 2332 1984 256
a 2333 6880 64
a 2334 1216 64
a 2335 4800 64
a 2336 3008 256
a 2337 15472 256
a 2338 16320 256
a 2339 384 16
a 2340 9040 64
a 2341 1680 64
a 2342 7584 64
a 2343 4496 256
a 2344 41664 64
a 2345 30016 256
a 2346 5376 64
a 2347 12704 256
a 2348 432 64
a 2349 2864 64
a 2350 368 256
a 2351 1232 256
a 2352 576 256
a 2353 1152 64
a 2354 16768 16
a 2355 1552 16
a 2356 432 64
a 2357 3984 16
a 2358 672 64
a 2359 8656 16
a 2360 56400 256
a 2361 10432 256
a 2362 6992 64
a 2363 12400 16
a 2364 23696 64
a 2365 10432 256
a 2366 736 256
a 2367 33184 256
a 2368 12864 256
a 2369 49072 16
a 2370 65248 16
a 2371 544 64
a 2372 1344 64
a 2373 1280 64
a 2374 7600 16
a 2375 27616 256
a 2376 1888 64
a 2377 2720 256
a 2378 25888 16
a 2379 1488 64
a 2380 22304 256
a 2381 3280 256
a 2382 16512 16
a 2383 1552 64
a 2384 11280 64
a 2385 944 64
a 2386 2336 256
a 2387 23856 64
a 2388 8736 64
a 2389 1328 16
a 2390 1072 64
a 2391 832 256
a 2392 1392 256
a 2393 13856 16
a 2394 17184 16
a 2395 1680 64
a 2396 416 16
a 2397 30128 64
a 2398 368 256
a 2399 288 256
a 2400 11152 64
a 2401 1488 64
a 2402 1040 256
a 2403 44176 64
a 2404 13136 16
a 2405 17168 256
a 2406 6656 16
a 2407 928 256
a 2408 61520 16
a 2409 688 256
a 2410 2112 64
a 2411 10464 64
a 2412 57984 64
a 2413 31584 16
a 2414 56608 64
a 2415 1680 16
a 2416 15424 16
a 2417 12768 16
a 2418 13680 64
a 2419 36000 64
a 2420 3920 256
a 2421 4832 16
a 2422 42704 64
a 2423 592 256
a 2424 4096 64
a 2425 2496 256
a 2426 576 16
a 2427 1280 64
a 2428 352 64
a 2429 2768 64
a 2430 10544 256
a 2431 384 256
a 2432 3632 16
a 2433 608 64
a 2434 25520 64
a 2435 1424 16
a 2436 15152 16
a 2437 43808 256
a 2438 1024 256
a 2439 54544 64
a 2440 62832 16
a 2441 2480 64
a 2442 416 256
a 2443 2704 64
a 2444 1600 256
a 2445 32800 16
a 2446 800 256
a 2447 4848 16
a 2448 3888 64
a 2449 34736 64
a 2450 26224 256
a 2451 9392 64
a 2452 832 256
a 2453 368 16
a 2454 25104 16
a 2455 880 256
a 2456 8336 64
a 2457 1392 16
a 2458 368 16
a 2459 10272 256
a 2460 25648 256
a 2461 1040 16
a 2462 3008 64
a 2463 6416 16
a 2464 9056 16
a 2465 3760 16
a 2466 464 16
a 2467 272 256
a 2468 496 16
a 2469 27440 64
a 2470 3056 256
a 2471 4224 16
a 2472 15296 64
a 2473 36480 16
a 2474 5760 256
a 2475 32176 16
a 2476 3744 256
a 2477 63936 16
a 2478 23392 256
a 2479 19456 64
a 2480 53952 16
a 2481 51152 16
a 2482 29152 256
a 2483 5344 256
a 2484 816 64
a 2485 32032 16
a 2486 62256 256
a 2487 6272 256
a 2488 496 16
a 2489 960 256
a 2490 432 64
a 2491 8912 16
a 2492 1344 256
a 2493 4096 64
a 2494 36768 16
a 2495 4128 256
a 2496 7424 256
a 2497 46288 256
a 2498 21760 64
a 2499 1808 16
a 2500 14480 256
a 2501 416 256
a 2502 3520 16
a 2503 2592 64
a 2504 2432 256
a 2505 2880 16
a 2506 9616 64
a 2507 9776 16
a 2508 912 64
a 2509 1344 256
a 2510 2400 256
a 2511 3280 64
a 2512 320 64
a 2513 4832 256
a 2514 1504 16
a 2515 14368 256
a 2516 1360 256
a 2517 2960 64
a 2518 26240 16
a 2519 29088 256
a 2520 14720 64
a 2521 496 16
a 2522 432 64
a 2523 304 16
a 2524 304 16
a 2525 53376 64
a 2526 752 256
a 2527 272 16
a 2528 9888 64
a 2529 30528 256
a 2530 4496 256
a 2531 1200 16
a 2532 53152 16
a 2533 6752 64
a 2534 608 16
a 2535 3216 64
a 2536 25136 256
a 2537 5152 64
a 2538 13488 16
a 2539 5264 16
a 2540 704 16
a 2541 1584 256
a 2542 7168 16
a 2543 2752 64
a 2544 5216 16
a 2545 6816 16
a 2546 1536 16
a 2547 848 16
a 2548 29760 256
a 2549 3632 16
a 2550 3584 64
a 2551 14816 256
a 2552 1360 256
a 2553 4656 256
a 2554 7968 256
a 2555 3648 256
a 2556 14496 16
a 2557 1728 256
a 2558 56048 256
a 2559 864 64
a 2560 5072 16
a 2561 7872 64
a 2562 784 16
a 2563 3936 256
a 2564 2544 64
a 2565 4976 256
a 2566 3568 256
a 2567 32208 64
a 2568 4048 256
a 2569 10112 256
a 2570 1632 64
a 2571 416 16
a 2572 45056 16
a 2573 4960 64
a 2574 11808 16
a 2575 11632 64
a 2576 24192 256
a 2577 1216 256
a 2578 688 256
a 2579 7664 64
a 2580 2304 16
a 2581 9072 64
a 2582 4336 64
a 2583 1184 64
a 2584 3744 64
a 2585 1808 256
a 2586 41680 16
a 2587 560 256
a 2588 800 64
a 2589 944 64
a 2590 672 64
a 2591 62384 64
a 2592 4592 16
a 2593 44560 16
a 2594 31184 256
a 2595 816 16
a 2596 49344 256
a 2597 11312 16
a 2598 7840 16
a 2599 1776 256
a 2600 42048 256
a 2601 20144 16
a 2602 47872 64
a 2603 1968 256
a 2604 21040 16
a 2605 672 16
a 2606 384 256
a 2607 10256 64
a 2608 13584 64
a 2609 512 256
a 2610 24864 64
a 2611 896 256
a 2612 6688 16
a 2613 3664 64
a 2614 5248 16
a 2615 384 256
a 2616 464 256
a 2617 336 16
a 2618 800 256
a 2619 1968 256
a 2620 480 256
a 2621 9936 64
a 2622 1200 16
a 2623 57504 256
a 2624 336 64
a 2625 896 16
a 2626 448 256
a 2627 288 16
a 2628 31792 256
a 2629 39984 64
a 2630 10656 256
a 2631 2640 16
a 2632 45584 16
a 2633 28800 16
a 2634 464 16
a 2635 51952 256
a 2636 64080 64
a 2637 55648 16
a 2638 1376 64
a 2639 2160 64
a 2640 20672 256
a 2641 1376 16
a 2642 18880 16
a 2643 1792 256
a 2644 1088 256
a 2645 41136 256
a 2646 752 256
a 2647 320 16
a 2648 5936 16
a 2649 2672 256
a 2650 864 64
a 2651 7696 16
a 2652 288 256
a 2653 304 64
a 2654 432 16
a 2655 37744 256
a 2656 11776 16
a 2657 25520 64
a 2658 320 256
a 2659 1040 256
a 2660 7264 256
a 2661 2912 64
a 2662 6384 64
a 2663 2784 256
a 2664 17936 16
a 2665 512 256
a 2666 7968 16
a 2667 15696 256
a 2668 46656 64
a 2669 11264 16
a 2670 21648 256
a 2671 1232 16
a 2672 7072 256
a 2673 1008 256
a 2674 7696 64
a 2675 2976 64
a 2676 30560 256
a 2677 1824 16
a 2678 14528 64
a 2679 7440 64
a 2680 51872 16
a 2681 5760 16
a 2682 1136 64
a 2683 976 64
a 2684 10080 256
a 2685 960 256
a 2686 1936 64
a 2687 43376 64
a 2688 1808 64
a 2689 33952 256
a 2690 10704 256
a 2691 47168 64
a 2692 2864 256
a 2693 29680 256
a 2694 1360 64
a 2695 9264 64
a 2696 7888 256
a 2697 480 256
a 2698 57856 64
a 2699 416 256
a 2700 272 16
a 2701 1152 256
a 2702 8768 64
a 2703 848 256
a 2704 432 16
a 2705 3216 256
a 2706 1072 256
a 2707 3504 64
a 2708 6224 16
a 2709 6560 64
a 2710 49072 256
a 2711 22464 64
a 2712 896 64
a 2713 31760 256
a 2714 656 16
a 2715 2016 16
a 2716 15360 256
a 2717 7312 256
a 2718 10704 64
a 2719 1776 64
a 2720 2944 16
a 2721 5536 16
a 2722 5760 64
a 2723 8304 64
a 2724 17984 64
a 2725 1152 16
a 2726 3536 64
a 2727 2448 64
a 2728 64944 16
a 2729 14720 16
a 2730 976 256
a 2731 720 256
a 2732 464 256
a 2733 61392 256
a 2734 1040 16
a 2735 6016 64
a 2736 7936 64
a 2737 5408 256
a 2738 27072 256
a 2739 1472 64
a 2740 33232 64
a 2741 320 64
a 2742 576 16
a 2743 3792 16
a 2744 30704 256
a 2745 8416 16
a 2746 45504 256
a 2747 9232 16
a 2748 784 16
a 2749 9232 64
a 2750 27888 64
a 2751 496 64
a 2752 21936 256
a 2753 5552 256
a 2754 5568 64
a 2755 4032 16
a 2756 44576 16
a 2757 4128 256
a 2758 2432 256
a 2759 1296 256
a 2760 3072 64
a 2761 26272 16
a 2762 7488 64
a 2763 41360 64
a 2764 10656 64
a 2765 960 256
a 2766 480 256
a 2767 352 16
a 2768 25744 16
a 2769 17664 16
a 2770 288 64
a 2771 304 256
a 2772 1488 16
a 2773 8768 64
a 2774 61312 16
a 2775 33296 16
a 2776 336 16
a 2777 24640 16
a 2778 10672 16
a 2779 848 16
a 2780 10608 64
a 2781 5664 16
a 2782 4224 16
a 2783 400 16
a 2784 30160 16
a 2785 912 64
a 2786 3056 16
a 2787 12336 64
a 2788 2032 64
a 2789 688 64
a 2790 1856 16
a 2791 1392 256
a 2792 9072 64
a 2793 26576 256
a 2794 56176 64
a 2795 400 16
a 2796 27472 256
a 2797 272 64
a 2798 10736 256
a 2799 24128 16
a 2800 304 16
a 2801 16336 256
a 2802 41424 256
a 2803 32752 16
a 2804 26064 64
a 2805 1152 16
a 2806 6800 64
a 2807 496 256
a 2808 13504 16
a 2809 368 256
a 2810 9392 64
a 2811 25248 64
a 2812 384 16
a 2813 15280 64
a 2814 37680 64
a 2815 27728 16
a 2816 4192 64
a 2817 1616 256
a 2818 29456 16
a 2819 1824 64
a 2820 21440 256
a 2821 576 256
a 2822 4416 256
a 2823 39776 256
a 2824 5040 256
a 2825 31536 64
a 2826 800 256
a 2827 11584 16
a 2828 624 256
a 2829 27568 256
a 2830 13008 16
a 2831 15520 16
a 2832 7648 16
a 2833 28432 64
a 2834 3712 16
a 2835 2960 256
a 2836 51648 64
a 2837 21232 256
a 2838 31680 64
a 2839 272 256
a 2840 4736 256
a 2841 12224 256
a 2842 7440 16
a 2843 320 16
a 2844 336 64
a 2845 864 16
a 2846 15888 64
a 2847 17168 64
a 2848 1696 256
a 2849 27424 256
a 2850 56816 16
a 2851 976 64
a 2852 432 16
a 2853 1968 256
a 2854 2848 64
a 2855 42336 256
a 2856 688 16
a 2857 26480 16
a 2858 24992 16
a 2859 9360 16
a 2860 55520 64
a 2861 26144 64
a 2862 3200 256
a 2863 352 16
a 2864 64768 64
a 2865 8928 16
a 2866 272 256
a 2867 25984 64
a 2868 5440 256
a 2869 640 256
a 2870 7280 16
a 2871 9824 256
a 2872 43568 16
a 2873 51888 16
a 2874 2336 64
a 2875 10704 256
a 2876 448 256
a 2877 10816 64
a 2878 352 256
a 2879 18416 64
a 2880 3680 16
a 2881 1232 256
a 2882 1968 16
a 2883 1536 256
a 2884 52272 256
a 2885 1440 16
a 2886 3824 16
a 2887 43184 256
a 2888 27792 256
a 2889 11344 16
a 2890 512 64
a 2891 1216 64
a 2892 10576 64
a 2893 1824 16
a 2894 7472 256
a 2895 15232 64
a 2896 5424 256
a 2897 64016 256
a 2898 9328 256
a 2899 1696 16
a 2900 4048 16
a 2901 624 256
a 2902 9264 256
a 2903 21392 64
a 2904 1632 16
a 2905 7488 64
a 2906 32288 256
a 2907 480 64
a 2908 12544 16
a 2909 1200 64
a 2910 8832 16
a 2911 336 256
a 2912 2016 64
a 2913 6576 16
a 2914 11216 256
a 2915 272 16
a 2916 352 64
a 2917 1616 64
a 2918 10752 256
a 2919 480 64
a 2920 26608 256
a 2921 2560 64
a 2922 416 16
a 2923 368 256
a 2924 1216 16
a 2925 7696 64
a 2926 6368 16
a 2927 26960 256
a 2928 960 64
a 2929 1504 256
a 2930 19760 64
a 2931 44400 256
a 2932 304 16
a 2933 64688 16
a 2934 528 16
a 2935 30864 16
a 2936 496 256
a 2937 46560 64
a 2938 576 64
a 2939 8864 64
a 2940 1856 256
a 2941 24848 16
a 2942 52352 256
a 2943 9424 64
a 2944 3440 256
a 2945 1008 256
a 2946 17104 16
a 2947 24192 16
a 2948 5168 256
a 2949 448 16
a 2950 688 64
a 2951 1424 64
a 2952 1376 16
a 2953 1008 256
a 2954 3760 64
a 2955 14336 64
a 2956 304 16
a 2957 17360 256
a 2958 544 256
a 2959 1472 256
a 2960 656 64
a 2961 7952 256
a 2962 1264 256
a 2963 2688 256
a 2964 36448 64
a 2965 272 256
a 2966 35168 64
a 2967 3616 64
a 2968 22368 256
a 2969 5760 64
a 2970 59936 64
a 2971 5536 64
a 2972 48080 64
a 2973 14016 64
a 2974 960 16
a 2975 2736 64
a 2976 528 64
a 2977 10928 256
a 2978 10752 256
a 2979 800 64
a 2980 7152 64
a 2981 864 64
a 2982 6240 16
a 2983 1248 16
a 2984 4784 256
a 2985 7296 16
a 2986 2144 16
a 2987 5280 64
a 2988 6944 64
a 2989 944 16
a 2990 3392 64
a 2991 448 64
a 2992 5728 64
a 2993 1296 256
a 2994 17856 256
a 2995 33744 64
a 2996 3328 256
a 2997 1680 256
a 2998 1216 64
a 2999 928 16
a 3000 336 16
a 3001 2192 256
a 3002 2512 256
a 3003 1872 256
a 3004 9664 256
a 3005 56704 64
a 3006 368 256
a 3007 496 256
a 3008 17376 256
a 3009 672 64
a 3010 832 64
a 3011 31472 16
a 3012 832 256
a 3013 512 256
a 3014 384 64
a 3015 14912 16
a 3016 6000 256
a 3017 23952 256
a 3018 1744 64
a 3019 352 64
a 3020 1376 256
a 3021 11984 64
a 3022 672 16
a 3023 12208 256
a 3024 1024 64
a 3025 56800 256
a 3026 6832 256
a 3027 272 16
a 3028 7712 16
a 3029 512 64
a 3030 7360 256
a 3031 1968 16
a 3032 1792 64
a 3033 4288 16
a 3034 3568 64
a 3035 12016 64
a 3036 11216 16
a 3037 62608 16
a 3038 1024 256
a 3039 1088 256
a 3040 2256 64
a 3041 2960 16
a 3042 5840 256
a 3043 576 64
a 3044 52368 16
a 3045 1824 256
a 3046 2032 256
a 3047 13456 256
a 3048 3120 256
a 3049 15632 64
a 3050 1488 64
a 3051 13232 16
a 3052 432 16
a 3053 256 64
a 3054 64080 16
a 3055 1520 64
a 3056 384 16
a 3057 3184 64
a 3058 3760 16
a 3059 512 64
a 3060 1024 16
a 3061 3488 64
a 3062 58064 256
a 3063 17008 16
a 3064 1936 64
a 3065 4032 256
a 3066 880 64
a 3067 496 64
a 3068 1696 64
a 3069 1312 256
a 3070 464 256
a 3071 6864 256
a 3072 2288 256
a 3073 4928 256
a 3074 11664 16
a 3075 384 64
a 3076 320 64
a 3077 36352 16
a 3078 1408 16
a 3079 2512 64
a 3080 640 16
a 3081 4096 64
a 3082 1360 64
a 3083 608 64
a 3084 27536 64
a 3085 1568 16
a 3086 5872 16
a 3087 384 16
a 3088 31568 16
a 3089 33584 256
a 3090 1328 64
a 3091 40480 256
a 3092 3360 256
a 3093 992 256
a 3094 3184 64
a 3095 36416 64
a 3096 40432 256
a 3097 656 256
a 3098 55648 64
a 3099 1472 16
a 3100 10720 64
a 3101 2432 16
a 3102 1712 16
a 3103 17136 16
a 3104 8928 64
a 3105 2752 16
a 3106 576 64
a 3107 57088 64
a 3108 52912 64
a 3109 3104 256
a 3110 45472 256
a 3111 45344 256
a 3112 368 256
a 3113 43760 256
a 3114 752 16
a 3115 912 256
a 3116 832 256
a 3117 14896 64
a 3118 1664 256
a 3119 1024 64
a 3120 37520 256
a 3121 10848 16
a 3122 6592 256
a 3123 304 16
a 3124 6736 256
a 3125 13024 64
a 3126 8000 16
a 3127 4016 256
a 3128 384 64
a 3129 2096 256
a 3130 6336 256
a 3131 16800 16
a 3132 46096 256
a 3133 4048 256
a 3134 560 64
a 3135 6272 16
a 3136 13424 16
a 3137 592 256
a 3138 1856 16
a 3139 6576 16
a 3140 448 256
a 3141 1280 16
a 3142 31744 256
a 3143 480 64
a 3144 12896 64
a 3145 3232 16
a 3146 672 64
a 3147 57824 256
a 3148 40864 256
a 3149 50304 256
a 3150 20816 16
a 3151 23584 64
a 3152 1232 64
a 3153 2592 16
a 3154 27600 64
a 3155 496 64
a 3156 368 16
a 3157 8560 256
a 3158 1888 256
a 3159 3520 64
a 3160 47968 16
a 3161 4032 256
a 3162 5296 256
a 3163 1504 16
a 3164 2768 256
a 3165 2112 16
a 3166 4688 16
a 3167 62944 64
a 3168 35472 16
a 3169 16960 64
a 3170 24912 64
a 3171 53472 64
a 3172 368 16
a 3173 1920 16
a 3174 44912 256
a 3175 2032 64
a 3176 20016 256
a 3177 992 64
a 3178 24032 64
a 3179 9168 256
a 3180 480 16
a 3181 624 256
a 3182 6864 16
a 3183 528 64
a 3184 21872 16
a 3185 1872 16
a 3186 400 16
a 3187 28064 16
a 3188 11024 16
a 3189 304 64
a 3190 720 16
a 3191 40416 64
a 3192 7168 64
a 3193 1664 256
a 3194 13664 256
a 3195 6896 64
a 3196 17664 64
a 3197 52848 16
a 3198 848 64
a 3199 2240 16
a 3200 5184 256
a 3201 432 16
a 3202 2480 256
a 3203 19632 16
a 3204 480 16
a 3205 1824 64
a 3206 1680 256
a 3207 1456 16
a 3208 6880 256
a 3209 944 16
a 3210 2512 256
a 3211 272 16
a 3212 11360 64
a 3213 13392 64
a 3214 45024 16
a 3215 3632 16
a 3216 42400 256
a 3217 1536 64
a 3218 39072 64
a 3219 18496 16
a 3220 44912 64
a 3221 7072 256
a 3222 1632 64
a 3223 976 64
a 3224 816 16
a 3225 2560 64
a 3226 60048 16
a 3227 1024 16
a 3228 1824 64
a 3229 5360 16
a 3230 1888 16
a 3231 3120 64
a 3232 4704 256
a 3233 33232 256
a 3234 288 16
a 3235 21184 16
a 3236 11456 256
a 3237 17280 16
a 3238 28224 16
a 3239 60672 64
a 3240 60048 64
a 3241 11968 64
a 3242 9568 256
a 3243 1184 16
a 3244 12096 64
a 3245 37440 64
a 3246 864 16
a 3247 1904 256
a 3248 496 256
a 3249 29184 64
a 3250 3152 256
a 3251 800 64
a 3252 304 256
a 3253 16336 256
a 3254 288 256
a 3255 1088 64
a 3256 320 64
a 3257 16288 64
a 3258 816 256
a 3259 480 256
a 3260 17616 64
a 3261 5008 16
a 3262 3008 256
a 3263 576 16
a 3264 1536 256
a 3265 14432 16
a 3266 3552 256
a 3267 60288 64
a 3268 62464 256
a 3269 1840 64
a 3270 1104 64
a 3271 26784 256
a 3272 384 16
a 3273 960 64
a 3274 3632 64
a 3275 19056 64
a 3276 448 256
a 3277 784 256
a 3278 528 64
a 3279 416 64
a 3280 1296 256
a 3281 672 16
a 3282 288 256
a 3283 2864 64
a 3284 6912 256
a 3285 960 16
a 3286 11024 16
a 3287 528 256
a 3288 384 16
a 3289 3712 64
a 3290 7680 64
a 3291 4976 16
a 3292 496 256
a 3293 640 64
a 3294 1920 16
a 3295 7824 64
a 3296 6656 16
a 3297 4112 16
a 3298 432 256
a 3299 832 256
a 3300 7968 256
a 3301 26336 256
a 3302 1328 64
a 3303 384 256
a 3304 7440 64
a 3305 2512 64
a 3306 50528 64
a 3307 3328 64
a 3308 528 16
a 3309 6400 16
a 3310 15200 64
a 3311 480 64
a 3312 26976 16
a 3313 14688 256
a 3314 47776 16
a 3315 992 256
a 3316 832 64
a 3317 50240 64
a 3318 3920 16
a 3319 1760 16
a 3320 480 256
a 3321 5664 16
a 3322 17200 256
a 3323 57024 16
a 3324 496 16
a 3325 5088 256
a 3326 4256 256
a 3327 6784 64
a 3328 64848 16
a 3329 13120 256
a 3330 43872 16
a 3331 3136 16
a 3332 2672 16
a 3333 43568 64
a 3334 25248 16
a 3335 1776 16
a 3336 272 256
a 3337 6800 256
a 3338 1456 16
a 3339 1840 16
a 3340 3136 256
a 3341 2320 256
a 3342 3232 16
a 3343 1776 256
a 3344 2096 16
a 3345 656 64
a 3346 42832 16
a 3347 672 16
a 3348 7584 16
a 3349 51584 16
a 3350 16080 64
a 3351 2832 256
a 3352 7696 64
a 3353 896 16
a 3354 304 64
a 3355 3024 64
a 3356 2304 64
a 3357 400 64
a 3358 3024 256
a 3359 1808 256
a 3360 47664 64
a 3361 44704 64
a 3362 848 16
a 3363 1280 64
a 3364 23504 64
a 3365 55680 64
a 3366 48800 16
a 3367 384 256
a 3368 1040 64
a 3369 448 256
a 3370 3104 64
a 3371 656 256
a 3372 2256 256
a 3373 21312 16
a 3374 10864 256
a 3375 35600 256
a 3376 32736 64
a 3377 21088 16
a 3378 4640 256
a 3379 11504 64
a 3380 47696 64
a 3381 3760 256
a 3382 2912 256
a 3383 3072 16
a 3384 7856 64
a 3385 736 256
a 3386 16752 64
a 3387 4048 256
a 3388 8000 256
a 3389 21872 64
a 3390 47136 256
a 3391 480 256
a 3392 9408 64
a 3393 544 256
a 3394 32592 16
a 3395 5680 256
a 3396 352 64
a 3397 9968 64
a 3398 32848 256
a 3399 1488 16
a 3400 1200 256
a 3401 656 16
a 3402 7008 256
a 3403 1136 64
a 3404 22256 16
a 3405 1856 16
a 3406 61664 256
a 3407 2272 64
a 3408 30704 16
a 3409 960 16
a 3410 6496 64
a 3411 3584 64
a 3412 672 256
a 3413 53520 256
a 3414 2448 256
a 3415 288 16
a 3416 9808 64
a 3417 50384 16
a 3418 784 16
a 3419 23232 64
a 3420 4016 256
a 3421 1104 16
a 3422 19312 16
a 3423 5616 16
a 3424 59136 256
a 3425 784 64
a 3426 1184 64
a 3427 2976 256
a 3428 49376 256
a 3429 24336 256
a 3430 624 256
a 3431 10016 16
a 3432 6848 256
a 3433 32576 256
a 3434 59680 256
a 3435 61264 64
a 3436 784 256
a 3437 9824 16
a 3438 1456 256
a 3439 55152 64
a 3440 7280 64
a 3441 16528 16
a 3442 3152 16
a 3443 704 256
a 3444 336 64
a 3445 752 16
a 3446 15328 64
a 3447 2656 256
a 3448 7488 16
a 3449 60480 16
a 3450 43408 256
a 3451 3024 64
a 3452 432 16
a 3453 528 16
a 3454 1600 256
a 3455 1440 64
a 3456 3440 64
a 3457 1024 64
a 3458 8000 256
a 3459 3792 256
a 3460 49968 64
a 3461 496 64
a 3462 23792 64
a 3463 41152 256
a 3464 18384 16
a 3465 2320 64
a 3466 2832 16
a 3467 512 256
a 3468 1504 64
a 3469 6688 64
a 3470 1232 256
a 3471 11600 16
a 3472 1840 16
a 3473 35152 16
a 3474 3776 16
a 3475 976 64
a 3476 14016 256
a 3477 800 64
a 3478 1968 64
a 3479 5456 16
a 3480 272 16
a 3481 3984 64
a 3482 368 16
a 3483 768 16
a 3484 1168 16
a 3485 4016 256
a 3486 2032 16
a 3487 4320 64
a 3488 12208 256
a 3489 448 64
a 3490 2016 256
a 3491 37696 256
a 3492 14624 16
a 3493 480 64
a 3494 3472 16
a 3495 1152 64
a 3496 6800 256
a 3497 34992 64
a 3498 2032 256
a 3499 5680 64
a 3500 8480 16
a 3501 62576 16
a 3502 14432 16
a 3503 14688 64
a 3504 10848 64
a 3505 26752 64
a 3506 768 64
a 3507 20896 16
a 3508 576 64
a 3509 736 256
a 3510 20192 64
a 3511 4720 256
a 3512 960 16
a 3513 3904 256
a 3514 7472 256
a 3515 5808 64
a 3516 1552 64
a 3517 8016 256
a 3518 1216 16
a 3519 11376 256
a 3520 20576 16
a 3521 10720 256
a 3522 11264 64
a 3523 27024 64
a 3524 1408 64
a 3525 62864 64
a 3526 7920 64
a 3527 864 64
a 3528 6752 256
a 3529 272 256
a 3530 16560 256
a 3531 4096 64
a 3532 2048 16
a 3533 848 256
a 3534 1968 256
a 3535 27056 256
a 3536 6496 256
a 3537 1344 256
a 3538 15088 64
a 3539 1184 64
a 3540 752 256
a 3541 7424 64
a 3542 8064 16
a 3543 22176 16
a 3544 1232 256
a 3545 800 16
a 3546 55264 256
a 3547 8144 256
a 3548 3200 16
a 3549 384 256
a 3550 976 256
a 3551 752 64
a 3552 14192 16
a 3553 46496 64
a 3554 752 16
a 3555 368 256
a 3556 768 64
a 3557 44736 16
a 3558 52464 256
a 3559 1120 64
a 3560 1792 256
a 3561 63088 64
a 3562 9872 256
a 3563 1456 64
a 3564 32352 64
a 3565 32480 16
a 3566 19632 16
a 3567 2416 16
a 3568 512 256
a 3569 816 16
a 3570 46976 16
a 3571 23040 64
a 3572 62432 256
a 3573 7408 16
a 3574 5536 64
a 3575 41456 16
a 3576 7600 64
a 3577 4064 16
a 3578 12032 16
a 3579 4112 64
a 3580 1056 16
a 3581 416 64
a 3582 9152 64
a 3583 4432 64
a 3584 27216 256
a 3585 1888 256
a 3586 8016 256
a 3587 6512 16
a 3588 2432 256
a 3589 1872 16
a 3590 7328 16
a 3591 624 256
a 3592 9232 256
a 3593 5376 256
a 3594 7984 256
a 3595 9968 16
a 3596 8000 16
a 3597 4912 256
a 3598 512 16
a 3599 688 256
a 3600 7072 256
a 3601 5072 64
a 3602 7840 256
a 3603 63392 256
a 3604 1840 256
a 3605 448 64
a 3606 2608 64
a 3607 9968 64
a 3608 2816 64
a 3609 4832 256
a 3610 560 256
a 3611 3264 16
a 3612 320 16
a 3613 1552 256
a 3614 2368 16
a 3615 8592 16
a 3616 2032 64
a 3617 37488 256
a 3618 3584 256
a 3619 4864 256
a 3620 864 16
a 3621 50880 64
a 3622 3216 16
a 3623 45216 64
a 3624 1520 64
a 3625 18192 256
a 3626 22928 256
a 3627 528 16
a 3628 3552 256
a 3629 48672 16
a 3630 5792 64
a 3631 3456 256
a 3632 18000 16
a 3633 47072 16
a 3634 17712 64
a 3635 56432 16
a 3636 7248 256
a 3637 1984 16
a 3638 640 256
a 3639 3968 64
a 3640 3408 64
a 3641 29376 256
a 3642 1616 256
a 3643 5952 256
a 3644 28528 64
a 3645 384 16
a 3646 13296 256
a 3647 288 256
a 3648 1056 16
a 3649 56528 64
a 3650 3200 256
a 3651 44080 256
a 3652 7744 256
a 3653 50080 16
a 3654 30304 256
a 3655 30688 256
a 3656 15968 64
a 3657 41200 64
a 3658 8048 16
a 3659 10368 256
a 3660 57008 256
a 3661 416 256
a 3662 64928 16
a 3663 7488 256
a 3664 1488 64
a 3665 57168 64
a 3666 800 256
a 3667 10480 16
a 3668 2000 256
a 3669 768 16
a 3670 1632 256
a 3671 7968 16
a 3672 2240 64
a 3673 336 64
a 3674 3120 64
a 3675 688 256
a 3676 44064 64
a 3677 1072 256
a 3678 272 64
a 3679 1664 256
a 3680 944 16
a 3681 5632 64
a 3682 416 256
a 3683 11472 16
a 3684 768 16
a 3685 14928 64
a 3686 2656 16
a 3687 26528 256
a 3688 5536 64
a 3689 15232 256
a 3690 17920 64
a 3691 5440 64
a 3692 3264 64
a 3693 1440 64
a 3694 20144 64
a 3695 33488 64
a 3696 52384 64
a 3697 15616 256
a 3698 6112 64
a 3699 3328 256
a 3700 2176 64
a 3701 352 16
a 3702 416 64
a 3703 784 64
a 3704 20640 256
a 3705 448 256
a 3706 1008 256
a 3707 992 16
a 3708 30384 64
a 3709 1536 64
a 3710 1120 64
a 3711 3264 256
a 3712 1296 256
a 3713 864 64
a 3714 42176 64
a 3715 11376 256
a 3716 65120 256
a 3717 720 16
a 3718 288 256
a 3719 4080 64
a 3720 8512 64
a 3721 512 64
a 3722 3920 64
a 3723 5040 16
a 3724 1088 16
a 3725 4224 64
a 3726 1184 64
a 3727 24848 64
a 3728 1136 64
a 3729 13856 256
a 3730 768 64
a 3731 26320 64
a 3732 21632 256
a 3733 45056 16
a 3734 1824 16
a 3735 21168 256
a 3736 1136 16
a 3737 60240 16
a 3738 8560 64
a 3739 1824 16
a 3740 3920 256
a 3741 7440 64
a 3742 64016 256
a 3743 30896 256
a 3744 27696 64
a 3745 656 16
a 3746 31968 64
a 3747 25264 16
a 3748 768 256
a 3749 2048 64
a 3750 1312 16
a 3751 6864 16
a 3752 28464 256
a 3753 336 64
a 3754 16576 16
a 3755 25552 256
a 3756 1456 64
a 3757 43600 16
a 3758 384 16
a 3759 11664 256
a 3760 8768 256
a 3761 560 64
a 3762 2688 256
a 3763 512 16
a 3764 2320 64
a 3765 32656 64
a 3766 21504 64
a 3767 528 256
a 3768 2768 64
a 3769 1008 16
a 3770 52944 16
a 3771 288 16
a 3772 13648 256
a 3773 2928 16
a 3774 816 64
a 3775 736 16
a 3776 23136 64
a 3777 352 256
a 3778 912 16
a 3779 16208 64
a 3780 3088 16
a 3781 352 64
a 3782 1600 64
a 3783 672 16
a 3784 4032 64
a 3785 7136 64
a 3786 2128 256
a 3787 18048 64
a 3788 26512 64
a 3789 26416 256
a 3790 2032 64
a 3791 736 64
a 3792 4704 16
a 3793 288 64
a 3794 1280 16
a 3795 2976 64
a 3796 368 64
a 3797 13936 256
a 3798 4304 16
a 3799 30544 256
a 3800 400 256
a 3801 400 256
a 3802 1008 16
a 3803 1232 256
a 3804 16240 256
a 3805 4512 16
a 3806 976 256
a 3807 784 16
a 3808 3856 256
a 3809 21344 256
a 3810 62640 16
a 3811 784 64
a 3812 43632 64
a 3813 3136 256
a 3814 8960 256
a 3815 416 64
a 3816 31984 16
a 3817 53104 256
a 3818 720 16
a 3819 25616 64
a 3820 368 16
a 3821 5584 16
a 3822 35248 64
a 3823 368 16
a 3824 3552 256
a 3825 960 16
a 3826 17568 16
a 3827 2976 256
a 3828 5648 64
a 3829 64256 256
a 3830 3856 256
a 3831 880 16
a 3832 9440 64
a 3833 6864 16
a 3834 47024 16
a 3835 8880 256
a 3836 3296 16
a 3837 784 16
a 3838 1568 64
a 3839 2304 16
a 3840 1264 256
a 3841 29472 16
a 3842 992 256
a 3843 336 256
a 3844 62080 16
a 3845 1312 256
a 3846 448 16
a 3847 14432 256
a 3848 4768 16
a 3849 16608 64
a 3850 5904 64
a 3851 13104 64
a 3852 44576 16
a 3853 1888 16
a 3854 7472 64
a 3855 5296 64
a 3856 448 16
a 3857 1696 64
a 3858 1616 256
a 3859 50256 256
a 3860 29216 64
a 3861 44864 256
a 3862 1568 64
a 3863 448 64
a 3864 15584 16
a 3865 528 64
a 3866 320 64
a 3867 5824 64
a 3868 928 64
a 3869 29776 256
a 3870 7264 64
a 3871 6112 16
a 3872 45952 16
a 3873 23952 256
a 3874 44304 16
a 3875 21696 64
a 3876 11552 256
a 3877 26064 256
a 3878 2976 64
a 3879 448 256
a 3880 464 16
a 3881 320 256
a 3882 62432 256
a 3883 1776 256
a 3884 5584 16
a 3885 1296 16
a 3886 5152 64
a 3887 3424 16
a 3888 4608 256
a 3889 512 16
a 3890 960 16
a 3891 656 256
a 3892 28448 16
a 3893 34016 64
a 3894 11056 64
a 3895 1920 16
a 3896 10128 16
a 3897 3296 64
a 3898 16160 256
a 3899 5808 64
a 3900 31008 16
a 3901 5792 16
a 3902 17152 64
a 3903 848 16
a 3904 3728 16
a 3905 48592 64
a 3906 2224 16
a 3907 19664 64
a 3908 54256 256
a 3909 9536 64
a 3910 3888 64
a 3911 9968 64
a 3912 960 256
a 3913 4640 64
a 3914 1728 256
a 3915 1696 256
a 3916 25136 16
a 3917 3184 256
a 3918 42416 64
a 3919 3008 256
a 3920 4176 64
a 3921 5056 64
a 3922 3552 64
a 3923 1680 256
a 3924 33696 16
a 3925 2640 16
a 3926 496 16
a 3927 1536 64
a 3928 61040 64
a 3929 1408 16
a 3930 48208 256
a 3931 304 16
a 3932 800 16
a 3933 752 16
a 3934 27104 16
a 3935 4784 64
a 3936 1392 16
a 3937 7376 64
a 3938 736 64
a 3939 18512 64
a 3940 25136 64
a 3941 2384 64
a 3942 5376 16
a 3943 1584 64
a 3944 12336 16
a 3945 13616 16
a 3946 20944 256
a 3947 1472 16
a 3948 3888 64
a 3949 992 256
a 3950 19376 64
a 3951 8928 16
a 3952 448 16
a 3953 1024 64
a 3954 496 256
a 3955 704 256
a 3956 15616 256
a 3957 14448 256
a 3958 1136 256
a 3959 2176 256
a 3960 272 64
a 3961 60064 16
a 3962 11376 16
a 3963 736 16
a 3964 288 16
a 3965 8048 16
a 3966 1088 64
a 3967 56688 256
a 3968 3120 256
a 3969 19184 64
a 3970 12112 16
a 3971 3024 256
a 3972 12656 256
a 3973 1328 64
a 3974 1776 64
a 3975 6976 16
a 3976 384 64
a 3977 1248 64
a 3978 19440 16
a 3979 10768 16
a 3980 4096 256
a 3981 3856 16
a 3982 6528 256
a 3983 22208 16
a 3984 1904 64
a 3985 28496 16
a 3986 42880 64
a 3987 7664 256
a 3988 864 256
a 3989 416 256
a 3990 27200 64
a 3991 2160 64
a 3992 512 64
a 3993 57552 16
a 3994 5552 256
a 3995 304 64
a 3996 25984 64
a 3997 1392 256
a 3998 688 64
a 3999 1136 64
a 4000 1088 64
a 4001 1824 64
a 4002 480 64
a 4003 352 256
a 4004 1136 256
a 4005 32432 64
a 4006 2880 16
a 4007 1104 256
a 4008 480 16
a 4009 16800 256
a 4010 8144 256
a 4011 5056 256
a 4012 35072 64
a 4013 1568 256
a 4014 624 64
a 4015 12352 256
a 4016 18464 64
a 4017 320 256
a 4018 5552 256
a 4019 912 16
a 4020 5392 256
a 4021 4320 16
a 4022 21632 256
a 4023 3600 64
a 4024 6160 256
a 4025 384 256
a 4026 1872 16
a 4027 19760 64
a 4028 42096 64
a 4029 50384 64
a 4030 576 64
a 4031 15040 256
a 4032 5600 256
a 4033 512 256
a 4034 60560 256
a 4035 800 256
a 4036 11536 16
a 4037 59056 64
a 4038 1216 64
a 4039 3776 256
a 4040 22544 16
a 4041 7248 256
a 4042 608 256
a 4043 512 16
a 4044 8800 64
a 4045 944 16
a 4046 15168 64
a 4047 16576 16
a 4048 12816 256
a 4049 10480 64
a 4050 21296 16
a 4051 3696 16
a 4052 1424 64
a 4053 800 16
a 4054 2288 16
a 4055 6784 16
a 4056 448 16
a 4057 3952 16
a 4058 1776 256
a 4059 1216 64
a 4060 1424 16
a 4061 1072 16
a 4062 480 256
a 4063 2112 256
a 4064 1600 16
a 4065 38352 64
a 4066 43616 256
a 4067 912 64
a 4068 13424 16
a 4069 1280 256
a 4070 30240 256
a 4071 816 16
a 4072 7200 16
a 4073 4016 256
a 4074 1440 16
a 4075 7696 256
a 4076 464 16
a 4077 15056 256
a 4078 1360 16
a 4079 3920 256
a 4080 43408 256
a 4081 63552 256
a 4082 47216 64
a 4083 3168 16
a 4084 11632 16
a 4085 38688 64
a 4086 31536 64
a 4087 59072 64
a 4088 16208 256
a 4089 9536 64
a 4090 15392 256
a 4091 34096 64
a 4092 736 16
a 4093 448 64
a 4094 9456 256
a 4095 8528 16
a 4096 11696 64
a 4097 1968 256
a 4098 1680 256
a 4099 62688 256
a 4100 2400 16
a 4101 31536 64
a 4102 4176 256
a 4103 288 256
a 4104 512 64
a 4105 51840 64
a 4106 43024 64
a 4107 59104 64
a 4108 1888 64
a 4109 1792 16
a 4110 3296 256
a 4111 53216 256
a 4112 400 64
a 4113 27840 64
a 4114 56144 16
a 4115 36672 16
a 4116 1376 64
a 4117 1216 64
a 4118 816 16
a 4119 1248 64
a 4120 18416 16
a 4121 27584 16
a 4122 1040 64
a 4123 17344 16
a 4124 2000 64
a 4125 24352 16
a 4126 2960 256
a 4127 43600 64
a 4128 304 16
a 4129 30336 64
a 4130 320 256
a 4131 4304 256
a 4132 8000 16
a 4133 432 64
a 4134 23792 256
a 4135 400 64
a 4136 1936 256
a 4137 47296 16
a 4138 38320 16
a 4139 32592 64
a 4140 59984 256
a 4141 26896 64
a 4142 1520 64
a 4143 5616 256
a 4144 1488 256
a 4145 3808 64
a 4146 45584 256
a 4147 50000 16
a 4148 6288 256
a 4149 18752 64
a 4150 608 64
a 4151 3296 64
a 4152 34208 256
a 4153 3344 256
a 4154 448 256
a 4155 832 64
a 4156 640 256
a 4157 3216 256
a 4158 448 16
a 4159 15424 16
a 4160 3840 256
a 4161 56672 256
a 4162 1408 64
a 4163 63600 64
a 4164 7776 256
a 4165 12240 256
a 4166 1344 16
a 4167 13680 64
a 4168 7568 64
a 4169 12512 64
a 4170 320 16
a 4171 25104 64
a 4172 31200 64
a 4173 848 256
a 4174 928 64
a 4175 2048 64
a 4176 13856 64
a 4177 864 64
a 4178 45792 256
a 4179 13152 64
a 4180 7776 64
a 4181 6528 16
a 4182 3184 64
a 4183 5392 256
a 4184 1552 64
a 4185 27872 16
a 4186 10640 16
a 4187 14032 16
a 4188 2784 256
a 4189 8176 64
a 4190 16800 256
a 4191 592 16
a 4192 56304 256
a 4193 464 64
a 4194 10848 256
a 4195 5520 256
a 4196 38576 16
a 4197 61984 16
a 4198 6800 64
a 4199 1728 64
a 4200 832 16
a 4201 1712 256
a 4202 7296 64
a 4203 3200 64
a 4204 65312 64
a 4205 2192 64
a 4206 14736 16
a 4207 3232 256
a 4208 4112 256
a 4209 16064 16
a 4210 800 16
a 4211 464 16
a 4212 1008 64
a 4213 4112 256
a 4214 1216 256
a 4215 560 16
a 4216 5872 16
a 4217 6224 16
a 4218 2832 16
a 4219 560 256
a 4220 7792 16
a 4221 22416 64
a 4222 384 64
a 4223 1232 256
a 4224 22192 64
a 4225 36544 16
a 4226 1312 16
a 4227 24048 16
a 4228 7472 16
a 4229 5360 64
a 4230 47344 16
a 4231 56032 64
a 4232 11328 64
a 4233 464 64
a 4234 7616 16
a 4235 512 16
a 4236 272 256
a 4237 880 64
a 4238 976 256
a 4239 27712 16
a 4240 12016 64
a 4241 37808 256
a 4242 624 64
a 4243 1952 16
a 4244 6656 64
a 4245 5856 16
a 4246 624 256
a 4247 14096 16
a 4248 944 256
a 4249 26112 256
a 4250 1120 256
a 4251 1632 64
a 4252 288 256
a 4253 10272 16
a 4254 37184 64
a 4255 2192 16
a 4256 352 64
a 4257 15840 16
a 4258 34320 16
a 4259 320 16
a 4260 1728 64
a 4261 1328 64
a 4262 43872 64
a 4263 480 16
a 4264 336 16
a 4265 6704 64
a 4266 624 16
a 4267 560 256
a 4268 7488 16
a 4269 736 16
a 4270 3776 256
a 4271 1664 256
a 4272 62496 16
a 4273 1520 16
a 4274 496 64
a 4275 50112 16
a 4276 6704 64
a 4277 26640 64
a 4278 14448 64
a 4279 17632 256
a 4280 496 256
a 4281 12416 64
a 4282 800 256
a 4283 1296 16
a 4284 1376 16
a 4285 368 16
a 4286 32560 256
a 4287 20160 16
a 4288 3856 64
a 4289 1248 16
a 4290 6736 256
a 4291 944 64
a 4292 51616 256
a 4293 656 256
a 4294 352 16
a 4295 272 64
a 4296 2992 64
a 4297 25904 16
a 4298 1680 16
a 4299 1104 64
a 4300 15168 64
a 4301 7824 16
a 4302 1648 16
a 4303 18528 16
a 4304 272 64
a 4305 3104 64
a 4306 272 256
a 4307 400 64
a 4308 25648 256
a 4309 4112 16
a 4310 272 64
a 4311 976 16
a 4312 14448 256
a 4313 28464 256
a 4314 12832 256
a 4315 11200 16
a 4316 11472 16
a 4317 704 256
a 4318 272 256
a 4319 5472 64
a 4320 58256 64
a 4321 12624 16
a 4322 6160 256
a 4323 1072 16
a 4324 47392 256
a 4325 15600 16
a 4326 1072 64
a 4327 3120 256
a 4328 15552 256
a 4329 3584 64
a 4330 2832 16
a 4331 9520 256
a 4332 13264 16
a 4333 9008 256
a 4334 496 16
a 4335 3200 16
a 4336 752 16
a 4337 5952 256
a 4338 24880 64
a 4339 3984 64
a 4340 3216 64
a 4341 3920 64
a 4342 57040 16
a 4343 2016 64
a 4344 960 256
a 4345 10544 64
a 4346 11392 16
a 4347 17760 256
a 4348 1616 16
a 4349 47552 256
a 4350 10336 256
a 4351 1360 256
a 4352 1248 256
a 4353 1056 256
a 4354 50592 256
a 4355 1216 16
a 4356 7552 64
a 4357 4608 16
a 4358 6320 256
a 4359 1616 64
a 4360 7664 256
a 4361 944 16
a 4362 1232 64
a 4363 22448 16
a 4364 16304 64
a 4365 1856 256
a 4366 27344 256
a 4367 400 256
a 4368 35232 16
a 4369 7184 16
a 4370 432 64
a 4371 320 16
a 4372 8640 256
a 4373 27984 64
a 4374 480 64
a 4375 3680 256
a 4376 976 256
a 4377 1808 256
a 4378 3024 16
a 4379 9152 64
a 4380 992 64
a 4381 8192 64
a 4382 27024 64
a 4383 8384 16
a 4384 33568 64
a 4385 8736 64
a 4386 464 16
a 4387 6736 64
a 4388 752 64
a 4389 12608 256
a 4390 60272 256
a 4391 4256 16
a 4392 28432 64
a 4393 624 256
a 4394 1408 256
a 4395 2944 256
a 4396 9616 16
a 4397 6608 256
a 4398 8192 256
a 4399 52208 256
a 4400 6624 64
a 4401 6384 16
a 4402 1120 16
a 4403 6128 16
a 4404 6816 64
a 4405 1040 256
a 4406 4336 64
a 4407 384 16
a 4408 13184 16
a 4409 19120 16
a 4410 496 64
a 4411 912 256
a 4412 1680 16
a 4413 4416 64
a 4414 21616 16
a 4415 992 16
a 4416 4864 256
a 4417 3168 16
a 4418 7328 64
a 4419 6176 16
a 4420 44064 256
a 4421 56352 64
a 4422 400 64
a 4423 528 256
a 4424 864 64
a 4425 512 16
a 4426 21808 64
a 4427 7440 16
a 4428 10256 256
a 4429 1408 256
a 4430 3296 16
a 4431 1920 64
a 4432 1680 16
a 4433 6384 256
a 4434 528 64
a 4435 6608 64
a 4436 3760 16
a 4437 4208 64
a 4438 1840 256
a 4439 3232 256
a 4440 2688 256
a 4441 18176 256
a 4442 6720 16
a 4443 24432 256
a 4444 4064 64
a 4445 400 16
a 4446 384 64
a 4447 1840 256
a 4448 1248 16
a 4449 656 16
a 4450 656 256
a 4451 944 256
a 4452 1968 16
a 4453 1296 256
a 4454 37760 64
a 4455 11120 256
a 4456 17168 64
a 4457 32304 16
a 4458 272 16
a 4459 32816 64
a 4460 62928 64
a 4461 22352 256
a 4462 11056 256
a 4463 2144 256
a 4464 768 64
a 4465 4320 64
a 4466 13392 64
a 4467 31344 16
a 4468 3488 64
a 4469 1264 256
a 4470 10672 256
a 4471 14512 16
a 4472 512 256
a 4473 26752 256
a 4474 352 256
a 4475 672 256
a 4476 4608 256
a 4477 25728 64
a 4478 11296 256
a 4479 18208 256
a 4480 1824 16
a 4481 44192 64
a 4482 6816 64
a 4483 54576 64
a 4484 17216 16
a 4485 7152 64
a 4486 5744 256
a 4487 2048 256
a 4488 36288 16
a 4489 5664 64
a 4490 1584 64
a 4491 384 256
a 4492 1312 64
a 4493 61168 64
a 4494 1584 256
a 4495 288 16
a 4496 16752 64
a 4497 2112 16
a 4498 13632 256
a 4499 10128 16
a 4500 56704 64
a 4501 27680 64
a 4502 42880 16
a 4503 21120 256
a 4504 1232 16
a 4505 61984 16
a 4506 1408 256
a 4507 4816 256
a 4508 18256 256
a 4509 23968 16
a 4510 15408 256
a 4511 6880 256
a 4512 11120 256
a 4513 9744 16
a 4514 6912 256
a 4515 10768 64
a 4516 52496 16
a 4517 53040 64
a 4518 1696 16
a 4519 8336 64
a 4520 14080 256
a 4521 2352 64
a 4522 3520 16
a 4523 1184 256
a 4524 1632 256
a 4525 1344 256
a 4526 1824 16
a 4527 3056 64
a 4528 61088 64
a 4529 1968 64
a 4530 1200 64
a 4531 3152 16
a 4532 24432 16
a 4533 2160 256
a 4534 59952 64
a 4535 8192 256
a 4536 6416 64
a 4537 288 64
a 4538 4128 64
a 4539 2768 16
a 4540 1344 16
a 4541 2064 64
a 4542 59184 16
a 4543 8560 16
a 4544 35296 16
a 4545 960 16
a 4546 8624 16
a 4547 36000 256
a 4548 4432 256
a 4549 13296 256
a 4550 15424 64
a 4551 432 256
a 4552 272 256
a 4553 63600 64
a 4554 6480 16
a 4555 1040 256
a 4556 1728 64
a 4557 21328 256
a 4558 24800 256
a 4559 6000 256
a 4560 624 16
a 4561 4864 16
a 4562 3984 16
a 4563 42080 256
a 4564 432 256
a 4565 880 16
a 4566 11616 256
a 4567 752 16
a 4568 3488 256
a 4569 26176 256
a 4570 10016 256
a 4571 912 64
a 4572 59488 64
a 4573 13360 64
a 4574 1440 64
a 4575 1408 256
a 4576 15760 64
a 4577 1920 64
a 4578 38224 64
a 4579 9216 16
a 4580 29152 16
a 4581 32256 16
a 4582 4640 64
a 4583 2080 256
a 4584 5632 64
a 4585 1104 256
a 4586 3920 16
a 4587 17296 16
a 4588 17328 16
a 4589 45424 256
a 4590 496 256
a 4591 288 64
a 4592 2544 256
a 4593 1440 256
a 4594 46944 16
a 4595 8688 16
a 4596 5168 256
a 4597 816 16
a 4598 7280 256
a 4599 288 16
a 4600 2608 64
a 4601 37264 16
a 4602 2944 16
a 4603 7312 256
a 4604 432 256
a 4605 1680 64
a 4606 37216 16
a 4607 25744 256
a 4608 896 16
a 4609 960 64
a 4610 24256 64
a 4611 24304 256
a 4612 24736 16
a 4613 18336 16
a 4614 1472 64
a 4615 62880 16
a 4616 35952 256
a 4617 576 16
a 4618 416 256
a 4619 10288 64
a 4620 6672 64
a 4621 55392 256
a 4622 448 256
a 4623 2144 256
a 4624 2112 256
a 4625 48432 16
a 4626 1584 256
a 4627 50560 256
a 4628 10464 64
a 4629 11824 64
a 4630 672 16
a 4631 25568 16
a 4632 9408 16
a 4633 6944 64
a 4634 4048 256
a 4635 24752 64
a 4636 944 64
a 4637 7696 256
a 4638 544 16
a 4639 57248 16
a 4640 14256 64
a 4641 1088 64
a 4642 272 256
a 4643 3200 16
a 4644 45440 16
a 4645 40560 256
a 4646 432 256
a 4647 23488 16
a 4648 42832 256
a 4649 336 256
a 4650 512 16
a 4651 28848 256
a 4652 2880 64
a 4653 54912 64
a 4654 1424 256
a 4655 816 16
a 4656 4768 16
a 4657 20400 16
a 4658 12912 256
a 4659 368 256
a 4660 8240 16
a 4661 1472 64
a 4662 48800 16
a 4663 784 64
a 4664 5040 64
a 4665 2544 256
a 4666 432 256
a 4667 31312 256
a 4668 4304 64
a 4669 464 256
a 4670 15440 64
a 4671 1776 64
a 4672 512 16
a 4673 720 256
a 4674 17504 256
a 4675 2128 64
a 4676 11024 256
a 4677 18960 16
a 4678 16368 16
a 4679 6192 64
a 4680 1200 256
a 4681 63616 16
a 4682 7456 16
a 4683 2768 64
a 4684 6528 16
a 4685 384 256
a 4686 31408 256
a 4687 2080 64
a 4688 5936 256
a 4689 27584 256
a 4690 5312 64
a 4691 2320 64
a 4692 7344 256
a 4693 336 256
a 4694 1136 64
a 4695 1808 16
a 4696 30928 256
a 4697 288 16
a 4698 35840 256
a 4699 336 256
a 4700 1040 16
a 4701 2048 256
a 4702 3904 64
a 4703 624 256
a 4704 5824 64
a 4705 5264 64
a 4706 3424 16
a 4707 7312 64
a 4708 1360 16
a 4709 1792 256
a 4710 2128 64
a 4711 1104 16
a 4712 2624 16
a 4713 13536 256
a 4714 272 16
a 4715 7072 16
a 4716 1888 16
a 4717 400 256
a 4718 2352 16
a 4719 2624 16
a 4720 3344 16
a 4721 800 256
a 4722 14672 256
a 4723 640 256
a 4724 11280 64
a 4725 4032 64
a 4726 6672 64
a 4727 1152 16
a 4728 14688 16
a 4729 1632 256
a 4730 10160 256
a 4731 14112 256
a 4732 1760 64
a 4733 15072 256
a 4734 9936 16
a 4735 4080 16
a 4736 288 64
a 4737 12896 16
a 4738 2656 64
a 4739 4224 16
a 4740 48048 64
a 4741 6432 256
a 4742 288 256
a 4743 34384 256
a 4744 18160 64
a 4745 7648 64
a 4746 16096 16
a 4747 22784 256
a 4748 39072 64
a 4749 55504 256
a 4750 848 16
a 4751 1552 16
a 4752 7680 256
a 4753 528 256
a 4754 320 256
a 4755 14000 16
a 4756 320 16
a 4757 368 256
a 4758 304 256
a 4759 8544 64
a 4760 2432 256
a 4761 304 256
a 4762 3744 16
a 4763 2464 64
a 4764 1616 64
a 4765 432 64
a 4766 944 64
a 4767 47024 64
a 4768 21520 256
a 4769 19504 256
a 4770 31408 16
a 4771 3152 64
a 4772 4080 256
a 4773 22864 16
a 4774 1152 64
a 4775 480 16
a 4776 1104 64
a 4777 9040 256
a 4778 416 64
a 4779 7760 16
a 4780 10704 64
a 4781 5664 256
a 4782 880 16
a 4783 1936 64
a 4784 26704 16
a 4785 15936 16
a 4786 9344 16
a 4787 336 256
a 4788 11856 256
a 4789 272 16
a 4790 10592 16
a 4791 4128 256
a 4792 10512 64
a 4793 3312 64
a 4794 14432 256
a 4795 1888 64
a 4796 368 16
a 4797 1600 256
a 4798 1424 256
a 4799 2176 64
a 4800 4864 256
a 4801 6352 256
a 4802 3200 64
a 4803 2480 64
a 4804 368 64
a 4805 23584 256
a 4806 3440 16
a 4807 4000 16
a 4808 7920 16
a 4809 6592 256
a 4810 4384 64
a 4811 7552 16
a 4812 23840 256
a 4813 1488 256
a 4814 3104 256
a 4815 61472 64
a 4816 448 16
a 4817 3600 64
a 4818 352 16
a 4819 11008 256
a 4820 7040 256
a 4821 384 16
a 4822 1808 64
a 4823 608 64
a 4824 880 64
a 4825 496 64
a 4826 39136 16
a 4827 1632 256
a 4828 6672 64
a 4829 288 256
a 4830 768 64
a 4831 5776 64
a 4832 1792 256
a 4833 6496 256
a 4834 31360 64
a 4835 1472 16
a 4836 304 256
a 4837 640 16
a 4838 3616 16
a 4839 19296 64
a 4840 49680 64
a 4841 2384 64
a 4842 3712 256
a 4843 2992 64
a 4844 33968 16
a 4845 24608 64
a 4846 41664 64
a 4847 416 64
a 4848 464 64
a 4849 4928 256
a 4850 1904 16
a 4851 14880 16
a 4852 352 256
a 4853 45456 256
a 4854 9152 64
a 4855 57808 16
a 4856 8128 16
a 4857 5136 256
a 4858 44560 16
a 4859 320 16
a 4860 18960 16
a 4861 1600 64
a 4862 6640 16
a 4863 640 256
a 4864 7872 16
a 4865 544 256
a 4866 3968 64
a 4867 60784 256
a 4868 2000 16
a 4869 40192 16
a 4870 880 16
a 4871 13424 16
a 4872 5792 256
a 4873 5408 16
a 4874 44784 256
a 4875 61152 256
a 4876 2480 16
a 4877 45232 16
a 4878 2608 64
a 4879 28592 256
a 4880 1536 16
a 4881 3568 64
a 4882 3968 16
a 4883 2336 64
a 4884 4816 256
a 4885 1904 256
a 4886 6112 256
a 4887 512 256
a 4888 560 16
a 4889 784 64
a 4890 4048 16
a 4891 4800 16
a 4892 47696 16
a 4893 2816 256
a 4894 2016 64
a 4895 8416 16
a 4896 2912 64
a 4897 15904 256
a 4898 1984 16
a 4899 560 16
a 4900 944 16
a 4901 576 64
a 4902 352 64
a 4903 1888 16
a 4904 8400 256
a 4905 1024 64
a 4906 720 256
a 4907 512 256
a 4908 512 256
a 4909 26928 16
a 4910 57696 256
a 4911 16560 16
a 4912 11728 256
a 4913 47568 256
a 4914 3168 256
a 4915 3872 64
a 4916 59728 16
a 4917 416 16
a 4918 5984 16
a 4919 12800 16
a 4920 37936 64
a 4921 1120 64
a 4922 60080 16
a 4923 960 16
a 4924 1376 256
a 4925 3072 16
a 4926 10352 256
a 4927 16496 64
a 4928 1856 64
a 4929 54208 64
a 4930 1200 16
a 4931 30080 64
a 4932 34240 16
a 4933 42608 256
a 4934 39056 16
a 4935 2000 256
a 4936 8928 16
a 4937 11136 64
a 4938 14272 64
a 4939 19760 16
a 4940 480 64
a 4941 416 64
a 4942 816 16
a 4943 416 16
a 4944 30640 256
a 4945 352 16
a 4946 19744 256
a 4947 5584 256
a 4948 43136 64
a 4949 9808 16
a 4950 7072 256
a 4951 25920 16
a 4952 61744 64
a 4953 9232 64
a 4954 26336 256
a 4955 59136 256
a 4956 944 64
a 4957 34064 256
a 4958 44384 64
a 4959 448 256
a 4960 28736 256
a 4961 992 16
a 4962 3824 256
a 4963 29168 64
a 4964 19152 256
a 4965 4384 16
a 4966 432 256
a 4967 8480 256
a 4968 864 256
a 4969 20368 256
a 4970 12048 256
a 4971 3632 256
a 4972 3792 16
a 4973 61264 64
a 4974 1312 16
a 4975 15008 64
a 4976 1824 16
a 4977 7344 16
a 4978 1088 16
a 4979 448 64
a 4980 50640 16
a 4981 21808 256
a 4982 57152 16
a 4983 7200 64
a 4984 1648 64
a 4985 52784 256
a 4986 16176 256
a 4987 448 256
a 4988 26736 16
a 4989 4240 64
a 4990 37888 64
a 4991 576 16
a 4992 3744 64
a 4993 400 16
a 4994 40960 64
a 4995 3824 64
a 4996 4640 256
a 4997 39184 256
a 4998 304 16
a 4999 14896 16
a 5000 2528 64
a 5001 11904 16
a 5002 2752 256
a 5003 560 64
a 5004 17088 64
a 5005 7616 256
a 5006 1616 64
a 5007 24112 16
a 5008 6352 64
a 5009 53632 256
a 5010 432 256
a 5011 848 256
a 5012 3344 64
a 5013 3520 16
a 5014 624 16
a 5015 12880 16
a 5016 3216 256
a 5017 7936 64
a 5018 4496 16
a 5019 15296 256
a 5020 16144 64
a 5021 7568 256
a 5022 8032 256
a 5023 432 16
a 5024 2832 64
a 5025 1280 64
a 5026 1088 16
a 5027 336 256
a 5028 16192 16
a 5029 464 16
a 5030 1184 256
a 5031 61984 16
a 5032 1184 16
a 5033 18736 16
a 5034 832 256
a 5035 896 16
a 5036 928 64
a 5037 31120 256
a 5038 12368 64
a 5039 27568 16
a 5040 624 256
a 5041 496 256
a 5042 54688 256
a 5043 4416 16
a 5044 2656 256
a 5045 51472 256
a 5046 3584 256
a 5047 3904 256
a 5048 3152 64
a 5049 8080 64
a 5050 464 64
a 5051 53584 16
a 5052 3808 16
a 5053 416 16
a 5054 3920 256
a 5055 576 64
a 5056 8272 64
a 5057 25360 64
a 5058 27120 64
a 5059 352 256
a 5060 29712 16
a 5061 352 256
a 5062 8464 256
a 5063 9776 256
a 5064 24896 256
a 5065 1840 256
a 5066 61712 256
a 5067 14960 256
a 5068 52192 64
a 5069 416 256
a 5070 1344 256
a 5071 7888 64
a 5072 704 64
a 5073 848 16
a 5074 13440 256
a 5075 6624 16
a 5076 320 16
a 5077 656 64
a 5078 1184 16
a 5079 59536 256
a 5080 5424 16
a 5081 1424 16
a 5082 432 64
a 5083 2672 16
a 5084 1744 256
a 5085 1056 16
a 5086 432 16
a 5087 65200 256
a 5088 3504 16
a 5089 30320 16
a 5090 336 256
a 5091 272 16
a 5092 1568 16
a 5093 16320 64
a 5094 16544 16
a 5095 29216 256
a 5096 27472 16
a 5097 464 16
a 5098 12352 16
a 5099 14000 16
a 5100 27344 64
a 5101 1488 256
a 5102 320 16
a 5103 19088 64
a 5104 1296 16
a 5105 13552 16
a 5106 864 64
a 5107 4368 256
a 5108 56576 256
a 5109 8736 256
a 5110 64352 16
a 5111 10880 256
a 5112 3040 256
a 5113 48560 64
a 5114 608 64
a 5115 26480 64
a 5116 11392 16
a 5117 5872 16
a 5118 57136 256
a 5119 784 256
a 5120 480 64
a 5121 58032 64
a 5122 11408 16
a 5123 11808 16
a 5124 5024 256
a 5125 5792 16
a 5126 56448 16
a 5127 32224 256
a 5128 27984 16
a 5129 46128 64
a 5130 1696 256
a 5131 48496 256
a 5132 1904 256
a 5133 50240 64
a 5134 1200 16
a 5135 8784 16
a 5136 448 16
a 5137 1504 16
a 5138 1376 64
a 5139 16800 64
a 5140 464 16
a 5141 50560 256
a 5142 1856 64
a 5143 9504 64
a 5144 288 16
a 5145 6656 256
a 5146 768 256
a 5147 3152 16
a 5148 2272 16
a 5149 14480 256
a 5150 31536 16
a 5151 528 64
a 5152 50144 256
a 5153 2464 16
a 5154 688 64
a 5155 6160 256
a 5156 46192 64
a 5157 1440 256
a 5158 1248 16
a 5159 3680 64
a 5160 1056 16
a 5161 1632 256
a 5162 480 64
a 5163 13680 16
a 5164 2608 256
a 5165 4304 16
a 5166 512 256
a 5167 768 256
a 5168 4016 64
a 5169 36576 256
a 5170 58464 64
a 5171 24144 256
a 5172 3360 64
a 5173 64784 16
a 5174 19552 256
a 5175 26768 256
a 5176 4432 16
a 5177 25296 16
a 5178 8208 256
a 5179 3888 64
a 5180 18320 16
a 5181 31472 64
a 5182 2352 64
a 5183 1008 16
a 5184 352 16
a 5185 704 256
a 5186 3888 16
a 5187 25136 256
a 5188 992 256
a 5189 400 16
a 5190 26208 256
a 5191 1344 64
a 5192 7472 256
a 5193 2016 16
a 5194 55536 64
a 5195 1680 64
a 5196 28000 256
a 5197 1360 256
a 5198 25456 16
a 5199 1280 16
a 5200 45072 16
a 5201 784 64
a 5202 704 64
a 5203 11200 64
a 5204 37184 16
a 5205 4176 64
a 5206 576 64
a 5207 3840 16
a 5208 1024 16
a 5209 45056 64
a 5210 1744 16
a 5211 35712 64
a 5212 32064 64
a 5213 640 16
a 5214 288 16
a 5215 53888 16
a 5216 11648 64
a 5217 9120 64
a 5218 42816 256
a 5219 784 256
a 5220 672 16
a 5221 320 256
a 5222 352 64
a 5223 352 16
a 5224 832 16
a 5225 512 256
a 5226 7168 64
a 5227 1728 64
a 5228 864 16
a 5229 3568 256
a 5230 2224 16
a 5231 59264 16
a 5232 53104 64
a 5233 18144 16
a 5234 16640 16
a 5235 336 64
a 5236 58016 64
a 5237 752 256
a 5238 304 64
a 5239 25408 256
a 5240 30464 16
a 5241 27952 64
a 5242 1520 256
a 5243 47504 256
a 5244 1712 256
a 5245 896 256
a 5246 1152 64
a 5247 46320 16
a 5248 3088 64
a 5249 2160 64
a 5250 16432 16
a 5251 1008 16
a 5252 51216 16
a 5253 2672 64
a 5254 2112 64
a 5255 7856 16
a 5256 15504 16
a 5257 14784 256
a 5258 10528 256
a 5259 64624 16
a 5260 30080 16
a 5261 1056 16
a 5262 496 64
a 5263 16624 64
a 5264 8192 64
a 5265 288 16
a 5266 3296 64
a 5267 10464 256
a 5268 640 16
a 5269 2176 16
a 5270 384 64
a 5271 54304 64
a 5272 6480 16
a 5273 41504 256
a 5274 3520 16
a 5275 544 64
a 5276 56768 256
a 5277 2608 64
a 5278 768 16
a 5279 1536 16
a 5280 34528 256
a 5281 560 64
a 5282 12288 16
a 5283 512 16
a 5284 38480 256
a 5285 2464 256
a 5286 2560 64
a 5287 6848 256
a 5288 1552 256
a 5289 912 64
a 5290 42288 64
a 5291 800 256
a 5292 11264 16
a 5293 960 16
a 5294 26128 256
a 5295 432 256
a 5296 320 256
a 5297 6864 16
a 5298 832 16
a 5299 7728 64
a 5300 1632 64
a 5301 42976 64
a 5302 14240 64
a 5303 52832 16
a 5304 20608 16
a 5305 4160 16
a 5306 28432 16
a 5307 496 256
a 5308 1360 64
a 5309 1104 64
a 5310 21616 64
a 5311 14128 256
a 5312 5072 256
a 5313 41920 256
a 5314 47616 64
a 5315 480 256
a 5316 9552 16
a 5317 57376 64
a 5318 6432 256
a 5319 2960 256
a 5320 6192 16
a 5321 576 256
a 5322 304 16
a 5323 1296 256
a 5324 5648 256
a 5325 1936 256
a 5326 26560 256
a 5327 27888 16
a 5328 2192 256
a 5329 512 16
a 5330 4096 256
a 5331 2160 64
a 5332 3360 64
a 5333 992 16
a 5334 5648 256
a 5335 400 256
a 5336 832 16
a 5337 20528 16
a 5338 384 64
a 5339 2224 256
a 5340 31296 64
a 5341 2928 16
a 5342 480 256
a 5343 5824 256
a 5344 11680 64
a 5345 4080 16
a 5346 39216 64
a 5347 31600 64
a 5348 12704 64
a 5349 1664 16
a 5350 17792 256
a 5351 512 64
a 5352 1344 16
a 5353 288 16
a 5354 416 16
a 5355 22304 64
a 5356 65424 16
a 5357 11312 64
a 5358 16144 256
a 5359 448 256
a 5360 52512 64
a 5361 14480 64
a 5362 512 64
a 5363 496 64
a 5364 5536 16
a 5365 16176 256
a 5366 5184 16
a 5367 2064 64
a 5368 5328 256
a 5369 400 64
a 5370 23472 256
a 5371 288 64
a 5372 27296 64
a 5373 576 64
a 5374 992 64
a 5375 1872 16
a 5376 640 256
a 5377 15808 256
a 5378 42432 16
a 5379 272 16
a 5380 3472 256
a 5381 14144 256
a 5382 5632 256
a 5383 3408 64
a 5384 56032 256
a 5385 25856 16
a 5386 18912 16
a 5387 32016 64
a 5388 49728 64
a 5389 3472 64
a 5390 1552 256
a 5391 5472 16
a 5392 1472 256
a 5393 2816 64
a 5394 1760 256
a 5395 9568 64
a 5396 28176 256
a 5397 7984 64
a 5398 15296 256
a 5399 12656 16
a 5400 1616 64
a 5401 43248 64
a 5402 14992 16
a 5403 11904 16
a 5404 384 64
a 5405 14896 64
a 5406 448 64
a 5407 20560 64
a 5408 10912 256
a 5409 5968 64
a 5410 49328 64
a 5411 6800 64
a 5412 31760 64
a 5413 16544 256
a 5414 10160 256
a 5415 1152 16
a 5416 7664 64
a 5417 3008 16
a 5418 1360 16
a 5419 1808 64
a 5420 352 16
a 5421 13696 64
a 5422 23392 64
a 5423 608 256
a 5424 46624 64
a 5425 704 64
a 5426 368 16
a 5427 1024 64
a 5428 672 64
a 5429 496 16
a 5430 21376 64
a 5431 5088 16
a 5432 304 256
a 5433 8752 256
a 5434 752 256
a 5435 11632 64
a 5436 7472 64
a 5437 9952 64
a 5438 7088 64
a 5439 2880 64
a 5440 752 64
a 5441 2128 64
a 5442 9648 256
a 5443 62944 16
a 5444 9200 64
a 5445 21616 256
a 5446 56000 256
a 5447 17568 256
a 5448 448 16
a 5449 1072 64
a 5450 8944 64
a 5451 480 256
a 5452 19952 64
a 5453 3856 64
a 5454 13168 64
a 5455 50688 16
a 5456 57088 64
a 5457 464 64
a 5458 39424 256
a 5459 7536 16
a 5460 6320 64
a 5461 10112 256
a 5462 320 16
a 5463 2624 256
a 5464 6176 64
a 5465 2528 64
a 5466 9312 64
a 5467 11552 64
a 5468 352 16
a 5469 5456 16
a 5470 6640 256
a 5471 10528 64
a 5472 24736 64
a 5473 30848 64
a 5474 928 64
a 5475 1216 64
a 5476 36528 16
a 5477 672 16
a 5478 288 64
a 5479 15616 256
a 5480 3344 16
a 5481 14640 256
a 5482 1904 64
a 5483 2256 64
a 5484 17792 256
a 5485 352 16
a 5486 29968 64
a 5487 320 256
a 5488 47136 64
a 5489 464 64
a 5490 23184 256
a 5491 12688 16
a 5492 496 64
a 5493 27984 256
a 5494 14416 16
a 5495 14032 16
a 5496 10928 16
a 5497 19168 64
a 5498 29200 256
a 5499 7072 16
a 5500 34128 16
a 5501 60176 16
a 5502 7760 16
a 5503 1120 64
a 5504 36192 256
a 5505 16944 16
a 5506 2080 256
a 5507 3872 64
a 5508 13344 64
a 5509 32624 256
a 5510 15920 256
a 5511 60800 16
a 5512 1984 16
a 5513 2048 16
a 5514 16832 16
a 5515 14928 16
a 5516 1280 256
a 5517 51072 64
a 5518 2832 16
a 5519 1024 16
a 5520 1968 16
a 5521 9600 64
a 5522 40768 64
a 5523 384 256
a 5524 39488 64
a 5525 672 64
a 5526 3760 256
a 5527 480 256
a 5528 13168 256
a 5529 272 16
a 5530 14496 256
a 5531 20144 64
a 5532 33120 16
a 5533 22672 64
a 5534 3776 256
a 5535 272 16
a 5536 432 16
a 5537 63088 16
a 5538 1008 64
a 5539 2192 256
a 5540 400 16
a 5541 28928 16
a 5542 2208 16
a 5543 1488 16
a 5544 3040 64
a 5545 1984 256
a 5546 19536 16
a 5547 13120 256
a 5548 1200 16
a 5549 368 256
a 5550 51984 256
a 5551 51344 256
a 5552 3920 256
a 5553 4016 16
a 5554 3024 16
a 5555 1616 256
a 5556 16192 64
a 5557 39680 64
a 5558 320 16
a 5559 12496 256
a 5560 1888 64
a 5561 624 16
a 5562 29296 16
a 5563 34272 16
a 5564 32336 16
a 5565 1344 16
a 5566 1936 64
a 5567 336 256
a 5568 39440 64
a 5569 1328 64
a 5570 17824 256
a 5571 4464 16
a 5572 54032 16
a 5573 8240 256
a 5574 9632 256
a 5575 384 256
a 5576 2912 16
a 5577 27728 16
a 5578 22608 256
a 5579 1824 256
a 5580 416 64
a 5581 9584 16
a 5582 832 256
a 5583 1072 16
a 5584 4752 16
a 5585 2048 16
a 5586 3856 256
a 5587 14880 16
a 5588 1344 64
a 5589 272 64
a 5590 7328 256
a 5591 20064 256
a 5592 1328 16
a 5593 5744 256
a 5594 1744 256
a 5595 22944 64
a 5596 1248 16
a 5597 1824 16
a 5598 15376 256
a 5599 4352 64
a 5600 10992 64
a 5601 1904 256
a 5602 1392 16
a 5603 33392 16
a 5604 4720 16
a 5605 880 64
a 5606 9600 64
a 5607 1824 64
a 5608 816 16
a 5609 53232 256
a 5610 2544 256
a 5611 7840 64
a 5612 27200 64
a 5613 800 256
a 5614 1216 64
a 5615 50528 256
a 5616 45536 256
a 5617 11568 256
a 5618 4272 64
a 5619 10464 16
a 5620 21520 256
a 5621 21296 16
a 5622 27376 64
a 5623 37184 16
a 5624 848 256
a 5625 61552 16
a 5626 3872 256
a 5627 576 64
a 5628 1888 256
a 5629 64384 256
a 5630 3312 16
a 5631 21504 16
a 5632 416 64
a 5633 11168 256
a 5634 26496 16
a 5635 2064 16
a 5636 31344 16
a 5637 656 64
a 5638 5696 256
a 5639 1248 256
a 5640 416 256
a 5641 54784 16
a 5642 464 256
a 5643 14800 64
a 5644 800 16
a 5645 464 256
a 5646 17280 16
a 5647 12992 16
a 5648 4800 64
a 5649 512 256
a 5650 29312 16
a 5651 4240 16
a 5652 400 256
a 5653 752 64
a 5654 15072 256
a 5655 7680 256
a 5656 656 64
a 5657 15680 256
a 5658 9888 64
a 5659 656 64
a 5660 4704 64
a 5661 5248 16
a 5662 50448 64
a 5663 12160 16
a 5664 912 64
a 5665 416 64
a 5666 864 256
a 5667 480 64
a 5668 1376 64
a 5669 50720 256
a 5670 6448 16
a 5671 28608 64
a 5672 896 256
a 5673 3856 64
a 5674 15200 64
a 5675 9616 64
a 5676 512 256
a 5677 10704 256
a 5678 480 16
a 5679 7088 16
a 5680 3472 16
a 5681 62432 16
a 5682 16496 256
a 5683 12400 16
a 5684 19712 16
a 5685 288 16
a 5686 2320 256
a 5687 400 64
a 5688 28336 64
a 5689 1584 256
a 5690 38752 16
a 5691 12816 256
a 5692 30400 256
a 5693 672 256
a 5694 1376 256
a 5695 368 256
a 5696 992 16
a 5697 1968 256
a 5698 3856 256
a 5699 672 256
a 5700 1072 64
a 5701 944 256
a 5702 1584 16
a 5703 944 16
a 5704 304 256
a 5705 1280 64
a 5706 1648 64
a 5707 39344 256
a 5708 2672 16
a 5709 8192 16
a 5710 9424 256
a 5711 6752 256
a 5712 3552 16
a 5713 1328 256
a 5714 5072 256
a 5715 4976 256
a 5716 416 64
a 5717 1856 64
a 5718 1776 256
a 5719 544 256
a 5720 640 256
a 5721 496 16
a 5722 4208 16
a 5723 5424 16
a 5724 29184 64
a 5725 19056 64
a 5726 1120 64
a 5727 944 64
a 5728 320 256
a 5729 61040 64
a 5730 2240 256
a 5731 22656 64
a 5732 1776 64
a 5733 6192 64
a 5734 608 256
a 5735 47376 16
a 5736 2864 64
a 5737 23856 256
a 5738 12896 64
a 5739 34208 256
a 5740 3744 64
a 5741 26512 64
a 5742 13120 256
a 5743 1520 16
a 5744 57360 256
a 5745 38224 64
a 5746 21424 16
a 5747 2688 16
a 5748 3392 256
a 5749 1136 256
a 5750 848 256
a 5751 640 16
a 5752 1488 64
a 5753 6432 64
a 5754 64064 256
a 5755 2880 256
a 5756 27584 16
a 5757 16352 256
a 5758 20736 16
a 5759 784 256
a 5760 368 16
a 5761 448 16
a 5762 35376 256
a 5763 1168 256
a 5764 464 256
a 5765 512 256
a 5766 5680 256
a 5767 9536 64
a 5768 1184 16
a 5769 19456 64
a 5770 44960 16
a 5771 3680 64
a 5772 52192 16
a 5773 7184 16
a 5774 3136 16
a 5775 336 256
a 5776 6656 64
a 5777 5968 16
a 5778 544 16
a 5779 4256 64
a 5780 38096 256
a 5781 592 256
a 5782 992 16
a 5783 4064 64
a 5784 400 16
a 5785 34304 64
a 5786 39968 256
a 5787 9792 256
a 5788 1008 256
a 5789 6032 64
a 5790 9792 16
a 5791 11696 256
a 5792 16192 16
a 5793 592 16
a 5794 3680 256
a 5795 5440 256
a 5796 2992 64
a 5797 23712 16
a 5798 21264 256
a 5799 400 16
a 5800 10672 64
a 5801 41952 256
a 5802 4816 256
a 5803 688 256
a 5804 1280 256
a 5805 8800 64
a 5806 9456 64
a 5807 19616 16
a 5808 544 64
a 5809 416 256
a 5810 3152 16
a 5811 752 64
a 5812 2688 64
a 5813 15776 64
a 5814 11104 256
a 5815 2352 16
a 5816 4608 64
a 5817 384 16
a 5818 40448 64
a 5819 1616 64
a 5820 608 16
a 5821 7488 16
a 5822 512 16
a 5823 7008 16
a 5824 5840 64
a 5825 46352 16
a 5826 560 64
a 5827 4080 16
a 5828 49840 16
a 5829 15664 256
a 5830 880 256
a 5831 9184 256
a 5832 3840 256
a 5833 23744 256
a 5834 61584 256
a 5835 368 16
a 5836 2928 256
a 5837 22608 64
a 5838 21504 64
a 5839 1152 256
a 5840 14672 16
a 5841 1552 64
a 5842 304 64
a 5843 2128 256
a 5844 2160 16
a 5845 7120 256
a 5846 8160 64
a 5847 2656 256
a 5848 3264 256
a 5849 272 256
a 5850 5728 16
a 5851 29056 256
a 5852 7584 256
a 5853 14768 256
a 5854 448 64
a 5855 6576 64
a 5856 28048 16
a 5857 38672 16
a 5858 1600 64
a 5859 3104 64
a 5860 25344 64
a 5861 51472 16
a 5862 12160 64
a 5863 3312 256
a 5864 27216 16
a 5865 12512 16
a 5866 51552 64
a 5867 14944 16
a 5868 13248 256
a 5869 576 64
a 5870 11552 16
a 5871 512 64
a 5872 384 256
a 5873 7600 64
a 5874 368 16
a 5875 64208 16
a 5876 13248 16
a 5877 560 256
a 5878 1824 256
a 5879 640 16
a 5880 912 16
a 5881 13872 16
a 5882 1632 64
a 5883 22432 64
a 5884 18016 64
a 5885 40080 64
a 5886 17312 16
a 5887 34736 256
a 5888 720 64
a 5889 688 64
a 5890 24480 64
a 5891 1440 64
a 5892 14752 16
a 5893 3888 16
a 5894 64624 256
a 5895 5376 64
a 5896 61952 16
a 5897 11104 256
a 5898 1184 64
a 5899 864 64
a 5900 7376 64
a 5901 10144 16
a 5902 31648 64
a 5903 7840 16
a 5904 1456 16
a 5905 5152 64
a 5906 1904 256
a 5907 2000 16
a 5908 7360 16
a 5909 576 64
a 5910 432 64
a 5911 3840 64
a 5912 29408 256
a 5913 1856 16
a 5914 7488 256
a 5915 496 256
a 5916 2144 16
a 5917 544 64
a 5918 59200 64
a 5919 416 16
a 5920 432 256
a 5921 11104 64
a 5922 17648 64
a 5923 15312 256
a 5924 304 256
a 5925 14064 256
a 5926 1552 256
a 5927 384 16
a 5928 24064 64
a 5929 9776 16
a 5930 352 256
a 5931 57376 16
a 5932 65040 256
a 5933 11456 16
a 5934 5696 64
a 5935 1024 16
a 5936 10112 256
a 5937 736 16
a 5938 54656 256
a 5939 1168 64
a 5940 736 64
a 5941 2752 256
a 5942 61744 64
a 5943 1152 256
a 5944 384 64
a 5945 53984 16
a 5946 2416 64
a 5947 560 256
a 5948 6368 256
a 5949 832 64
a 5950 20896 256
a 5951 6528 256
a 5952 656 256
a 5953 1392 16
a 5954 1728 16
a 5955 592 256
a 5956 352 16
a 5957 35888 16
a 5958 2352 64
a 5959 8464 64
a 5960 1504 64
a 5961 5376 64
a 5962 2592 16
a 5963 24992 16
a 5964 55728 64
a 5965 592 64
a 5966 22976 64
a 5967 640 256
a 5968 624 16
a 5969 1792 256
a 5970 8912 16
a 5971 5872 16
a 5972 7472 64
a 5973 3120 64
a 5974 1680 256
a 5975 26688 256
a 5976 51632 64
a 5977 12416 64
a 5978 7344 64
a 5979 52320 256
a 5980 928 16
a 5981 49888 64
a 5982 20208 64
a 5983 62320 64
a 5984 1024 256
a 5985 6688 64
a 5986 624 64
a 5987 62736 64
a 5988 752 64
a 5989 7968 16
a 5990 864 64
a 5991 22192 64
a 5992 400 16
a 5993 12080 256
a 5994 496 64
a 5995 752 64
a 5996 25856 16
a 5997 3904 64
a 5998 21616 64
a 5999 432 64
a 6000 800 64
a 6001 464 256
a 6002 28240 16
a 6003 5728 16
a 6004 15600 256
a 6005 61904 256
a 6006 6368 64
a 6007 6096 256
a 6008 10528 64
a 6009 12768 16
a 6010 400 256
a 6011 384 256
a 6012 2832 64
a 6013 5504 16
a 6014 720 256
a 6015 5776 64
a 6016 5728 256
a 6017 27680 16
a 6018 22848 64
a 6019 848 16
a 6020 52208 16
a 6021 27056 256
a 6022 27840 16
a 6023 7840 256
a 6024 1616 64
a 6025 576 256
a 6026 3680 256
a 6027 32272 256
a 6028 1712 256
a 6029 768 256
a 6030 464 16
a 6031 21824 64
a 6032 5040 256
a 6033 11696 256
a 6034 3776 64
a 6035 3552 64
a 6036 2608 16
a 6037 3056 256
a 6038 44976 16
a 6039 272 256
a 6040 432 64
a 6041 32448 64
a 6042 3424 64
a 6043 5088 256
a 6044 4640 256
a 6045 3120 64
a 6046 14304 16
a 6047 46816 256
a 6048 3296 16
a 6049 29008 64
a 6050 27360 256
a 6051 4576 64
a 6052 2736 16
a 6053 7952 64
a 6054 2800 16
a 6055 672 256
a 6056 40640 256
a 6057 3056 64
a 6058 4496 16
a 6059 2032 256
a 6060 32976 16
a 6061 7952 64
a 6062 3712 256
a 6063 51040 16
a 6064 1184 256
a 6065 26656 16
a 6066 3856 64
a 6067 496 64
a 6068 3840 256
a 6069 3376 16
a 6070 736 64
a 6071 25008 256
a 6072 368 64
a 6073 14480 64
a 6074 1936 256
a 6075 704 16
a 6076 30768 16
a 6077 832 16
a 6078 2624 256
a 6079 1136 64
a 6080 2832 64
a 6081 912 64
a 6082 15248 16
a 6083 13904 256
a 6084 912 256
a 6085 50832 16
a 6086 41440 256
a 6087 3104 256
a 6088 1520 16
a 6089 480 256
a 6090 13120 16
a 6091 53584 64
a 6092 17600 256
a 6093 4448 16
a 6094 4544 64
a 6095 3920 256
a 6096 288 16
a 6097 640 256
a 6098 3408 16
a 6099 384 16
a 6100 64320 64
a 6101 22224 256
a 6102 47424 64
a 6103 46128 64
a 6104 56160 64
a 6105 31664 16
a 6106 688 16
a 6107 49488 256
a 6108 37760 64
a 6109 7392 16
a 6110 512 64
a 6111 15312 64
a 6112 64432 256
a 6113 352 64
a 6114 4112 64
a 6115 26112 16
a 6116 672 64
a 6117 800 256
a 6118 512 256
a 6119 4224 16
a 6120 15056 256
a 6121 1040 64
a 6122 4480 256
a 6123 320 64
a 6124 848 64
a 6125 3072 64
a 6126 21392 64
a 6127 368 256
a 6128 18080 256
a 6129 39616 256
a 6130 3632 64
a 6131 592 64
a 6132 10480 64
a 6133 4080 64
a 6134 31456 16
a 6135 14848 256
a 6136 2160 16
a 6137 14832 16
a 6138 1200 256
a 6139 19360 64
a 6140 4384 16
a 6141 8016 64
a 6142 3824 64
a 6143 5072 16
a 6144 2000 16
a 6145 27712 16
a 6146 48048 16
a 6147 1888 64
a 6148 13104 16
a 6149 9104 256
a 6150 864 64
a 6151 4864 64
a 6152 4224 64
a 6153 800 16
a 6154 12048 16
a 6155 608 16
a 6156 720 64
a 6157 4400 16
a 6158 2320 64
a 6159 3696 64
a 6160 15056 16
a 6161 544 64
a 6162 63920 64
a 6163 6944 16
a 6164 1344 256
a 6165 1424 64
a 6166 4080 16
a 6167 30608 256
a 6168 7440 64
a 6169 736 256
a 6170 1376 256
a 6171 4400 64
a 6172 608 16
a 6173 896 64
a 6174 52048 64
a 6175 720 64
a 6176 13776 64
a 6177 17040 64
a 6178 656 256
a 6179 2576 64
a 6180 368 16
a 6181 20912 16
a 6182 12384 256
a 6183 17680 256
a 6184 352 16
a 6185 256 16
a 6186 512 256
a 6187 1440 16
a 6188 42416 16
a 6189 38480 16
a 6190 33040 64
a 6191 752 16
a 6192 7840 256
a 6193 288 256
a 6194 4096 256
a 6195 37760 256
a 6196 4000 256
a 6197 304 64
a 6198 30688 256
a 6199 16384 256
a 6200 10912 256
a 6201 384 64
a 6202 1904 256
a 6203 3520 256
a 6204 6032 64
a 6205 1152 256
a 6206 15568 256
a 6207 40688 16
a 6208 12496 64
a 6209 3952 256
a 6210 496 64
a 6211 272 16
a 6212 50640 16
a 6213 1344 64
a 6214 6224 256
a 6215 1360 64
a 6216 1120 256
a 6217 1056 16
a 6218 2800 64
a 6219 1248 64
a 6220 45472 256
a 6221 28560 64
a 6222 23344 64
a 6223 1472 64
a 6224 960 64
a 6225 48400 64
a 6226 448 64
a 6227 46640 16
a 6228 1968 64
a 6229 544 16
a 6230 11808 64
a 6231 2928 256
a 6232 6240 64
a 6233 11744 64
a 6234 512 256
a 6235 1680 16
a 6236 336 64
a 6237 34912 16
a 6238 7504 256
a 6239 6832 16
a 6240 3392 16
a 6241 15040 256
a 6242 2880 256
a 6243 272 64
a 6244 336 256
a 6245 3520 256
a 6246 10832 64
a 6247 61920 16
a 6248 832 256
a 6249 3760 256
a 6250 880 64
a 6251 9696 64
a 6252 1312 16
a 6253 2208 64
a 6254 1040 64
a 6255 12128 64
a 6256 3152 256
a 6257 10192 256
a 6258 19488 256
a 6259 54304 16
a 6260 4128 64
a 6261 28176 256
a 6262 2224 16
a 6263 576 256
a 6264 4256 256
a 6265 1040 64
a 6266 11568 64
a 6267 47456 16
a 6268 336 256
a 6269 63856 64
a 6270 704 256
a 6271 21168 64
a 6272 41264 64
a 6273 6448 64
a 6274 13072 16
a 6275 21488 16
a 6276 1072 256
a 6277 29088 16
a 6278 6320 16
a 6279 2720 64
a 6280 10192 16
a 6281 7984 256
a 6282 2800 256
a 6283 23152 256
a 6284 3856 16
a 6285 55392 16
a 6286 49008 64
a 6287 1168 256
a 6288 4912 256
a 6289 384 64
a 6290 5552 64
a 6291 560 16
a 6292 47024 16
a 6293 8224 64
a 6294 48688 16
a 6295 46112 64
a 6296 1456 256
a 6297 54192 16
a 6298 34368 16
a 6299 384 64
a 6300 6256 256
a 6301 4048 256
a 6302 720 64
a 6303 3040 64
a 6304 11936 256
a 6305 45504 256
a 6306 14352 64
a 6307 5168 256
a 6308 13264 64
a 6309 12352 64
a 6310 480 16
a 6311 11376 16
a 6312 47168 256
a 6313 8288 256
a 6314 848 16
a 6315 22048 16
a 6316 6336 256
a 6317 688 64
a 6318 2336 256
a 6319 24096 256
a 6320 59504 256
a 6321 41632 256
a 6322 43712 256
a 6323 27456 256
a 6324 512 64
a 6325 336 16
a 6326 5920 16
a 6327 3952 16
a 6328 57456 64
a 6329 16000 256
a 6330 36160 256
a 6331 1104 256
a 6332 1152 256
a 6333 22288 16
a 6334 10320 64
a 6335 10320 64
a 6336 51056 16
a 6337 56272 256
a 6338 4096 256
a 6339 720 16
a 6340 512 16
a 6341 4624 16
a 6342 14800 16
a 6343 688 64
a 6344 2688 64
a 6345 15712 256
a 6346 32064 64
a 6347 7008 16
a 6348 656 64
a 6349 1104 256
a 6350 496 16
a 6351 480 16
a 6352 3024 16
a 6353 1200 256
a 6354 5216 16
a 6355 53968 64
a 6356 1840 256
a 6357 44256 256
a 6358 5728 64
a 6359 35408 64
a 6360 2976 64
a 6361 5152 256
a 6362 30128 256
a 6363 22320 64
a 6364 58384 256
a 6365 8432 64
a 6366 15824 256
a 6367 4288 64
a 6368 1008 256
a 6369 2928 256
a 6370 26672 256
a 6371 7104 256
a 6372 38480 64
a 6373 19760 16
a 6374 15856 16
a 6375 9376 16
a 6376 2048 64
a 6377 1312 64
a 6378 22736 64
a 6379 23808 256
a 6380 7376 64
a 6381 31840 64
a 6382 17488 256
a 6383 11936 64
a 6384 64896 256
a 6385 20368 16
a 6386 7088 256
a 6387 3696 256
a 6388 448 256
a 6389 7296 64
a 6390 384 16
a 6391 42400 64
a 6392 4480 16
a 6393 35568 16
a 6394 11056 16
a 6395 1104 16
a 6396 15552 16
a 6397 320 16
a 6398 6144 16
a 6399 31312 256
a 6400 784 64
a 6401 19984 16
a 6402 1168 64
a 6403 272 64
a 6404 1024 16
a 6405 3184 64
a 6406 2256 16
a 6407 8752 16
a 6408 53280 16
a 6409 23792 256
a 6410 31232 64
a 6411 10912 16
a 6412 37088 64
a 6413 1760 16
a 6414 16688 256
a 6415 21664 16
a 6416 11872 16
a 6417 848 16
a 6418 8176 16
a 6419 32688 16
a 6420 31088 256
a 6421 288 16
a 6422 11712 64
a 6423 8992 16
a 6424 400 256
a 6425 1376 16
a 6426 432 16
a 6427 1168 256
a 6428 1536 64
a 6429 3664 256
a 6430 592 256
a 6431 61200 16
a 6432 26032 64
a 6433 432 16
a 6434 58944 256
a 6435 36800 16
a 6436 3328 256
a 6437 688 16
a 6438 3968 256
a 6439 13568 64
a 6440 7968 16
a 6441 48416 64
a 6442 14000 64
a 6443 512 256
a 6444 61824 16
a 6445 13088 16
a 6446 53856 16
a 6447 5120 64
a 6448 416 256
a 6449 528 256
a 6450 1600 256
a 6451 8640 256
a 6452 9632 64
a 6453 3792 256
a 6454 16512 256
a 6455 432 256
a 6456 12192 64
a 6457 448 16
a 6458 608 64
a 6459 1952 64
a 6460 60544 64
a 6461 11280 64
a 6462 6448 16
a 6463 27824 256
a 6464 63712 64
a 6465 480 256
a 6466 2336 256
a 6467 63344 16
a 6468 39264 256
a 6469 56896 256
a 6470 15840 16
a 6471 30640 16
a 6472 13728 64
a 6473 64112 16
a 6474 5344 16
a 6475 24176 64
a 6476 2320 256
a 6477 1008 256
a 6478 14368 16
a 6479 2752 16
a 6480 400 16
a 6481 1024 64
a 6482 6992 256
a 6483 7136 256
a 6484 2496 64
a 6485 17888 16
a 6486 16096 16
a 6487 864 64
a 6488 320 16
a 6489 3248 256
a 6490 45920 256
a 6491 608 64
a 6492 1072 256
a 6493 26464 16
a 6494 3216 64
a 6495 3056 256
a 6496 18752 64
a 6497 1232 64
a 6498 1920 64
a 6499 18528 16
a 6500 44336 256
a 6501 3696 256
a 6502 62768 256
a 6503 1280 64
a 6504 8848 16
a 6505 4688 16
a 6506 64064 64
a 6507 272 64
a 6508 1808 256
a 6509 28912 16
a 6510 45184 256
a 6511 3248 16
a 6512 1536 64
a 6513 50480 256
a 6514 32368 64
a 6515 64976 16
a 6516 288 16
a 6517 2816 16
a 6518 1104 64
a 6519 33104 256
a 6520 896 16
a 6521 2704 64
a 6522 480 16
a 6523 320 16
a 6524 320 256
a 6525 5392 64
a 6526 44304 64
a 6527 4864 16
a 6528 62864 256
a 6529 58304 256
a 6530 4368 16
a 6531 19936 64
a 6532 7520 16
a 6533 320 16
a 6534 5824 256
a 6535 7664 16
a 6536 2672 64
a 6537 1536 16
a 6538 448 64
a 6539 12128 16
a 6540 336 64
a 6541 5808 256
a 6542 1104 16
a 6543 11104 64
a 6544 912 256
a 6545 19440 64
a 6546 28592 256
a 6547 1824 64
a 6548 11232 16
a 6549 14624 64
a 6550 752 16
a 6551 896 256
a 6552 59216 256
a 6553 1760 64
a 6554 5696 256
a 6555 1488 16
a 6556 624 256
a 6557 848 16
a 6558 41424 16
a 6559 2208 16
a 6560 1408 64
a 6561 3008 64
a 6562 58464 256
a 6563 704 256
a 6564 880 256
a 6565 3568 256
a 6566 1024 16
a 6567 1104 16
a 6568 944 64
a 6569 272 16
a 6570 400 64
a 6571 14912 64
a 6572 6928 256
a 6573 464 64
a 6574 3472 256
a 6575 33184 64
a 6576 1456 64
a 6577 2144 16
a 6578 496 64
a 6579 560 16
a 6580 2128 256
a 6581 1664 64
a 6582 1344 16
a 6583 6848 64
a 6584 20000 16
a 6585 14400 256
a 6586 7440 16
a 6587 24880 16
a 6588 46576 64
a 6589 432 64
a 6590 5184 64
a 6591 368 256
a 6592 1904 64
a 6593 512 256
a 6594 7328 64
a 6595 6256 256
a 6596 2608 64
a 6597 7824 64
a 6598 47824 64
a 6599 1520 16
a 6600 10784 256
a 6601 38624 64
a 6602 9840 16
a 6603 5232 64
a 6604 24560 16
a 6605 416 16
a 6606 464 64
a 6607 1424 16
a 6608 9920 16
a 6609 2096 64
a 6610 2736 16
a 6611 1744 16
a 6612 1472 64
a 6613 336 16
a 6614 4240 64
a 6615 3936 256
a 6616 7504 256
a 6617 24112 256
a 6618 608 256
a 6619 13824 16
a 6620 36512 256
a 6621 14416 256
a 6622 18416 256
a 6623 304 256
a 6624 4336 256
a 6625 8112 16
a 6626 880 256
a 6627 43104 64
a 6628 352 16
a 6629 288 256
a 6630 18192 64
a 6631 256 256
a 6632 8016 64
a 6633 448 16
a 6634 336 256
a 6635 3904 256
a 6636 2512 16
a 6637 2880 16
a 6638 912 256
a 6639 59200 16
a 6640 400 256
a 6641 3472 16
a 6642 38096 64
a 6643 54480 64
a 6644 60736 16
a 6645 272 256
a 6646 3024 64
a 6647 5392 256
a 6648 2224 64
a 6649 32144 16
a 6650 720 64
a 6651 13072 16
a 6652 14736 64
a 6653 2944 16
a 6654 6032 16
a 6655 2800 256
a 6656 7472 16
a 6657 19040 64
a 6658 5696 64
a 6659 2496 64
a 6660 1584 16
a 6661 6912 16
a 6662 25248 64
a 6663 320 16
a 6664 10224 256
a 6665 704 64
a 6666 272 256
a 6667 3824 16
a 6668 18656 16
a 6669 352 16
a 6670 62320 16
a 6671 512 16
a 6672 21120 16
a 6673 512 16
a 6674 32000 16
a 6675 12688 16
a 6676 12208 256
a 6677 5456 256
a 6678 3408 256
a 6679 13312 16
a 6680 3520 256
a 6681 6768 64
a 6682 18080 64
a 6683 7712 256
a 6684 19040 64
a 6685 6928 64
a 6686 2944 64
a 6687 52672 16
a 6688 272 64
a 6689 7696 256
a 6690 16128 16
a 6691 3232 256
a 6692 6992 16
a 6693 4208 256
a 6694 46960 256
a 6695 6928 64
a 6696 6480 16
a 6697 384 64
a 6698 768 16
a 6699 3104 16
a 6700 11568 64
a 6701 576 256
a 6702 1088 256
a 6703 272 64
a 6704 992 256
a 6705 27264 64
a 6706 26768 64
a 6707 768 256
a 6708 33824 64
a 6709 40368 16
a 6710 3248 256
a 6711 1888 16
a 6712 30848 256
a 6713 2992 256
a 6714 384 64
a 6715 768 16
a 6716 528 64
a 6717 432 16
a 6718 928 16
a 6719 800 256
a 6720 43920 16
a 6721 944 256
a 6722 2784 16
a 6723 1056 64
a 6724 1568 256
a 6725 464 16
a 6726 5376 256
a 6727 560 256
a 6728 5424 16
a 6729 4416 16
a 6730 1840 16
a 6731 16144 64
a 6732 9344 64
a 6733 2560 16
a 6734 29248 256
a 6735 5872 256
a 6736 672 16
a 6737 480 256
a 6738 14848 16
a 6739 12176 256
a 6740 1184 64
a 6741 368 64
a 6742 19232 16
a 6743 3392 64
a 6744 26112 256
a 6745 62400 256
a 6746 1952 16
a 6747 56736 64
a 6748 18464 64
a 6749 2560 256
a 6750 2208 64
a 6751 544 256
a 6752 3712 256
a 6753 2272 16
a 6754 9216 256
a 6755 416 256
a 6756 13072 256
a 6757 720 256
a 6758 10256 256
a 6759 10432 64
a 6760 688 16
a 6761 14400 16
a 6762 28944 256
a 6763 2880 16
a 6764 432 16
a 6765 60464 256
a 6766 40960 16
a 6767 23104 64
a 6768 12176 64
a 6769 1200 16
a 6770 1408 16
a 6771 6656 256
a 6772 25680 64
a 6773 304 16
a 6774 9008 256
a 6775 288 16
a 6776 5264 64
a 6777 19696 64
a 6778 42576 16
a 6779 3776 256
a 6780 8080 256
a 6781 5296 16
a 6782 30592 16
a 6783 4336 256
a 6784 1616 256
a 6785 51664 64
a 6786 7760 64
a 6787 2576 256
a 6788 608 256
a 6789 272 16
a 6790 848 16
a 6791 3904 64
a 6792 1680 64
a 6793 62576 256
a 6794 1776 256
a 6795 9200 256
a 6796 56144 256
a 6797 8032 16
a 6798 3632 64
a 6799 352 256
a 6800 55856 64
a 6801 2032 64
a 6802 1584 256
a 6803 15616 16
a 6804 11920 16
a 6805 1760 16
a 6806 16592 64
a 6807 1824 64
a 6808 592 256
a 6809 2224 256
a 6810 17088 16
a 6811 30736 256
a 6812 8640 256
a 6813 8032 64
a 6814 1824 64
a 6815 16768 16
a 6816 464 16
a 6817 3056 64
a 6818 7200 64
a 6819 3664 256
a 6820 1104 64
a 6821 7712 64
a 6822 11696 64
a 6823 10704 64
a 6824 55744 16
a 6825 6272 64
a 6826 6800 64
a 6827 1952 256
a 6828 21248 64
a 6829 6384 64
a 6830 592 16
a 6831 22464 256
a 6832 13824 256
a 6833 288 64
a 6834 3440 256
a 6835 960 256
a 6836 1632 256
a 6837 1792 64
a 6838 14480 16
a 6839 720 256
a 6840 688 256
a 6841 352 16
a 6842 39440 64
a 6843 30304 256
a 6844 576 16
a 6845 51712 64
a 6846 1872 64
a 6847 1072 16
a 6848 2016 256
a 6849 56352 64
a 6850 14512 256
a 6851 1152 64
a 6852 3456 256
a 6853 368 256
a 6854 2912 16
a 6855 7520 64
a 6856 1840 64
a 6857 4656 16
a 6858 816 16
a 6859 51040 16
a 6860 59328 64
a 6861 6912 64
a 6862 29232 64
a 6863 24144 256
a 6864 22896 256
a 6865 1152 256
a 6866 640 256
a 6867 912 16
a 6868 32608 64
a 6869 2016 64
a 6870 10432 64
a 6871 7552 64
a 6872 960 64
a 6873 640 256
a 6874 12816 256
a 6875 13744 256
a 6876 2608 16
a 6877 992 64
a 6878 5040 64
a 6879 38976 64
a 6880 3296 64
a 6881 53344 64
a 6882 6624 16
a 6883 32144 64
a 6884 336 16
a 6885 52592 16
a 6886 15840 16
a 6887 880 64
a 6888 3328 64
a 6889 4512 64
a 6890 320 256
a 6891 2080 64
a 6892 6992 64
a 6893 29888 256
a 6894 1808 256
a 6895 1040 256
a 6896 2528 64
a 6897 7776 256
a 6898 320 16
a 6899 7584 256
a 6900 800 64
a 6901 448 64
a 6902 5584 256
a 6903 2240 16
a 6904 5104 256
a 6905 3792 64
a 6906 14368 16
a 6907 27344 64
a 6908 6688 64
a 6909 20784 64
a 6910 31744 64
a 6911 496 64
a 6912 2016 256
a 6913 10832 256
a 6914 1728 16
a 6915 1792 16
a 6916 672 64
a 6917 7008 256
a 6918 6512 16
a 6919 560 16
a 6920 47648 256
a 6921 3344 64
a 6922 57104 16
a 6923 13360 256
a 6924 7264 64
a 6925 416 256
a 6926 272 64
a 6927 58896 16
a 6928 12272 256
a 6929 432 64
a 6930 464 64
a 6931 2784 64
a 6932 6576 64
a 6933 592 256
a 6934 31152 16
a 6935 7216 256
a 6936 30208 64
a 6937 656 64
a 6938 26160 256
a 6939 5504 64
a 6940 2832 256
a 6941 6400 256
a 6942 6624 256
a 6943 3216 64
a 6944 15248 256
a 6945 47136 16
a 6946 1616 16
a 6947 55600 256
a 6948 592 16
a 6949 848 16
a 6950 24992 256
a 6951 5600 256
a 6952 1472 16
a 6953 6336 64
a 6954 41344 64
a 6955 63712 16
a 6956 1776 16
a 6957 2016 64
a 6958 624 256
a 6959 2672 16
a 6960 960 256
a 6961 2976 64
a 6962 7168 64
a 6963 55024 64
a 6964 1984 16
a 6965 30896 256
a 6966 272 64
a 6967 368 256
a 6968 25376 64
a 6969 12240 16
a 6970 60032 64
a 6971 2832 16
a 6972 60144 16
a 6973 1936 64
a 6974 39936 256
a 6975 352 16
a 6976 1840 256
a 6977 384 16
a 6978 7568 64
a 6979 24208 16
a 6980 24080 64
a 6981 16240 16
a 6982 1200 256
a 6983 960 64
a 6984 1296 256
a 6985 23856 16
a 6986 624 16
a 6987 25840 256
a 6988 10320 16
a 6989 1840 256
a 6990 16624 256
a 6991 7104 16
a 6992 2288 64
a 6993 26096 16
a 6994 304 16
a 6995 14368 64
a 6996 30016 64
a 6997 2496 256
a 6998 912 64
a 6999 50304 16
a 7000 432 64
a 7001 4784 16
a 7002 4112 256
a 7003 15728 64
a 7004 5088 256
a 7005 1616 64
a 7006 7792 16
a 7007 4368 16
a 7008 21248 16
a 7009 1696 16
a 7010 28176 64
a 7011 6656 256
a 7012 512 16
a 7013 2384 16
a 7014 5408 256
a 7015 1728 16
a 7016 416 16
a 7017 24656 64
a 7018 21264 64
a 7019 1536 64
a 7020 4448 64
a 7021 272 256
a 7022 4816 256
a 7023 3792 256
a 7024 2384 64
a 7025 7216 16
a 7026 17728 256
a 7027 1504 16
a 7028 1072 256
a 7029 432 64
a 7030 24688 256
a 7031 320 64
a 7032 10432 16
a 7033 1264 16
a 7034 8960 256
a 7035 44144 16
a 7036 57184 64
a 7037 5744 256
a 7038 1920 16
a 7039 272 16
a 7040 26672 256
a 7041 288 256
a 7042 7856 64
a 7043 416 256
a 7044 496 16
a 7045 1008 256
a 7046 6176 16
a 7047 304 16
a 7048 1632 256
a 7049 912 64
a 7050 34752 16
a 7051 2048 16
a 7052 33456 64
a 7053 4624 64
a 7054 37024 64
a 7055 1024 16
a 7056 2928 256
a 7057 6176 64
a 7058 288 16
a 7059 4208 256
a 7060 6432 256
a 7061 24512 16
a 7062 39952 16
a 7063 34496 256
a 7064 22528 256
a 7065 12944 16
a 7066 352 64
a 7067 1920 64
a 7068 880 64
a 7069 560 256
a 7070 28064 16
a 7071 2096 64
a 7072 6256 64
a 7073 9616 16
a 7074 960 256
a 7075 7856 16
a 7076 32960 16
a 7077 1776 64
a 7078 304 16
a 7079 24672 256
a 7080 58496 64
a 7081 42928 64
a 7082 23808 16
a 7083 4480 64
a 7084 2048 16
a 7085 31872 256
a 7086 29488 16
a 7087 40352 256
a 7088 3568 16
a 7089 39344 256
a 7090 1600 64
a 7091 336 16
a 7092 1776 16
a 7093 272 16
a 7094 27792 16
a 7095 2784 256
a 7096 528 64
a 7097 352 64
a 7098 4032 256
a 7099 432 64
a 7100 1104 64
a 7101 7600 16
a 7102 272 16
a 7103 2080 64
a 7104 3680 16
a 7105 22624 256
a 7106 32352 256
a 7107 576 256
a 7108 7456 16
a 7109 8176 256
a 7110 50688 256
a 7111 320 16
a 7112 5744 16
a 7113 2400 16
a 7114 6592 256
a 7115 1744 16
a 7116 272 16
a 7117 352 256
a 7118 2800 256
a 7119 26048 16
a 7120 58016 256
a 7121 56928 16
a 7122 20752 256
a 7123 1536 256
a 7124 64448 16
a 7125 23824 256
a 7126 1840 16
a 7127 3904 64
a 7128 784 256
a 7129 53792 16
a 7130 13424 16
a 7131 656 256
a 7132 416 256
a 7133 24064 256
a 7134 1056 16
a 7135 1536 256
a 7136 60400 16
a 7137 57184 64
a 7138 30128 16
a 7139 928 256
a 7140 1600 256
a 7141 21808 64
a 7142 1968 16
a 7143 19072 16
a 7144 56416 64
a 7145 7984 256
a 7146 3520 256
a 7147 47632 64
a 7148 448 16
a 7149 1600 64
a 7150 736 64
a 7151 15456 256
a 7152 1904 256
a 7153 1760 256
a 7154 29520 256
a 7155 11712 256
a 7156 4512 256
a 7157 7520 256
a 7158 1952 256
a 7159 560 64
a 7160 14736 16
a 7161 11984 16
a 7162 1776 16
a 7163 832 256
a 7164 464 256
a 7165 1952 64
a 7166 26736 256
a 7167 38656 64
a 7168 352 256
a 7169 16464 256
a 7170 2240 256
a 7171 752 64
a 7172 29744 16
a 7173 8064 64
a 7174 15552 16
a 7175 3056 256
a 7176 21200 16
a 7177 61840 16
a 7178 43136 256
a 7179 6880 16
a 7180 320 256
a 7181 1008 256
a 7182 3968 256
a 7183 368 256
a 7184 11536 16
a 7185 36624 256
a 7186 2048 16
a 7187 2560 64
a 7188 1904 64
a 7189 1536 256
a 7190 4752 64
a 7191 6624 256
a 7192 8864 16
a 7193 272 256
a 7194 400 64
a 7195 3648 16
a 7196 3520 16
a 7197 1312 256
a 7198 1872 64
a 7199 31296 16
a 7200 272 16
a 7201 33856 256
a 7202 51632 256
a 7203 336 64
a 7204 1824 16
a 7205 3552 64
a 7206 512 256
a 7207 30832 64
a 7208 464 256
a 7209 58848 64
a 7210 5440 64
a 7211 1072 64
a 7212 52096 16
a 7213 24400 64
a 7214 31104 64
a 7215 2304 16
a 7216 21520 256
a 7217 2880 64
a 7218 38448 16
a 7219 3648 64
a 7220 1664 256
a 7221 19504 16
a 7222 8080 64
a 7223 24976 16
a 7224 4960 16
a 7225 5488 256
a 7226 1488 64
a 7227 352 256
a 7228 352 16
a 7229 26048 256
a 7230 688 64
a 7231 1552 256
a 7232 23040 64
a 7233 11408 256
a 7234 1504 256
a 7235 3616 16
a 7236 1968 256
a 7237 63888 64
a 7238 54192 64
a 7239 560 256
a 7240 1152 64
a 7241 320 64
a 7242 50704 16
a 7243 26496 256
a 7244 896 64
a 7245 7072 16
a 7246 26224 16
a 7247 496 256
a 7248 4720 256
a 7249 1088 256
a 7250 10080 64
a 7251 3360 64
a 7252 3008 16
a 7253 272 256
a 7254 1296 16
a 7255 2048 256
a 7256 15760 256
a 7257 272 64
a 7258 55280 64
a 7259 10480 256
a 7260 1776 256
a 7261 48768 64
a 7262 22960 16
a 7263 10688 64
a 7264 544 64
a 7265 30624 64
a 7266 15696 256
a 7267 20688 16
a 7268 48352 256
a 7269 25184 64
a 7270 576 16
a 7271 1808 16
a 7272 13376 16
a 7273 29760 64
a 7274 4976 16
a 7275 39216 64
a 7276 5040 16
a 7277 1936 64
a 7278 2176 16
a 7279 21600 64
a 7280 21008 64
a 7281 3136 256
a 7282 8736 64
a 7283 14736 16
a 7284 320 64
a 7285 3088 16
a 7286 576 16
a 7287 1952 16
a 7288 2368 64
a 7289 54656 64
a 7290 832 16
a 7291 28816 256
a 7292 1744 256
a 7293 9920 64
a 7294 47072 16
a 7295 320 16
a 7296 5888 16
a 7297 800 64
a 7298 896 256
a 7299 6160 256
a 7300 1024 64
a 7301 672 256
a 7302 1680 64
a 7303 1440 64
a 7304 6384 256
a 7305 53136 16
a 7306 16368 16
a 7307 14112 16
a 7308 48304 256
a 7309 21232 256
a 7310 61280 64
a 7311 512 256
a 7312 42624 256
a 7313 28496 64
a 7314 1136 16
a 7315 6560 64
a 7316 400 64
a 7317 4880 64
a 7318 4608 64
a 7319 3440 16
a 7320 3856 16
a 7321 55712 64
a 7322 36080 64
a 7323 16256 256
a 7324 1376 16
a 7325 768 16
a 7326 1936 16
a 7327 384 64
a 7328 38016 256
a 7329 784 256
a 7330 19648 16
a 7331 2544 16
a 7332 2016 64
a 7333 10384 16
a 7334 4064 64
a 7335 14432 64
a 7336 752 64
a 7337 464 256
a 7338 4000 16
a 7339 848 16
a 7340 496 16
a 7341 2192 64
a 7342 24368 16
a 7343 3440 256
a 7344 4864 16
a 7345 1984 64
a 7346 3328 256
a 7347 28096 16
a 7348 1424 64
a 7349 16032 256
a 7350 31824 16
a 7351 512 256
a 7352 1664 16
a 7353 41824 256
a 7354 1248 16
a 7355 56864 16
a 7356 4528 64
a 7357 10736 16
a 7358 560 64
a 7359 11696 16
a 7360 480 16
a 7361 384 64
a 7362 400 64
a 7363 544 64
a 7364 7824 256
a 7365 33648 64
a 7366 12992 16
a 7367 336 64
a 7368 880 256
a 7369 688 64
a 7370 2016 16
a 7371 22640 64
a 7372 1360 256
a 7373 288 64
a 7374 2944 64
a 7375 32144 16
a 7376 464 16
a 7377 880 16
a 7378 592 256
a 7379 52896 64
a 7380 22640 256
a 7381 60912 256
a 7382 3872 64
a 7383 4080 64
a 7384 928 16
a 7385 960 256
a 7386 1184 16
a 7387 880 64
a 7388 3616 16
a 7389 496 64
a 7390 1328 256
a 7391 13360 256
a 7392 12016 256
a 7393 7920 16
a 7394 11344 16
a 7395 53264 16
a 7396 49392 16
a 7397 1424 256
a 7398 63312 64
a 7399 4816 256
a 7400 4784 16
a 7401 14064 256
a 7402 7184 64
a 7403 592 64
a 7404 400 16
a 7405 2080 64
a 7406 1952 64
a 7407 672 256
a 7408 640 16
a 7409 10144 256
a 7410 336 256
a 7411 3872 16
a 7412 9776 16
a 7413 1680 256
a 7414 34144 256
a 7415 2832 256
a 7416 272 16
a 7417 6928 16
a 7418 3472 16
a 7419 54416 16
a 7420 3808 256
a 7421 11520 64
a 7422 624 16
a 7423 6240 16
a 7424 992 64
a 7425 2128 64
a 7426 448 64
a 7427 944 64
a 7428 384 16
a 7429 4672 64
a 7430 55360 256
a 7431 368 64
a 7432 35904 16
a 7433 10096 16
a 7434 5168 16
a 7435 15680 256
a 7436 3632 256
a 7437 16368 256
a 7438 58144 16
a 7439 26432 256
a 7440 45056 64
a 7441 272 16
a 7442 17520 16
a 7443 40672 256
a 7444 352 64
a 7445 1712 256
a 7446 3504 64
a 7447 53392 16
a 7448 2864 64
a 7449 3152 64
a 7450 58640 256
a 7451 2016 256
a 7452 608 64
a 7453 448 64
a 7454 24128 64
a 7455 8800 256
a 7456 1312 64
a 7457 2672 16
a 7458 1264 64
a 7459 7456 256
a 7460 768 16
a 7461 61328 64
a 7462 31520 256
a 7463 5552 256
a 7464 55312 16
a 7465 7920 256
a 7466 31568 256
a 7467 704 64
a 7468 44720 256
a 7469 18768 256
a 7470 1840 64
a 7471 12320 256
a 7472 1664 16
a 7473 688 256
a 7474 336 16
a 7475 13520 64
a 7476 57712 16
a 7477 352 16
a 7478 2176 64
a 7479 960 16
a 7480 544 64
a 7481 2160 64
a 7482 512 64
a 7483 8672 256
a 7484 25632 64
a 7485 1792 256
a 7486 1808 16
a 7487 34928 256
a 7488 3120 256
a 7489 368 256
a 7490 11280 256
a 7491 3984 64
a 7492 14720 64
a 7493 19456 16
a 7494 8096 16
a 7495 496 16
a 7496 3392 16
a 7497 33440 64
a 7498 1584 64
a 7499 54528 256
a 7500 4160 64
a 7501 832 16
a 7502 58096 256
a 7503 42192 16
a 7504 15472 256
a 7505 7136 64
a 7506 2304 64
a 7507 2528 16
a 7508 3760 16
a 7509 29552 16
a 7510 1024 256
a 7511 2368 256
a 7512 1712 64
a 7513 512 64
a 7514 13824 64
a 7515 736 64
a 7516 3952 256
a 7517 16480 64
a 7518 480 16
a 7519 14432 64
a 7520 1408 256
a 7521 1184 256
a 7522 368 256
a 7523 4032 256
a 7524 5264 256
a 7525 768 64
a 7526 4272 256
a 7527 17440 64
a 7528 30112 16
a 7529 34928 64
a 7530 1920 64
a 7531 2256 16
a 7532 32112 256
a 7533 10736 256
a 7534 30544 16
a 7535 448 16
a 7536 2512 64
a 7537 32720 64
a 7538 7536 256
a 7539 768 64
a 7540 528 16
a 7541 400 64
a 7542 608 64
a 7543 7040 16
a 7544 672 256
a 7545 57136 256
a 7546 320 256
a 7547 976 16
a 7548 37536 64
a 7549 2704 16
a 7550 36944 256
a 7551 39520 16
a 7552 6672 64
a 7553 40672 16
a 7554 336 64
a 7555 22544 16
a 7556 496 16
a 7557 752 64
a 7558 1920 256
a 7559 336 16
a 7560 976 16
a 7561 1584 64
a 7562 13424 256
a 7563 1280 256
a 7564 448 16
a 7565 31968 64
a 7566 4016 16
a 7567 1520 256
a 7568 16624 64
a 7569 512 64
a 7570 5840 64
a 7571 464 16
a 7572 50336 256
a 7573 58912 16
a 7574 496 256
a 7575 4864 16
a 7576 512 64
a 7577 768 64
a 7578 24704 256
a 7579 29520 64
a 7580 36704 64
a 7581 37600 64
a 7582 1056 16
a 7583 33120 64
a 7584 2256 64
a 7585 47440 256
a 7586 2016 16
a 7587 60576 256
a 7588 400 64
a 7589 65312 64
a 7590 46608 256
a 7591 15024 64
a 7592 7552 64
a 7593 7408 256
a 7594 6352 16
a 7595 3424 64
a 7596 19296 16
a 7597 13040 64
a 7598 3040 64
a 7599 36448 16
a 7600 3856 16
a 7601 15376 64
a 7602 1584 16
a 7603 14688 16
a 7604 13328 256
a 7605 37616 256
a 7606 848 256
a 7607 63792 64
a 7608 24960 64
a 7609 544 256
a 7610 672 256
a 7611 59088 256
a 7612 13184 16
a 7613 14736 64
a 7614 624 256
a 7615 400 64
a 7616 768 16
a 7617 60192 256
a 7618 7600 64
a 7619 22576 16
a 7620 320 16
a 7621 19504 256
a 7622 64656 16
a 7623 3040 256
a 7624 336 256
a 7625 42752 256
a 7626 3008 16
a 7627 288 16
a 7628 46448 64
a 7629 3328 256
a 7630 3376 16
a 7631 8848 64
a 7632 27280 64
a 7633 768 16
a 7634 1520 64
a 7635 416 16
a 7636 3648 64
a 7637 6112 256
a 7638 8800 16
a 7639 54992 16
a 7640 33792 256
a 7641 448 256
a 7642 46768 64
a 7643 29456 256
a 7644 10448 64
a 7645 4000 16
a 7646 11296 256
a 7647 40816 64
a 7648 5008 256
a 7649 848 64
a 7650 57424 16
a 7651 7552 64
a 7652 6352 16
a 7653 2288 64
a 7654 54784 16
a 7655 752 256
a 7656 2496 256
a 7657 11888 256
a 7658 13536 16
a 7659 11152 64
a 7660 400 64
a 7661 15568 16
a 7662 1248 64
a 7663 2896 16
a 7664 576 16
a 7665 12384 64
a 7666 6416 64
a 7667 6576 64
a 7668 56080 256
a 7669 496 64
a 7670 7888 64
a 7671 10112 64
a 7672 6320 256
a 7673 1328 64
a 7674 12656 16
a 7675 928 64
a 7676 6848 64
a 7677 3104 16
a 7678 5104 256
a 7679 15600 64
a 7680 16768 256
a 7681 13536 16
a 7682 3152 16
a 7683 2048 16
a 7684 400 64
a 7685 22864 16
a 7686 7856 16
a 7687 38320 256
a 7688 4288 64
a 7689 480 16
a 7690 3776 16
a 7691 14528 64
a 7692 17024 64
a 7693 6144 16
a 7694 672 16
a 7695 1920 64
a 7696 40704 16
a 7697 3728 16
a 7698 2832 256
a 7699 784 16
a 7700 1808 16
a 7701 1008 16
a 7702 24944 64
a 7703 19104 16
a 7704 59760 64
a 7705 1328 16
a 7706 14832 64
a 7707 64368 256
a 7708 64080 256
a 7709 3568 64
a 7710 976 16
a 7711 24800 256
a 7712 544 64
a 7713 6208 16
a 7714 5248 16
a 7715 40592 64
a 7716 27168 64
a 7717 22432 16
a 7718 34048 64
a 7719 1936 256
a 7720 928 16
a 7721 448 256
a 7722 20528 256
a 7723 43040 16
a 7724 2528 256
a 7725 736 16
a 7726 2544 64
a 7727 31488 64
a 7728 512 256
a 7729 19472 16
a 7730 4320 64
a 7731 1056 64
a 7732 848 64
a 7733 5664 64
a 7734 12048 16
a 7735 9152 16
a 7736 39440 16
a 7737 1760 64
a 7738 31120 256
a 7739 6608 256
a 7740 54416 256
a 7741 368 64
a 7742 3600 16
a 7743 14784 64
a 7744 432 64
a 7745 10016 256
a 7746 8384 256
a 7747 21344 16
a 7748 57568 16
a 7749 288 64
a 7750 34368 16
a 7751 10384 64
a 7752 928 16
a 7753 2864 256
a 7754 1360 64
a 7755 14064 16
a 7756 11872 64
a 7757 848 256
a 7758 54000 64
a 7759 12944 16
a 7760 3600 64
a 7761 7952 64
a 7762 6304 256
a 7763 28288 64
a 7764 42032 16
a 7765 3728 64
a 7766 40976 16
a 7767 2928 256
a 7768 896 16
a 7769 288 256
a 7770 7984 64
a 7771 52416 64
a 7772 9824 64
a 7773 25664 256
a 7774 29792 256
a 7775 23632 16
a 7776 720 256
a 7777 1632 256
a 7778 3792 256
a 7779 960 64
a 7780 6832 16
a 7781 2064 64
a 7782 496 64
a 7783 38592 64
a 7784 1152 64
a 7785 4032 64
a 7786 31552 256
a 7787 416 256
a 7788 432 64
a 7789 976 64
a 7790 29456 64
a 7791 272 64
a 7792 736 64
a 7793 46064 64
a 7794 464 64
a 7795 19328 64
a 7796 1760 16
a 7797 1456 16
a 7798 2672 256
a 7799 624 16
a 7800 368 64
a 7801 22048 256
a 7802 448 256
a 7803 48624 16
a 7804 512 64
a 7805 1824 64
a 7806 3824 256
a 7807 1312 16
a 7808 912 256
a 7809 52976 16
a 7810 1040 256
a 7811 304 256
a 7812 13056 64
a 7813 52800 256
a 7814 50864 16
a 7815 976 64
a 7816 1264 16
a 7817 928 64
a 7818 17776 256
a 7819 2128 16
a 7820 7424 64
a 7821 1408 256
a 7822 7296 64
a 7823 416 256
a 7824 4288 64
a 7825 3248 16
a 7826 4672 64
a 7827 8128 16
a 7828 1056 16
a 7829 35168 64
a 7830 61856 256
a 7831 28416 16
a 7832 12720 64
a 7833 31840 16
a 7834 1408 16
a 7835 3328 16
a 7836 704 64
a 7837 64480 64
a 7838 6080 16
a 7839 23888 64
a 7840 5328 64
a 7841 10000 256
a 7842 48496 256
a 7843 384 64
a 7844 6336 16
a 7845 1392 64
a 7846 19936 256
a 7847 29664 64
a 7848 2288 256
a 7849 448 16
a 7850 688 64
a 7851 5792 16
a 7852 3840 16
a 7853 12864 256
a 7854 320 16
a 7855 976 256
a 7856 3536 64
a 7857 3280 256
a 7858 320 16
a 7859 51104 16
a 7860 352 64
a 7861 15472 16
a 7862 1744 64
a 7863 31856 16
a 7864 7936 16
a 7865 6768 64
a 7866 1200 64
a 7867 368 64
a 7868 2016 16
a 7869 3456 16
a 7870 3696 256
a 7871 896 16
a 7872 416 256
a 7873 41328 64
a 7874 2976 64
a 7875 896 256
a 7876 5248 256
a 7877 2656 256
a 7878 6992 256
a 7879 352 16
a 7880 40384 256
a 7881 2224 64
a 7882 1760 256
a 7883 1024 256
a 7884 896 16
a 7885 816 64
a 7886 1520 256
a 7887 5440 16
a 7888 1968 64
a 7889 640 256
a 7890 21184 256
a 7891 752 256
a 7892 22416 256
a 7893 19264 64
a 7894 3632 16
a 7895 19104 256
a 7896 35088 64
a 7897 624 256
a 7898 448 256
a 7899 1328 64
a 7900 352 256
a 7901 16000 64
a 7902 768 16
a 7903 608 256
a 7904 11424 256
a 7905 672 256
a 7906 576 256
a 7907 384 64
a 7908 1360 16
a 7909 14144 16
a 7910 3920 256
a 7911 4480 16
a 7912 528 64
a 7913 3072 256
a 7914 16560 256
a 7915 14480 16
a 7916 17024 16
a 7917 1632 16
a 7918 352 256
a 7919 2288 64
a 7920 13552 16
a 7921 28592 256
a 7922 592 256
a 7923 7696 256
a 7924 2576 64
a 7925 2032 256
a 7926 2592 256
a 7927 41504 16
a 7928 18688 16
a 7929 54080 256
a 7930 6272 16
a 7931 560 16
a 7932 8528 64
a 7933 3728 64
a 7934 432 64
a 7935 528 64
a 7936 304 16
a 7937 464 64
a 7938 62736 16
a 7939 1040 64
a 7940 2928 256
a 7941 10960 16
a 7942 2928 64
a 7943 592 256
a 7944 640 64
a 7945 2704 256
a 7946 4080 64
a 7947 2560 16
a 7948 624 64
a 7949 12208 16
a 7950 1648 16
a 7951 400 64
a 7952 20848 256
a 7953 416 256
a 7954 14464 256
a 7955 22944 64
a 7956 43952 16
a 7957 512 16
a 7958 9696 16
a 7959 304 64
a 7960 8496 256
a 7961 1104 16
a 7962 47552 16
a 7963 13712 16
a 7964 2656 16
a 7965 3808 64
a 7966 39568 16
a 7967 2640 16
a 7968 1280 256
a 7969 15136 16
a 7970 848 64
a 7971 15728 256
a 7972 496 16
a 7973 2320 256
a 7974 2512 16
a 7975 10928 256
a 7976 288 16
a 7977 11424 16
a 7978 15312 16
a 7979 480 16
a 7980 1712 256
a 7981 13104 64
a 7982 1248 16
a 7983 432 64
a 7984 14592 16
a 7985 33664 256
a 7986 496 16
a 7987 13088 16
a 7988 8736 256
a 7989 6640 16
a 7990 60384 64
a 7991 8928 16
a 7992 400 256
a 7993 976 256
a 7994 12096 64
a 7995 848 256
a 7996 31584 16
a 7997 3376 16
a 7998 40224 16
a 7999 544 256
a 8000 5936 16
a 8001 1760 64
a 8002 48176 64
a 8003 592 64
a 8004 10048 256
a 8005 1152 64
a 8006 56624 256
a 8007 45424 256
a 8008 48000 16
a 8009 304 16
a 8010 2080 64
a 8011 7408 16
a 8012 640 256
a 8013 12544 64
a 8014 29952 256
a 8015 3728 64
a 8016 768 256
a 8017 384 256
a 8018 432 256
a 8019 36032 256
a 8020 352 64
a 8021 12912 64
a 8022 4288 256
a 8023 368 16
a 8024 720 64
a 8025 4416 256
a 8026 3024 64
a 8027 46096 256
a 8028 688 64
a 8029 61344 256
a 8030 5904 256
a 8031 1072 64
a 8032 11696 64
a 8033 800 16
a 8034 18048 64
a 8035 1520 64
a 8036 288 256
a 8037 13120 16
a 8038 22992 64
a 8039 12976 16
a 8040 8800 64
a 8041 336 64
a 8042 23168 64
a 8043 848 256
a 8044 58576 64
a 8045 400 16
a 8046 6720 64
a 8047 7392 64
a 8048 29696 256
a 8049 13712 64
a 8050 64528 256
a 8051 544 16
a 8052 2272 64
a 8053 7872 64
a 8054 14432 256
a 8055 832 256
a 8056 5504 16
a 8057 14480 64
a 8058 1984 256
a 8059 53488 256
a 8060 1616 16
a 8061 5360 256
a 8062 6720 256
a 8063 1408 64
a 8064 30432 64
a 8065 7760 16
a 8066 1024 16
a 8067 480 64
a 8068 7872 256
a 8069 3120 256
a 8070 26896 16
a 8071 1840 16
a 8072 848 256
a 8073 496 256
a 8074 1296 16
a 8075 1472 64
a 8076 2336 64
a 8077 28048 256
a 8078 272 64
a 8079 784 16
a 8080 5216 64
a 8081 496 256
a 8082 336 64
a 8083 1616 64
a 8084 1648 256
a 8085 2928 16
a 8086 448 256
a 8087 31200 256
a 8088 912 16
a 8089 12224 64
a 8090 384 256
a 8091 1136 16
a 8092 576 64
a 8093 18224 64
a 8094 976 16
a 8095 44032 64
a 8096 37552 64
a 8097 1840 64
a 8098 880 256
a 8099 13968 16
a 8100 15728 256
a 8101 7632 256
a 8102 33600 256
a 8103 7520 256
a 8104 4656 256
a 8105 1280 16
a 8106 13232 64
a 8107 7728 16
a 8108 1088 16
a 8109 7424 16
a 8110 5760 256
a 8111 480 64
a 8112 5728 64
a 8113 432 256
a 8114 5088 64
a 8115 2192 16
a 8116 5280 16
a 8117 1600 16
a 8118 4208 256
a 8119 21264 64
a 8120 1376 64
a 8121 320 64
a 8122 1296 64
a 8123 1024 64
a 8124 4096 64
a 8125 42928 256
a 8126 7104 64
a 8127 29024 16
a 8128 336 64
a 8129 4304 64
a 8130 2224 16
a 8131 44592 256
a 8132 352 64
a 8133 1840 64
a 8134 336 16
a 8135 384 64
a 8136 11040 64
a 8137 44928 16
a 8138 44800 16
a 8139 14624 256
a 8140 384 16
a 8141 2848 16
a 8142 5808 256
a 8143 47632 64
a 8144 65056 256
a 8145 3968 256
a 8146 480 64
a 8147 6656 16
a 8148 35920 16
a 8149 1600 16
a 8150 6048 16
a 8151 336 16
a 8152 9648 64
a 8153 52576 16
a 8154 1568 256
a 8155 1776 16
a 8156 512 16
a 8157 9888 256
a 8158 1888 16
a 8159 2112 256
a 8160 480 16
a 8161 1008 64
a 8162 1328 16
a 8163 1584 64
a 8164 560 64
a 8165 32416 16
a 8166 5968 16
a 8167 400 256
a 8168 8320 16
a 8169 8432 256
a 8170 19792 16
a 8171 55344 64
a 8172 400 16
a 8173 6592 256
a 8174 13056 256
a 8175 16256 64
a 8176 1552 64
a 8177 61344 16
a 8178 944 64
a 8179 688 16
a 8180 2144 16
a 8181 25152 256
a 8182 912 64
a 8183 14032 64
a 8184 64272 64
a 8185 2288 64
a 8186 5424 16
a 8187 2624 64
a 8188 432 256
a 8189 672 16
a 8190 1952 256
a 8191 13984 16
a 8192 1424 16
a 8193 432 256
a 8194 1936 16
a 8195 1056 256
a 8196 624 64
a 8197 65104 64
a 8198 336 64
a 8199 31808 16
a 8200 3824 64
a 8201 528 64
a 8202 23936 16
a 8203 32224 16
a 8204 480 256
a 8205 25648 16
a 8206 5408 64
a 8207 45296 256
a 8208 6256 256
a 8209 816 16
a 8210 10128 64
a 8211 63344 64
a 8212 30464 16
a 8213 17712 64
a 8214 7856 64
a 8215 1392 16
a 8216 7680 64
a 8217 8240 64
a 8218 2464 256
a 8219 6640 16
a 8220 2128 16
a 8221 2752 64
a 8222 320 16
a 8223 704 64
a 8224 1952 16
a 8225 7664 64
a 8226 16720 16
a 8227 2000 16
a 8228 6752 256
a 8229 880 16
a 8230 272 256
a 8231 11120 64
a 8232 1808 16
a 8233 3104 256
a 8234 40944 16
a 8235 416 256
a 8236 15888 16
a 8237 4256 64
a 8238 2064 64
a 8239 320 64
a 8240 8112 16
a 8241 5552 256
a 8242 5440 256
a 8243 49488 64
a 8244 7280 16
a 8245 288 256
a 8246 352 256
a 8247 26192 256
a 8248 8000 256
a 8249 31904 16
a 8250 7328 64
a 8251 5856 16
a 8252 39648 16
a 8253 1808 16
a 8254 20544 64
a 8255 10208 16
a 8256 3088 256
a 8257 528 16
a 8258 1744 64
a 8259 1136 64
a 8260 9760 64
a 8261 8112 64
a 8262 8352 16
a 8263 16336 16
a 8264 1120 256
a 8265 848 64
a 8266 17168 64
a 8267 1536 64
a 8268 624 256
a 8269 6496 64
a 8270 7760 64
a 8271 416 16
a 8272 19952 16
a 8273 14304 256
a 8274 1008 16
a 8275 464 256
a 8276 29664 64
a 8277 5872 256
a 8278 14000 64
a 8279 36320 16
a 8280 12224 16
a 8281 1808 256
a 8282 4624 64
a 8283 8016 64
a 8284 944 256
a 8285 33040 16
a 8286 528 16
a 8287 8128 16
a 8288 18112 256
a 8289 592 16
a 8290 2192 256
a 8291 368 256
a 8292 5680 16
a 8293 10000 256
a 8294 2880 64
a 8295 1248 16
a 8296 18784 256
a 8297 6800 16
a 8298 58032 64
a 8299 432 16
a 8300 496 16
a 8301 4160 256
a 8302 4272 16
a 8303 16688 64
a 8304 4032 16
a 8305 12720 64
a 8306 768 16
a 8307 288 256
a 8308 7232 16
a 8309 7456 256
a 8310 688 256
a 8311 624 64
a 8312 35504 256
a 8313 13392 256
a 8314 944 256
a 8315 15248 16
a 8316 2592 64
a 8317 416 16
a 8318 38464 256
a 8319 10320 64
a 8320 64928 64
a 8321 2656 256
a 8322 64496 64
a 8323 22672 16
a 8324 46848 256
a 8325 43632 256
a 8326 35328 16
a 8327 6432 256
a 8328 992 64
a 8329 20560 256
a 8330 23520 64
a 8331 832 256
a 8332 528 64
a 8333 1984 16
a 8334 3120 16
a 8335 928 64
a 8336 61584 16
a 8337 2992 16
a 8338 512 16
a 8339 31440 256
a 8340 3424 256
a 8341 720 64
a 8342 912 256
a 8343 2288 256
a 8344 400 16
a 8345 17008 16
a 8346 1584 64
a 8347 2384 16
a 8348 15360 256
a 8349 688 256
a 8350 30144 256
a 8351 34688 256
a 8352 43984 64
a 8353 1248 16
a 8354 27376 64
a 8355 10832 256
a 8356 3872 64
a 8357 4064 16
a 8358 4752 16
a 8359 17584 64
a 8360 55552 64
a 8361 848 256
a 8362 3104 64
a 8363 416 64
a 8364 6336 16
a 8365 1008 16
a 8366 304 64
a 8367 60448 16
a 8368 7200 256
a 8369 41168 64
a 8370 816 16
a 8371 1376 16
a 8372 25312 16
a 8373 1024 16
a 8374 18576 64
a 8375 1168 64
a 8376 56800 16
a 8377 368 256
a 8378 864 64
a 8379 13840 256
a 8380 560 256
a 8381 2848 16
a 8382 34672 256
a 8383 1648 64
a 8384 2032 256
a 8385 1488 256
a 8386 5456 16
a 8387 288 256
a 8388 14288 16
a 8389 2224 16
a 8390 1776 64
a 8391 3904 256
a 8392 1472 16
a 8393 1424 256
a 8394 448 64
a 8395 4928 256
a 8396 46928 16
a 8397 4112 256
a 8398 480 256
a 8399 8544 64
a 8400 2672 16
a 8401 53344 256
a 8402 2832 64
a 8403 40848 256
a 8404 35056 16
a 8405 384 256
a 8406 2688 256
a 8407 976 64
a 8408 63232 64
a 8409 800 256
a 8410 18944 256
a 8411 15904 64
a 8412 1232 16
a 8413 1184 256
a 8414 35136 256
a 8415 26640 256
a 8416 1024 16
a 8417 13536 16
a 8418 496 256
a 8419 1808 16
a 8420 2432 64
a 8421 1200 64
a 8422 448 64
a 8423 14400 16
a 8424 19728 16
a 8425 53824 256
a 8426 1888 64
a 8427 640 64
a 8428 496 256
a 8429 2864 16
a 8430 784 64
a 8431 1264 256
a 8432 4256 64
a 8433 1344 16
a 8434 33168 64
a 8435 7008 64
a 8436 464 64
a 8437 31824 64
a 8438 49360 16
a 8439 15200 64
a 8440 47456 16
a 8441 5952 64
a 8442 12336 64
a 8443 6864 256
a 8444 3152 64
a 8445 17968 16
a 8446 42464 16
a 8447 34240 16
a 8448 4896 64
a 8449 1280 16
a 8450 1120 64
a 8451 35792 256
a 8452 2560 256
a 8453 28528 64
a 8454 11824 64
a 8455 432 64
a 8456 448 16
a 8457 46512 16
a 8458 912 64
a 8459 320 256
a 8460 848 16
a 8461 18384 16
a 8462 8032 256
a 8463 2240 64
a 8464 352 16
a 8465 2048 16
a 8466 816 64
a 8467 10800 64
a 8468 59024 64
a 8469 432 16
a 8470 704 256
a 8471 800 16
a 8472 912 16
a 8473 24800 16
a 8474 912 64
a 8475 496 256
a 8476 54224 256
a 8477 47536 16
a 8478 63056 256
a 8479 6656 64
a 8480 2544 256
a 8481 384 64
a 8482 11536 16
a 8483 6160 256
a 8484 3056 16
a 8485 29904 16
a 8486 8656 16
a 8487 7328 64
a 8488 3072 16
a 8489 400 64
a 8490 31328 256
a 8491 20368 256
a 8492 2512 256
a 8493 2640 16
a 8494 368 64
a 8495 51984 64
a 8496 336 256
a 8497 5888 64
a 8498 46240 256
a 8499 16320 16
a 8500 400 256
a 8501 25920 16
a 8502 832 64
a 8503 22288 16
a 8504 19648 256
a 8505 1648 64
a 8506 800 16
a 8507 480 64
a 8508 10848 64
a 8509 29120 16
a 8510 3248 16
a 8511 464 64
a 8512 288 16
a 8513 2000 16
a 8514 27904 256
a 8515 1072 256
a 8516 8800 16
a 8517 1504 16
a 8518 26656 256
a 8519 1888 64
a 8520 5744 16
a 8521 50400 64
a 8522 17136 256
a 8523 59888 256
a 8524 12880 64
a 8525 400 16
a 8526 336 64
a 8527 304 16
a 8528 400 256
a 8529 1600 64
a 8530 448 256
a 8531 16240 64
a 8532 4160 256
a 8533 704 64
a 8534 416 64
a 8535 1184 64
a 8536 62400 16
a 8537 784 64
a 8538 17936 16
a 8539 27472 256
a 8540 976 64
a 8541 1840 256
a 8542 54752 16
a 8543 15568 64
a 8544 4352 256
a 8545 56080 64
a 8546 272 256
a 8547 1344 64
a 8548 688 64
a 8549 11536 16
a 8550 32256 16
a 8551 1680 256
a 8552 11856 16
a 8553 13920 64
a 8554 47712 64
a 8555 1216 256
a 8556 1504 16
a 8557 400 64
a 8558 976 256
a 8559 4176 64
a 8560 9680 16
a 8561 9824 256
a 8562 7280 256
a 8563 2560 256
a 8564 18944 256
a 8565 63744 64
a 8566 10848 64
a 8567 576 256
a 8568 1680 16
a 8569 24224 16
a 8570 9648 256
a 8571 10432 256
a 8572 5088 16
a 8573 14032 64
a 8574 42608 256
a 8575 36448 64
a 8576 1872 64
a 8577 36368 16
a 8578 37760 64
a 8579 19184 256
a 8580 12832 256
a 8581 62640 16
a 8582 5744 64
a 8583 5008 256
a 8584 944 256
a 8585 11696 16
a 8586 6000 64
a 8587 432 16
a 8588 1776 256
a 8589 9808 64
a 8590 31296 256
a 8591 5536 256
a 8592 3248 16
a 8593 3856 16
a 8594 6608 64
a 8595 15328 16
a 8596 16256 64
a 8597 52992 256
a 8598 9936 64
a 8599 42672 64
a 8600 2720 64
a 8601 1952 64
a 8602 2336 256
a 8603 57984 64
a 8604 3280 16
a 8605 48720 16
a 8606 23952 16
a 8607 1696 256
a 8608 656 16
a 8609 272 16
a 8610 2912 256
a 8611 14896 16
a 8612 12672 16
a 8613 49008 256
a 8614 384 256
a 8615 592 64
a 8616 14752 16
a 8617 2976 64
a 8618 416 64
a 8619 992 256
a 8620 4480 16
a 8621 26320 16
a 8622 7584 256
a 8623 640 64
a 8624 2864 256
a 8625 368 16
a 8626 3392 256
a 8627 45088 64
a 8628 496 256
a 8629 47984 64
a 8630 42880 256
a 8631 3248 256
a 8632 31808 64
a 8633 416 16
a 8634 336 16
a 8635 1792 256
a 8636 3344 64
a 8637 9120 256
a 8638 60592 64
a 8639 1504 64
a 8640 11824 64
a 8641 496 64
a 8642 1360 16
a 8643 64080 64
a 8644 1472 256
a 8645 288 16
a 8646 1024 256
a 8647 320 16
a 8648 576 64
a 8649 320 64
a 8650 272 256
a 8651 21808 64
a 8652 272 256
a 8653 960 64
a 8654 496 16
a 8655 1600 64
a 8656 12480 64
a 8657 3728 256
a 8658 1536 64
a 8659 19888 256
a 8660 1888 16
a 8661 15760 64
a 8662 832 16
a 8663 1728 64
a 8664 416 64
a 8665 544 256
a 8666 2784 16
a 8667 3712 64
a 8668 448 64
a 8669 640 256
a 8670 304 256
a 8671 9232 64
a 8672 2704 256
a 8673 34064 256
a 8674 30784 256
a 8675 1248 64
a 8676 1232 16
a 8677 432 16
a 8678 46464 256
a 8679 928 16
a 8680 1392 256
a 8681 480 256
a 8682 58240 64
a 8683 432 64
a 8684 3488 256
a 8685 29312 256
a 8686 9264 16
a 8687 400 64
a 8688 528 256
a 8689 912 64
a 8690 6704 16
a 8691 976 256
a 8692 64688 64
a 8693 19824 256
a 8694 38912 64
a 8695 12976 256
a 8696 27552 64
a 8697 3056 256
a 8698 15376 16
a 8699 14656 64
a 8700 6160 256
a 8701 11728 256
a 8702 2848 16
a 8703 752 16
a 8704 6384 64
a 8705 416 16
a 8706 2400 64
a 8707 26096 16
a 8708 20048 256
a 8709 3536 256
a 8710 1072 64
a 8711 2272 64
a 8712 50432 256
a 8713 37488 64
a 8714 848 16
a 8715 464 256
a 8716 1296 256
a 8717 496 64
a 8718 39488 16
a 8719 336 256
a 8720 11952 64
a 8721 43696 16
a 8722 3200 64
a 8723 320 16
a 8724 4864 256
a 8725 2624 16
a 8726 32640 64
a 8727 2672 64
a 8728 1296 64
a 8729 31968 64
a 8730 736 256
a 8731 8000 256
a 8732 1456 16
a 8733 25648 256
a 8734 464 256
a 8735 11296 256
a 8736 2288 256
a 8737 7744 256
a 8738 47424 256
a 8739 19488 64
a 8740 816 64
a 8741 512 64
a 8742 496 64
a 8743 7920 16
a 8744 38832 16
a 8745 5024 256
a 8746 12544 256
a 8747 288 16
a 8748 64112 16
a 8749 8976 256
a 8750 2512 64
a 8751 2176 256
a 8752 60480 16
a 8753 25552 64
a 8754 30032 256
a 8755 528 64
a 8756 960 64
a 8757 12272 64
a 8758 928 16
a 8759 24128 16
a 8760 2048 16
a 8761 19984 64
a 8762 1104 256
a 8763 63728 256
a 8764 976 16
a 8765 704 64
a 8766 2048 256
a 8767 31456 16
a 8768 57792 64
a 8769 352 256
a 8770 304 16
a 8771 704 256
a 8772 592 256
a 8773 288 256
a 8774 12896 256
a 8775 960 16
a 8776 5472 16
a 8777 2512 256
a 8778 7904 16
a 8779 31680 16
a 8780 52880 256
a 8781 54896 16
a 8782 34960 64
a 8783 1888 256
a 8784 400 16
a 8785 2592 256
a 8786 1744 256
a 8787 25440 256
a 8788 800 64
a 8789 1312 64
a 8790 384 16
a 8791 272 64
a 8792 896 64
a 8793 56944 256
a 8794 22896 64
a 8795 2240 64
a 8796 1328 256
a 8797 52176 16
a 8798 46672 16
a 8799 63296 64
a 8800 27024 16
a 8801 28816 64
a 8802 5664 64
a 8803 368 256
a 8804 832 16
a 8805 11168 256
a 8806 1808 64
a 8807 1440 256
a 8808 56448 256
a 8809 1520 16
a 8810 15856 256
a 8811 8896 256
a 8812 1072 256
a 8813 3040 16
a 8814 320 16
a 8815 48224 256
a 8816 22432 16
a 8817 7136 64
a 8818 1840 64
a 8819 37152 16
a 8820 704 256
a 8821 976 16
a 8822 400 64
a 8823 1232 16
a 8824 2256 256
a 8825 6576 256
a 8826 352 16
a 8827 9136 16
a 8828 1312 16
a 8829 53136 256
a 8830 1408 16
a 8831 448 256
a 8832 56832 256
a 8833 17312 256
a 8834 976 64
a 8835 256 16
a 8836 24784 256
a 8837 320 16
a 8838 5360 64
a 8839 464 64
a 8840 17856 256
a 8841 3168 16
a 8842 3568 16
a 8843 4960 64
a 8844 5936 16
a 8845 896 64
a 8846 4096 16
a 8847 3984 64
a 8848 544 256
a 8849 1712 256
a 8850 4432 64
a 8851 24448 64
a 8852 1248 256
a 8853 40256 256
a 8854 7536 256
a 8855 19424 16
a 8856 62016 16
a 8857 8512 256
a 8858 992 64
a 8859 15088 16
a 8860 1856 256
a 8861 11568 64
a 8862 960 16
a 8863 7840 16
a 8864 31552 256
a 8865 2128 16
a 8866 7792 16
a 8867 880 256
a 8868 1952 256
a 8869 624 16
a 8870 14944 16
a 8871 448 64
a 8872 464 16
a 8873 5200 64
a 8874 5488 16
a 8875 13840 16
a 8876 4288 16
a 8877 1120 64
a 8878 63264 16
a 8879 6000 64
a 8880 48176 64
a 8881 1440 16
a 8882 28000 256
a 8883 3168 64
a 8884 2288 256
a 8885 7952 16
a 8886 22656 64
a 8887 45168 256
a 8888 31616 256
a 8889 2048 256
a 8890 2016 256
a 8891 13216 16
a 8892 31696 256
a 8893 36864 256
a 8894 992 256
a 8895 416 256
a 8896 288 64
a 8897 2912 64
a 8898 432 64
a 8899 1600 16
a 8900 1152 64
a 8901 304 64
a 8902 28864 64
a 8903 1568 64
a 8904 848 256
a 8905 10464 16
a 8906 1696 64
a 8907 50976 16
a 8908 832 16
a 8909 608 256
a 8910 1776 64
a 8911 25728 256
a 8912 848 16
a 8913 31808 16
a 8914 29232 256
a 8915 464 16
a 8916 7744 16
a 8917 5584 16
a 8918 30672 64
a 8919 17280 256
a 8920 688 64
a 8921 10384 64
a 8922 64224 256
a 8923 288 16
a 8924 816 64
a 8925 4832 64
a 8926 21024 64
a 8927 59936 64
a 8928 14864 16
a 8929 720 256
a 8930 2448 64
a 8931 2256 256
a 8932 640 64
a 8933 8560 256
a 8934 3696 256
a 8935 31920 64
a 8936 2064 64
a 8937 63936 16
a 8938 4064 16
a 8939 8816 16
a 8940 11312 64
a 8941 7424 16
a 8942 32576 64
a 8943 672 64
a 8944 6176 256
a 8945 864 16
a 8946 4512 256
a 8947 27584 64
a 8948 13632 64
a 8949 4192 16
a 8950 7872 64
a 8951 4048 256
a 8952 56432 16
a 8953 1088 16
a 8954 912 64
a 8955 512 256
a 8956 11936 64
a 8957 1024 64
a 8958 1296 16
a 8959 12880 16
a 8960 4736 64
a 8961 320 64
a 8962 29488 16
a 8963 8032 256
a 8964 6464 16
a 8965 4912 16
a 8966 6528 16
a 8967 1200 64
a 8968 21184 64
a 8969 28688 16
a 8970 21600 16
a 8971 34896 64
a 8972 944 256
a 8973 39536 256
a 8974 3952 16
a 8975 7056 16
a 8976 960 16
a 8977 832 256
a 8978 30672 16
a 8979 3920 64
a 8980 1824 16
a 8981 288 256
a 8982 47648 64
a 8983 1824 256
a 8984 11184 16
a 8985 63712 16
a 8986 4928 256
a 8987 3888 256
a 8988 53728 256
a 8989 2304 256
a 8990 16496 256
a 8991 1120 16
a 8992 1616 256
a 8993 336 256
a 8994 21824 64
a 8995 12304 256
a 8996 53472 64
a 8997 3024 16
a 8998 512 16
a 8999 24864 16
a 9000 7008 256
a 9001 272 16
a 9002 1200 64
a 9003 3856 256
a 9004 48080 64
a 9005 8816 256
a 9006 576 64
a 9007 720 256
a 9008 416 256
a 9009 5584 16
a 9010 60224 64
a 9011 15728 256
a 9012 720 256
a 9013 4192 16
a 9014 464 16
a 9015 1312 64
a 9016 528 64
a 9017 320 256
a 9018 36672 16
a 9019 48592 256
a 9020 576 64
a 9021 1520 64
a 9022 416 256
a 9023 592 64
a 9024 512 64
a 9025 976 64
a 9026 8144 16
a 9027 1040 64
a 9028 29616 16
a 9029 7648 16
a 9030 560 64
a 9031 7056 256
a 9032 4464 64
a 9033 2496 64
a 9034 18848 16
a 9035 13872 64
a 9036 26400 256
a 9037 608 64
a 9038 5776 64
a 9039 14640 64
a 9040 13584 16
a 9041 5360 64
a 9042 28192 64
a 9043 1104 16
a 9044 816 64
a 9045 7072 64
a 9046 864 256
a 9047 64992 64
a 9048 29504 64
a 9049 608 64
a 9050 576 64
a 9051 35280 16
a 9052 3888 256
a 9053 9808 256
a 9054 64720 16
a 9055 8240 16
a 9056 1856 256
a 9057 3360 64
a 9058 16832 256
a 9059 25008 256
a 9060 22480 64
a 9061 288 16
a 9062 1008 64
a 9063 11392 256
a 9064 624 64
a 9065 13728 16
a 9066 8848 64
a 9067 2960 64
a 9068 464 256
a 9069 29760 64
a 9070 10608 64
a 9071 368 64
a 9072 22976 256
a 9073 272 64
a 9074 4128 64
a 9075 1472 256
a 9076 8640 16
a 9077 1856 64
a 9078 14784 16
a 9079 33888 64
a 9080 1168 64
a 9081 2384 16
a 9082 448 256
a 9083 1856 256
a 9084 59072 16
a 9085 272 256
a 9086 8768 16
a 9087 7312 256
a 9088 8144 256
a 9089 800 256
a 9090 9520 16
a 9091 3568 16
a 9092 816 256
a 9093 1760 64
a 9094 4912 16
a 9095 10240 16
a 9096 1696 16
a 9097 15504 16
a 9098 4960 64
a 9099 6160 256
a 9100 13504 256
a 9101 13408 64
a 9102 1040 256
a 9103 5232 256
a 9104 256 256
a 9105 1232 256
a 9106 4848 256
a 9107 928 16
a 9108 288 16
a 9109 2208 64
a 9110 1632 16
a 9111 560 256
a 9112 288 16
a 9113 53168 16
a 9114 1008 256
a 9115 15600 64
a 9116 29536 256
a 9117 15440 64
a 9118 13056 16
a 9119 3840 256
a 9120 2144 16
a 9121 1984 16
a 9122 2848 64
a 9123 1008 16
a 9124 352 64
a 9125 58240 64
a 9126 992 64
a 9127 448 16
a 9128 7072 16
a 9129 464 16
a 9130 23424 16
a 9131 63344 16
a 9132 29744 16
a 9133 60528 256
a 9134 58848 16
a 9135 2192 256
a 9136 10320 16
a 9137 28384 64
a 9138 7088 256
a 9139 15552 256
a 9140 256 64
a 9141 7456 64
a 9142 1456 256
a 9143 27120 256
a 9144 5968 256
a 9145 15424 256
a 9146 1776 16
a 9147 512 256
a 9148 35600 16
a 9149 912 16
a 9150 50624 16
a 9151 736 256
a 9152 784 64
a 9153 576 64
a 9154 624 256
a 9155 38960 16
a 9156 6256 256
a 9157 1808 256
a 9158 60512 256
a 9159 28432 16
a 9160 4208 16
a 9161 13552 64
a 9162 61632 256
a 9163 3168 64
a 9164 30736 256
a 9165 688 16
a 9166 2032 64
a 9167 11936 256
a 9168 15552 64
a 9169 2064 64
a 9170 4720 256
a 9171 2576 256
a 9172 528 64
a 9173 816 256
a 9174 10656 16
a 9175 7248 64
a 9176 22384 256
a 9177 1760 64
a 9178 480 64
a 9179 57696 256
a 9180 51808 64
a 9181 3344 256
a 9182 368 64
a 9183 22448 16
a 9184 19664 64
a 9185 41648 64
a 9186 10976 16
a 9187 14960 16
a 9188 432 16
a 9189 880 256
a 9190 15568 16
a 9191 1936 16
a 9192 1216 64
a 9193 368 256
a 9194 432 16
a 9195 1872 256
a 9196 61920 16
a 9197 16976 256
a 9198 9776 16
a 9199 29552 16
a 9200 1584 16
a 9201 28768 16
a 9202 9264 256
a 9203 1824 256
a 9204 1024 64
a 9205 29056 256
a 9206 528 256
a 9207 3760 64
a 9208 1888 16
a 9209 13760 256
a 9210 14064 64
a 9211 1632 16
a 9212 15584 256
a 9213 1264 16
a 9214 4656 64
a 9215 512 64
a 9216 416 256
a 9217 11312 64
a 9218 31296 16
a 9219 25312 256
a 9220 416 64
a 9221 4448 16
a 9222 22640 16
a 9223 352 64
a 9224 32976 16
a 9225 960 16
a 9226 864 16
a 9227 1104 256
a 9228 1040 16
a 9229 9440 64
a 9230 320 256
a 9231 848 16
a 9232 18768 64
a 9233 54400 256
a 9234 4400 64
a 9235 50416 64
a 9236 57280 256
a 9237 21392 16
a 9238 49968 64
a 9239 6560 64
a 9240 43008 256
a 9241 57392 256
a 9242 400 16
a 9243 35088 256
a 9244 27312 256
a 9245 61392 16
a 9246 2128 64
a 9247 640 256
a 9248 384 64
a 9249 816 256
a 9250 4544 256
a 9251 1824 16
a 9252 54608 256
a 9253 15152 16
a 9254 1088 64
a 9255 26992 16
a 9256 368 64
a 9257 2224 16
a 9258 1472 64
a 9259 42944 16
a 9260 656 16
a 9261 16880 256
a 9262 38464 256
a 9263 816 256
a 9264 560 64
a 9265 3952 256
a 9266 1888 16
a 9267 5904 16
a 9268 11456 64
a 9269 720 64
a 9270 272 256
a 9271 528 16
a 9272 5024 256
a 9273 4464 64
a 9274 3888 64
a 9275 288 256
a 9276 736 256
a 9277 800 64
a 9278 28128 256
a 9279 2160 64
a 9280 416 256
a 9281 3232 16
a 9282 32560 16
a 9283 23856 256
a 9284 44592 16
a 9285 832 64
a 9286 3936 256
a 9287 256 256
a 9288 1584 16
a 9289 2544 64
a 9290 3552 16
a 9291 33376 64
a 9292 52880 64
a 9293 368 16
a 9294 2544 256
a 9295 480 64
a 9296 2960 16
a 9297 12064 16
a 9298 416 256
a 9299 50864 64
a 9300 2768 16
a 9301 33280 16
a 9302 53424 64
a 9303 4048 256
a 9304 1776 64
a 9305 368 16
a 9306 60064 16
a 9307 1744 256
a 9308 36496 16
a 9309 36512 16
a 9310 43456 64
a 9311 23504 64
a 9312 8560 16
a 9313 5728 256
a 9314 26208 64
a 9315 29776 16
a 9316 28992 16
a 9317 53040 16
a 9318 1728 256
a 9319 11648 64
a 9320 48144 64
a 9321 4048 16
a 9322 512 256
a 9323 10000 256
a 9324 1072 16
a 9325 50368 256
a 9326 11024 16
a 9327 1616 256
a 9328 16336 256
a 9329 14592 16
a 9330 3056 16
a 9331 816 64
a 9332 12976 256
a 9333 35520 64
a 9334 11104 16
a 9335 6880 64
a 9336 3280 256
a 9337 11040 16
a 9338 1440 64
a 9339 13360 256
a 9340 8160 64
a 9341 1424 16
a 9342 5776 16
a 9343 6000 64
a 9344 416 64
a 9345 19120 256
a 9346 288 16
a 9347 24416 256
a 9348 61760 64
a 9349 5872 64
a 9350 304 16
a 9351 512 256
a 9352 912 64
a 9353 592 256
a 9354 5264 16
a 9355 22320 16
a 9356 448 16
a 9357 26624 256
a 9358 14336 256
a 9359 3168 256
a 9360 1488 256
a 9361 6720 256
a 9362 8672 64
a 9363 576 256
a 9364 944 256
a 9365 864 16
a 9366 352 64
a 9367 6912 256
a 9368 4272 256
a 9369 1312 64
a 9370 9680 64
a 9371 10944 64
a 9372 14256 64
a 9373 288 64
a 9374 23680 256
a 9375 480 64
a 9376 61808 16
a 9377 480 16
a 9378 1888 64
a 9379 464 16
a 9380 56480 256
a 9381 29616 256
a 9382 464 16
a 9383 3568 16
a 9384 45136 64
a 9385 848 16
a 9386 32640 256
a 9387 464 16
a 9388 31456 16
a 9389 6496 256
a 9390 320 16
a 9391 7504 16
a 9392 320 64
a 9393 3824 16
a 9394 720 16
a 9395 20400 256
a 9396 1104 64
a 9397 560 16
a 9398 21120 256
a 9399 1488 64
a 9400 720 256
a 9401 2832 16
a 9402 1936 64
a 9403 28704 64
a 9404 15792 16
a 9405 20256 16
a 9406 20416 64
a 9407 448 64
a 9408 672 64
a 9409 22800 256
a 9410 4592 64
a 9411 656 16
a 9412 19840 64
a 9413 2320 64
a 9414 512 256
a 9415 352 16
a 9416 7968 64
a 9417 12096 64
a 9418 1392 64
a 9419 23504 256
a 9420 2080 256
a 9421 1088 64
a 9422 2032 64
a 9423 1712 16
a 9424 4800 64
a 9425 3712 16
a 9426 288 256
a 9427 23248 256
a 9428 2352 256
a 9429 304 16
a 9430 320 256
a 9431 6176 256
a 9432 1056 256
a 9433 51232 16
a 9434 9216 64
a 9435 6736 64
a 9436 832 64
a 9437 3760 256
a 9438 464 16
a 9439 4960 64
a 9440 592 256
a 9441 4864 64
a 9442 7120 16
a 9443 55344 16
a 9444 23360 64
a 9445 320 64
a 9446 3792 256
a 9447 336 256
a 9448 24416 64
a 9449 14064 16
a 9450 14160 256
a 9451 13072 16
a 9452 3424 16
a 9453 4272 16
a 9454 3360 64
a 9455 19312 64
a 9456 4208 16
a 9457 464 64
a 9458 12784 256
a 9459 352 256
a 9460 3808 16
a 9461 3744 64
a 9462 17888 64
a 9463 480 256
a 9464 288 64
a 9465 48160 16
a 9466 368 64
a 9467 28192 256
a 9468 288 256
a 9469 2048 64
a 9470 56368 16
a 9471 5072 64
a 9472 512 16
a 9473 896 16
a 9474 1472 256
a 9475 9200 16
a 9476 5920 64
a 9477 288 16
a 9478 720 256
a 9479 1968 16
a 9480 37792 64
a 9481 1872 64
a 9482 10672 16
a 9483 512 256
a 9484 54864 256
a 9485 45024 256
a 9486 49808 64
a 9487 768 16
a 9488 5552 64
a 9489 464 64
a 9490 1808 16
a 9491 10400 16
a 9492 18768 16
a 9493 6768 16
a 9494 4240 256
a 9495 25680 64
a 9496 13520 16
a 9497 1968 256
a 9498 9344 256
a 9499 400 256
a 9500 352 16
a 9501 288 16
a 9502 14992 64
a 9503 49680 64
a 9504 1472 256
a 9505 1792 64
a 9506 6512 256
a 9507 24432 64
a 9508 432 64
a 9509 1488 16
a 9510 8112 64
a 9511 720 16
a 9512 1024 16
a 9513 1984 16
a 9514 4544 64
a 9515 3552 256
a 9516 880 64
a 9517 400 16
a 9518 7728 64
a 9519 28656 16
a 9520 1504 256
a 9521 5856 256
a 9522 880 16
a 9523 61584 16
a 9524 1520 16
a 9525 5504 64
a 9526 42512 16
a 9527 3840 256
a 9528 3936 64
a 9529 28112 64
a 9530 2240 256
a 9531 512 64
a 9532 16144 16
a 9533 58288 256
a 9534 1568 64
a 9535 6576 64
a 9536 2160 64
a 9537 22864 16
a 9538 5840 16
a 9539 1760 16
a 9540 6384 256
a 9541 5200 64
a 9542 5744 256
a 9543 31776 64
a 9544 5248 16
a 9545 672 256
a 9546 384 16
a 9547 3536 64
a 9548 34944 256
a 9549 7728 64
a 9550 19840 16
a 9551 50992 64
a 9552 3600 64
a 9553 15472 64
a 9554 10128 16
a 9555 49216 64
a 9556 656 16
a 9557 1744 16
a 9558 304 256
a 9559 3920 256
a 9560 960 256
a 9561 9776 16
a 9562 39728 64
a 9563 4640 16
a 9564 32656 256
a 9565 43856 256
a 9566 64464 64
a 9567 48592 256
a 9568 656 64
a 9569 688 16
a 9570 59424 16
a 9571 44080 256
a 9572 53616 16
a 9573 1760 64
a 9574 448 64
a 9575 20800 256
a 9576 704 16
a 9577 39744 64
a 9578 24288 256
a 9579 32528 64
a 9580 13936 16
a 9581 15280 16
a 9582 15408 64
a 9583 15824 16
a 9584 1120 16
a 9585 4640 16
a 9586 1408 256
a 9587 3568 64
a 9588 19840 16
a 9589 336 16
a 9590 640 16
a 9591 464 64
a 9592 2784 16
a 9593 1328 256
a 9594 7504 64
a 9595 28880 256
a 9596 544 256
a 9597 5104 64
a 9598 29456 64
a 9599 288 64
a 9600 29168 256
a 9601 18976 256
a 9602 13920 16
a 9603 1552 16
a 9604 65328 64
a 9605 4560 64
a 9606 2992 16
a 9607 6112 16
a 9608 2256 256
a 9609 14096 64
a 9610 8576 256
a 9611 63040 16
a 9612 2928 64
a 9613 52304 64
a 9614 36576 256
a 9615 1152 256
a 9616 6848 256
a 9617 720 256
a 9618 14000 256
a 9619 47552 256
a 9620 21344 16
a 9621 3072 64
a 9622 9584 16
a 9623 4048 256
a 9624 62976 256
a 9625 12432 256
a 9626 46352 16
a 9627 3120 256
a 9628 8096 64
a 9629 17808 64
a 9630 352 16
a 9631 6368 256
a 9632 39888 64
a 9633 4720 64
a 9634 1936 16
a 9635 53072 16
a 9636 4496 64
a 9637 1408 256
a 9638 1760 16
a 9639 7744 16
a 9640 61040 64
a 9641 36768 64
a 9642 1168 256
a 9643 15824 64
a 9644 2608 16
a 9645 15440 16
a 9646 3296 16
a 9647 1120 16
a 9648 15440 16
a 9649 688 16
a 9650 2016 64
a 9651 1808 64
a 9652 19456 256
a 9653 2832 16
a 9654 544 256
a 9655 576 16
a 9656 6608 256
a 9657 2288 64
a 9658 7056 64
a 9659 5040 16
a 9660 768 64
a 9661 5360 256
a 9662 432 256
a 9663 3648 64
a 9664 3680 256
a 9665 2304 16
a 9666 2080 256
a 9667 1472 64
a 9668 1840 64
a 9669 18688 256
a 9670 2720 256
a 9671 45680 16
a 9672 3040 256
a 9673 2320 16
a 9674 17088 64
a 9675 1408 256
a 9676 8096 16
a 9677 1408 16
a 9678 336 16
a 9679 31680 256
a 9680 1696 256
a 9681 352 64
a 9682 25952 256
a 9683 54512 256
a 9684 528 16
a 9685 4064 16
a 9686 41168 64
a 9687 14992 64
a 9688 47344 256
a 9689 62896 64
a 9690 15680 64
a 9691 4288 16
a 9692 9984 64
a 9693 2096 64
a 9694 12128 64
a 9695 2240 64
a 9696 19008 64
a 9697 560 16
a 9698 3360 256
a 9699 3984 64
a 9700 960 256
a 9701 1808 256
a 9702 9856 64
a 9703 9648 16
a 9704 1728 256
a 9705 3376 64
a 9706 61824 16
a 9707 53344 64
a 9708 3680 16
a 9709 1088 256
a 9710 7600 64
a 9711 912 16
a 9712 5184 16
a 9713 20160 64
a 9714 2256 16
a 9715 59168 256
a 9716 6144 64
a 9717 384 256
a 9718 3568 16
a 9719 1120 16
a 9720 7664 64
a 9721 10720 256
a 9722 1920 64
a 9723 61040 256
a 9724 28272 256
a 9725 1600 256
a 9726 57072 64
a 9727 3104 64
a 9728 15264 64
a 9729 3392 64
a 9730 3776 16
a 9731 368 256
a 9732 44176 256
a 9733 2672 256
a 9734 896 64
a 9735 10544 256
a 9736 1600 256
a 9737 7136 256
a 9738 416 64
a 9739 432 256
a 9740 352 16
a 9741 704 16
a 9742 61376 64
a 9743 32144 256
a 9744 384 64
a 9745 864 64
a 9746 13248 16
a 9747 5632 256
a 9748 448 16
a 9749 7104 16
a 9750 656 64
a 9751 3888 64
a 9752 3840 64
a 9753 832 64
a 9754 62608 16
a 9755 736 256
a 9756 5504 256
a 9757 272 16
a 9758 14544 64
a 9759 448 256
a 9760 736 16
a 9761 56512 64
a 9762 464 256
a 9763 11776 64
a 9764 512 64
a 9765 1104 16
a 9766 800 64
a 9767 35984 64
a 9768 58848 64
a 9769 3920 256
a 9770 976 64
a 9771 19424 256
a 9772 3408 64
a 9773 1344 16
a 9774 13584 256
a 9775 52560 64
a 9776 23872 64
a 9777 576 64
a 9778 3488 16
a 9779 3008 16
a 9780 1968 64
a 9781 11936 64
a 9782 3872 16
a 9783 960 256
a 9784 480 64
a 9785 1008 64
a 9786 3520 256
a 9787 5936 16
a 9788 7712 256
a 9789 17136 16
a 9790 5792 16
a 9791 368 64
a 9792 37696 64
a 9793 3424 256
a 9794 45776 16
a 9795 5024 64
a 9796 14752 16
a 9797 2752 256
a 9798 2720 256
a 9799 480 16
a 9800 11488 64
a 9801 64144 64
a 9802 6896 256
a 9803 1760 64
a 9804 288 16
a 9805 2464 16
a 9806 4208 256
a 9807 480 64
a 9808 432 256
a 9809 1808 16
a 9810 2288 16
a 9811 1792 256
a 9812 1552 256
a 9813 42928 256
a 9814 31664 64
a 9815 1648 256
a 9816 13472 64
a 9817 58448 16
a 9818 10832 64
a 9819 800 256
a 9820 608 256
a 9821 48400 256
a 9822 656 256
a 9823 50064 256
a 9824 4512 64
a 9825 7520 16
a 9826 800 16
a 9827 1696 16
a 9828 25024 256
a 9829 352 16
a 9830 944 16
a 9831 816 64
a 9832 3984 16
a 9833 2688 64
a 9834 336 16
a 9835 8736 64
a 9836 58896 64
a 9837 40640 16
a 9838 8112 256
a 9839 19584 256
a 9840 1424 256
a 9841 14352 256
a 9842 58320 16
a 9843 5008 256
a 9844 10416 64
a 9845 960 16
a 9846 15680 16
a 9847 3296 256
a 9848 9744 64
a 9849 480 64
a 9850 4608 256
a 9851 1088 16
a 9852 6144 16
a 9853 13184 16
a 9854 3280 64
a 9855 1280 64
a 9856 4096 64
a 9857 24688 64
a 9858 12832 64
a 9859 22176 64
a 9860 496 256
a 9861 39632 16
a 9862 1168 256
a 9863 1408 16
a 9864 368 16
a 9865 45712 256
a 9866 672 16
a 9867 5504 16
a 9868 29264 16
a 9869 7872 256
a 9870 32480 64
a 9871 6160 256
a 9872 49616 256
a 9873 11936 64
a 9874 480 256
a 9875 37920 16
a 9876 15232 16
a 9877 62896 16
a 9878 47104 256
a 9879 3216 16
a 9880 352 256
a 9881 1008 256
a 9882 8624 64
a 9883 3776 64
a 9884 768 16
a 9885 528 256
a 9886 3104 16
a 9887 5840 64
a 9888 5968 16
a 9889 880 64
a 9890 12832 64
a 9891 368 256
a 9892 288 256
a 9893 29712 256
a 9894 1648 16
a 9895 1264 16
a 9896 9472 64
a 9897 720 256
a 9898 6944 64
a 9899 5520 16
a 9900 464 16
a 9901 7872 64
a 9902 1456 16
a 9903 10704 64
a 9904 1920 64
a 9905 30400 16
a 9906 2016 256
a 9907 12544 16
a 9908 2416 64
a 9909 49040 256
a 9910 56848 256
a 9911 6656 64
a 9912 14144 64
a 9913 3200 16
a 9914 15824 64
a 9915 4864 16
a 9916 44464 64
a 9917 5472 16
a 9918 960 256
a 9919 5168 16
a 9920 22944 16
a 9921 1504 16
a 9922 432 64
a 9923 21600 16
a 9924 1792 16
a 9925 19552 256
a 9926 13872 64
a 9927 27312 16
a 9928 29008 16
a 9929 58640 16
a 9930 3104 256
a 9931 63760 256
a 9932 49712 256
a 9933 37456 256
a 9934 30112 256
a 9935 22912 16
a 9936 62512 256
a 9937 1072 16
a 9938 54176 256
a 9939 496 256
a 9940 23024 64
a 9941 1280 256
a 9942 1984 256
a 9943 6512 256
a 9944 4464 256
a 9945 2176 16
a 9946 976 64
a 9947 960 64
a 9948 15568 256
a 9949 2576 64
a 9950 1840 256
a 9951 960 64
a 9952 2960 256
a 9953 46720 256
a 9954 40208 16
a 9955 368 16
a 9956 2912 16
a 9957 352 256
a 9958 23760 64
a 9959 1568 256
a 9960 2176 16
a 9961 22928 64
a 9962 53680 16
a 9963 400 16
a 9964 3120 256
a 9965 1856 64
a 9966 6336 256
a 9967 10928 256
a 9968 336 16
a 9969 1008 16
a 9970 29360 256
a 9971 1952 256
a 9972 1008 64
a 9973 11760 16
a 9974 3424 64
a 9975 16640 256
a 9976 1952 64
a 9977 896 64
a 9978 13632 16
a 9979 47792 16
a 9980 496 256
a 9981 5504 16
a 9982 2256 64
a 9983 3616 64
a 9984 7088 256
a 9985 1200 64
a 9986 6080 64
a 9987 53792 64
a 9988 65312 64
a 9989 2576 16
a 9990 22576 16
a 9991 51712 64
a 9992 784 64
a 9993 1200 64
a 9994 13680 64
a 9995 15744 256
a 9996 3360 16
a 9997 45472 16
a 9998 512 16
a 9999 2384 256
c filled
f 5801
a 10000 3280 16
f 6729
a 10001 11072 16
f 8754
a 10002 11712 64
f 7071
a 10003 432 64
f 8916
a 10004 30672 256
f 9648
a 10005 896 256
f 4112
a 10006 24880 16
f 1513
a 10007 28576 64
f 7832
a 10008 704 64
f 2876
a 10009 1712 256
f 7085
a 10010 1872 16
f 1987
a 10011 2752 16
f 3187
a 10012 32240 16
f 2168
a 10013 432 16
f 2244
a 10014 576 256
f 6483
a 10015 26768 64
f 457
a 10016 38688 16
f 1467
a 10017 528 16
f 8225
a 10018 7616 64
f 7411
a 10019 3072 256
f 9559
a 10020 28144 16
f 8519
a 10021 16784 16
f 1872
a 10022 720 16
f 3881
a 10023 704 64
f 4395
a 10024 15488 256
f 3568
a 10025 23968 256
f 3037
a 10026 960 64
f 3224
a 10027 2320 16
f 7202
a 10028 448 16
f 2269
a 10029 16288 16
f 9842
a 10030 4240 64
f 5753
a 10031 48560 256
f 6866
a 10032 12032 256
f 530
a 10033 22416 256
f 5804
a 10034 14368 256
f 201
a 10035 2208 256
f 66
a 10036 2832 256
f 41
a 10037 384 16
f 8115
a 10038 15168 256
f 6311
a 10039 21248 64
f 6307
a 10040 17744 256
f 6341
a 10041 10704 256
f 7
a 10042 2304 64
f 3980
a 10043 40896 64
f 2270
a 10044 496 16
f 5503
a 10045 1584 256
f 7972
a 10046 9840 64
f 2734
a 10047 2848 256
f 1217
a 10048 12576 256
f 1773
a 10049 37232 16
f 9472
a 10050 960 16
f 4277
a 10051 7744 16
f 9147
a 10052 32080 256
f 5649
a 10053 3728 16
f 5012
a 10054 352 16
f 1865
a 10055 384 64
f 1778
a 10056 752 256
f 3814
a 10057 912 16
f 548
a 10058 576 256
f 1894
a 10059 8784 64
f 907
a 10060 2160 64
f 1462
a 10061 336 64
f 6827
a 10062 16896 16
f 1880
a 10063 52320 16
f 8117
a 10064 48304 256
f 5826
a 10065 6624 64
f 2939
a 10066 528 16
f 7921
a 10067 30976 256
f 4293
a 10068 416 16
f 2243
a 10069 50672 256
f 2072
a 10070 20032 64
f 338
a 10071 480 256
f 7693
a 10072 3744 16
f 6888
a 10073 4976 64
f 1330
a 10074 62336 256
f 7006
a 10075 24192 64
f 6750
a 10076 512 16
f 9702
a 10077 26848 256
f 5221
a 10078 1248 256
f 9470
a 10079 1280 256
f 7506
a 10080 13136 64
f 1351
a 10081 54640 16
f 2407
a 10082 848 16
f 4481
a 10083 512 16
f 5253
a 10084 13184 64
f 9496
a 10085 352 256
f 8843
a 10086 16304 256
f 1460
a 10087 5328 256
f 849
a 10088 11616 256
f 4372
a 10089 960 16
f 6761
a 10090 2064 64
f 8466
a 10091 464 256
f 4414
a 10092 15408 16
f 4002
a 10093 1328 256
f 4819
a 10094 58944 256
f 9224
a 10095 26224 64
f 4234
a 10096 34304 16
f 9328
a 10097 304 64
f 7899
a 10098 640 64
f 4962
a 10099 8928 16
f 1154
a 10100 4416 64
f 1997
a 10101 19648 64
f 6448
a 10102 62304 16
f 2067
a 10103 5504 64
f 7257
a 10104 5008 256
f 5567
a 10105 992 256
f 2386
a 10106 2560 256
f 5651
a 10107 7712 256
f 9028
a 10108 2800 256
f 5112
a 10109 1488 16
f 1483
a 10110 640 256
f 2085
a 10111 50288 64
f 4228
a 10112 2448 256
f 3172
a 10113 400 256
f 7855
a 10114 2304 16
f 1119
a 10115 3792 16
f 3560
a 10116 352 64
f 4287
a 10117 22608 256
f 6595
a 10118 56960 64
f 1550
a 10119 288 64
f 9550
a 10120 14160 64
f 7887
a 10121 1712 64
f 8561
a 10122 31616 64
f 9578
a 10123 27888 16
f 8216
a 10124 2912 256
f 7079
a 10125 1040 16
f 6493
a 10126 272 16
f 580
a 10127 912 16
f 8460
a 10128 6832 16
f 6204
a 10129 15360 64
f 4291
a 10130 784 16
f 7028
a 10131 11888 256
f 4919
a 10132 12272 256
f 4146
a 10133 480 256
f 5906
a 10134 400 256
f 8892
a 10135 11536 16
f 1575
a 10136 272 16
f 842
a 10137 5360 16
f 534
a 10138 624 64
f 3130
a 10139 14480 256
f 3988
a 10140 416 16
f 9862
a 10141 6480 64
f 7107
a 10142 896 16
f 4543
a 10143 5792 16
f 4437
a 10144 42352 16
f 8875
a 10145 416 256
f 2312
a 10146 12576 256
f 6614
a 10147 1776 64
f 1025
a 10148 688 64
f 6646
a 10149 480 16
f 2204
a 10150 49232 16
f 819
a 10151 2448 64
f 5446
a 10152 57888 16
f 10100
a 10153 2304 16
f 6186
a 10154 53040 256
f 787
a 10155 3648 16
f 3512
a 10156 20336 256
f 9445
a 10157 6640 64
f 2229
a 10158 880 64
f 2910
a 10159 50336 16
f 6472
a 10160 416 64
f 7124
a 10161 3568 16
f 2543
a 10162 352 64
f 948
a 10163 18096 64
f 8112
a 10164 1136 256
f 7630
a 10165 8128 16
f 6066
a 10166 6640 64
f 9658
a 10167 56496 64
f 4045
a 10168 64688 64
f 9590
a 10169 624 64
f 2399
a 10170 32176 16
f 10083
a 10171 5568 16
f 7199
a 10172 832 16
f 752
a 10173 25024 16
f 9109
a 10174 9936 16
f 9817
a 10175 7456 64
f 6141
a 10176 3392 16
f 7914
a 10177 1696 64
f 7391
a 10178 2960 256
f 7607
a 10179 1744 64
f 2114
a 10180 624 64
f 4431
a 10181 17152 16
f 2364
a 10182 23040 256
f 769
a 10183 55520 16
f 2332
a 10184 2400 256
f 3428
a 10185 16672 16
f 277
a 10186 480 64
f 2095
a 10187 2288 256
f 5617
a 10188 6192 64
f 3708
a 10189 59824 16
f 6442
a 10190 30160 64
f 7244
a 10191 336 16
f 3764
a 10192 592 64
f 5849
a 10193 368 256
f 1243
a 10194 1696 16
f 5785
a 10195 6016 256
f 8869
a 10196 11696 256
f 7004
a 10197 65248 256
f 5018
a 10198 13232 256
f 5767
a 10199 62544 16
f 3112
a 10200 1856 64
f 8213
a 10201 704 16
f 2662
a 10202 4528 16
f 2472
a 10203 976 64
f 7478
a 10204 11616 16
f 8163
a 10205 15040 64
f 5535
a 10206 6672 64
f 3058
a 10207 8176 256
f 2633
a 10208 5024 64
f 5576
a 10209 10624 16
f 2265
a 10210 1968 64
f 8217
a 10211 912 256
f 3442
a 10212 416 16
f 1122
a 10213 1616 256
f 5638
a 10214 336 16
f 7847
a 10215 496 64
f 1740
a 10216 59680 16
f 1418
a 10217 29568 64
f 686
a 10218 2368 16
f 1146
a 10219 12448 64
f 3520
a 10220 24560 64
f 5728
a 10221 304 64
f 4086
a 10222 1024 64
f 3857
a 10223 1744 16
f 5260
a 10224 464 256
f 10077
a 10225 1472 64
f 7278
a 10226 6464 64
f 2498
a 10227 55072 256
f 6689
a 10228 19168 256
f 2824
a 10229 2864 256
f 7903
a 10230 5728 64
f 2027
a 10231 4064 256
f 8045
a 10232 10016 16
f 2873
a 10233 3504 256
f 2626
a 10234 6512 256
f 5508
a 10235 848 64
f 3816
a 10236 15184 16
f 2165
a 10237 480 64
f 9161
a 10238 10032 64
f 8874
a 10239 41056 256
f 1517
a 10240 61584 256
f 2930
a 10241 16096 16
f 4030
a 10242 3856 256
f 7896
a 10243 400 256
f 7618
a 10244 7504 64
f 6766
a 10245 44112 64
f 1704
a 10246 3680 16
f 10182
a 10247 12720 16
f 6304
a 10248 9808 256
f 5592
a 10249 496 256
f 8905
a 10250 18800 16
f 5262
a 10251 30848 256
f 2658
a 10252 512 256
f 6386
a 10253 30976 256
f 6273
a 10254 19648 16
f 2754
a 10255 1536 16
f 8322
a 10256 960 16
f 82
a 10257 14800 64
f 4191
a 10258 1440 256
f 9829
a 10259 2704 64
f 7711
a 10260 52784 256
f 5338
a 10261 3104 256
f 2291
a 10262 20000 64
f 9177
a 10263 672 64
f 2026
a 10264 39600 16
f 9615
a 10265 272 256
f 5061
a 10266 3584 256
f 2240
a 10267 3056 256
f 7062
a 10268 496 256
f 2129
a 10269 848 16
f 4380
a 10270 416 64
f 7061
a 10271 31072 256
f 5157
a 10272 6656 16
f 9784
a 10273 20464 256
f 3506
a 10274 5264 16
f 6065
a 10275 320 16
f 4512
a 10276 4320 256
f 5627
a 10277 63024 64
f 5708
a 10278 58352 64
f 3356
a 10279 11984 64
f 386
a 10280 368 16
f 1415
a 10281 1936 16
f 10071
a 10282 1264 64
f 185
a 10283 15184 16
f 2226
a 10284 752 16
f 4539
a 10285 2400 16
f 1698
a 10286 2688 64
f 31
a 10287 432 16
f 2140
a 10288 31664 64
f 6026
a 10289 31728 64
f 132
a 10290 464 256
f 1588
a 10291 288 64
f 8308
a 10292 512 64
f 1339
a 10293 16832 256
f 8541
a 10294 1344 256
f 4408
a 10295 1808 16
f 3127
a 10296 272 256
f 3074
a 10297 7728 64
f 5275
a 10298 47888 64
f 9103
a 10299 864 256
f 8343
a 10300 1088 16
f 3362
a 10301 656 256
f 6388
a 10302 8560 256
f 4852
a 10303 5760 64
f 554
a 10304 272 256
f 194
a 10305 1520 64
f 5752
a 10306 544 64
f 129
a 10307 1760 256
f 6184
a 10308 7056 16
f 757
a 10309 5344 64
f 6178
a 10310 1408 64
f 9699
a 10311 640 256
f 3934
a 10312 42672 64
f 1668
a 10313 1968 64
f 7646
a 10314 19632 64
f 3234
a 10315 42016 64
f 197
a 10316 896 256
f 2695
a 10317 13632 16
f 7875
a 10318 26640 256
f 8558
a 10319 624 64
f 9452
a 10320 51040 256
f 1472
a 10321 768 16
f 8483
a 10322 624 256
f 2962
a 10323 17936 16
f 4743
a 10324 656 16
f 1176
a 10325 20336 16
f 3649
a 10326 3120 256
f 7932
a 10327 960 16
f 5073
a 10328 3728 16
f 2202
a 10329 464 64
f 2032
a 10330 61040 64
f 6585
a 10331 25856 256
f 7772
a 10332 3008 16
f 3775
a 10333 3072 256
f 5793
a 10334 352 16
f 7153
a 10335 304 16
f 6650
a 10336 2544 16
f 6896
a 10337 416 256
f 6971
a 10338 2944 16
f 7331
a 10339 29728 256
f 6488
a 10340 63008 64
f 8140
a 10341 5408 64
f 10319
a 10342 880 16
f 4299
a 10343 8736 256
f 8979
a 10344 416 256
f 5406
a 10345 7136 16
f 5947
a 10346 57072 64
f 2192
a 10347 7856 16
f 3335
a 10348 43184 256
f 10129
a 10349 704 64
f 7781
a 10350 4064 256
f 2986
a 10351 352 64
f 236
a 10352 1264 256
f 4907
a 10353 17344 64
f 3461
a 10354 384 256
f 8576
a 10355 432 256
f 6226
a 10356 53472 16
f 8243
a 10357 2048 64
f 9840
a 10358 18608 256
f 1771
a 10359 2912 64
f 7638
a 10360 38336 64
f 5683
a 10361 864 64
f 4569
a 10362 432 16
f 6791
a 10363 1376 256
f 4713
a 10364 1920 64
f 4722
a 10365 9280 16
f 3722
a 10366 54656 64
f 5167
a 10367 3728 16
f 7168
a 10368 49728 256
f 724
a 10369 880 256
f 9309
a 10370 1248 16
f 5909
a 10371 8416 256
f 2175
a 10372 32720 16
f 5120
a 10373 576 16
f 10252
a 10374 880 64
f 9958
a 10375 768 64
f 2118
a 10376 20000 16
f 5605
a 10377 64576 256
f 5346
a 10378 26960 16
f 4402
a 10379 8224 16
f 3089
a 10380 336 16
f 8291
a 10381 57584 64
f 7134
a 10382 448 64
f 1494
a 10383 464 256
f 4354
a 10384 496 16
f 9640
a 10385 480 16
f 2272
a 10386 5712 64
f 6952
a 10387 4256 16
f 9562
a 10388 560 16
f 5989
a 10389 1232 16
f 8265
a 10390 13104 256
f 1435
a 10391 8528 256
f 7405
a 10392 61824 16
f 4526
a 10393 33040 256
f 2685
a 10394 29248 256
f 1401
a 10395 7216 16
f 10013
a 10396 37968 16
f 4859
a 10397 3376 256
f 5882
a 10398 432 256
f 3105
a 10399 320 256
f 6218
a 10400 5776 256
f 4986
a 10401 3776 16
f 5436
a 10402 16720 16
f 5501
a 10403 3376 256
f 6012
a 10404 912 256
f 5387
a 10405 65104 256
f 4910
a 10406 38288 64
f 4261
a 10407 784 16
f 2623
a 10408 3136 64
f 5104
a 10409 416 256
f 8339
a 10410 7520 256
f 3067
a 10411 12160 256
f 9978
a 10412 976 16
f 5469
a 10413 4032 256
f 7489
a 10414 6192 64
f 6207
a 10415 27600 256
f 7568
a 10416 832 256
f 1419
a 10417 1408 64
f 5771
a 10418 9408 64
f 3945
a 10419 63472 256
f 3274
a 10420 36896 64
f 1561
a 10421 3424 64
f 8596
a 10422 3824 64
f 8499
a 10423 10912 256
f 7760
a 10424 448 16
f 6704
a 10425 640 256
f 1649
a 10426 13536 256
f 7872
a 10427 63024 16
f 3116
a 10428 1424 16
f 1701
a 10429 4096 64
f 781
a 10430 1072 256
f 271
a 10431 848 16
f 2078
a 10432 17856 256
f 1941
a 10433 880 16
f 6428
a 10434 15600 16
f 314
a 10435 992 256
f 2421
a 10436 848 256
f 4510
a 10437 32432 256
f 7710
a 10438 2048 16
f 905
a 10439 63072 256
f 6606
a 10440 4480 256
f 125
a 10441 14416 64
f 6673
a 10442 17440 256
f 5744
a 10443 880 256
f 4973
a 10444 22496 256
f 3938
a 10445 13168 16
f 6431
a 10446 3200 16
f 3135
a 10447 288 64
f 10365
a 10448 7680 16
f 7406
a 10449 320 64
f 2835
a 10450 53648 64
f 3766
a 10451 1024 64
f 3553
a 10452 5344 256
f 3663
a 10453 28016 64
f 1626
a 10454 3216 256
f 4288
a 10455 45456 256
f 9867
a 10456 21600 64
f 8886
a 10457 768 64
f 9084
a 10458 21904 16
f 1731
a 10459 7456 256
f 2495
a 10460 592 64
f 10116
a 10461 640 16
f 2552
a 10462 2608 16
f 664
a 10463 1024 64
f 6179
a 10464 3136 64
f 7966
a 10465 2704 256
f 5769
a 10466 3600 16
f 484
a 10467 1856 256
f 2915
a 10468 24544 16
f 8459
a 10469 7120 64
f 2128
a 10470 23952 64
f 901
a 10471 63568 256
f 2886
a 10472 944 64
f 1257
a 10473 22976 256
f 5295
a 10474 7408 16
f 10151
a 10475 464 16
f 2959
a 10476 5904 256
f 9092
a 10477 368 64
f 4807
a 10478 15536 64
f 5384
a 10479 1744 256
f 2630
a 10480 7248 16
f 1457
a 10481 3696 64
f 4642
a 10482 30016 256
f 4806
a 10483 400 16
f 5453
a 10484 12480 64
f 10185
a 10485 2032 16
f 5765
a 10486 288 16
f 4780
a 10487 1488 16
f 5181
a 10488 880 16
f 5671
a 10489 1616 64
f 1829
a 10490 3104 64
f 5942
a 10491 336 16
f 3079
a 10492 1808 16
f 3674
a 10493 16064 64
f 9950
a 10494 63360 64
f 2812
a 10495 464 64
f 5672
a 10496 26048 64
f 7337
a 10497 6848 64
f 9926
a 10498 4208 16
f 3939
a 10499 8000 256
c step-500
f 7285
a 10500 10032 16
f 7727
a 10501 38800 256
f 6308
a 10502 4944 256
f 1944
a 10503 352 16
f 311
a 10504 47312 256
f 1228
a 10505 1168 16
f 3284
a 10506 20960 64
f 10164
a 10507 4128 16
f 3827
a 10508 19984 64
f 6489
a 10509 48784 256
f 6641
a 10510 1648 16
f 7373
a 10511 2864 64
f 7995
a 10512 31312 16
f 9342
a 10513 1632 16
f 2709
a 10514 480 256
f 3628
a 10515 10144 16
f 4023
a 10516 14928 64
f 10004
a 10517 27104 64
f 3770
a 10518 14944 64
f 8629
a 10519 336 64
f 10509
a 10520 256 256
f 2370
a 10521 35456 64
f 1175
a 10522 2176 16
f 5631
a 10523 12304 64
f 1758
a 10524 992 256
f 5217
a 10525 2496 64
f 6836
a 10526 7088 64
f 9326
a 10527 1728 16
f 8082
a 10528 5024 16
f 4040
a 10529 976 256
f 4253
a 10530 1728 64
f 10123
a 10531 288 64
f 8648
a 10532 304 256
f 6395
a 10533 752 256
f 4427
a 10534 5712 64
f 7735
a 10535 63216 64
f 5902
a 10536 7840 16
f 7919
a 10537 2720 64
f 1917
a 10538 58128 16
f 5369
a 10539 6192 16
f 2307
a 10540 4720 64
f 3160
a 10541 880 64
f 2940
a 10542 23504 16
f 8166
a 10543 11648 64
f 10232
a 10544 58720 64
f 7909
a 10545 736 16
f 7368
a 10546 56944 256
f 210
a 10547 49696 256
f 2733
a 10548 3456 256
f 1359
a 10549 13584 16
f 5894
a 10550 4144 64
f 9421
a 10551 448 16
f 5408
a 10552 1664 256
f 8191
a 10553 33616 64
f 4409
a 10554 1312 256
f 7067
a 10555 2592 256
f 6499
a 10556 1568 64
f 8106
a 10557 1552 64
f 10173
a 10558 30640 256
f 1760
a 10559 54352 256
f 5554
a 10560 30128 64
f 9766
a 10561 19152 16
f 3324
a 10562 7712 256
f 276
a 10563 2496 256
f 5782
a 10564 10528 16
f 7029
a 10565 768 256
f 5412
a 10566 61056 16
f 3165
a 10567 23552 64
f 5049
a 10568 12784 64
f 4710
a 10569 352 64
f 4554
a 10570 4416 256
f 1081
a 10571 2016 256
f 35
a 10572 4496 16
f 5528
a 10573 14512 16
f 6663
a 10574 368 16
f 8212
a 10575 960 256
f 683
a 10576 43216 64
f 2596
a 10577 8736 256
f 7928
a 10578 6768 16
f 2483
a 10579 28384 64
f 1386
a 10580 5776 256
f 7703
a 10581 352 256
f 9373
a 10582 59984 256
f 2388
a 10583 28464 64
f 1904
a 10584 12288 256
f 1625
a 10585 368 256
f 2871
a 10586 336 256
f 4728
a 10587 384 64
f 8272
a 10588 15536 256
f 4597
a 10589 6992 16
f 9107
a 10590 304 16
f 10351
a 10591 7440 256
f 7906
a 10592 304 16
f 1842
a 10593 7472 64
f 2237
a 10594 6128 64
f 6554
a 10595 320 64
f 7400
a 10596 864 64
f 3152
a 10597 2272 256
f 4519
a 10598 2416 16
f 8633
a 10599 14288 256
f 7724
a 10600 880 64
f 6969
a 10601 800 16
f 5514
a 10602 43728 256
f 8978
a 10603 1312 256
f 4085
a 10604 288 16
f 6677
a 10605 25952 256
f 5421
a 10606 18864 256
f 6522
a 10607 4032 256
f 897
a 10608 8432 256
f 3788
a 10609 29712 64
f 2793
a 10610 1072 16
f 6984
a 10611 448 256
f 3742
a 10612 61152 64
f 4477
a 10613 59520 256
f 5165
a 10614 14384 256
f 9066
a 10615 18464 64
f 3688
a 10616 15648 16
f 8313
a 10617 39344 64
f 8420
a 10618 416 256
f 9859
a 10619 63456 16
f 7535
a 10620 62240 256
f 937
a 10621 2352 256
f 2957
a 10622 44208 16
f 7341
a 10623 1776 256
f 1635
a 10624 39568 64
f 2241
a 10625 18560 16
f 10026
a 10626 5312 256
f 3208
a 10627 57744 256
f 2917
a 10628 6080 64
f 5270
a 10629 19216 256
f 7544
a 10630 27168 64
f 2191
a 10631 4048 256
f 4862
a 10632 18160 256
f 1905
a 10633 3792 64
f 6098
a 10634 960 16
f 4754
a 10635 42576 64
f 1591
a 10636 352 16
f 2102
a 10637 12672 16
f 9691
a 10638 33536 16
f 4054
a 10639 27552 16
f 1636
a 10640 864 16
f 3509
a 10641 1440 64
f 8494
a 10642 304 16
f 8712
a 10643 592 256
f 7205
a 10644 912 64
f 7256
a 10645 1728 256
f 2187
a 10646 47648 256
f 913
a 10647 3184 16
f 5034
a 10648 8000 16
f 10432
a 10649 50352 256
f 9017
a 10650 2096 16
f 8
a 10651 336 64
f 4426
a 10652 44896 64
f 2931
a 10653 3904 256
f 1722
a 10654 5728 64
f 6510
a 10655 768 256
f 4393
a 10656 1568 256
f 5368
a 10657 23008 16
f 5788
a 10658 336 256
f 2213
a 10659 7616 64
f 1504
a 10660 3072 16
f 10513
a 10661 26112 64
f 708
a 10662 400 256
f 3656
a 10663 1040 256
f 4648
a 10664 288 64
f 4312
a 10665 9392 64
f 10482
a 10666 704 16
f 10419
a 10667 1808 16
f 4589
a 10668 368 16
f 7999
a 10669 1616 256
f 877
a 10670 23616 64
f 3170
a 10671 544 16
f 5267
a 10672 1040 256
f 8362
a 10673 3056 256
f 2373
a 10674 5440 16
f 8089
a 10675 640 16
f 8718
a 10676 384 16
f 4430
a 10677 1968 16
f 6039
a 10678 2624 256
f 56
a 10679 2256 256
f 1596
a 10680 1520 64
f 3272
a 10681 448 256
f 3653
a 10682 23552 16
f 9876
a 10683 54528 256
f 7799
a 10684 416 256
f 6927
a 10685 32464 16
f 1253
a 10686 9248 64
f 2614
a 10687 1504 256
f 8693
a 10688 14704 256
f 9972
a 10689 6752 64
f 934
a 10690 448 64
f 2183
a 10691 46464 64
f 7679
a 10692 1728 256
f 5266
a 10693 21520 16
f 10642
a 10694 49216 256
f 3571
a 10695 11360 64
f 6122
a 10696 560 16
f 1810
a 10697 24432 256
f 726
a 10698 7504 64
f 5317
a 10699 3376 64
f 9586
a 10700 8736 256
f 3721
a 10701 19408 256
f 3464
a 10702 5424 256
f 8974
a 10703 880 16
f 6870
a 10704 43696 16
f 3612
a 10705 1456 256
f 7788
a 10706 28288 64
f 513
a 10707 608 16
f 5362
a 10708 10336 16
f 3771
a 10709 43408 16
f 4883
a 10710 58112 256
f 7840
a 10711 304 256
f 9977
a 10712 45104 16
f 4563
a 10713 3008 64
f 1172
a 10714 768 16
f 2450
a 10715 13936 64
f 7849
a 10716 9472 64
f 8344
a 10717 416 256
f 597
a 10718 960 16
f 3756
a 10719 32304 256
f 5979
a 10720 2224 64
f 4
a 10721 2032 16
f 7311
a 10722 1536 256
f 3609
a 10723 1056 16
f 5342
a 10724 480 16
f 3295
a 10725 9424 64
f 427
a 10726 3632 16
f 356
a 10727 6272 256
f 2134
a 10728 55312 64
f 7793
a 10729 29952 64
f 2065
a 10730 8016 16
f 6200
a 10731 40512 256
f 4088
a 10732 3536 16
f 825
a 10733 4272 16
f 10038
a 10734 10400 64
f 6777
a 10735 5968 256
f 1246
a 10736 592 256
f 6786
a 10737 27056 64
f 1267
a 10738 1520 16
f 5512
a 10739 24240 64
f 165
a 10740 1488 16
f 6374
a 10741 800 256
f 8107
a 10742 57472 256
f 931
a 10743 12304 256
f 2394
a 10744 544 64
f 1889
a 10745 7456 64
f 8153
a 10746 28208 64
f 4683
a 10747 352 256
f 1519
a 10748 400 256
f 760
a 10749 1888 64
f 5936
a 10750 288 64
f 1278
a 10751 288 256
f 8134
a 10752 11120 64
f 638
a 10753 3616 64
f 807
a 10754 49552 16
f 7802
a 10755 4960 16
f 9407
a 10756 864 16
f 5516
a 10757 1840 256
f 7861
a 10758 62704 16
f 2860
a 10759 656 64
f 5511
a 10760 880 256
f 10036
a 10761 2256 16
f 3145
a 10762 6800 16
f 1619
a 10763 12976 64
f 4286
a 10764 8736 256
f 10531
a 10765 1760 256
f 3150
a 10766 11648 256
f 755
a 10767 768 64
f 8710
a 10768 6208 16
f 5344
a 10769 800 64
f 6434
a 10770 58992 256
f 10590
a 10771 17744 64
f 7973
a 10772 736 64
f 3695
a 10773 336 16
f 7789
a 10774 36368 256
f 10550
a 10775 544 256
f 2790
a 10776 14144 64
f 7780
a 10777 4032 64
f 10239
a 10778 11616 64
f 8282
a 10779 47632 256
f 572
a 10780 3072 16
f 7258
a 10781 7808 256
f 6109
a 10782 1936 256
f 5726
a 10783 1136 16
f 6231
a 10784 2272 256
f 2907
a 10785 960 256
f 5251
a 10786 15056 64
f 7942
a 10787 2544 16
f 7266
a 10788 28064 64
f 1817
a 10789 5072 256
f 10310
a 10790 2032 256
f 10343
a 10791 8000 16
f 1553
a 10792 29328 256
f 4607
a 10793 41872 256
f 2541
a 10794 23072 64
f 786
a 10795 592 256
f 10098
a 10796 29344 16
f 9816
a 10797 18272 64
f 2478
a 10798 1824 64
f 6031
a 10799 288 64
f 3207
a 10800 3696 256
f 1056
a 10801 55616 16
f 5463
a 10802 8208 256
f 3134
a 10803 10320 64
f 5429
a 10804 14304 16
f 6796
a 10805 38576 64
f 8133
a 10806 14720 64
f 4865
a 10807 8416 64
f 6475
a 10808 3616 16
f 813
a 10809 6848 64
f 7165
a 10810 3360 64
f 7810
a 10811 20576 16
f 1226
a 10812 5120 64
f 1736
a 10813 1024 256
f 4026
a 10814 34704 16
f 8072
a 10815 4064 16
f 8704
a 10816 33104 256
f 6853
a 10817 47008 16
f 9205
a 10818 19840 64
f 6707
a 10819 15200 16
f 5252
a 10820 6672 16
f 1452
a 10821 23408 64
f 5739
a 10822 3696 16
f 8623
a 10823 53424 256
f 10774
a 10824 50240 16
f 6303
a 10825 10688 256
f 1183
a 10826 5376 16
f 9500
a 10827 2112 64
f 4243
a 10828 6784 16
f 1233
a 10829 10384 64
f 6864
a 10830 18512 64
f 7558
a 10831 4896 16
f 758
a 10832 26160 64
f 2259
a 10833 30800 64
f 868
a 10834 272 16
f 10579
a 10835 17904 64
f 2947
a 10836 29856 64
f 2830
a 10837 496 256
f 852
a 10838 912 256
f 7022
a 10839 1072 256
f 8095
a 10840 432 16
f 7998
a 10841 448 64
f 5457
a 10842 672 16
f 1074
a 10843 3808 64
f 10178
a 10844 42320 256
f 6043
a 10845 28672 64
f 9104
a 10846 18784 16
f 9887
a 10847 944 16
f 5870
a 10848 816 64
f 5985
a 10849 21264 64
f 8090
a 10850 6976 16
f 9545
a 10851 480 256
f 6160
a 10852 10832 256
f 7049
a 10853 11856 64
f 7160
a 10854 4560 64
f 10483
a 10855 1392 256
f 10840
a 10856 512 16
f 8164
a 10857 1776 64
f 9729
a 10858 512 64
f 2142
a 10859 24768 256
f 4764
a 10860 1024 64
f 8925
a 10861 1936 16
f 1095
a 10862 6064 64
f 1814
a 10863 1248 256
f 750
a 10864 320 256
f 7275
a 10865 10528 64
f 7297
a 10866 8256 16
f 10536
a 10867 15888 16
f 4399
a 10868 36096 256
f 2512
a 10869 14480 256
f 9295
a 10870 29312 256
f 10355
a 10871 448 64
f 3031
a 10872 4368 256
f 9919
a 10873 7968 256
f 7140
a 10874 31328 16
f 6830
a 10875 5024 16
f 3668
a 10876 41264 256
f 9160
a 10877 10336 16
f 8590
a 10878 608 64
f 618
a 10879 26400 16
f 6464
a 10880 448 64
f 727
a 10881 3120 64
f 8484
a 10882 3216 64
f 7829
a 10883 3280 256
f 192
a 10884 13984 16
f 3119
a 10885 6064 16
f 7752
a 10886 1200 256
f 5783
a 10887 13520 64
f 1548
a 10888 3824 64
f 9381
a 10889 24448 256
f 6266
a 10890 1232 256
f 3355
a 10891 1024 16
f 7050
a 10892 9328 256
f 7032
a 10893 43472 16
f 4628
a 10894 4784 16
f 4880
a 10895 384 16
f 9602
a 10896 28704 16
f 956
a 10897 2192 64
f 5869
a 10898 15536 64
f 8574
a 10899 656 256
f 3505
a 10900 3520 16
f 9681
a 10901 58944 16
f 2902
a 10902 5744 256
f 4442
a 10903 720 16
f 3086
a 10904 9984 64
f 10210
a 10905 22704 256
f 40
a 10906 16208 16
f 10905
a 10907 2928 16
f 5019
a 10908 8720 16
f 4605
a 10909 8288 256
f 5602
a 10910 2208 16
f 1774
a 10911 2080 64
f 4621
a 10912 35280 16
f 2994
a 10913 14912 16
f 2620
a 10914 7504 256
f 9301
a 10915 688 16
f 7249
a 10916 27440 16
f 7726
a 10917 336 256
f 4163
a 10918 720 16
f 3219
a 10919 1024 64
f 707
a 10920 416 16
f 8893
a 10921 44336 16
f 3382
a 10922 4816 256
f 7834
a 10923 1664 64
f 7725
a 10924 49888 64
f 10537
a 10925 13872 256
f 9414
a 10926 40848 256
f 9823
a 10927 3984 64
f 1118
a 10928 48288 16
f 5896
a 10929 2576 256
f 1202
a 10930 63904 16
f 9581
a 10931 1312 64
f 2576
a 10932 384 16
f 7315
a 10933 3472 64
f 4727
a 10934 1040 256
f 5359
a 10935 1632 16
f 10811
a 10936 12992 16
f 3854
a 10937 6368 64
f 1139
a 10938 8096 256
f 2397
a 10939 688 64
f 414
a 10940 976 256
f 1487
a 10941 15264 64
f 4950
a 10942 1904 256
f 9612
a 10943 61536 256
f 2261
a 10944 11584 64
f 5530
a 10945 6160 64
f 420
a 10946 6992 16
f 7699
a 10947 22528 256
f 4130
a 10948 17360 64
f 5489
a 10949 14224 16
f 536
a 10950 464 256
f 5880
a 10951 624 64
f 7837
a 10952 384 16
f 792
a 10953 960 16
f 2009
a 10954 656 64
f 7443
a 10955 14112 256
f 9218
a 10956 800 256
f 6398
a 10957 832 16
f 2443
a 10958 60592 16
f 9182
a 10959 51568 64
f 8175
a 10960 6528 64
f 3342
a 10961 2080 64
f 4387
a 10962 4992 64
f 6763
a 10963 384 16
f 3492
a 10964 52976 256
f 2562
a 10965 592 16
f 8932
a 10966 880 64
f 969
a 10967 54912 16
f 594
a 10968 1296 16
f 2086
a 10969 1904 256
f 8914
a 10970 2240 256
f 217
a 10971 816 16
f 6944
a 10972 864 64
f 3131
a 10973 16704 16
f 6771
a 10974 7872 16
f 614
a 10975 336 64
f 6989
a 10976 25024 16
f 5714
a 10977 784 256
f 166
a 10978 2240 16
f 8086
a 10979 4224 16
f 10567
a 10980 11328 256
f 1422
a 10981 544 64
f 10453
a 10982 416 64
f 8101
a 10983 8976 64
f 9813
a 10984 2016 16
f 2432
a 10985 3984 16
f 6918
a 10986 16160 16
f 6102
a 10987 7680 256
f 951
a 10988 40688 256
f 7935
a 10989 12064 64
f 3458
a 10990 3024 64
f 2582
a 10991 336 64
f 7629
a 10992 3968 256
f 1500
a 10993 10976 16
f 10325
a 10994 4032 64
f 4077
a 10995 2496 64
f 687
a 10996 464 256
f 372
a 10997 17488 16
f 9356
a 10998 2304 16
f 1802
a 10999 1600 16
c step-1000
f 10975
a 11000 768 256
f 9162
a 11001 34512 256
f 5400
a 11002 3632 256
f 7480
a 11003 12752 16
f 1602
a 11004 5104 256
f 2035
a 11005 64944 16
f 4128
a 11006 432 16
f 4015
a 11007 9680 64
f 9415
a 11008 13744 256
f 8716
a 11009 2784 64
f 173
a 11010 55648 64
f 1160
a 11011 11904 64
f 4141
a 11012 2288 64
f 8263
a 11013 58448 16
f 7356
a 11014 46608 64
f 4468
a 11015 10560 64
f 7564
a 11016 45904 64
f 1878
a 11017 640 16
f 7151
a 11018 480 256
f 6229
a 11019 9488 256
f 8376
a 11020 352 16
f 8279
a 11021 10656 256
f 10843
a 11022 400 16
f 4201
a 11023 5616 16
f 2075
a 11024 56160 256
f 8899
a 11025 416 64
f 2561
a 11026 24160 64
f 3400
a 11027 43392 256
f 7845
a 11028 272 256
f 8050
a 11029 55200 256
f 1281
a 11030 39376 16
f 902
a 11031 1424 16
f 6710
a 11032 496 16
f 564
a 11033 15344 64
f 438
a 11034 22160 256
f 6956
a 11035 5824 256
f 1485
a 11036 304 64
f 4147
a 11037 4960 16
f 9173
a 11038 7936 64
f 7796
a 11039 400 16
f 1711
a 11040 12144 16
f 6364
a 11041 48384 64
f 3631
a 11042 336 256
f 10699
a 11043 35184 64
f 7500
a 11044 1024 64
f 10331
a 11045 45504 256
f 1290
a 11046 2032 16
f 7386
a 11047 3968 64
f 1497
a 11048 28208 16
f 1669
a 11049 44016 16
f 10079
a 11050 27376 256
f 9701
a 11051 640 16
f 3550
a 11052 11376 16
f 7456
a 11053 1872 16
f 1348
a 11054 18176 256
f 8179
a 11055 720 16
f 4974
a 11056 28352 64
f 9747
a 11057 33152 256
f 1424
a 11058 64784 256
f 6492
a 11059 3184 64
f 4770
a 11060 16896 64
f 10593
a 11061 432 256
f 4533
a 11062 3552 16
f 2440
a 11063 15120 16
f 362
a 11064 15136 64
f 8900
a 11065 1072 16
f 8938
a 11066 672 64
f 5582
a 11067 2720 16
f 7345
a 11068 1440 64
f 6739
a 11069 1360 64
f 429
a 11070 37440 256
f 2659
a 11071 544 64
f 10308
a 11072 768 256
f 9362
a 11073 1568 64
f 7937
a 11074 25824 16
f 4903
a 11075 464 256
f 2901
a 11076 8112 16
f 8518
a 11077 320 16
f 105
a 11078 304 256
f 1955
a 11079 880 16
f 1328
a 11080 22176 16
f 9232
a 11081 51840 256
f 10444
a 11082 944 16
f 10512
a 11083 20928 16
f 1436
a 11084 31296 256
f 4043
a 11085 1024 16
f 10458
a 11086 32704 64
f 5814
a 11087 40400 64
f 1325
a 11088 6032 16
f 3252
a 11089 1552 64
f 9864
a 11090 58640 16
f 9731
a 11091 464 16
f 3651
a 11092 2496 16
f 9277
a 11093 7760 256
f 3177
a 11094 1504 16
f 8726
a 11095 384 16
f 10755
a 11096 6528 64
f 2033
a 11097 22464 256
f 2167
a 11098 46448 256
f 8985
a 11099 1584 64
f 1601
a 11100 5824 256
f 5242
a 11101 52704 64
f 8330
a 11102 2304 256
f 203
a 11103 1888 16
f 2937
a 11104 29600 64
f 4689
a 11105 2384 64
f 9992
a 11106 8576 64
f 834
a 11107 1264 16
f 7836
a 11108 1520 64
f 6680
a 11109 29584 256
f 8674
a 11110 11632 16
f 326
a 11111 35792 64
f 9964
a 11112 1552 64
f 2405
a 11113 1760 256
f 9101
a 11114 1456 256
f 8723
a 11115 7984 64
f 3051
a 11116 6976 256
f 7588
a 11117 320 16
f 7305
a 11118 13600 64
f 7118
a 11119 12768 64
f 5138
a 11120 1536 16
f 10368
a 11121 31520 256
f 10174
a 11122 18896 16
f 1270
a 11123 35984 256
f 7763
a 11124 32560 64
f 2473
a 11125 3360 256
f 3843
a 11126 1456 16
f 3099
a 11127 6432 64
f 8178
a 11128 416 64
f 831
a 11129 672 256
f 4930
a 11130 2640 64
f 2299
a 11131 17872 64
f 2816
a 11132 3856 64
f 2437
a 11133 10288 256
f 4314
a 11134 1920 256
f 1390
a 11135 2208 16
f 4374
a 11136 40752 256
f 9492
a 11137 528 256
f 8948
a 11138 14864 16
f 9377
a 11139 8080 16
f 2465
a 11140 1136 64
f 6767
a 11141 384 64
f 1693
a 11142 27280 16
f 1140
a 11143 1168 16
f 1177
a 11144 5216 16
f 9485
a 11145 304 64
f 581
a 11146 480 256
f 2013
a 11147 8944 16
f 5151
a 11148 1952 16
f 1413
a 11149 1168 256
f 475
a 11150 1472 16
f 11030
a 11151 320 256
f 6267
a 11152 6640 16
f 821
a 11153 26800 64
f 8647
a 11154 1584 256
f 1861
a 11155 3552 64
f 114
a 11156 33376 256
f 6975
a 11157 720 256
f 8157
a 11158 464 16
f 3821
a 11159 1008 256
f 4905
a 11160 6480 16
f 1381
a 11161 11328 16
f 7839
a 11162 1200 16
f 4891
a 11163 5152 16
f 10741
a 11164 43104 64
f 5087
a 11165 480 64
f 474
a 11166 10672 64
f 5083
a 11167 46720 256
f 7729
a 11168 912 256
f 7770
a 11169 3120 64
f 2621
a 11170 4960 64
f 2976
a 11171 9872 16
f 6121
a 11172 1664 64
f 4285
a 11173 2944 16
f 9457
a 11174 7792 256
f 5763
a 11175 2960 64
f 790
a 11176 1408 16
f 9293
a 11177 384 16
f 4169
a 11178 15920 16
f 2977
a 11179 672 256
f 421
a 11180 5664 64
f 1373
a 11181 32592 256
f 8863
a 11182 3248 16
f 1959
a 11183 5984 64
f 839
a 11184 384 16
f 5364
a 11185 51360 16
f 2776
a 11186 15056 256
f 7561
a 11187 432 256
f 6735
a 11188 6704 256
f 380
a 11189 1568 16
f 7808
a 11190 26016 256
f 1574
a 11191 1360 16
f 1948
a 11192 2336 256
f 5318
a 11193 38400 64
f 7803
a 11194 416 16
f 10377
a 11195 2592 256
f 2920
a 11196 36496 256
f 5299
a 11197 39312 64
f 3694
a 11198 28592 256
f 11132
a 11199 368 256
f 1049
a 11200 38256 256
f 10994
a 11201 10304 64
f 9254
a 11202 27904 16
f 7132
a 11203 528 16
f 2746
a 11204 54592 256
f 370
a 11205 29920 16
f 2649
a 11206 368 16
f 3975
a 11207 18480 256
f 7716
a 11208 7296 64
f 9725
a 11209 448 256
f 6557
a 11210 5584 16
f 10689
a 11211 1120 16
f 1923
a 11212 10208 64
f 4922
a 11213 62384 16
f 417
a 11214 528 64
f 4250
a 11215 464 16
f 6028
a 11216 320 256
f 10882
a 11217 44928 16
f 480
a 11218 5024 256
f 430
a 11219 832 256
f 3381
a 11220 368 16
f 11096
a 11221 61312 64
f 8004
a 11222 1280 16
f 1951
a 11223 384 256
f 4752
a 11224 18720 16
f 10621
a 11225 304 256
f 5388
a 11226 27552 64
f 982
a 11227 2944 64
f 2363
a 11228 8160 256
f 858
a 11229 46608 16
f 5303
a 11230 1424 256
f 1430
a 11231 592 16
f 5202
a 11232 288 256
f 10329
a 11233 1264 256
f 11012
a 11234 4928 256
f 4680
a 11235 14960 64
f 6800
a 11236 4640 16
f 9521
a 11237 4688 16
f 7971
a 11238 1968 256
f 4606
a 11239 304 16
f 6797
a 11240 5184 16
f 8211
a 11241 50352 256
f 432
a 11242 1120 16
f 6052
a 11243 16080 16
f 8968
a 11244 2048 16
f 8145
a 11245 1680 64
f 1570
a 11246 432 16
f 143
a 11247 39072 64
f 7150
a 11248 2624 16
f 8858
a 11249 2080 64
f 424
a 11250 864 16
f 4388
a 11251 51504 16
f 9909
a 11252 3952 256
f 1340
a 11253 15568 64
f 1097
a 11254 2336 64
f 11050
a 11255 40480 256
f 9893
a 11256 1792 64
f 3629
a 11257 3472 64
f 8711
a 11258 736 256
f 3298
a 11259 21744 64
f 6156
a 11260 416 64
f 8605
a 11261 42912 64
f 4364
a 11262 6944 16
f 4149
a 11263 400 64
f 9200
a 11264 35280 64
f 8528
a 11265 58288 16
f 3772
a 11266 52768 256
f 5096
a 11267 12592 64
f 884
a 11268 4016 64
f 6951
a 11269 7104 256
f 6221
a 11270 8624 64
f 176
a 11271 304 256
f 4822
a 11272 62944 16
f 2843
a 11273 13808 64
f 9198
a 11274 14928 16
f 6632
a 11275 12304 64
f 6353
a 11276 1744 64
f 3192
a 11277 13328 256
f 7983
a 11278 2384 16
f 9583
a 11279 2768 16
f 9145
a 11280 13120 64
f 5288
a 11281 2384 256
f 4498
a 11282 2784 256
f 1634
a 11283 32848 256
f 9134
a 11284 3136 64
f 6701
a 11285 7760 16
f 6325
a 11286 3504 256
f 10324
a 11287 464 256
f 9543
a 11288 12528 16
f 11267
a 11289 21744 16
f 9646
a 11290 272 16
f 1639
a 11291 4336 256
f 9036
a 11292 336 16
f 2950
a 11293 26416 64
f 2396
a 11294 496 16
f 3578
a 11295 496 256
f 1788
a 11296 896 64
f 9533
a 11297 368 16
f 8945
a 11298 2784 64
f 282
a 11299 864 64
f 7640
a 11300 464 16
f 11034
a 11301 5056 64
f 7648
a 11302 35056 64
f 10263
a 11303 1088 64
f 9144
a 11304 1152 64
f 2342
a 11305 29808 64
f 10200
a 11306 1328 64
f 274
a 11307 6832 16
f 3460
a 11308 43056 256
f 2989
a 11309 5536 64
f 6980
a 11310 1072 16
f 7504
a 11311 12496 16
f 5723
a 11312 1472 64
f 5485
a 11313 7712 256
f 2689
a 11314 272 64
f 3650
a 11315 560 64
f 5471
a 11316 4880 64
f 1353
a 11317 336 64
f 2017
a 11318 44032 64
f 2564
a 11319 34384 256
f 8887
a 11320 6448 16
f 409
a 11321 608 16
f 1008
a 11322 50784 16
f 7663
a 11323 640 256
f 4338
a 11324 2640 16
f 5476
a 11325 1712 16
f 1692
a 11326 9280 16
f 690
a 11327 1024 16
f 2372
a 11328 2608 256
f 10269
a 11329 35744 16
f 10226
a 11330 12928 256
f 9502
a 11331 336 16
f 11265
a 11332 4816 64
f 4175
a 11333 1008 64
f 5468
a 11334 31296 256
f 4838
a 11335 464 64
f 3906
a 11336 976 16
f 8342
a 11337 6176 16
f 4066
a 11338 560 256
f 5572
a 11339 3136 16
f 2961
a 11340 62928 64
f 2607
a 11341 3984 256
f 9524
a 11342 496 256
f 330
a 11343 10992 64
f 8679
a 11344 736 16
f 9155
a 11345 688 256
f 8765
a 11346 896 64
f 9987
a 11347 3680 16
f 3640
a 11348 5216 16
f 6097
a 11349 45264 16
f 7230
a 11350 13648 16
f 1350
a 11351 3072 64
f 7728
a 11352 272 64
f 2124
a 11353 544 256
f 5889
a 11354 20160 64
f 7592
a 11355 32096 256
f 5507
a 11356 752 64
f 847
a 11357 1792 64
f 1783
a 11358 1056 16
f 3266
a 11359 2080 16
f 9509
a 11360 39088 64
f 6841
a 11361 624 256
f 10460
a 11362 3616 256
f 10661
a 11363 912 256
f 2615
a 11364 1440 256
f 2745
a 11365 48960 16
f 7343
a 11366 3104 256
f 6712
a 11367 304 64
f 6439
a 11368 2320 64
f 285
a 11369 1008 16
f 4174
a 11370 1824 256
f 199
a 11371 12000 64
f 2431
a 11372 288 256
f 9478
a 11373 9152 256
f 11145
a 11374 448 256
f 3223
a 11375 26880 16
f 4187
a 11376 6672 256
f 2242
a 11377 336 16
f 6784
a 11378 33808 16
f 9329
a 11379 672 64
f 2771
a 11380 480 64
f 6165
a 11381 57888 16
f 9548
a 11382 10896 64
f 4444
a 11383 3504 64
f 7884
a 11384 592 256
f 6868
a 11385 8000 256
f 2533
a 11386 432 64
f 3892
a 11387 7136 16
f 810
a 11388 11808 16
f 1054
a 11389 592 16
f 8975
a 11390 448 16
f 11216
a 11391 640 16
f 1529
a 11392 1648 256
f 6816
a 11393 3312 64
f 10188
a 11394 1408 64
f 352
a 11395 7280 64
f 3783
a 11396 368 16
f 10835
a 11397 22544 16
f 6770
a 11398 8176 16
f 8068
a 11399 3024 256
f 9441
a 11400 2352 64
f 2466
a 11401 608 256
f 10786
a 11402 432 16
f 11
a 11403 8048 64
f 2524
a 11404 32336 64
f 824
a 11405 640 256
f 1365
a 11406 5712 256
f 1092
a 11407 63872 64
f 9939
a 11408 384 16
f 885
a 11409 736 64
f 6387
a 11410 9968 64
f 10240
a 11411 55312 16
f 7634
a 11412 31216 16
f 844
a 11413 28912 256
f 10869
a 11414 24080 64
f 2199
a 11415 14576 16
f 9149
a 11416 528 16
f 3567
a 11417 1664 256
f 4237
a 11418 22768 64
f 4407
a 11419 3664 16
f 5774
a 11420 576 64
f 7698
a 11421 768 16
f 7098
a 11422 512 64
f 4555
a 11423 8848 256
f 7025
a 11424 20752 256
f 5532
a 11425 2000 16
f 2801
a 11426 6560 256
f 71
a 11427 7728 64
f 9652
a 11428 4752 16
f 7007
a 11429 592 16
f 7898
a 11430 22336 16
f 5917
a 11431 912 16
f 1235
a 11432 10752 64
f 6363
a 11433 8096 64
f 8366
a 11434 688 256
f 142
a 11435 3712 64
f 1304
a 11436 18016 256
f 539
a 11437 6384 64
f 6124
a 11438 26240 256
f 7099
a 11439 20656 64
f 11344
a 11440 720 256
f 4651
a 11441 464 256
f 8410
a 11442 1392 16
f 1191
a 11443 1344 256
f 6697
a 11444 28624 256
f 9968
a 11445 10112 16
f 8219
a 11446 7376 64
f 1866
a 11447 2496 16
f 1393
a 11448 640 16
f 9686
a 11449 3728 256
f 3011
a 11450 12448 64
f 2486
a 11451 352 256
f 3707
a 11452 800 64
f 6546
a 11453 688 256
f 6599
a 11454 5728 256
f 2526
a 11455 6256 256
f 2622
a 11456 3504 256
f 10454
a 11457 6096 64
f 11387
a 11458 11008 64
f 4370
a 11459 12832 16
f 3580
a 11460 29728 16
f 2011
a 11461 848 64
f 18
a 11462 6496 256
f 3010
a 11463 6768 64
f 4329
a 11464 2672 16
f 525
a 11465 400 256
f 2228
a 11466 704 64
f 10904
a 11467 9216 256
f 7559
a 11468 15536 256
f 1966
a 11469 23056 256
f 10538
a 11470 10544 16
f 11396
a 11471 26672 16
f 5383
a 11472 35440 64
f 11084
a 11473 848 256
f 3419
a 11474 3632 64
f 1559
a 11475 7152 16
f 1302
a 11476 61920 64
f 10384
a 11477 640 16
f 9174
a 11478 6464 64
f 1656
a 11479 60448 256
f 8350
a 11480 464 16
f 11325
a 11481 1984 64
f 595
a 11482 1824 256
f 3125
a 11483 992 16
f 2756
a 11484 1648 64
f 4413
a 11485 50992 16
f 3555
a 11486 9792 256
f 8767
a 11487 416 256
f 3510
a 11488 336 64
f 6049
a 11489 46272 64
f 1648
a 11490 432 16
f 8382
a 11491 1104 16
f 4624
a 11492 416 16
f 8850
a 11493 57312 64
f 7573
a 11494 63856 64
f 7964
a 11495 4912 16
f 2080
a 11496 7584 256
f 7112
a 11497 560 256
f 2449
a 11498 2176 64
f 4162
a 11499 13584 64
c step-1500
f 3060
a 11500 336 64
f 7109
a 11501 63664 256
f 1776
a 11502 53008 256
f 5926
a 11503 6080 256
f 5477
a 11504 11776 256
f 4136
a 11505 25520 16
f 1425
a 11506 3664 256
f 3563
a 11507 576 16
f 8129
a 11508 1200 16
f 10614
a 11509 2976 16
f 8773
a 11510 2688 256
f 3420
a 11511 384 16
f 9335
a 11512 864 16
f 8297
a 11513 62928 16
f 9056
a 11514 416 256
f 895
a 11515 3488 64
f 3283
a 11516 30704 256
f 265
a 11517 7264 64
f 5031
a 11518 33296 16
f 2661
a 11519 624 256
f 4220
a 11520 480 64
f 11105
a 11521 496 64
f 5328
a 11522 448 16
f 406
a 11523 320 64
f 10472
a 11524 720 256
f 4632
a 11525 6672 256
f 1657
a 11526 304 16
f 10716
a 11527 1632 256
f 11517
a 11528 5168 16
f 10759
a 11529 64832 16
f 8741
a 11530 1360 256
f 859
a 11531 2368 16
f 6919
a 11532 576 16
f 10756
a 11533 5904 16
f 2010
a 11534 2512 256
f 7494
a 11535 18688 16
f 8797
a 11536 50352 16
f 2537
a 11537 496 64
f 8174
a 11538 2592 16
f 9379
a 11539 61056 16
f 7517
a 11540 32384 64
f 10677
a 11541 55056 256
f 153
a 11542 1552 16
f 8401
a 11543 816 64
f 8814
a 11544 2192 256
f 7093
a 11545 2368 256
f 9067
a 11546 7632 256
f 389
a 11547 4192 64
f 6785
a 11548 400 16
f 3081
a 11549 1504 16
f 2404
a 11550 768 256
f 2943
a 11551 1664 64
f 9928
a 11552 9024 16
f 6604
a 11553 336 256
f 3296
a 11554 1392 256
f 3557
a 11555 544 64
f 9637
a 11556 848 256
f 5064
a 11557 4272 16
f 6435
a 11558 3056 16
f 11424
a 11559 13984 256
f 7269
a 11560 1008 64
f 8544
a 11561 6816 256
f 8353
a 11562 14928 256
f 2393
a 11563 45568 256
f 4742
a 11564 16176 64
f 8698
a 11565 15696 64
f 4904
a 11566 432 256
f 881
a 11567 3440 64
f 2208
a 11568 1584 16
f 7450
a 11569 10976 256
f 9539
a 11570 304 64
f 6116
a 11571 7424 16
f 8005
a 11572 65088 64
f 3221
a 11573 14992 16
f 5607
a 11574 37824 256
f 1428
a 11575 992 64
f 600
a 11576 26624 16
f 11458
a 11577 2304 64
f 4051
a 11578 46224 16
f 1925
a 11579 28640 64
f 2506
a 11580 736 16
f 10206
a 11581 20144 64
f 11551
a 11582 688 64
f 793
a 11583 58304 16
f 2807
a 11584 3424 64
f 7950
a 11585 272 256
f 1038
a 11586 30560 256
f 5506
a 11587 3968 64
f 8824
a 11588 52992 16
f 2785
a 11589 3856 16
f 2047
a 11590 2368 16
f 9719
a 11591 2656 64
f 4103
a 11592 16176 256
f 9589
a 11593 1632 16
f 10832
a 11594 752 64
f 7475
a 11595 1952 16
f 9427
a 11596 13744 16
f 4960
a 11597 816 256
f 7307
a 11598 10048 64
f 6166
a 11599 28816 16
f 9667
a 11600 14496 16
f 11357
a 11601 1088 256
f 7018
a 11602 1152 16
f 1726
a 11603 5648 256
f 5013
a 11604 2192 16
f 6130
a 11605 3440 64
f 7167
a 11606 4816 256
f 4096
a 11607 1488 64
f 7647
a 11608 848 16
f 8757
a 11609 18720 256
f 1744
a 11610 5280 64
f 2535
a 11611 40992 16
f 6815
a 11612 41280 64
f 5058
a 11613 43232 256
f 1943
a 11614 2112 16
f 6936
a 11615 24016 16
f 5496
a 11616 400 16
f 3682
a 11617 36224 256
f 2401
a 11618 5920 256
f 6526
a 11619 1760 64
f 3971
a 11620 4464 64
f 5652
a 11621 23632 256
f 2375
a 11622 1536 256
f 689
a 11623 14256 16
f 6998
a 11624 688 256
f 8557
a 11625 32576 256
f 8768
a 11626 42624 256
f 6310
a 11627 944 64
f 1022
a 11628 624 16
f 11488
a 11629 656 64
f 10491
a 11630 2960 16
f 6879
a 11631 63232 64
f 2905
a 11632 2352 256
f 8018
a 11633 304 16
f 8756
a 11634 20080 64
f 11049
a 11635 20464 256
f 5759
a 11636 9632 256
f 8958
a 11637 6080 16
f 978
a 11638 3440 16
f 3383
a 11639 59104 256
f 740
a 11640 416 64
f 1083
a 11641 896 64
f 9229
a 11642 4784 64
f 1000
a 11643 62160 256
f 7235
a 11644 5488 16
f 4279
a 11645 3760 256
f 1757
a 11646 28208 16
f 8143
a 11647 384 64
f 6792
a 11648 592 64
f 2997
a 11649 320 64
f 6920
a 11650 3696 256
f 10089
a 11651 1120 64
f 4750
a 11652 24400 16
f 4788
a 11653 320 256
f 4461
a 11654 3888 64
f 3596
a 11655 14976 64
f 1563
a 11656 16528 256
f 9231
a 11657 7904 64
f 4048
a 11658 12448 16
f 1928
a 11659 320 16
f 7306
a 11660 496 64
f 8879
a 11661 1952 64
f 10557
a 11662 49648 64
f 1331
a 11663 53360 256
f 4868
a 11664 736 256
f 9412
a 11665 5152 16
f 6997
a 11666 7024 256
f 4462
a 11667 14944 256
f 8100
a 11668 1456 256
f 8017
a 11669 11264 16
f 8555
a 11670 20192 64
f 2417
a 11671 48736 16
f 7225
a 11672 400 256
f 10633
a 11673 352 64
f 9969
a 11674 432 16
f 7467
a 11675 2768 256
f 1525
a 11676 7872 64
f 9694
a 11677 16192 256
f 6151
a 11678 3056 256
f 440
a 11679 7184 16
f 3336
a 11680 20880 64
f 5445
a 11681 496 256
f 8877
a 11682 640 16
f 9188
a 11683 15216 64
f 7267
a 11684 5344 64
f 1999
a 11685 576 16
f 2982
a 11686 608 64
f 104
a 11687 31840 256
f 2521
a 11688 49456 64
f 81
a 11689 320 64
f 11306
a 11690 2976 16
f 8012
a 11691 992 64
f 4412
a 11692 25024 64
f 1152
a 11693 448 16
f 9312
a 11694 4864 256
f 4159
a 11695 29248 256
f 2059
a 11696 1488 64
f 8626
a 11697 2240 256
f 5182
a 11698 2112 64
f 5606
a 11699 1344 256
f 644
a 11700 32720 64
f 4229
a 11701 14496 16
f 5694
a 11702 368 64
f 8993
a 11703 61232 256
f 5433
a 11704 4960 16
f 11448
a 11705 2464 256
f 2016
a 11706 7328 256
f 11439
a 11707 880 16
f 3777
a 11708 7072 256
f 10197
a 11709 368 16
f 3479
a 11710 2000 256
f 8110
a 11711 19232 256
f 10295
a 11712 28912 256
f 7030
a 11713 416 16
f 4144
a 11714 768 64
f 10740
a 11715 7568 256
f 1232
a 11716 4400 64
f 6243
a 11717 464 256
f 8355
a 11718 2864 64
f 1026
a 11719 22800 16
f 5811
a 11720 3376 16
f 3360
a 11721 8480 256
f 1689
a 11722 3744 64
f 4696
a 11723 6816 256
f 11308
a 11724 36352 256
f 2713
a 11725 3456 16
f 9777
a 11726 3776 64
f 3526
a 11727 31408 16
f 4375
a 11728 28192 64
f 5669
a 11729 3712 64
f 3289
a 11730 21920 256
f 3605
a 11731 1296 64
f 4307
a 11732 11168 256
f 6938
a 11733 12064 16
f 8816
a 11734 1808 16
f 2833
a 11735 8544 16
f 4485
a 11736 336 256
f 6024
a 11737 12880 16
f 5411
a 11738 3952 16
f 8733
a 11739 1056 16
f 2799
a 11740 320 64
f 8937
a 11741 5216 256
f 2673
a 11742 6640 16
f 8631
a 11743 42720 16
f 3049
a 11744 18144 64
f 339
a 11745 960 256
f 3189
a 11746 1024 16
f 5813
a 11747 752 16
f 9279
a 11748 5600 16
f 4417
a 11749 17616 16
f 5867
a 11750 5360 256
f 1098
a 11751 512 256
f 7178
a 11752 320 256
f 388
a 11753 4752 64
f 10242
a 11754 8832 16
f 5704
a 11755 336 256
f 1786
a 11756 20368 256
f 5791
a 11757 13024 256
f 59
a 11758 26224 64
f 8962
a 11759 672 64
f 4202
a 11760 416 16
f 345
a 11761 416 16
f 8527
a 11762 8144 64
f 5736
a 11763 784 256
f 5321
a 11764 35664 64
f 6717
a 11765 26560 256
f 5618
a 11766 3984 64
f 6686
a 11767 320 256
f 11502
a 11768 54784 16
f 3780
a 11769 2032 256
f 9726
a 11770 3904 64
f 5994
a 11771 14976 256
f 10584
a 11772 5152 256
f 6824
a 11773 37520 256
f 321
a 11774 944 256
f 1285
a 11775 1728 16
f 2805
a 11776 512 16
f 1643
a 11777 14512 256
f 11290
a 11778 496 256
f 11563
a 11779 656 16
f 9322
a 11780 11440 16
f 10863
a 11781 1952 256
f 9532
a 11782 56720 256
f 171
a 11783 2256 16
f 5566
a 11784 480 16
f 11354
a 11785 19504 256
f 5186
a 11786 1552 256
f 10228
a 11787 2112 16
f 6236
a 11788 2032 256
f 10254
a 11789 4432 64
f 10974
a 11790 15536 16
f 11164
a 11791 1264 64
f 6120
a 11792 656 256
f 5510
a 11793 4240 256
f 10294
a 11794 25968 256
f 1813
a 11795 35952 16
f 8663
a 11796 21552 256
f 317
a 11797 21056 64
f 6769
a 11798 416 64
f 5305
a 11799 5744 256
f 299
a 11800 1088 256
f 2211
a 11801 17120 64
f 4502
a 11802 1440 256
f 5486
a 11803 1024 256
f 3193
a 11804 44688 256
f 522
a 11805 6160 16
f 9330
a 11806 11888 256
f 605
a 11807 33424 16
f 4694
a 11808 1600 64
f 9618
a 11809 272 16
f 6781
a 11810 7008 64
f 6297
a 11811 49360 256
f 759
a 11812 848 64
f 3507
a 11813 4512 256
f 2196
a 11814 400 256
f 3384
a 11815 31680 64
f 349
a 11816 31872 64
f 9139
a 11817 1632 256
f 6757
a 11818 1776 64
f 1230
a 11819 43808 256
f 10702
a 11820 624 16
f 8377
a 11821 912 256
f 8120
a 11822 7568 64
f 5424
a 11823 11424 64
f 4343
a 11824 400 64
f 42
a 11825 496 256
f 2904
a 11826 560 64
f 4829
a 11827 1312 16
f 233
a 11828 720 64
f 6715
a 11829 832 16
f 6682
a 11830 7952 16
f 1399
a 11831 11200 64
f 550
a 11832 1552 256
f 9170
a 11833 20032 64
f 7537
a 11834 448 256
f 7233
a 11835 2688 16
f 11672
a 11836 4320 256
f 5308
a 11837 4960 64
f 7944
a 11838 6096 64
f 3522
a 11839 12896 64
f 6370
a 11840 1504 64
f 5573
a 11841 1104 64
f 7042
a 11842 544 16
f 10818
a 11843 61056 64
f 11230
a 11844 26864 16
f 4583
a 11845 24560 16
f 11346
a 11846 976 256
f 2379
a 11847 1040 16
f 2967
a 11848 608 16
f 4346
a 11849 26560 16
f 560
a 11850 21184 16
f 10967
a 11851 272 64
f 2217
a 11852 832 64
f 11847
a 11853 480 256
f 10747
a 11854 624 16
f 6029
a 11855 1680 64
f 3027
a 11856 64720 16
f 6654
a 11857 976 256
f 9332
a 11858 57504 16
f 4556
a 11859 7680 16
f 5854
a 11860 2352 256
f 6611
a 11861 20176 256
f 1822
a 11862 58976 16
f 8452
a 11863 39856 16
f 6867
a 11864 1088 16
f 3229
a 11865 15584 256
f 8437
a 11866 912 64
f 5404
a 11867 26064 256
f 4443
a 11868 8608 256
f 1798
a 11869 1728 16
f 5155
a 11870 19808 16
f 7574
a 11871 992 16
f 6118
a 11872 656 256
f 10256
a 11873 27696 256
f 9349
a 11874 10976 16
f 11695
a 11875 432 256
f 11127
a 11876 45424 64
f 360
a 11877 49664 64
f 875
a 11878 3056 256
f 5050
a 11879 5872 64
f 7864
a 11880 28096 256
f 3916
a 11881 608 64
f 654
a 11882 15200 64
f 763
a 11883 7440 16
f 4038
a 11884 624 256
f 2408
a 11885 3232 256
f 6985
a 11886 9648 16
f 11337
a 11887 2960 64
f 5524
a 11888 9952 16
f 4873
a 11889 7920 256
f 8475
a 11890 944 256
f 5003
a 11891 6560 16
f 6631
a 11892 27328 256
f 2845
a 11893 400 256
f 10620
a 11894 2960 64
f 11546
a 11895 1104 64
f 693
a 11896 6032 256
f 8964
a 11897 5536 64
f 9039
a 11898 3840 64
f 7662
a 11899 2912 16
f 4531
a 11900 768 64
f 1186
a 11901 15712 64
f 8697
a 11902 4368 16
f 9934
a 11903 29376 256
f 10891
a 11904 928 16
f 5114
a 11905 1920 16
f 9302
a 11906 368 64
f 10902
a 11907 32736 64
f 6814
a 11908 512 16
f 10951
a 11909 1328 16
f 8789
a 11910 7104 64
f 5666
a 11911 11776 64
f 4550
a 11912 832 64
f 11890
a 11913 1568 256
f 11714
a 11914 688 64
f 4945
a 11915 1184 16
f 6315
a 11916 53008 16
f 2457
a 11917 27760 16
f 6553
a 11918 736 256
f 5865
a 11919 800 16
f 7929
a 11920 1600 16
f 2613
a 11921 576 16
f 191
a 11922 53904 64
f 7943
a 11923 33376 64
f 5790
a 11924 13296 16
f 7596
a 11925 19776 64
f 7102
a 11926 2832 64
f 3498
a 11927 7808 16
f 7310
a 11928 32640 64
f 8444
a 11929 1424 16
f 1310
a 11930 1184 256
f 5376
a 11931 57696 16
f 5921
a 11932 336 256
f 11233
a 11933 38784 256
f 11298
a 11934 688 16
f 9165
a 11935 400 16
f 1208
a 11936 6320 16
f 756
a 11937 1984 64
f 2647
a 11938 320 64
f 6743
a 11939 1648 16
f 9677
a 11940 656 64
f 1148
a 11941 29104 256
f 6728
a 11942 2400 16
f 6473
a 11943 4848 64
f 7484
a 11944 352 256
f 879
a 11945 63536 256
f 6040
a 11946 59488 64
f 10833
a 11947 384 16
f 2289
a 11948 2464 16
f 3800
a 11949 512 256
f 6070
a 11950 288 256
f 6002
a 11951 2448 64
f 3413
a 11952 19312 16
f 8383
a 11953 272 16
f 5557
a 11954 2160 16
f 11545
a 11955 14752 16
f 11018
a 11956 1024 16
f 11501
a 11957 800 16
f 3013
a 11958 6784 64
f 10947
a 11959 24560 16
f 10504
a 11960 480 64
f 9855
a 11961 42880 256
f 5628
a 11962 8384 64
f 515
a 11963 15168 16
f 3201
a 11964 1344 64
f 8149
a 11965 4416 64
f 8855
a 11966 29120 256
f 6966
a 11967 25312 64
f 3322
a 11968 2640 256
f 11534
a 11969 59344 16
f 9656
a 11970 42544 64
f 11310
a 11971 3200 256
f 7569
a 11972 42368 16
f 6154
a 11973 544 64
f 4181
a 11974 1072 64
f 7812
a 11975 624 64
f 4997
a 11976 448 16
f 6462
a 11977 4048 64
f 3486
a 11978 19040 64
f 8199
a 11979 27648 64
f 1195
a 11980 5904 256
f 1366
a 11981 2048 256
f 4983
a 11982 768 16
f 11524
a 11983 2816 256
f 1877
a 11984 672 16
f 7144
a 11985 8816 64
f 4153
a 11986 720 64
f 9481
a 11987 27600 64
f 189
a 11988 336 16
f 10569
a 11989 624 256
f 6258
a 11990 320 256
f 6318
a 11991 7152 64
f 519
a 11992 16928 64
f 3812
a 11993 864 256
f 2273
a 11994 1168 256
f 6269
a 11995 992 256
f 4218
a 11996 29792 64
f 10198
a 11997 2848 16
f 1408
a 11998 544 64
f 9166
a 11999 400 256
c step-2000
f 8192
a 12000 26864 256
f 2954
a 12001 4288 16
f 11730
a 12002 28768 16
f 5209
a 12003 10096 64
f 2588
a 12004 5008 64
f 4324
a 12005 30384 16
f 2965
a 12006 432 64
f 10872
a 12007 400 64
f 10008
a 12008 2256 16
f 8777
a 12009 29040 256
f 7130
a 12010 1328 64
f 1369
a 12011 12688 256
f 5953
a 12012 17104 256
f 3745
a 12013 10000 16
f 4717
a 12014 3456 16
f 7038
a 12015 47616 16
f 7045
a 12016 3200 64
f 9199
a 12017 496 256
f 2153
a 12018 23920 16
f 9957
a 12019 368 64
f 11143
a 12020 13520 256
f 10824
a 12021 55376 64
f 2295
a 12022 960 16
f 10195
a 12023 33344 256
f 5053
a 12024 3632 256
f 9922
a 12025 6800 16
f 3372
a 12026 608 256
f 963
a 12027 1264 64
f 2071
a 12028 18032 256
f 9079
a 12029 544 256
f 9080
a 12030 704 256
f 11159
a 12031 38160 16
f 4239
a 12032 14416 16
f 6044
a 12033 1280 256
f 8440
a 12034 37200 64
f 3262
a 12035 496 16
f 3092
a 12036 23984 16
f 3704
a 12037 1664 64
f 5940
a 12038 3248 64
f 8941
a 12039 8112 256
f 9341
a 12040 11488 16
f 10349
a 12041 24544 256
f 4471
a 12042 4176 256
f 2176
a 12043 21904 64
f 9794
a 12044 32432 64
f 6078
a 12045 16064 64
f 888
a 12046 608 256
f 2547
a 12047 1808 64
f 2598
a 12048 1808 16
f 11838
a 12049 2032 16
f 9542
a 12050 1216 16
f 7152
a 12051 1856 16
f 8872
a 12052 33568 256
f 10127
a 12053 1536 64
f 5478
a 12054 2480 256
f 4579
a 12055 37712 16
f 10138
a 12056 11472 16
f 9498
a 12057 688 16
f 3008
a 12058 2256 256
f 9451
a 12059 336 256
f 11621
a 12060 39744 16
f 7077
a 12061 3520 256
f 4227
a 12062 7824 64
f 7672
a 12063 512 16
f 3406
a 12064 45744 16
f 4746
a 12065 6256 16
f 8897
a 12066 18480 256
f 7157
a 12067 4864 16
f 8522
a 12068 6128 256
f 9465
a 12069 784 64
f 6790
a 12070 4480 64
f 854
a 12071 880 256
f 3997
a 12072 62224 256
f 12055
a 12073 1696 64
f 5680
a 12074 20832 16
f 4839
a 12075 1232 256
f 10769
a 12076 704 256
f 3979
a 12077 63664 16
f 9404
a 12078 1376 64
f 8959
a 12079 784 64
f 1600
a 12080 5040 16
f 9596
a 12081 38848 256
f 9662
a 12082 10608 256
f 8398
a 12083 22944 64
f 709
a 12084 64208 256
f 11553
a 12085 4000 256
f 9531
a 12086 9520 64
f 286
a 12087 32016 16
f 9673
a 12088 24704 16
f 8070
a 12089 27040 16
f 1020
a 12090 3632 256
f 10801
a 12091 2848 16
f 2326
a 12092 6176 16
f 8271
a 12093 15216 64
f 7429
a 12094 416 256
f 6296
a 12095 5392 16
f 3148
a 12096 64544 256
f 6115
a 12097 448 16
f 2433
a 12098 61744 64
f 4170
a 12099 7680 64
f 4918
a 12100 1632 64
f 2156
a 12101 336 64
f 4951
a 12102 512 64
f 8542
a 12103 1472 16
f 174
a 12104 816 256
f 3271
a 12105 368 256
f 7979
a 12106 63408 256
f 11388
a 12107 1008 256
f 101
a 12108 400 16
f 6396
a 12109 31680 16
f 11859
a 12110 352 64
f 10540
a 12111 7952 16
f 8001
a 12112 2880 64
f 9169
a 12113 400 16
f 6923
a 12114 2736 256
f 9493
a 12115 976 256
f 3922
a 12116 448 256
f 7562
a 12117 32560 256
f 9763
a 12118 12176 16
f 320
a 12119 432 64
f 11071
a 12120 3056 64
f 9861
a 12121 2592 16
f 8065
a 12122 1792 16
f 11065
a 12123 1344 256
f 10250
a 12124 30720 256
f 4954
a 12125 43680 64
f 11327
a 12126 1344 16
f 2063
a 12127 5104 64
f 2716
a 12128 1952 256
f 6230
a 12129 15312 64
f 7370
a 12130 51456 256
f 6520
a 12131 15280 64
f 9631
a 12132 18880 256
f 8593
a 12133 3600 256
f 7986
a 12134 640 256
f 11800
a 12135 13936 16
f 11875
a 12136 8048 256
f 5538
a 12137 1168 64
f 485
a 12138 7232 16
f 1583
a 12139 13616 256
f 1200
a 12140 416 64
f 5591
a 12141 2240 64
f 11990
a 12142 16480 16
f 4900
a 12143 400 64
f 3862
a 12144 3296 64
f 7625
a 12145 320 64
f 801
a 12146 768 16
f 8556
a 12147 46736 64
f 2062
a 12148 3072 64
f 20
a 12149 24096 16
f 11401
a 12150 944 16
f 11229
a 12151 976 16
f 1342
a 12152 416 256
f 8403
a 12153 8496 256
f 10776
a 12154 432 64
f 2766
a 12155 9824 16
f 3950
a 12156 51216 64
f 11586
a 12157 512 16
f 797
a 12158 3088 256
f 9211
a 12159 1632 256
f 10959
a 12160 1616 64
f 2857
a 12161 7952 16
f 9535
a 12162 23008 64
f 5447
a 12163 7088 16
f 5107
a 12164 720 256
f 967
a 12165 49424 256
f 6578
a 12166 16176 16
f 1371
a 12167 896 256
f 4849
a 12168 26800 256
f 4791
a 12169 1264 64
f 8380
a 12170 33632 16
f 293
a 12171 7248 256
f 3933
a 12172 33024 64
f 814
a 12173 13568 256
f 8659
a 12174 1088 64
f 2263
a 12175 4352 16
f 470
a 12176 4096 64
f 2513
a 12177 5968 16
f 148
a 12178 3184 16
f 3646
a 12179 3008 256
f 257
a 12180 12720 256
f 1647
a 12181 2080 64
f 4824
a 12182 336 16
f 3607
a 12183 2912 256
f 9556
a 12184 3216 16
f 8660
a 12185 5424 64
f 11634
a 12186 864 256
f 2573
a 12187 1184 64
f 10305
a 12188 10576 64
f 1403
a 12189 1504 256
f 3944
a 12190 6000 256
f 11186
a 12191 14992 256
f 3065
a 12192 11168 64
f 10524
a 12193 17696 256
f 8573
a 12194 608 64
f 4758
a 12195 288 16
f 7295
a 12196 28944 256
f 1848
a 12197 11936 256
f 10321
a 12198 1584 256
f 4971
a 12199 448 64
f 12187
a 12200 16272 16
f 8470
a 12201 14016 256
f 5918
a 12202 848 16
f 7892
a 12203 1952 16
f 8842
a 12204 14640 16
f 9765
a 12205 9440 64
f 1109
a 12206 9536 16
f 6970
a 12207 4336 256
f 2900
a 12208 5408 256
f 6558
a 12209 5424 256
f 7166
a 12210 41744 256
f 10093
a 12211 560 256
f 3848
a 12212 27840 256
f 11705
a 12213 576 16
f 2551
a 12214 46624 256
f 3216
a 12215 23040 64
f 5758
a 12216 12336 64
f 337
a 12217 45120 256
f 7676
a 12218 21872 256
f 11477
a 12219 2272 64
f 11179
a 12220 1584 256
f 559
a 12221 2976 256
f 1382
a 12222 400 64
f 5515
a 12223 60032 256
f 7867
a 12224 1248 64
f 3727
a 12225 6272 64
f 7754
a 12226 1760 64
f 7721
a 12227 36704 256
f 2132
a 12228 26272 64
f 11919
a 12229 464 256
f 4194
a 12230 2240 64
f 7163
a 12231 10640 16
f 11783
a 12232 320 16
f 5490
a 12233 15200 64
f 7740
a 12234 9328 16
f 5938
a 12235 2160 64
f 3765
a 12236 560 256
f 11977
a 12237 25136 256
f 6134
a 12238 2528 256
f 9711
a 12239 464 64
f 11941
a 12240 3504 16
f 246
a 12241 3952 16
f 11916
a 12242 7152 16
f 6732
a 12243 560 256
f 4223
a 12244 1872 256
f 2723
a 12245 5696 256
f 1001
a 12246 54832 16
f 2489
a 12247 42384 16
f 11741
a 12248 26016 16
f 9388
a 12249 26240 16
f 6101
a 12250 28160 64
f 5130
a 12251 7248 16
f 11554
a 12252 40784 256
f 7908
a 12253 608 16
f 12060
a 12254 27296 64
f 10588
a 12255 15328 256
f 6835
a 12256 8784 256
f 304
a 12257 27248 16
f 2558
a 12258 576 16
f 12134
a 12259 992 64
f 8424
a 12260 2016 256
f 4070
a 12261 2608 64
f 6250
a 12262 1216 64
f 7765
a 12263 24976 64
f 7807
a 12264 1824 64
f 7582
a 12265 2416 256
f 7595
a 12266 2064 256
f 188
a 12267 464 64
f 9394
a 12268 21712 256
f 1991
a 12269 1392 256
f 11135
a 12270 736 16
f 4258
a 12271 5280 256
f 11211
a 12272 416 16
f 10800
a 12273 6544 64
f 2039
a 12274 688 16
f 2302
a 12275 31600 64
f 8085
a 12276 39776 16
f 8929
a 12277 9472 256
f 2786
a 12278 42304 16
f 476
a 12279 2720 256
f 7497
a 12280 1136 16
f 3415
a 12281 1200 64
f 1898
a 12282 1472 16
f 10122
a 12283 1584 64
f 8203
a 12284 30816 256
f 9137
a 12285 3136 256
f 3716
a 12286 512 256
f 3168
a 12287 63056 64
f 303
a 12288 4912 64
f 9475
a 12289 14720 256
f 9685
a 12290 2048 16
f 335
a 12291 60464 64
f 7376
a 12292 2480 16
f 6337
a 12293 7584 64
f 5919
a 12294 11664 64
f 8236
a 12295 5936 16
f 1495
a 12296 34864 64
f 6139
a 12297 2016 256
f 11455
a 12298 896 16
f 4439
a 12299 1088 64
f 3397
a 12300 336 64
f 7811
a 12301 736 16
f 5067
a 12302 1536 16
f 3931
a 12303 400 256
f 668
a 12304 40496 16
f 10734
a 12305 1328 64
f 10107
a 12306 13520 64
f 510
a 12307 4000 64
f 3902
a 12308 55936 256
f 11734
a 12309 3440 16
f 8739
a 12310 17840 64
f 6340
a 12311 1680 64
f 8684
a 12312 7520 16
f 3539
a 12313 19920 64
f 1611
a 12314 4736 64
f 680
a 12315 3264 256
f 11661
a 12316 26592 16
f 11588
a 12317 672 256
f 11176
a 12318 2624 256
f 575
a 12319 2432 16
f 4476
a 12320 896 16
f 2699
a 12321 6720 64
f 6090
a 12322 8256 256
f 3429
a 12323 1968 256
f 1970
a 12324 2400 64
f 6018
a 12325 13696 64
f 1981
a 12326 976 16
f 4061
a 12327 6096 16
f 6635
a 12328 3056 16
f 11102
a 12329 608 16
f 11516
a 12330 42432 64
f 3719
a 12331 304 64
f 8782
a 12332 5376 64
f 5553
a 12333 1616 256
f 10743
a 12334 304 256
f 8349
a 12335 928 64
f 11373
a 12336 12656 64
f 10474
a 12337 13664 64
f 2100
a 12338 6208 16
f 2529
a 12339 6480 16
f 3291
a 12340 29216 16
f 12100
a 12341 1216 256
f 919
a 12342 10272 256
f 4541
a 12343 1040 16
f 1070
a 12344 14000 64
f 659
a 12345 1248 16
f 9983
a 12346 1728 64
f 4948
a 12347 1536 64
f 2736
a 12348 23280 64
f 466
a 12349 8528 16
f 6904
a 12350 640 256
f 8417
a 12351 672 256
f 5065
a 12352 12000 16
f 7325
a 12353 3760 16
f 4207
a 12354 17888 64
f 7462
a 12355 11632 256
f 1166
a 12356 5472 16
f 9517
a 12357 10224 64
f 6414
a 12358 608 16
f 7360
a 12359 19488 16
f 8582
a 12360 496 256
f 7930
a 12361 3728 16
f 11348
a 12362 2384 16
f 10519
a 12363 14208 256
f 2559
a 12364 15648 64
f 348
a 12365 63520 64
f 2206
a 12366 5776 256
f 1546
a 12367 6704 64
f 7882
a 12368 4880 64
f 11251
a 12369 31264 256
f 10848
a 12370 1872 64
f 11768
a 12371 31728 64
f 7510
a 12372 4240 64
f 9306
a 12373 49472 16
f 4515
a 12374 62832 256
f 178
a 12375 320 16
f 11991
a 12376 15104 16
f 2036
a 12377 1216 16
f 6309
a 12378 7712 16
f 2328
a 12379 31616 256
f 10688
a 12380 2800 64
f 4692
a 12381 8160 16
f 883
a 12382 768 64
f 1335
a 12383 30544 16
f 9051
a 12384 13600 16
f 84
a 12385 1648 256
f 2357
a 12386 1968 64
f 5057
a 12387 21504 256
f 2669
a 12388 944 256
f 10954
a 12389 6720 256
f 11871
a 12390 768 64
f 2503
a 12391 3264 64
f 5141
a 12392 34592 256
f 6038
a 12393 640 16
f 9382
a 12394 1920 64
f 8148
a 12395 4544 16
f 2829
a 12396 9568 16
f 11425
a 12397 30816 256
f 2020
a 12398 3584 16
f 2459
a 12399 816 256
f 6176
a 12400 3824 64
f 4846
a 12401 1168 16
f 7212
a 12402 43376 256
f 1976
a 12403 1744 16
f 4041
a 12404 416 64
f 11493
a 12405 45376 64
f 9091
a 12406 2464 16
f 10066
a 12407 15328 256
f 11538
a 12408 43296 256
f 9814
a 12409 656 64
f 4765
a 12410 15184 256
f 1203
a 12411 592 16
f 11214
a 12412 2080 64
f 9512
a 12413 59264 256
f 12042
a 12414 41072 64
f 3437
a 12415 34128 16
f 1582
a 12416 1152 64
f 3439
a 12417 288 64
f 12407
a 12418 25232 256
f 2368
a 12419 1616 256
f 10921
a 12420 43152 16
f 10316
a 12421 784 16
f 9154
a 12422 38304 256
f 9920
a 12423 416 64
f 10823
a 12424 26608 256
f 7700
a 12425 20496 16
f 6216
a 12426 4288 256
f 5560
a 12427 768 64
f 1410
a 12428 960 16
f 7583
a 12429 61632 16
f 4381
a 12430 61152 256
f 8766
a 12431 22736 64
f 7509
a 12432 29200 64
f 6197
a 12433 688 16
f 570
a 12434 24416 64
f 12006
a 12435 480 64
f 49
a 12436 6688 16
f 6753
a 12437 2976 16
f 2572
a 12438 1264 16
f 4480
a 12439 1232 16
f 1364
a 12440 11360 256
f 6167
a 12441 46016 256
f 8423
a 12442 3328 16
f 935
a 12443 26288 16
f 741
a 12444 352 64
f 11450
a 12445 1312 64
f 9549
a 12446 11840 256
f 10362
a 12447 21344 256
f 12064
a 12448 54448 256
f 4105
a 12449 7088 64
f 6467
a 12450 3728 16
f 2726
a 12451 49504 16
f 4688
a 12452 11840 256
f 2203
a 12453 9088 64
f 8331
a 12454 1680 256
f 9782
a 12455 2112 16
f 10045
a 12456 23232 64
f 10219
a 12457 4480 16
f 10961
a 12458 34272 16
f 2340
a 12459 3120 16
f 11144
a 12460 21632 16
f 5615
a 12461 320 64
f 5397
a 12462 55744 64
f 4578
a 12463 16000 256
f 2898
a 12464 8480 256
f 10235
a 12465 32704 64
f 5343
a 12466 15552 256
f 11036
a 12467 784 64
f 1296
a 12468 816 16
f 2639
a 12469 3840 16
f 1
a 12470 10624 256
f 5190
a 12471 1360 256
f 12077
a 12472 31152 256
f 6220
a 12473 3824 256
f 1247
a 12474 1952 256
f 828
a 12475 5200 16
f 6857
a 12476 7632 256
f 7960
a 12477 1648 64
f 1816
a 12478 55360 16
f 2271
a 12479 15488 16
f 5928
a 12480 25328 64
f 7916
a 12481 3904 16
f 8180
a 12482 2736 16
f 5043
a 12483 6528 16
f 3426
a 12484 57792 256
f 6446
a 12485 6528 16
f 2324
a 12486 576 64
f 8622
a 12487 1696 256
f 3893
a 12488 896 64
f 10317
a 12489 400 16
f 11247
a 12490 1424 256
f 10971
a 12491 5264 64
f 7894
a 12492 46352 16
f 1818
a 12493 1312 16
f 7213
a 12494 672 256
f 7969
a 12495 17456 256
f 1071
a 12496 4448 256
f 9409
a 12497 12608 64
f 2315
a 12498 2224 16
f 10477
a 12499 800 256
c step-2500
f 1476
a 12500 1584 16
f 889
a 12501 992 256
f 2717
a 12502 5728 256
f 6329
a 12503 432 256
f 1431
a 12504 1312 256
f 6799
a 12505 2112 16
f 1650
a 12506 896 64
f 4608
a 12507 4032 64
f 9601
a 12508 4576 64
f 7534
a 12509 20256 16
f 11150
a 12510 58704 16
f 6495
a 12511 384 256
f 6825
a 12512 304 16
f 1779
a 12513 480 64
f 3908
a 12514 15008 64
f 541
a 12515 3216 16
f 1444
a 12516 2272 64
f 591
a 12517 6448 256
f 10128
a 12518 45504 16
f 8778
a 12519 1424 256
f 861
a 12520 27808 16
f 9657
a 12521 2704 256
f 7284
a 12522 14192 64
f 705
a 12523 10976 16
f 12007
a 12524 2176 16
f 5505
a 12525 1104 16
f 1892
a 12526 384 64
f 6681
a 12527 2416 16
f 4300
a 12528 48000 64
f 6239
a 12529 8288 256
f 3671
a 12530 1488 256
f 10908
a 12531 432 64
f 7546
a 12532 432 64
f 9660
a 12533 29632 256
f 9142
a 12534 19456 64
f 11666
a 12535 336 256
f 8775
a 12536 1440 256
f 11997
a 12537 63184 64
f 12220
a 12538 352 16
f 3710
a 12539 496 64
f 9223
a 12540 1584 16
f 7858
a 12541 352 256
f 1021
a 12542 496 64
f 9270
a 12543 2416 64
f 9272
a 12544 640 16
f 3518
a 12545 624 64
f 7947
a 12546 416 64
f 6330
a 12547 1568 64
f 5366
a 12548 1760 256
f 8340
a 12549 27040 64
f 10965
a 12550 50016 16
f 10105
a 12551 21760 64
f 44
a 12552 34432 16
f 108
a 12553 1888 64
f 2850
a 12554 336 64
f 6285
a 12555 5536 16
f 11627
a 12556 14064 64
f 6702
a 12557 60144 64
f 2810
a 12558 3568 16
f 3375
a 12559 1344 16
f 288
a 12560 336 16
f 5901
a 12561 720 256
f 404
a 12562 432 16
f 7057
a 12563 8976 64
f 4805
a 12564 26096 256
f 10011
a 12565 59648 256
f 10770
a 12566 4912 16
f 5644
a 12567 2752 16
f 8572
a 12568 480 64
f 10037
a 12569 10752 64
f 9236
a 12570 1984 64
f 6742
a 12571 1152 16
f 6527
a 12572 416 64
f 1073
a 12573 15520 256
f 12381
a 12574 52480 16
f 2374
a 12575 9328 16
f 7513
a 12576 3552 256
f 2151
a 12577 768 16
f 2767
a 12578 10736 64
f 6698
a 12579 21296 64
f 2832
a 12580 2288 256
f 2056
a 12581 1904 256
f 10940
a 12582 9296 64
f 11637
a 12583 25760 64
f 10229
a 12584 560 64
f 7316
a 12585 1120 256
f 3822
a 12586 3088 16
f 6900
a 12587 18000 64
f 9850
a 12588 592 16
f 5213
a 12589 816 16
f 4206
a 12590 9872 256
f 5543
a 12591 4448 64
f 1060
a 12592 20400 256
f 11760
a 12593 47488 64
f 3576
a 12594 7456 64
f 4635
a 12595 59360 256
f 5302
a 12596 272 256
f 4881
a 12597 62448 256
f 6252
a 12598 49920 256
f 10582
a 12599 1744 256
f 11270
a 12600 33792 16
f 12517
a 12601 58576 16
f 7103
a 12602 3568 64
f 1747
a 12603 1616 64
f 9284
a 12604 12048 16
f 10031
a 12605 1328 64
f 8181
a 12606 24384 64
f 12395
a 12607 6816 16
f 1606
a 12608 4304 16
f 1397
a 12609 57776 64
f 3819
a 12610 944 16
f 7023
a 12611 880 256
f 4449
a 12612 1232 16
f 6287
a 12613 55760 64
f 2341
a 12614 26192 16
f 11796
a 12615 36448 256
f 11601
a 12616 26880 64
f 8606
a 12617 65424 16
f 5117
a 12618 11088 256
f 5674
a 12619 544 256
f 2003
a 12620 8992 16
f 10464
a 12621 8320 16
f 11037
a 12622 47328 16
f 5948
a 12623 14928 256
f 4495
a 12624 21168 64
f 10502
a 12625 17456 64
f 7823
a 12626 1632 16
f 3824
a 12627 320 64
f 2574
a 12628 416 256
f 4373
a 12629 5104 256
f 1545
a 12630 832 16
f 9632
a 12631 61840 16
f 2641
a 12632 464 64
f 955
a 12633 18192 256
f 1916
a 12634 12976 64
f 9940
a 12635 64240 16
f 9698
a 12636 30608 16
f 8384
a 12637 10752 64
f 5699
a 12638 1600 16
f 9369
a 12639 672 16
f 12290
a 12640 57760 256
f 3672
a 12641 50368 16
f 2159
a 12642 688 16
f 2210
a 12643 28400 16
f 332
a 12644 4224 16
f 3919
a 12645 62656 64
f 9952
a 12646 3904 64
f 10137
a 12647 784 16
f 9216
a 12648 51664 16
f 1706
a 12649 3472 16
f 3591
a 12650 4048 16
f 7348
a 12651 384 16
f 3477
a 12652 912 256
f 12469
a 12653 4576 16
f 425
a 12654 30032 256
f 5534
a 12655 2560 64
f 10857
a 12656 19296 256
f 8105
a 12657 448 64
f 11728
a 12658 62368 16
f 9210
a 12659 49888 64
f 6021
a 12660 17648 64
f 8455
a 12661 47024 64
f 10330
a 12662 15056 256
f 12455
a 12663 304 64
f 3807
a 12664 1952 64
f 7743
a 12665 7456 16
f 2544
a 12666 5056 16
f 811
a 12667 7264 256
f 2389
a 12668 19072 16
f 11867
a 12669 16480 16
f 3559
a 12670 1136 16
f 4172
a 12671 272 16
f 11445
a 12672 16064 16
f 4347
a 12673 5024 16
f 5379
a 12674 3680 64
f 5335
a 12675 960 16
f 960
a 12676 592 64
f 3239
a 12677 3536 64
f 12037
a 12678 2160 256
f 7627
a 12679 928 64
f 8918
a 12680 816 64
f 7298
a 12681 14032 64
f 12239
a 12682 1568 16
f 9624
a 12683 1312 256
f 39
a 12684 2720 64
f 2225
a 12685 9760 256
f 7605
a 12686 944 256
f 8759
a 12687 1200 64
f 11466
a 12688 896 256
f 7830
a 12689 4720 64
f 7939
a 12690 3152 256
f 10525
a 12691 30144 64
f 1695
a 12692 6672 256
f 8641
a 12693 11088 256
f 7100
a 12694 9728 16
f 11877
a 12695 2512 64
f 8787
a 12696 272 64
f 11961
a 12697 24176 16
f 4142
a 12698 2032 16
f 5711
a 12699 1504 64
f 3954
a 12700 2016 16
f 10193
a 12701 1600 64
f 2802
a 12702 2464 16
f 9565
a 12703 352 16
f 6294
a 12704 448 64
f 10812
a 12705 944 256
f 1034
a 12706 4816 16
f 11822
a 12707 36032 64
f 7671
a 12708 1696 64
f 12567
a 12709 1120 16
f 2523
a 12710 27712 16
f 10273
a 12711 1424 256
f 6401
a 12712 3120 256
f 11954
a 12713 35376 16
f 5641
a 12714 1968 64
f 8454
a 12715 13088 256
f 5312
a 12716 8496 256
f 4841
a 12717 11504 256
f 6222
a 12718 3232 16
f 1746
a 12719 15248 256
f 3532
a 12720 11856 256
f 7495
a 12721 37440 256
f 3278
a 12722 29248 16
f 2721
a 12723 35920 16
f 7374
a 12724 59056 64
f 9001
a 12725 2560 64
f 7058
a 12726 1024 64
f 3737
a 12727 4880 256
f 10167
a 12728 592 256
f 8776
a 12729 1696 64
f 1609
a 12730 31520 16
f 11815
a 12731 39184 16
f 7626
a 12732 61520 16
f 255
a 12733 1648 256
f 5845
a 12734 41360 64
f 947
a 12735 10064 64
f 10253
a 12736 1696 16
f 1702
a 12737 1024 256
f 3999
a 12738 384 64
f 11879
a 12739 3136 16
f 4199
a 12740 58016 64
f 11497
a 12741 14336 256
f 9518
a 12742 6752 256
f 3113
a 12743 25376 64
f 3016
a 12744 1424 64
f 9338
a 12745 2048 16
f 9251
a 12746 848 64
f 10645
a 12747 52208 256
f 10979
a 12748 1008 16
f 3533
a 12749 2144 256
f 8234
a 12750 752 64
f 12589
a 12751 304 16
f 10655
a 12752 976 256
f 5051
a 12753 7872 16
f 8616
a 12754 25664 256
f 2729
a 12755 25904 256
f 5772
a 12756 288 256
f 11086
a 12757 1008 256
f 2105
a 12758 2048 16
f 5220
a 12759 23856 16
f 5273
a 12760 10480 256
f 10916
a 12761 19472 256
f 6005
a 12762 2736 64
f 2306
a 12763 1488 256
f 11075
a 12764 8528 64
f 2359
a 12765 17504 16
f 5596
a 12766 1760 16
f 2657
a 12767 5216 64
f 10789
a 12768 3952 256
f 6954
a 12769 6160 64
f 2978
a 12770 14160 16
f 5129
a 12771 496 64
f 1873
a 12772 336 64
f 2215
a 12773 544 16
f 8067
a 12774 13520 256
f 5040
a 12775 1744 64
f 9866
a 12776 24752 16
f 3928
a 12777 14784 64
f 2121
a 12778 56640 64
f 9819
a 12779 624 16
f 11220
a 12780 15776 256
f 7669
a 12781 15312 64
f 10213
a 12782 15024 16
f 5146
a 12783 14672 16
f 4445
a 12784 16480 16
f 3316
a 12785 1248 256
f 8994
a 12786 12928 256
f 4475
a 12787 4896 256
f 5444
a 12788 30464 256
f 9042
a 12789 480 16
f 6316
a 12790 1168 64
f 715
a 12791 7856 64
f 11679
a 12792 800 256
f 713
a 12793 16336 16
f 5398
a 12794 24656 256
f 6833
a 12795 17248 256
f 9420
a 12796 1024 64
f 9430
a 12797 30640 64
f 2918
a 12798 416 256
f 4363
a 12799 7936 16
f 10943
a 12800 15680 64
f 11210
a 12801 560 256
f 4173
a 12802 720 64
f 11167
a 12803 912 256
f 9529
a 12804 12928 64
f 7385
a 12805 1248 64
f 12436
a 12806 27008 16
f 107
a 12807 4464 64
f 10506
a 12808 4224 64
f 1628
a 12809 2912 16
f 12051
a 12810 976 16
f 5296
a 12811 17984 64
f 6053
a 12812 3648 64
f 7139
a 12813 2816 256
f 1914
a 12814 17056 64
f 2149
a 12815 1168 16
f 5863
a 12816 24688 256
f 9808
a 12817 7216 256
f 4993
a 12818 416 16
f 12327
a 12819 58672 64
f 4337
a 12820 30192 64
f 5995
a 12821 3536 16
f 5693
a 12822 6752 64
f 8944
a 12823 7472 256
f 4330
a 12824 3472 16
f 12267
a 12825 2544 64
f 419
a 12826 65520 64
f 3210
a 12827 15312 256
f 1980
a 12828 1616 256
f 3110
a 12829 3872 256
f 443
a 12830 864 256
f 2499
a 12831 7152 64
f 6778
a 12832 2704 256
f 5884
a 12833 880 256
f 5924
a 12834 5136 16
f 3338
a 12835 3264 64
f 3838
a 12836 12448 64
f 10508
a 12837 8736 16
f 7080
a 12838 944 256
f 11625
a 12839 37904 16
f 8553
a 12840 976 64
f 10293
a 12841 21216 256
f 11014
a 12842 672 256
f 9890
a 12843 3248 16
f 10571
a 12844 528 256
f 9568
a 12845 512 16
f 9344
a 12846 12896 16
f 6943
a 12847 448 256
f 398
a 12848 1888 64
f 6517
a 12849 544 64
f 5824
a 12850 58016 256
f 12565
a 12851 9008 256
f 12476
a 12852 400 64
f 11856
a 12853 416 16
f 11280
a 12854 23776 16
f 633
a 12855 15360 16
f 9363
a 12856 848 16
f 7980
a 12857 39856 16
f 3842
a 12858 1904 256
f 12234
a 12859 1680 16
f 5131
a 12860 304 16
f 7778
a 12861 3344 64
f 471
a 12862 21408 16
f 1009
a 12863 6976 256
f 613
a 12864 7936 16
f 11945
a 12865 8288 16
f 10730
a 12866 4896 64
f 9907
a 12867 22688 64
f 2731
a 12868 656 64
f 2198
a 12869 61568 64
f 10956
a 12870 22016 16
f 3273
a 12871 1856 64
f 11428
a 12872 400 16
f 8836
a 12873 848 16
f 9628
a 12874 464 16
f 392
a 12875 3232 16
f 8658
a 12876 25600 256
f 12858
a 12877 1984 64
f 9692
a 12878 64656 16
f 12718
a 12879 4576 256
f 2601
a 12880 1776 16
f 8326
a 12881 4016 256
f 5230
a 12882 352 16
f 4192
a 12883 23440 16
f 10691
a 12884 1152 64
f 4349
a 12885 11872 16
f 5857
a 12886 432 256
f 8127
a 12887 44768 16
f 2933
a 12888 848 64
f 9100
a 12889 352 256
f 6679
a 12890 880 256
f 38
a 12891 21984 256
f 1076
a 12892 40416 256
f 10145
a 12893 944 256
f 12168
a 12894 1072 64
f 2130
a 12895 20192 256
f 9875
a 12896 53328 256
f 7792
a 12897 2400 256
f 6851
a 12898 864 64
f 7974
a 12899 8912 16
f 12
a 12900 6896 64
f 4781
a 12901 31936 64
f 8973
a 12902 832 256
f 7985
a 12903 26192 256
f 8432
a 12904 384 64
f 6525
a 12905 34160 64
f 5613
a 12906 2000 64
f 7056
a 12907 43504 256
f 8598
a 12908 800 64
f 628
a 12909 1584 256
f 4327
a 12910 10096 64
f 11786
a 12911 61760 256
f 10651
a 12912 416 64
f 11185
a 12913 49712 16
f 6776
a 12914 3520 16
f 12811
a 12915 624 256
f 2741
a 12916 23344 16
f 4725
a 12917 7376 64
f 3379
a 12918 480 16
f 12068
a 12919 496 256
f 9938
a 12920 688 256
f 151
a 12921 2736 256
f 4996
a 12922 21968 64
f 691
a 12923 720 64
f 3740
a 12924 49136 64
f 9153
a 12925 8080 256
f 6203
a 12926 38496 256
f 7589
a 12927 65008 256
f 4134
a 12928 4048 16
f 5745
a 12929 1696 64
f 2493
a 12930 1488 16
f 8904
a 12931 640 256
f 12157
a 12932 25488 256
f 1780
a 12933 25824 256
f 11505
a 12934 13712 64
f 12137
a 12935 1056 64
f 3691
a 12936 288 256
f 6946
a 12937 12592 16
f 5861
a 12938 8704 256
f 3894
a 12939 30128 16
f 11639
a 12940 416 256
f 3896
a 12941 10736 16
f 12378
a 12942 26512 16
f 12755
a 12943 11296 256
f 6169
a 12944 35584 64
f 7771
a 12945 416 64
f 5890
a 12946 2496 16
f 6290
a 12947 28704 64
f 10110
a 12948 18688 64
f 10594
a 12949 4016 64
f 1130
a 12950 5840 256
f 2698
a 12951 1952 64
f 9705
a 12952 13888 64
f 478
a 12953 1696 16
f 11911
a 12954 400 16
f 9371
a 12955 48096 16
f 1116
a 12956 8752 16
f 6365
a 12957 528 256
f 9760
a 12958 8016 256
f 4459
a 12959 832 16
f 4467
a 12960 272 256
f 2205
a 12961 5904 64
f 9834
a 12962 400 16
f 1903
a 12963 5904 256
f 11207
a 12964 22432 64
f 146
a 12965 13808 64
f 11927
a 12966 480 16
f 3630
a 12967 2992 256
f 11725
a 12968 400 256
f 12750
a 12969 5408 256
f 3085
a 12970 656 64
f 5416
a 12971 864 256
f 2990
a 12972 12880 256
f 183
a 12973 27152 64
f 3457
a 12974 31296 16
f 2840
a 12975 25120 64
f 8957
a 12976 27744 256
f 6424
a 12977 336 16
f 11770
a 12978 9936 64
f 1719
a 12979 57296 16
f 904
a 12980 992 16
f 857
a 12981 5600 16
f 5691
a 12982 11552 16
f 4003
a 12983 36752 256
f 5681
a 12984 3408 64
f 6094
a 12985 40544 256
f 8481
a 12986 368 16
f 10073
a 12987 28016 256
f 8316
a 12988 448 16
f 4167
a 12989 3840 16
f 5821
a 12990 55344 16
f 4618
a 12991 7248 16
f 6589
a 12992 384 64
f 12204
a 12993 784 16
f 11790
a 12994 24192 256
f 2664
a 12995 1808 16
f 7604
a 12996 944 16
f 3732
a 12997 1088 16
f 5589
a 12998 2784 256
f 9439
a 12999 35824 64
c step-3000
f 9670
a 13000 1152 16
f 9803
a 13001 10592 16
f 1998
a 13002 1808 256
f 4157
a 13003 3152 16
f 11755
a 13004 29376 256
f 4825
a 13005 9344 64
f 6301
a 13006 640 16
f 12320
a 13007 7376 16
f 8059
a 13008 46016 16
f 11067
a 13009 528 256
f 6331
a 13010 496 16
f 109
a 13011 960 256
f 9820
a 13012 7232 256
f 4064
a 13013 416 64
f 2891
a 13014 49264 16
f 4875
a 13015 992 16
f 3285
a 13016 2880 256
f 577
a 13017 2944 64
f 8569
a 13018 1440 16
f 7476
a 13019 7600 16
f 9252
a 13020 2304 64
f 8190
a 13021 608 256
f 12715
a 13022 784 64
f 2694
a 13023 3904 64
f 4272
a 13024 27488 16
f 11568
a 13025 62544 256
f 7389
a 13026 336 64
f 1538
a 13027 39856 256
f 12144
a 13028 304 64
f 5965
a 13029 1680 16
f 4115
a 13030 304 64
f 2316
a 13031 5824 64
f 1433
a 13032 17536 16
f 12132
a 13033 1072 64
f 9064
a 13034 512 16
f 10984
a 13035 576 16
f 12625
a 13036 53648 16
f 4977
a 13037 496 256
f 3810
a 13038 8624 256
f 2711
a 13039 49984 64
f 11712
a 13040 15456 16
f 1123
a 13041 928 256
f 1455
a 13042 56960 64
f 6505
a 13043 14832 16
f 12992
a 13044 960 16
f 9096
a 13045 3840 16
f 6544
a 13046 1712 16
f 7635
a 13047 44336 256
f 906
a 13048 576 64
f 1770
a 13049 59264 256
f 2360
a 13050 13328 64
f 4661
a 13051 576 64
f 3627
a 13052 3616 64
f 5789
a 13053 10416 64
f 4681
a 13054 464 16
f 2084
a 13055 1664 64
f 3391
a 13056 65120 64
f 1593
a 13057 6400 256
f 8871
a 13058 64480 16
f 11363
a 13059 8544 16
f 12428
a 13060 6400 16
f 1847
a 13061 20240 16
f 6174
a 13062 27024 16
f 9004
a 13063 18176 16
f 395
a 13064 592 64
f 7782
a 13065 3408 256
f 3388
a 13066 33728 64
f 4896
a 13067 1440 64
f 3118
a 13068 2032 16
f 4384
a 13069 9216 64
f 3156
a 13070 976 16
f 9707
a 13071 832 16
f 3593
a 13072 27648 16
f 10216
a 13073 30912 256
f 7681
a 13074 1152 256
f 2233
a 13075 26368 16
f 773
a 13076 3456 16
f 6254
a 13077 1376 16
f 12044
a 13078 2512 256
f 12312
a 13079 672 256
f 11682
a 13080 51792 256
f 631
a 13081 4064 64
f 6752
a 13082 52688 64
f 7156
a 13083 1568 64
f 10815
a 13084 3200 16
f 815
a 13085 7472 64
f 10572
a 13086 7216 64
f 12775
a 13087 928 16
f 1297
a 13088 1552 256
f 4205
a 13089 2400 256
f 10949
a 13090 272 64
f 6865
a 13091 512 16
f 11438
a 13092 496 64
f 12347
a 13093 14416 16
f 11482
a 13094 480 16
f 9264
a 13095 31056 64
f 6913
a 13096 1600 256
f 6215
a 13097 1072 64
f 5356
a 13098 272 16
f 6811
a 13099 1024 256
f 12513
a 13100 59968 64
f 5800
a 13101 7456 64
f 2107
a 13102 10208 64
f 7512
a 13103 560 16
f 10276
a 13104 60896 16
f 6500
a 13105 1248 256
f 5968
a 13106 6048 64
f 3647
a 13107 65360 256
f 10020
a 13108 3152 64
f 7734
a 13109 784 16
f 3164
a 13110 22064 256
f 9953
a 13111 15232 64
f 7231
a 13112 55760 256
f 1108
a 13113 2416 64
f 9068
a 13114 2352 16
f 8327
a 13115 21776 256
f 2769
a 13116 65008 256
f 12623
a 13117 1776 16
f 2455
a 13118 448 16
f 1532
a 13119 1856 64
f 2870
a 13120 400 64
f 12278
a 13121 7536 256
f 323
a 13122 2912 16
f 1983
a 13123 1856 64
f 152
a 13124 22896 64
f 2782
a 13125 512 64
f 12493
a 13126 1136 16
f 11231
a 13127 8176 256
f 11518
a 13128 16592 256
f 3180
a 13129 656 16
f 12550
a 13130 53184 256
f 12205
a 13131 1552 256
f 10868
a 13132 23408 64
f 2485
a 13133 58080 16
f 2532
a 13134 7968 256
f 87
a 13135 2576 256
f 1725
a 13136 25168 16
f 3644
a 13137 10384 256
f 2536
a 13138 3984 16
f 12274
a 13139 848 256
f 8079
a 13140 352 64
f 7821
a 13141 768 16
f 1238
a 13142 7104 16
f 2934
a 13143 44336 64
f 9406
a 13144 24640 16
f 3473
a 13145 944 256
f 12984
a 13146 11936 64
f 7397
a 13147 47008 64
f 1724
a 13148 6160 16
f 12148
a 13149 5248 256
f 1411
a 13150 41408 16
f 3237
a 13151 720 16
f 11480
a 13152 6272 16
f 11379
a 13153 23968 64
f 8301
a 13154 63104 16
f 10003
a 13155 14368 16
f 12331
a 13156 368 64
f 3
a 13157 1552 16
f 12769
a 13158 19104 64
f 2425
a 13159 3856 16
f 7279
a 13160 2768 256
f 371
a 13161 4608 64
f 1269
a 13162 14944 16
f 10373
a 13163 3968 64
f 9936
a 13164 6368 64
f 12332
a 13165 17664 16
f 7008
a 13166 35888 64
f 4610
a 13167 27552 64
f 10647
a 13168 34336 16
f 5041
a 13169 4384 256
f 8185
a 13170 1088 64
f 6624
a 13171 3984 64
f 7471
a 13172 576 256
f 4114
a 13173 12416 16
f 11301
a 13174 496 256
f 2892
a 13175 26768 64
f 11951
a 13176 42960 256
f 8578
a 13177 2704 64
f 1841
a 13178 1840 16
f 5274
a 13179 304 256
f 6748
a 13180 624 64
f 1614
a 13181 416 16
f 3739
a 13182 3216 64
f 4282
a 13183 3776 256
f 9595
a 13184 4592 16
f 13178
a 13185 4288 256
f 361
a 13186 48384 16
f 3414
a 13187 28096 16
f 505
a 13188 29056 16
f 12232
a 13189 832 64
f 3513
a 13190 384 64
f 10554
a 13191 5280 16
f 136
a 13192 320 64
f 7768
a 13193 14016 16
f 8792
a 13194 2080 64
f 5047
a 13195 736 64
f 8661
a 13196 27712 64
f 5910
a 13197 7024 16
f 7677
a 13198 384 16
f 5160
a 13199 928 16
f 5070
a 13200 560 256
f 12776
a 13201 864 256
f 5261
a 13202 27088 16
f 8081
a 13203 4208 64
f 4529
a 13204 31728 64
f 9106
a 13205 640 64
f 8554
a 13206 1776 64
f 434
a 13207 2224 16
f 1303
a 13208 1888 16
f 154
a 13209 1248 16
f 423
a 13210 1824 256
f 5847
a 13211 992 64
f 11835
a 13212 39056 256
f 7379
a 13213 1296 64
f 3423
a 13214 40896 64
f 8385
a 13215 23728 16
f 4649
a 13216 1376 16
f 12066
a 13217 3248 16
f 6045
a 13218 6464 256
f 10989
a 13219 2160 64
f 7549
a 13220 15568 64
f 8128
a 13221 33280 256
f 9253
a 13222 13776 16
f 2575
a 13223 1984 64
f 2846
a 13224 11184 16
f 12004
a 13225 6480 256
f 1954
a 13226 624 256
f 6224
a 13227 1120 16
f 695
a 13228 26352 256
f 9878
a 13229 40416 64
f 1787
a 13230 1296 256
f 3446
a 13231 5584 64
f 5283
a 13232 368 64
f 11797
a 13233 1552 256
f 6583
a 13234 3984 64
f 8220
a 13235 7504 64
f 6571
a 13236 464 256
f 3260
a 13237 6128 256
f 12901
a 13238 8528 16
f 13078
a 13239 1472 16
f 12684
a 13240 3120 256
f 779
a 13241 1040 16
f 11529
a 13242 15792 64
f 3205
a 13243 29568 256
f 3886
a 13244 4656 256
f 1607
a 13245 480 16
f 720
a 13246 5744 16
f 3561
a 13247 2864 64
f 3214
a 13248 2336 64
f 3978
a 13249 1200 256
f 7445
a 13250 864 256
f 2605
a 13251 6368 256
f 5639
a 13252 43712 16
f 13119
a 13253 2912 64
f 3435
a 13254 7312 256
f 12429
a 13255 54528 256
f 6842
a 13256 12496 64
f 12266
a 13257 31344 16
f 4894
a 13258 10688 256
f 9654
a 13259 17856 256
f 6694
a 13260 49776 64
f 9346
a 13261 560 16
f 3815
a 13262 464 16
f 12032
a 13263 576 16
f 699
a 13264 416 16
f 4494
a 13265 1504 64
f 2651
a 13266 4192 16
f 12471
a 13267 20944 256
f 7686
a 13268 512 16
f 9181
a 13269 448 64
f 2106
a 13270 26032 64
f 8883
a 13271 400 256
f 8312
a 13272 5152 64
f 117
a 13273 1408 256
f 5545
a 13274 896 16
f 918
a 13275 17696 64
f 2246
a 13276 29344 256
f 10968
a 13277 1648 256
f 866
a 13278 320 256
f 1024
a 13279 400 64
f 1113
a 13280 3664 16
f 11389
a 13281 12640 16
f 7293
a 13282 480 256
f 9557
a 13283 1472 64
f 295
a 13284 41856 64
f 9745
a 13285 304 64
f 2308
a 13286 672 64
f 6286
a 13287 26416 256
f 8760
a 13288 6128 256
f 4654
a 13289 336 64
f 12139
a 13290 928 16
f 10792
a 13291 2400 16
f 12249
a 13292 496 64
f 6238
a 13293 3184 64
f 2200
a 13294 736 64
f 9316
a 13295 14832 256
f 9217
a 13296 2896 16
f 4553
a 13297 3344 16
f 10109
a 13298 960 256
f 6262
a 13299 3744 256
f 2738
a 13300 12256 16
f 4626
a 13301 6064 256
f 11880
a 13302 1536 256
f 1709
a 13303 31472 256
f 8907
a 13304 3536 64
f 11772
a 13305 3952 16
f 8980
a 13306 3552 64
f 1775
a 13307 656 256
f 6960
a 13308 912 256
f 9868
a 13309 4256 16
f 221
a 13310 320 16
f 12850
a 13311 2816 64
f 6730
a 13312 1952 256
f 7083
a 13313 16576 256
f 7322
a 13314 23056 64
f 5580
a 13315 9648 16
f 6403
a 13316 19936 16
f 9526
a 13317 6896 64
f 11021
a 13318 832 256
f 5367
a 13319 58816 16
f 5746
a 13320 2752 256
f 10578
a 13321 2000 16
f 9087
a 13322 7568 256
f 12095
a 13323 928 64
f 7449
a 13324 576 256
f 4340
a 13325 800 16
f 2037
a 13326 34192 16
f 5749
a 13327 1664 256
f 8221
a 13328 496 64
f 12018
a 13329 512 16
f 5700
a 13330 848 64
f 12654
a 13331 18032 64
f 3233
a 13332 59888 64
f 10704
a 13333 9472 256
f 9552
a 13334 56704 256
f 13319
a 13335 13712 64
f 145
a 13336 16400 64
f 13062
a 13337 2576 16
f 4082
a 13338 8176 64
f 1085
a 13339 31200 16
f 4200
a 13340 16592 64
f 2522
a 13341 1024 16
f 5095
a 13342 59248 256
f 10978
a 13343 1760 256
f 5816
a 13344 3136 64
f 4737
a 13345 1664 256
f 9910
a 13346 544 256
f 5702
a 13347 400 256
f 8906
a 13348 31760 16
f 1585
a 13349 33776 16
f 7105
a 13350 12336 64
f 486
a 13351 37472 16
f 5325
a 13352 45376 256
f 7427
a 13353 2992 64
f 6695
a 13354 432 256
f 1300
a 13355 7696 256
f 12034
a 13356 624 64
f 13182
a 13357 12288 64
f 8793
a 13358 336 256
f 7773
a 13359 1968 256
f 4990
a 13360 1216 256
f 6417
a 13361 35456 64
f 13028
a 13362 11696 256
f 9483
a 13363 2832 256
f 8531
a 13364 27104 64
f 8910
a 13365 448 64
f 58
a 13366 1136 16
f 8551
a 13367 31520 64
f 10196
a 13368 928 16
f 9592
a 13369 1120 256
f 6357
a 13370 12816 256
f 6760
a 13371 1696 256
f 10517
a 13372 3376 64
f 9333
a 13373 1392 256
f 10181
a 13374 688 16
f 5470
a 13375 1312 256
f 7988
a 13376 2304 256
f 9315
a 13377 19600 16
f 1204
a 13378 1952 16
f 12959
a 13379 9616 64
f 23
a 13380 46688 256
f 10440
a 13381 16208 256
f 2813
a 13382 1952 16
f 11362
a 13383 2256 64
f 12808
a 13384 7952 16
f 3402
a 13385 3008 256
f 9575
a 13386 31328 64
f 12285
a 13387 4032 64
f 5981
a 13388 5920 256
f 2152
a 13389 1568 16
f 3102
a 13390 2224 64
f 5624
a 13391 1040 64
f 7011
a 13392 6912 256
f 167
a 13393 9168 256
f 11648
a 13394 1360 16
f 2041
a 13395 336 256
f 6415
a 13396 1232 256
f 582
a 13397 5712 16
f 4344
a 13398 1120 64
f 7521
a 13399 58640 16
f 9366
a 13400 784 16
f 5944
a 13401 48960 16
f 1319
a 13402 22352 16
f 2619
a 13403 3040 256
f 12177
a 13404 336 64
f 2822
a 13405 7264 64
f 2212
a 13406 1824 256
f 8954
a 13407 4144 16
f 9187
a 13408 2544 256
f 5967
a 13409 5696 16
f 7457
a 13410 62992 64
f 11353
a 13411 31648 256
f 730
a 13412 1984 64
f 12694
a 13413 656 64
f 9924
a 13414 3904 256
f 912
a 13415 1024 16
f 3622
a 13416 8000 64
f 2304
a 13417 3296 64
f 9619
a 13418 336 256
f 4262
a 13419 272 16
f 9391
a 13420 3776 256
f 7761
a 13421 50112 16
f 6314
a 13422 1296 16
f 5727
a 13423 3056 256
f 11454
a 13424 944 256
f 13254
a 13425 42304 16
f 11761
a 13426 26352 16
f 5459
a 13427 3584 64
f 2777
a 13428 896 16
f 7873
a 13429 576 64
f 3386
a 13430 8160 256
f 7069
a 13431 1152 16
f 4978
a 13432 24160 16
f 9541
a 13433 5248 16
f 11199
a 13434 1056 256
f 13309
a 13435 416 16
f 8104
a 13436 56960 256
f 2391
a 13437 20672 256
f 11170
a 13438 25040 16
f 4111
a 13439 32688 256
f 3146
a 13440 1216 16
f 6535
a 13441 3936 64
f 7092
a 13442 9792 64
f 5866
a 13443 3024 64
f 445
a 13444 496 64
f 12142
a 13445 480 256
f 7824
a 13446 36736 256
f 5442
a 13447 21232 64
f 1551
a 13448 3152 16
f 3392
a 13449 65312 256
f 3101
a 13450 1712 256
f 13353
a 13451 976 256
f 5707
a 13452 1120 16
f 3726
a 13453 3328 64
f 5840
a 13454 448 64
f 12440
a 13455 4064 16
f 2983
a 13456 3984 16
f 12240
a 13457 41168 256
f 5684
a 13458 1536 64
f 7236
a 13459 480 256
f 5143
a 13460 464 64
f 13246
a 13461 944 256
f 2043
a 13462 496 256
f 6572
a 13463 36656 64
f 10327
a 13464 20112 256
f 11449
a 13465 4160 64
f 3378
a 13466 25152 256
f 2410
a 13467 63840 16
f 7488
a 13468 27440 256
f 6234
a 13469 12800 64
f 11650
a 13470 2864 16
f 9449
a 13471 1968 64
f 6298
a 13472 12976 16
f 10649
a 13473 19472 64
f 3847
a 13474 400 256
f 9974
a 13475 544 256
f 256
a 13476 7712 256
f 6477
a 13477 1040 256
f 76
a 13478 15648 64
f 1835
a 13479 7648 16
f 10737
a 13480 6112 256
f 8210
a 13481 30288 64
f 13184
a 13482 17088 16
f 2384
a 13483 272 256
f 3803
a 13484 10448 16
f 306
a 13485 46416 64
f 10911
a 13486 5456 16
f 3053
a 13487 320 64
f 10230
a 13488 1968 64
f 10284
a 13489 20256 256
f 9858
a 13490 640 64
f 6368
a 13491 5840 16
f 9126
a 13492 1280 256
f 2268
a 13493 49008 16
f 13282
a 13494 8192 16
f 11581
a 13495 688 64
f 544
a 13496 3984 16
f 13154
a 13497 5040 256
f 6020
a 13498 3120 64
f 11046
a 13499 9680 16
c step-3500
f 5803
a 13500 1216 64
f 5835
a 13501 608 64
f 13193
a 13502 30976 64
f 10918
a 13503 624 16
f 13274
a 13504 18400 64
f 354
a 13505 23456 16
f 5533
a 13506 3904 16
f 1972
a 13507 53520 64
f 8844
a 13508 624 256
f 6351
a 13509 400 256
f 1804
a 13510 768 256
f 13378
a 13511 46000 256
f 2949
a 13512 1488 256
f 7422
a 13513 2672 64
f 6261
a 13514 27792 16
f 13460
a 13515 1280 16
f 6871
a 13516 3664 64
f 1135
a 13517 912 256
f 3753
a 13518 19392 16
f 10941
a 13519 1024 64
f 3412
a 13520 400 16
f 3063
a 13521 4080 64
f 12702
a 13522 31936 256
f 2858
a 13523 4144 64
f 1857
a 13524 896 64
f 2951
a 13525 33488 64
f 1312
a 13526 1120 256
f 6747
a 13527 13568 64
f 4546
a 13528 33600 64
f 8988
a 13529 3392 256
f 5048
a 13530 4512 256
f 7128
a 13531 5024 256
f 8126
a 13532 352 64
f 2688
a 13533 6496 16
f 11451
a 13534 448 256
f 11204
a 13535 59328 64
f 11758
a 13536 1744 16
f 4212
a 13537 31488 256
f 961
a 13538 8192 16
f 5236
a 13539 320 64
f 3265
a 13540 704 16
f 12945
a 13541 368 16
f 2277
a 13542 2704 16
f 5829
a 13543 1136 256
f 6010
a 13544 2000 16
f 13117
a 13545 1936 256
f 10527
a 13546 46848 16
f 6768
a 13547 1008 256
f 10682
a 13548 2704 16
f 6666
a 13549 20272 16
f 11898
a 13550 688 16
f 12954
a 13551 896 16
f 4587
a 13552 2960 256
f 11085
a 13553 1664 16
f 7260
a 13554 2032 256
f 11317
a 13555 496 64
f 701
a 13556 9984 64
f 10681
a 13557 3552 16
f 1120
a 13558 55184 256
f 3861
a 13559 736 16
f 1728
a 13560 8032 256
f 3625
a 13561 1424 256
f 2155
a 13562 25200 256
f 228
a 13563 736 256
f 1797
a 13564 62368 64
f 6847
a 13565 38752 16
f 11395
a 13566 1584 16
f 11297
a 13567 1808 64
f 12994
a 13568 30864 64
f 4317
a 13569 4288 64
f 7357
a 13570 7968 16
f 1379
a 13571 30208 64
f 12617
a 13572 1488 256
f 1855
a 13573 28048 256
f 2346
a 13574 12288 16
f 3220
a 13575 35040 16
f 1762
a 13576 13216 256
f 4833
a 13577 11440 256
f 4522
a 13578 384 256
f 10713
a 13579 448 64
f 1961
a 13580 752 16
f 10925
a 13581 512 64
f 5391
a 13582 11200 16
f 8614
a 13583 3856 16
f 3889
a 13584 4608 256
f 7623
a 13585 47280 256
f 12486
a 13586 37392 16
f 9672
a 13587 14496 64
f 9002
a 13588 51280 256
f 3547
a 13589 512 16
f 8151
a 13590 8336 256
f 11850
a 13591 464 64
f 11981
a 13592 9248 256
f 1488
a 13593 42336 16
f 12727
a 13594 7376 64
f 7237
a 13595 2416 64
f 1539
a 13596 3536 256
f 4016
a 13597 880 16
f 13141
a 13598 2144 64
f 10246
a 13599 2288 16
f 11156
a 13600 29984 256
f 11174
a 13601 5328 64
f 10505
a 13602 672 16
f 13506
a 13603 944 16
f 10821
a 13604 7440 16
f 12720
a 13605 52400 16
f 11118
a 13606 7120 256
f 6016
a 13607 27424 64
f 2254
a 13608 32192 256
f 2980
a 13609 272 64
f 13423
a 13610 1008 256
f 9448
a 13611 464 16
f 12090
a 13612 1920 16
f 6219
a 13613 1920 256
f 2798
a 13614 1600 16
f 11121
a 13615 16480 64
f 1812
a 13616 13504 256
f 12656
a 13617 1984 256
f 13430
a 13618 6240 256
f 7119
a 13619 18880 256
f 3438
a 13620 1840 64
f 3876
a 13621 1680 64
f 4264
a 13622 656 64
f 5517
a 13623 58912 64
f 12057
a 13624 2576 16
f 12072
a 13625 29504 16
f 11702
a 13626 784 16
f 1358
a 13627 12176 256
f 4341
a 13628 5520 256
f 7125
a 13629 1520 64
f 3321
a 13630 7968 256
f 1823
a 13631 400 16
f 5093
a 13632 2912 64
f 13027
a 13633 4160 256
f 6711
a 13634 8928 256
f 11599
a 13635 576 16
f 8838
a 13636 4160 64
f 10378
a 13637 53120 16
f 694
a 13638 1360 16
f 2160
a 13639 464 64
f 2728
a 13640 32544 256
f 9339
a 13641 1584 16
f 2305
a 13642 1376 16
f 4478
a 13643 3472 16
f 1700
a 13644 39856 64
f 13100
a 13645 5424 256
f 12908
a 13646 1888 64
f 13320
a 13647 14992 16
f 5587
a 13648 50512 16
f 9065
a 13649 3808 64
f 9740
a 13650 23792 64
f 3024
a 13651 352 256
f 12526
a 13652 1040 64
f 12540
a 13653 5552 64
f 9881
a 13654 56304 256
f 1084
a 13655 28736 256
f 994
a 13656 832 256
f 11311
a 13657 6544 16
f 5993
a 13658 8032 16
f 9239
a 13659 480 16
f 8701
a 13660 56160 16
f 1900
a 13661 736 256
f 7145
a 13662 15744 16
f 6054
a 13663 544 16
f 3293
a 13664 10896 64
f 11221
a 13665 4240 256
f 10828
a 13666 4080 16
f 4133
a 13667 688 16
f 3806
a 13668 576 16
f 12884
a 13669 1120 256
f 3698
a 13670 304 256
f 9283
a 13671 6592 256
f 3162
a 13672 944 64
f 10791
a 13673 768 256
f 4706
a 13674 5744 256
f 7586
a 13675 688 256
f 8566
a 13676 5648 64
f 13263
a 13677 6032 256
f 584
a 13678 544 64
f 11827
a 13679 496 16
f 3967
a 13680 1936 64
f 5378
a 13681 432 256
f 11307
a 13682 528 16
f 29
a 13683 512 16
f 12797
a 13684 57488 64
f 1806
a 13685 6288 16
f 13087
a 13686 3696 16
f 1015
a 13687 57472 64
f 12777
a 13688 1008 64
f 11769
a 13689 12256 256
f 8667
a 13690 928 64
f 1206
a 13691 22528 64
f 1926
a 13692 65312 64
f 13657
a 13693 496 64
f 2144
a 13694 1600 16
f 610
a 13695 21232 16
f 8204
a 13696 4192 16
f 7621
a 13697 496 64
f 13318
a 13698 528 64
f 5450
a 13699 6320 16
f 4753
a 13700 20608 16
f 5634
a 13701 25632 64
f 4063
a 13702 448 64
f 9527
a 13703 13600 64
f 11511
a 13704 384 256
f 7318
a 13705 400 16
f 11515
a 13706 272 256
f 3734
a 13707 2736 64
f 11088
a 13708 4064 16
f 7749
a 13709 400 16
f 4772
a 13710 4128 16
f 4691
a 13711 288 256
f 2635
a 13712 2800 256
f 2700
a 13713 1424 16
f 8159
a 13714 12768 256
f 8835
a 13715 288 64
f 7248
a 13716 28608 16
f 13213
a 13717 2832 64
f 6949
a 13718 512 64
f 5991
a 13719 31760 64
f 578
a 13720 15472 16
f 11556
a 13721 20672 16
f 1417
a 13722 12656 256
f 7783
a 13723 976 256
f 5161
a 13724 18464 256
f 11057
a 13725 1840 64
f 3588
a 13726 288 64
f 4872
a 13727 1840 16
f 5946
a 13728 400 256
f 7645
a 13729 1088 16
f 4269
a 13730 3808 256
f 10169
a 13731 704 256
f 444
a 13732 1552 64
f 3251
a 13733 816 256
f 12119
a 13734 5088 64
f 8720
a 13735 448 64
f 3538
a 13736 416 256
f 8354
a 13737 7408 64
f 8320
a 13738 13472 16
f 2545
a 13739 544 16
f 11739
a 13740 800 16
f 7003
a 13741 45008 64
f 10186
a 13742 27904 256
f 10668
a 13743 576 64
f 11629
a 13744 8304 16
f 6405
a 13745 14160 64
f 13515
a 13746 1584 16
f 10275
a 13747 15744 16
f 11208
a 13748 37376 256
f 12997
a 13749 768 16
f 9086
a 13750 28464 16
f 4308
a 13751 39744 16
f 6378
a 13752 31392 256
f 7742
a 13753 10320 256
f 6210
a 13754 9648 16
f 4249
a 13755 2320 16
f 12862
a 13756 1024 64
f 12019
a 13757 36928 16
f 8692
a 13758 34896 256
f 10530
a 13759 848 16
f 10781
a 13760 5872 16
f 8155
a 13761 32752 64
f 1182
a 13762 32704 64
f 7570
a 13763 1952 64
f 8790
a 13764 11504 64
f 7414
a 13765 960 64
f 5358
a 13766 26928 256
f 3436
a 13767 13520 256
f 2866
a 13768 21024 64
f 10279
a 13769 1616 16
f 11999
a 13770 1040 64
f 3247
a 13771 50368 256
f 4042
a 13772 3088 16
f 1968
a 13773 8336 256
f 10853
a 13774 30240 64
f 1526
a 13775 1024 256
f 2912
a 13776 912 64
f 10112
a 13777 2592 16
f 3856
a 13778 3504 256
f 5978
a 13779 704 256
f 8873
a 13780 1824 64
f 4813
a 13781 1072 16
f 12533
a 13782 1952 256
f 977
a 13783 960 16
f 722
a 13784 2288 256
f 10412
a 13785 304 256
f 7538
a 13786 288 256
f 1566
a 13787 880 64
f 13252
a 13788 6192 64
f 4817
a 13789 960 256
f 12251
a 13790 640 16
f 7122
a 13791 6240 64
f 985
a 13792 5184 16
f 8249
a 13793 14976 64
f 12786
a 13794 13344 64
f 5688
a 13795 3776 256
f 3888
a 13796 46512 16
f 8532
a 13797 4016 256
f 9643
a 13798 15664 64
f 5685
a 13799 3264 256
f 6143
a 13800 9696 256
f 1618
a 13801 9808 256
f 8868
a 13802 2144 16
f 2028
a 13803 14816 64
f 2595
a 13804 480 16
f 13747
a 13805 4800 64
f 8172
a 13806 21920 256
f 121
a 13807 7648 256
f 6818
a 13808 512 16
f 8367
a 13809 7504 64
f 12302
a 13810 34272 16
f 10318
a 13811 1712 64
f 4735
a 13812 1264 256
f 2468
a 13813 19552 16
f 5014
a 13814 39328 16
f 10879
a 13815 54352 16
f 3749
a 13816 1904 64
f 11107
a 13817 352 16
f 3785
a 13818 1024 256
f 6779
a 13819 25808 64
f 11315
a 13820 2048 256
f 10006
a 13821 31968 64
f 676
a 13822 23488 64
f 4623
a 13823 14688 64
f 11766
a 13824 6320 16
f 5729
a 13825 30896 16
f 9788
a 13826 752 256
f 4749
a 13827 3104 256
f 3014
a 13828 5840 16
f 12197
a 13829 5440 16
f 5980
a 13830 352 256
f 9955
a 13831 15696 64
f 5118
a 13832 15456 64
f 10644
a 13833 3648 16
f 2553
a 13834 13264 64
f 4000
a 13835 448 16
f 1939
a 13836 480 16
f 12199
a 13837 1712 64
f 2557
a 13838 2560 64
f 8589
a 13839 40464 256
f 3445
a 13840 3776 16
f 74
a 13841 4656 16
f 10382
a 13842 672 64
f 10783
a 13843 784 256
f 13715
a 13844 14848 16
f 5180
a 13845 320 16
f 13382
a 13846 45328 64
f 684
a 13847 12384 256
f 11287
a 13848 15520 64
f 11975
a 13849 800 256
f 11829
a 13850 10448 256
f 9244
a 13851 400 16
f 6343
a 13852 33904 256
f 12924
a 13853 3216 64
f 4290
a 13854 2032 256
f 13328
a 13855 31296 256
f 12554
a 13856 20016 256
f 12739
a 13857 4448 256
f 9221
a 13858 272 64
f 5145
a 13859 3728 256
f 9762
a 13860 2256 64
f 9118
a 13861 23200 64
f 7359
a 13862 560 16
f 9608
a 13863 12544 256
f 10553
a 13864 50512 256
f 1100
a 13865 33232 64
f 5868
a 13866 23728 256
f 7701
a 13867 26032 16
f 4484
a 13868 24592 16
f 12828
a 13869 416 64
f 13368
a 13870 2464 64
f 7039
a 13871 31904 64
f 4834
a 13872 18320 64
f 13219
a 13873 1312 16
f 6512
a 13874 432 256
f 11333
a 13875 2608 16
f 1624
a 13876 2736 64
f 12583
a 13877 448 64
f 12488
a 13878 1504 16
f 4309
a 13879 336 64
f 12742
a 13880 320 64
f 2909
a 13881 1088 64
f 2117
a 13882 13296 256
f 12510
a 13883 1520 256
f 5119
a 13884 4048 64
f 4132
a 13885 39264 16
f 6826
a 13886 1440 64
f 13167
a 13887 52192 256
f 13516
a 13888 2208 64
f 6645
a 13889 928 256
f 4596
a 13890 288 256
f 9460
a 13891 7296 16
f 10563
a 13892 624 256
f 6011
a 13893 27840 16
f 6136
a 13894 7392 16
f 8392
a 13895 1088 16
f 7976
a 13896 3232 64
f 12043
a 13897 1232 16
f 5571
a 13898 50640 256
f 6659
a 13899 21408 16
f 12865
a 13900 19056 256
f 4524
a 13901 34656 256
f 3503
a 13902 976 16
f 6247
a 13903 19472 16
f 10395
a 13904 1312 256
f 3657
a 13905 3680 256
f 11149
a 13906 656 16
f 2382
a 13907 3168 16
f 2590
a 13908 656 16
f 13063
a 13909 10304 256
f 10438
a 13910 848 16
f 13556
a 13911 3360 16
f 7404
a 13912 3888 64
f 3496
a 13913 34448 256
f 12294
a 13914 976 256
f 3257
a 13915 19408 16
f 13452
a 13916 464 64
f 10885
a 13917 40960 64
f 7777
a 13918 36720 256
f 7910
a 13919 880 16
f 6846
a 13920 400 64
f 6812
a 13921 7840 64
f 13579
a 13922 416 256
f 4482
a 13923 816 256
f 7283
a 13924 1824 16
f 5071
a 13925 10912 256
f 13397
a 13926 2800 256
f 1675
a 13927 60256 16
f 13808
a 13928 496 64
f 2953
a 13929 3280 256
f 4619
a 13930 784 64
f 711
a 13931 1456 64
f 2680
a 13932 448 16
f 9209
a 13933 2032 64
f 8512
a 13934 23840 256
f 6855
a 13935 24304 16
f 5732
a 13936 7616 256
f 6506
a 13937 384 16
f 12607
a 13938 768 64
f 2821
a 13939 304 64
f 1147
a 13940 31776 16
f 11723
a 13941 1840 16
f 2548
a 13942 400 16
f 8488
a 13943 7600 64
f 5600
a 13944 1584 16
f 1699
a 13945 42736 256
f 12124
a 13946 29376 256
f 7323
a 13947 896 64
f 4902
a 13948 432 64
f 2236
a 13949 800 256
f 6471
a 13950 2240 16
f 2928
a 13951 2496 256
f 1714
a 13952 944 64
f 12364
a 13953 7376 64
f 12847
a 13954 17296 64
f 13721
a 13955 7744 256
f 12482
a 13956 2304 256
f 1289
a 13957 480 256
f 5579
a 13958 3408 16
f 1156
a 13959 58576 16
f 8673
a 13960 20272 64
f 6003
a 13961 37488 16
f 4256
a 13962 3632 64
f 10952
a 13963 33296 64
f 12406
a 13964 592 64
f 13709
a 13965 1056 64
f 1579
a 13966 35280 256
f 933
a 13967 6112 16
f 5357
a 13968 2592 256
f 6214
a 13969 688 256
f 9175
a 13970 2032 256
f 12373
a 13971 1904 256
f 1117
a 13972 5728 16
f 3275
a 13973 55600 16
f 10416
a 13974 11920 16
f 2079
a 13975 1072 64
f 7162
a 13976 16368 16
f 8288
a 13977 672 16
f 12541
a 13978 56576 16
f 5778
a 13979 17552 16
f 8381
a 13980 544 64
f 4247
a 13981 8912 256
f 9546
a 13982 1664 16
f 6413
a 13983 12928 16
f 13912
a 13984 13744 16
f 5088
a 13985 28608 64
f 8960
a 13986 464 256
f 2103
a 13987 1744 256
f 2177
a 13988 1344 256
f 7421
a 13989 5888 256
f 1375
a 13990 2976 64
f 3940
a 13991 464 64
f 11489
a 13992 52624 16
f 12787
a 13993 3648 256
f 6362
a 13994 3904 256
f 7031
a 13995 7952 16
f 3584
a 13996 544 256
f 3331
a 13997 1728 256
f 6601
a 13998 1216 64
f 2331
a 13999 2128 16
c step-4000
f 12138
a 14000 53936 256
f 12206
a 14001 464 64
f 8286
a 14002 784 16
f 10562
a 14003 22672 256
f 9617
a 14004 6176 64
f 313
a 14005 336 256
f 3502
a 14006 20368 16
f 2024
a 14007 10256 64
f 8662
a 14008 10784 256
f 10175
a 14009 432 256
f 7155
a 14010 2304 64
f 5616
a 14011 11136 256
f 7797
a 14012 2256 16
f 3246
a 14013 13504 16
f 10836
a 14014 3472 64
f 10061
a 14015 5616 256
f 8187
a 14016 7968 64
f 5725
a 14017 2432 256
f 9879
a 14018 46208 256
f 3590
a 14019 10544 16
f 1927
a 14020 1792 64
f 4367
a 14021 1712 64
f 13596
a 14022 4192 64
f 11585
a 14023 10016 64
f 4018
a 14024 13952 64
f 9274
a 14025 20160 256
f 9510
a 14026 22832 64
f 7141
a 14027 35968 64
f 9754
a 14028 31904 16
f 2638
a 14029 12304 16
f 3849
a 14030 13488 16
f 13910
a 14031 3664 16
f 147
a 14032 56448 64
f 11923
a 14033 1952 16
f 6189
a 14034 46432 256
f 5422
a 14035 944 16
f 1681
a 14036 10480 16
f 1207
a 14037 7504 256
f 4793
a 14038 1072 256
f 10468
a 14039 41568 256
f 10172
a 14040 2176 256
f 1190
a 14041 1200 16
f 5211
a 14042 5008 256
f 2879
a 14043 7152 16
f 13520
a 14044 35168 16
f 5232
a 14045 4096 64
f 13802
a 14046 48032 16
f 9108
a 14047 3088 64
f 6655
a 14048 39776 256
f 10552
a 14049 800 16
f 2350
a 14050 4800 64
f 13199
a 14051 17952 64
f 5734
a 14052 3168 256
f 13540
a 14053 20544 256
f 12182
a 14054 52832 64
f 13999
a 14055 24976 256
f 10201
a 14056 3408 256
f 4057
a 14057 992 64
f 13618
a 14058 30800 64
f 8640
a 14059 3984 16
f 12300
a 14060 3104 64
f 4946
a 14061 1632 16
f 10274
a 14062 1024 256
f 13061
a 14063 1024 16
f 3036
a 14064 368 16
f 8036
a 14065 56720 256
f 4708
a 14066 27632 64
f 7806
a 14067 336 64
f 2859
a 14068 4064 256
f 11542
a 14069 5648 64
f 10264
a 14070 1344 64
f 12635
a 14071 10448 64
f 5523
a 14072 1008 256
f 7174
a 14073 21712 256
f 298
a 14074 512 16
f 1558
a 14075 1424 16
f 13293
a 14076 13248 256
f 5593
a 14077 8000 64
f 11140
a 14078 1232 16
f 9288
a 14079 3648 256
f 12438
a 14080 13232 256
f 14030
a 14081 49712 64
f 1489
a 14082 10000 64
f 13923
a 14083 11296 64
f 11527
a 14084 992 64
f 11202
a 14085 304 256
f 13147
a 14086 432 16
f 262
a 14087 1936 64
f 6335
a 14088 2256 64
f 13927
a 14089 14800 16
f 7878
a 14090 1520 256
f 746
a 14091 33856 64
f 13404
a 14092 27808 64
f 11326
a 14093 592 16
f 302
a 14094 44832 256
f 12882
a 14095 31856 64
f 3874
a 14096 29408 64
f 5743
a 14097 8128 64
f 1466
a 14098 13632 16
f 4603
a 14099 8352 64
f 13425
a 14100 336 64
f 3196
a 14101 2992 256
f 6863
a 14102 1616 64
f 8746
a 14103 864 16
f 3007
a 14104 4976 64
f 13893
a 14105 1680 256
f 3809
a 14106 3728 256
f 6333
a 14107 1280 16
f 5386
a 14108 7568 256
f 12457
a 14109 15680 16
f 9432
a 14110 1040 256
f 12732
a 14111 6432 16
f 5152
a 14112 1536 64
f 862
a 14113 5936 64
f 11736
a 14114 10960 64
f 12226
a 14115 52304 16
f 5142
a 14116 3040 64
f 9800
a 14117 1008 256
f 9671
a 14118 17360 256
f 11960
a 14119 432 256
f 562
a 14120 2352 256
f 11255
a 14121 3296 64
f 8083
a 14122 3248 16
f 3183
a 14123 3120 64
f 11296
a 14124 21776 16
f 11331
a 14125 5696 64
f 10220
a 14126 272 64
f 1355
a 14127 400 16
f 13501
a 14128 1040 16
f 5754
a 14129 61360 16
f 2469
a 14130 1456 64
f 4208
a 14131 22144 64
f 28
a 14132 384 64
f 12657
a 14133 32784 16
f 11980
a 14134 2640 16
f 11077
a 14135 4576 64
f 10114
a 14136 13664 64
f 2993
a 14137 672 16
f 6634
a 14138 13088 256
f 8240
a 14139 640 16
f 3909
a 14140 2192 64
f 14099
a 14141 43376 64
f 10132
a 14142 384 16
f 1555
a 14143 2720 64
f 12067
a 14144 64976 64
f 12728
a 14145 6800 16
f 5016
a 14146 15120 16
f 637
a 14147 5920 64
f 8318
a 14148 1568 256
f 1528
a 14149 3616 16
f 6965
a 14150 6256 64
f 9994
a 14151 23312 16
f 4351
a 14152 2544 16
f 4869
a 14153 6688 64
f 1850
a 14154 26432 64
f 13935
a 14155 1536 256
f 12856
a 14156 22992 64
f 1003
a 14157 1280 64
f 8592
a 14158 17808 16
f 10841
a 14159 36560 16
f 7262
a 14160 10080 64
f 13265
a 14161 1552 256
f 11681
a 14162 26960 16
f 13504
a 14163 1520 16
f 4425
a 14164 54480 16
f 520
a 14165 11216 16
f 12474
a 14166 19248 16
f 238
a 14167 4768 256
f 5000
a 14168 1728 16
f 2325
a 14169 1328 16
f 13591
a 14170 61984 256
f 3052
a 14171 54080 256
f 8069
a 14172 7232 256
f 6187
a 14173 6720 16
f 12136
a 14174 22432 16
f 5502
a 14175 4512 64
f 13420
a 14176 9888 64
f 1010
a 14177 6384 64
f 7179
a 14178 1216 16
f 2038
a 14179 55008 256
f 11472
a 14180 3024 16
f 10231
a 14181 864 64
f 4490
a 14182 1936 16
f 8230
a 14183 5424 16
f 11252
a 14184 6224 16
f 4500
a 14185 23456 64
f 13297
a 14186 11424 256
f 1721
a 14187 928 256
f 2188
a 14188 3328 16
f 3128
a 14189 896 16
f 11948
a 14190 14880 16
f 1067
a 14191 11408 16
f 13786
a 14192 13552 64
f 13718
a 14193 4320 16
f 8947
a 14194 2256 16
f 8439
a 14195 16272 64
f 12527
a 14196 2832 256
f 10383
a 14197 544 64
f 14001
a 14198 21936 256
f 13302
a 14199 944 16
f 12324
a 14200 62368 256
f 8019
a 14201 17104 256
f 3087
a 14202 48464 256
f 2456
a 14203 38720 16
f 12752
a 14204 1232 16
f 10942
a 14205 11440 256
f 1891
a 14206 28048 16
f 12128
a 14207 704 64
f 11884
a 14208 19888 64
f 7013
a 14209 272 64
f 9245
a 14210 7664 64
f 11008
a 14211 1200 64
f 12860
a 14212 10800 16
f 7138
a 14213 864 64
f 984
a 14214 896 16
f 1712
a 14215 432 256
f 12336
a 14216 624 256
f 1644
a 14217 24448 256
f 10995
a 14218 2528 16
f 13869
a 14219 5392 16
f 13498
a 14220 2512 256
f 10757
a 14221 1024 16
f 3600
a 14222 7232 64
f 7078
a 14223 384 256
f 13275
a 14224 288 16
f 12563
a 14225 288 64
f 9063
a 14226 864 16
f 8165
a 14227 50720 256
f 13527
a 14228 1152 64
f 3430
a 14229 28144 16
f 1158
a 14230 18960 64
f 3488
a 14231 25168 64
f 3869
a 14232 944 16
f 7394
a 14233 23312 256
f 5219
a 14234 1888 64
f 4956
a 14235 800 256
f 4994
a 14236 304 16
f 4644
a 14237 1696 64
f 1492
a 14238 16000 16
f 2025
a 14239 15632 64
f 9123
a 14240 7360 256
f 3487
a 14241 37184 16
f 13475
a 14242 784 64
f 14208
a 14243 53312 16
f 8453
a 14244 1728 256
f 6317
a 14245 784 64
f 8501
a 14246 60704 64
f 3026
a 14247 528 256
f 11275
a 14248 60496 256
f 500
a 14249 31856 16
f 220
a 14250 29632 16
f 10736
a 14251 3568 256
f 11005
a 14252 768 16
f 13180
a 14253 1072 256
f 4274
a 14254 1296 16
f 11651
a 14255 3424 64
f 11490
a 14256 1168 16
f 13052
a 14257 3200 256
f 247
a 14258 22128 16
f 13821
a 14259 14048 16
f 3890
a 14260 6736 16
f 6660
a 14261 18288 16
f 8651
a 14262 2944 256
f 7835
a 14263 16048 256
f 766
a 14264 2880 64
f 11638
a 14265 272 256
f 6916
a 14266 10368 64
f 13980
a 14267 768 16
f 9870
a 14268 6112 16
f 9392
a 14269 44144 256
f 12075
a 14270 52336 16
f 9587
a 14271 752 256
f 930
a 14272 29040 64
f 10631
a 14273 62128 64
f 1979
a 14274 2560 64
f 6623
a 14275 2032 16
f 1720
a 14276 36080 64
f 12092
a 14277 6896 256
f 1854
a 14278 52592 256
f 7327
a 14279 512 16
f 7706
a 14280 16128 256
f 6324
a 14281 1136 16
f 11700
a 14282 2368 64
f 8028
a 14283 1008 64
f 8828
a 14284 992 256
f 6820
a 14285 480 256
f 10615
a 14286 11632 16
f 8011
a 14287 736 64
f 4938
a 14288 5152 64
f 3952
a 14289 3680 64
f 732
a 14290 480 256
f 2122
a 14291 8032 256
f 6859
a 14292 1008 16
f 2365
a 14293 1792 16
f 267
a 14294 576 16
f 5799
a 14295 6480 64
f 9069
a 14296 10064 64
f 9944
a 14297 1056 256
f 4586
a 14298 2048 256
f 672
a 14299 1168 16
f 14108
a 14300 2896 16
f 6117
a 14301 7056 256
f 2863
a 14302 3520 16
f 4897
a 14303 1776 64
f 385
a 14304 31616 64
f 12827
a 14305 14848 256
f 8769
a 14306 272 16
f 7219
a 14307 3360 16
f 4365
a 14308 432 16
f 7021
a 14309 432 256
f 5741
a 14310 864 64
f 2287
a 14311 864 16
f 9014
a 14312 29664 256
f 12448
a 14313 11024 64
f 10117
a 14314 3888 16
f 3203
a 14315 1280 64
f 4558
a 14316 36512 64
f 14027
a 14317 25456 256
f 13787
a 14318 320 16
f 3057
a 14319 512 64
f 9440
a 14320 15504 64
f 10570
a 14321 33472 16
f 3217
a 14322 352 64
f 10194
a 14323 7472 64
f 222
a 14324 2128 16
f 6081
a 14325 3440 256
f 8696
a 14326 11456 256
f 11753
a 14327 4176 256
f 1933
a 14328 8592 256
f 12573
a 14329 37312 16
f 14154
a 14330 7856 256
f 12046
a 14331 480 256
f 10
a 14332 55376 16
f 3758
a 14333 24704 16
f 14081
a 14334 14352 256
f 14189
a 14335 416 64
f 2461
a 14336 9952 64
f 13481
a 14337 3712 16
f 3735
a 14338 512 16
f 9278
a 14339 24448 16
f 532
a 14340 4272 256
f 8283
a 14341 2768 256
f 9663
a 14342 7824 64
f 2763
a 14343 16976 16
f 1384
a 14344 13648 16
f 2091
a 14345 368 64
f 7448
a 14346 4704 64
f 12955
a 14347 3504 256
f 3789
a 14348 1536 16
f 1032
a 14349 52896 64
f 891
a 14350 13584 64
f 9991
a 14351 58976 16
f 9468
a 14352 304 16
f 704
a 14353 816 64
f 872
a 14354 24528 256
f 1515
a 14355 21936 16
f 5082
a 14356 5456 64
f 5966
a 14357 1712 16
f 1142
a 14358 7200 64
f 1454
a 14359 1552 16
f 8825
a 14360 25680 64
f 14015
a 14361 432 256
f 1577
a 14362 5184 16
f 1102
a 14363 12032 64
f 10484
a 14364 576 64
f 6718
a 14365 6080 256
f 14287
a 14366 416 16
f 3834
a 14367 2432 256
f 675
a 14368 784 16
f 14004
a 14369 1488 16
f 6170
a 14370 32928 16
f 3799
a 14371 59456 64
f 5443
a 14372 42016 64
f 9009
a 14373 512 256
f 3103
a 14374 544 16
f 488
a 14375 608 16
f 9666
a 14376 11856 16
f 8965
a 14377 6640 256
f 10534
a 14378 2416 256
f 5690
a 14379 37840 256
f 7822
a 14380 448 64
f 5733
a 14381 272 64
f 8310
a 14382 1568 256
f 1387
a 14383 2064 64
f 6513
a 14384 608 64
f 7101
a 14385 2496 256
f 11801
a 14386 29072 64
f 2321
a 14387 768 256
f 12918
a 14388 448 256
f 13000
a 14389 2672 64
f 4410
a 14390 2320 256
f 11640
a 14391 14000 64
f 13364
a 14392 1712 256
f 13589
a 14393 14480 256
f 9899
a 14394 352 256
f 12450
a 14395 480 64
f 7863
a 14396 720 256
f 4724
a 14397 30240 64
f 13892
a 14398 2576 256
f 6164
a 14399 44256 64
f 8102
a 14400 1936 64
f 110
a 14401 7200 256
f 11885
a 14402 1872 256
f 5712
a 14403 4992 64
f 14343
a 14404 16064 256
f 8705
a 14405 7152 16
f 8247
a 14406 42576 256
f 11319
a 14407 544 64
f 1346
a 14408 1696 256
f 251
a 14409 1136 16
f 12620
a 14410 592 16
f 12107
a 14411 24240 64
f 13977
a 14412 992 64
f 3070
a 14413 8944 16
f 10449
a 14414 528 256
f 13877
a 14415 592 64
f 12743
a 14416 19808 16
f 10485
a 14417 496 256
f 5780
a 14418 25632 256
f 11242
a 14419 496 256
f 6514
a 14420 432 64
f 14039
a 14421 480 64
f 13964
a 14422 27296 16
f 8801
a 14423 4000 256
f 13145
a 14424 1568 256
f 6858
a 14425 1552 16
f 9192
a 14426 5536 64
f 11606
a 14427 304 16
f 2428
a 14428 800 256
f 782
a 14429 480 256
f 6082
a 14430 53408 16
f 4699
a 14431 1072 256
f 7766
a 14432 1024 64
f 3913
a 14433 8320 16
f 7375
a 14434 12704 256
f 11126
a 14435 320 16
f 11259
a 14436 11984 16
f 9828
a 14437 21312 16
f 8374
a 14438 352 64
f 5914
a 14439 32240 16
f 14326
a 14440 20064 64
f 5116
a 14441 1984 256
f 4884
a 14442 10320 64
f 10739
a 14443 1088 256
f 7413
a 14444 50336 256
f 1667
a 14445 30432 16
f 4080
a 14446 992 16
f 10990
a 14447 8176 16
f 9041
a 14448 544 64
f 14106
a 14449 704 256
f 14317
a 14450 1792 16
f 4126
a 14451 19456 16
f 91
a 14452 1824 64
f 5467
a 14453 27504 64
f 11011
a 14454 12032 256
f 14141
a 14455 480 64
f 6719
a 14456 10176 16
f 9736
a 14457 13424 16
f 926
a 14458 11408 64
f 8152
a 14459 848 64
f 7665
a 14460 1120 256
f 1832
a 14461 5152 256
f 9971
a 14462 704 64
f 2584
a 14463 21584 16
f 7347
a 14464 9616 64
f 11676
a 14465 320 256
f 14464
a 14466 34416 64
f 5174
a 14467 1760 16
f 8087
a 14468 30896 256
f 2185
a 14469 784 64
f 1317
a 14470 1856 64
f 6131
a 14471 3312 64
f 4762
a 14472 592 64
f 10244
a 14473 4288 256
f 4757
a 14474 384 64
f 7540
a 14475 1600 16
f 13895
a 14476 288 16
f 8708
a 14477 56304 64
f 5282
a 14478 4448 16
f 12799
a 14479 27664 256
f 10986
a 14480 7424 64
f 657
a 14481 448 16
f 9880
a 14482 43008 64
f 3684
a 14483 6672 256
f 11519
a 14484 21104 256
f 2012
a 14485 1664 16
f 10623
a 14486 2496 64
f 5032
a 14487 400 256
f 7551
a 14488 528 16
f 8169
a 14489 13968 256
f 9260
a 14490 55456 256
f 10292
a 14491 26768 64
f 3619
a 14492 4352 64
f 13005
a 14493 44624 256
f 2568
a 14494 6848 64
f 13064
a 14495 3584 16
f 11685
a 14496 432 256
f 7177
a 14497 16960 16
f 2851
a 14498 2640 256
f 13105
a 14499 20800 16
c step-4500
f 12385
a 14500 1712 16
f 2320
a 14501 4400 256
f 9508
a 14502 608 256
f 6899
a 14503 2784 64
f 11570
a 14504 56336 256
f 10160
a 14505 45808 16
f 11630
a 14506 3184 256
f 1127
a 14507 608 64
f 5525
a 14508 4144 256
f 8467
a 14509 58608 16
f 13257
a 14510 496 64
f 14009
a 14511 5504 64
f 3912
a 14512 6224 64
f 5154
a 14513 5392 64
f 14302
a 14514 2432 256
f 12880
a 14515 3952 16
f 10301
a 14516 2304 256
f 9397
a 14517 816 256
f 13913
a 14518 7280 16
f 10366
a 14519 1584 16
f 1308
a 14520 21504 256
f 8670
a 14521 10640 16
f 6348
a 14522 5520 256
f 10526
a 14523 28160 16
f 9774
a 14524 320 64
f 13048
a 14525 304 64
f 10564
a 14526 592 64
f 14279
a 14527 15760 16
f 10855
a 14528 8112 16
f 2006
a 14529 13488 256
f 8946
a 14530 368 256
f 7220
a 14531 49008 16
f 13
a 14532 8944 64
f 14150
a 14533 1968 16
f 5195
a 14534 2784 64
f 5625
a 14535 336 64
f 8632
a 14536 896 256
f 3712
a 14537 18480 16
f 10607
a 14538 7920 256
f 14280
a 14539 512 256
f 7398
a 14540 18160 16
f 838
a 14541 52096 16
f 14508
a 14542 272 16
f 11064
a 14543 6576 64
f 3714
a 14544 656 64
f 3018
a 14545 752 16
f 3347
a 14546 1120 64
f 9347
a 14547 1392 256
f 3793
a 14548 5008 16
f 1324
a 14549 1184 16
f 8664
a 14550 576 64
f 9748
a 14551 3536 16
f 4955
a 14552 560 256
f 11141
a 14553 704 256
f 1368
a 14554 5904 16
f 2441
a 14555 1760 256
f 6963
a 14556 272 256
f 7276
a 14557 640 64
f 14328
a 14558 7648 256
f 13699
a 14559 480 256
f 7287
a 14560 56336 256
f 7650
a 14561 976 64
f 9290
a 14562 576 16
f 2880
a 14563 752 256
f 11900
a 14564 9728 256
f 8617
a 14565 27056 64
f 13477
a 14566 13104 64
f 696
a 14567 62384 256
f 7750
a 14568 29344 64
f 4669
a 14569 1184 16
f 6821
a 14570 384 64
f 14357
a 14571 2720 16
f 13365
a 14572 1120 16
f 1801
a 14573 7552 16
f 1520
a 14574 4144 16
f 2296
a 14575 48608 16
f 11274
a 14576 42912 16
f 11805
a 14577 2576 16
f 8222
a 14578 52800 256
f 6033
a 14579 24624 16
f 1863
a 14580 464 256
f 14222
a 14581 27136 256
f 717
a 14582 2512 64
f 10289
a 14583 336 256
f 2714
a 14584 912 16
f 5226
a 14585 400 256
f 4404
a 14586 7392 64
f 7420
a 14587 40640 256
f 12704
a 14588 49440 16
f 14354
a 14589 10000 16
f 4745
a 14590 3440 256
f 7097
a 14591 272 64
f 6451
a 14592 608 64
f 13196
a 14593 7792 16
f 13114
a 14594 3328 64
f 6412
a 14595 320 64
f 12277
a 14596 4352 64
f 3000
a 14597 4016 16
f 7027
a 14598 2416 16
f 1965
a 14599 5072 64
f 14055
a 14600 1568 64
f 11029
a 14601 1264 16
f 13118
a 14602 1024 64
f 10981
a 14603 12384 256
f 6914
a 14604 512 256
f 1475
a 14605 6928 64
f 9706
a 14606 1824 16
f 11751
a 14607 52112 64
f 7949
a 14608 43280 256
f 12054
a 14609 480 16
f 5848
a 14610 28304 16
f 11699
a 14611 8912 256
f 2096
a 14612 13184 64
f 14523
a 14613 63216 16
f 4769
a 14614 3600 16
f 5237
a 14615 19760 64
f 2554
a 14616 3248 64
f 3108
a 14617 928 256
f 2182
a 14618 26144 64
f 12496
a 14619 12816 16
f 9234
a 14620 4032 64
f 13885
a 14621 7744 16
f 13548
a 14622 4768 64
f 13652
a 14623 60912 64
f 12487
a 14624 2656 256
f 3985
a 14625 10320 256
f 6159
a 14626 304 16
f 14487
a 14627 400 256
f 5132
a 14628 50832 16
f 12271
a 14629 992 256
f 14451
a 14630 3840 16
f 12680
a 14631 544 256
f 13208
a 14632 768 64
f 5757
a 14633 53504 16
f 9569
a 14634 304 256
f 2286
a 14635 7440 256
f 5635
a 14636 24176 64
f 3186
a 14637 400 64
f 10062
a 14638 3824 256
f 7901
a 14639 65456 64
f 13214
a 14640 496 64
f 2770
a 14641 25472 256
f 4359
a 14642 448 64
f 13216
a 14643 784 16
f 2849
a 14644 1376 16
f 5527
a 14645 60944 64
f 9450
a 14646 2608 256
f 6421
a 14647 61232 256
f 9682
a 14648 752 256
f 5721
a 14649 912 256
f 6907
a 14650 12736 64
f 12426
a 14651 32736 256
f 13571
a 14652 5152 16
f 14447
a 14653 1200 256
f 2644
a 14654 58608 256
f 12247
a 14655 416 256
f 6
a 14656 48720 64
f 10421
a 14657 576 256
f 639
a 14658 672 64
f 11465
a 14659 704 16
f 1023
a 14660 736 64
f 11162
a 14661 7040 256
f 12914
a 14662 2000 256
f 6560
a 14663 768 256
f 1041
a 14664 1232 256
f 7531
a 14665 14672 256
f 7920
a 14666 30880 16
f 9124
a 14667 1680 256
f 8627
a 14668 7232 16
f 8715
a 14669 11088 64
f 12846
a 14670 3152 16
f 9811
a 14671 512 64
f 1949
a 14672 6048 256
f 13768
a 14673 352 64
f 9228
a 14674 8112 64
f 14542
a 14675 3776 16
f 14239
a 14676 304 64
f 10470
a 14677 25248 16
f 11364
a 14678 23824 256
f 11294
a 14679 3760 64
f 7603
a 14680 28896 16
f 6675
a 14681 4064 256
f 3230
a 14682 688 64
f 4182
a 14683 2448 16
f 14536
a 14684 29088 64
f 12542
a 14685 11760 64
f 8337
a 14686 3040 256
f 4092
a 14687 30528 64
f 12830
a 14688 6896 64
f 9026
a 14689 336 16
f 1314
a 14690 23280 16
f 12697
a 14691 54944 256
f 6407
a 14692 5248 16
f 1679
a 14693 64144 256
f 5584
a 14694 26848 64
f 11670
a 14695 304 16
f 2825
a 14696 23792 16
f 5177
a 14697 2032 64
f 10560
a 14698 6368 64
f 6034
a 14699 18480 256
f 5529
a 14700 7712 64
f 2973
a 14701 30688 64
f 8526
a 14702 10688 256
f 7191
a 14703 28640 64
f 3878
a 14704 272 256
f 4362
a 14705 2400 256
f 13375
a 14706 52624 64
f 2197
a 14707 13168 64
f 7491
a 14708 54624 256
f 13655
a 14709 512 16
f 5653
a 14710 608 16
f 11234
a 14711 8112 64
f 2137
a 14712 1264 16
f 11022
a 14713 1216 256
f 1006
a 14714 11952 16
f 4457
a 14715 2592 64
f 13159
a 14716 27136 256
f 8270
a 14717 6976 64
f 3312
a 14718 12064 64
f 853
a 14719 15968 64
f 13200
a 14720 4256 16
f 12254
a 14721 3312 256
f 7511
a 14722 288 16
f 8677
a 14723 24160 16
f 7181
a 14724 1936 64
f 13465
a 14725 16208 64
f 10866
a 14726 23552 256
f 14463
a 14727 2608 16
f 11172
a 14728 1712 16
f 9723
a 14729 20464 256
f 5603
a 14730 1680 256
f 5334
a 14731 1440 256
f 2687
a 14732 25600 64
f 14613
a 14733 6752 64
f 7876
a 14734 2432 256
f 11232
a 14735 12128 16
f 13672
a 14736 26240 256
f 14491
a 14737 1696 16
f 11996
a 14738 21328 16
f 14490
a 14739 38928 64
f 3621
a 14740 18112 16
f 1040
a 14741 10160 16
f 14576
a 14742 27456 16
f 12338
a 14743 464 64
f 14445
a 14744 12416 256
f 729
a 14745 57312 64
f 12653
a 14746 352 16
f 64
a 14747 784 256
f 5735
a 14748 1712 64
f 1035
a 14749 57136 256
f 14529
a 14750 50896 256
f 4368
a 14751 60720 256
f 1294
a 14752 21488 16
f 8325
a 14753 14992 16
f 12481
a 14754 320 256
f 10030
a 14755 464 64
f 11836
a 14756 21824 256
f 7330
a 14757 61440 64
f 12069
a 14758 29968 16
f 14494
a 14759 11680 256
f 3798
a 14760 848 16
f 6336
a 14761 1008 256
f 2253
a 14762 592 16
f 14101
a 14763 6176 16
f 12587
a 14764 272 64
f 14061
a 14765 45840 64
f 4418
a 14766 896 64
f 14067
a 14767 8080 256
f 12999
a 14768 29456 64
f 604
a 14769 496 16
f 4268
a 14770 1040 64
f 6227
a 14771 11952 64
f 9248
a 14772 43440 256
f 5316
a 14773 11696 16
f 10457
a 14774 3408 256
f 2811
a 14775 30112 256
f 3495
a 14776 352 256
f 13529
a 14777 30224 64
f 8088
a 14778 17968 256
f 9758
a 14779 432 256
f 7473
a 14780 1776 256
f 4448
a 14781 8096 16
f 12250
a 14782 43264 64
f 10692
a 14783 1024 256
f 14732
a 14784 992 256
f 9383
a 14785 3856 16
f 11157
a 14786 1504 16
f 8486
a 14787 51744 16
f 13077
a 14788 352 64
f 3434
a 14789 20720 16
f 11040
a 14790 416 16
f 5972
a 14791 3744 256
f 13446
a 14792 49200 256
f 1136
a 14793 752 256
f 1059
a 14794 3776 256
f 2794
a 14795 5936 256
f 916
a 14796 10608 256
f 7977
a 14797 58896 16
f 12925
a 14798 1904 16
f 1225
a 14799 13040 256
f 8788
a 14800 640 64
f 12053
a 14801 576 16
f 7095
a 14802 832 256
f 5004
a 14803 23664 64
f 2317
a 14804 720 64
f 11235
a 14805 53264 256
f 14196
a 14806 784 256
f 1150
a 14807 1856 256
f 10816
a 14808 7088 256
f 5234
a 14809 30256 16
f 12730
a 14810 20352 16
f 6384
a 14811 8048 16
f 13140
a 14812 18288 64
f 14489
a 14813 62208 64
f 11300
a 14814 12736 64
f 13175
a 14815 12976 256
f 5474
a 14816 720 256
f 14341
a 14817 3968 64
f 10396
a 14818 1728 16
f 1753
a 14819 58592 64
f 13629
a 14820 45872 256
f 2587
a 14821 23312 64
f 14327
a 14822 43392 64
f 9370
a 14823 38000 256
f 12504
a 14824 992 64
f 11198
a 14825 1776 64
f 13122
a 14826 4960 16
f 316
a 14827 22512 16
f 10694
a 14828 17664 64
f 12666
a 14829 1968 16
f 4779
a 14830 37920 256
f 1536
a 14831 976 16
f 13065
a 14832 4864 64
f 3263
a 14833 50960 64
f 3741
a 14834 6544 16
f 14238
a 14835 2064 16
f 2778
a 14836 2704 16
f 6671
a 14837 7680 64
f 6807
a 14838 12512 256
f 11122
a 14839 17488 256
f 6579
a 14840 44640 16
f 1093
a 14841 3616 64
f 6547
a 14842 9200 64
f 14738
a 14843 448 64
f 2022
a 14844 9232 256
f 1405
a 14845 4080 16
f 3232
a 14846 800 16
f 954
a 14847 6208 64
f 4755
a 14848 624 64
f 8961
a 14849 23504 256
f 6687
a 14850 52608 16
f 6110
a 14851 31632 256
f 7816
a 14852 43456 16
f 8915
a 14853 7824 16
f 8173
a 14854 3216 256
f 2737
a 14855 400 64
f 1729
a 14856 1744 16
f 14453
a 14857 5792 256
f 10586
a 14858 368 256
f 10139
a 14859 3040 256
f 10309
a 14860 4224 16
f 8137
a 14861 2112 256
f 10296
a 14862 1008 16
f 2882
a 14863 1088 16
f 4518
a 14864 6816 64
f 10236
a 14865 2064 64
f 8147
a 14866 7616 16
f 9690
a 14867 1216 256
f 13874
a 14868 56752 16
f 8579
a 14869 3280 16
f 118
a 14870 12352 64
f 1784
a 14871 11392 256
f 11544
a 14872 640 64
f 2839
a 14873 25856 256
f 5054
a 14874 38704 256
f 5198
a 14875 1184 16
f 13706
a 14876 13952 16
f 13426
a 14877 8416 256
f 11182
a 14878 272 64
f 13260
a 14879 672 64
f 14367
a 14880 56336 64
f 11562
a 14881 7952 16
f 5311
a 14882 4880 16
f 489
a 14883 352 256
f 1138
a 14884 47232 256
f 11003
a 14885 1712 16
f 5052
a 14886 25792 256
f 13311
a 14887 8000 64
f 12509
a 14888 384 16
f 11665
a 14889 30176 16
f 12231
a 14890 816 64
f 9047
a 14891 20368 16
f 7527
a 14892 19664 64
f 6399
a 14893 1856 256
f 2361
a 14894 2160 256
f 5354
a 14895 720 16
f 1088
a 14896 27200 256
f 6014
a 14897 1840 64
f 9721
a 14898 544 16
f 14679
a 14899 1184 16
f 4301
a 14900 11024 256
f 941
a 14901 4464 16
f 12758
a 14902 42336 256
f 5833
a 14903 45072 64
f 2060
a 14904 1808 16
f 2480
a 14905 1712 256
f 13040
a 14906 3904 16
f 2666
a 14907 9712 256
f 10889
a 14908 21296 256
f 3444
a 14909 1040 16
f 11079
a 14910 46896 64
f 11854
a 14911 1104 256
f 11500
a 14912 63456 16
f 13168
a 14913 368 16
f 4150
a 14914 432 16
f 13164
a 14915 6992 256
f 1868
a 14916 1680 16
f 12461
a 14917 30768 64
f 2507
a 14918 3984 16
f 12576
a 14919 1488 16
f 4851
a 14920 6848 64
f 12465
a 14921 32208 256
f 4545
a 14922 784 256
f 13612
a 14923 34752 16
f 14349
a 14924 432 16
f 5550
a 14925 3280 16
f 11998
a 14926 6992 16
f 10437
a 14927 1344 16
f 5879
a 14928 688 256
f 9433
a 14929 752 64
f 9419
a 14930 688 256
f 14512
a 14931 768 256
f 7451
a 14932 3840 64
f 9308
a 14933 3776 256
f 13757
a 14934 3872 64
f 1641
a 14935 2496 16
f 9751
a 14936 4064 16
f 3581
a 14937 2560 64
f 5111
a 14938 55232 64
f 7005
a 14939 4016 16
f 11821
a 14940 1504 16
f 10124
a 14941 768 64
f 232
a 14942 7344 256
f 10150
a 14943 416 16
f 11993
a 14944 24352 16
f 9852
a 14945 3808 256
f 2256
a 14946 432 256
f 14207
a 14947 1984 256
f 11959
a 14948 9424 256
f 3769
a 14949 1520 16
f 14366
a 14950 26560 16
f 5194
a 14951 39120 256
f 9168
a 14952 592 256
f 903
a 14953 36992 256
f 5022
a 14954 320 256
f 7683
a 14955 5088 16
f 6782
a 14956 1360 16
f 2877
a 14957 6320 16
f 12548
a 14958 1808 16
f 1742
a 14959 38832 256
f 2999
a 14960 416 16
f 11087
a 14961 1584 16
f 1261
a 14962 3680 64
f 12264
a 14963 4016 64
f 11291
a 14964 5344 16
f 4832
a 14965 3408 64
f 10551
a 14966 24640 16
f 8603
a 14967 11920 16
f 2906
a 14968 5664 64
f 3141
a 14969 4976 256
f 9323
a 14970 10720 16
f 6037
a 14971 3152 64
f 9511
a 14972 2688 16
f 14552
a 14973 50464 16
f 12629
a 14974 6448 64
f 8911
a 14975 4064 256
f 12122
a 14976 4496 256
f 14384
a 14977 7440 64
f 565
a 14978 1024 16
f 14316
a 14979 1232 16
f 13410
a 14980 14000 16
f 3761
a 14981 9680 64
f 12356
a 14982 1872 64
f 13541
a 14983 432 16
f 8321
a 14984 9200 256
f 4358
a 14985 21088 256
f 4424
a 14986 640 64
f 5795
a 14987 11376 64
f 10507
a 14988 1312 16
f 4675
a 14989 17728 256
f 8302
a 14990 656 256
f 4433
a 14991 544 64
f 8612
a 14992 1472 256
f 13532
a 14993 672 64
f 8078
a 14994 1232 256
f 8530
a 14995 5248 64
f 5216
a 14996 6736 16
f 4489
a 14997 512 64
f 7664
a 14998 1888 16
f 9334
a 14999 30480 64
c step-5000
