# hetoimasia allocator parity trace, format 1; see README.md
# Synthetic, hypothetical: 100 live buffers of 256 B to 64 KiB, log-uniform, alignments 16, 64 or 256,
# filling 95% of the block, then 5,000 steps of one random free and one allocation.
trace sweep-live-00100-occupancy-95
capacity 1310720
seed 1002
a 0 9216 256
a 1 3824 16
a 2 1888 256
a 3 6048 16
a 4 1328 64
a 5 2144 16
a 6 25360 64
a 7 22400 256
a 8 54688 16
a 9 46256 64
a 10 27920 16
a 11 592 256
a 12 6464 64
a 13 3024 256
a 14 8096 256
a 15 1056 256
a 16 52912 16
a 17 27952 256
a 18 20256 16
a 19 3648 64
a 20 480 64
a 21 3152 16
a 22 496 256
a 23 3536 16
a 24 1712 16
a 25 13152 16
a 26 368 16
a 27 56128 256
a 28 1280 256
a 29 44512 16
a 30 7424 256
a 31 944 64
a 32 49456 16
a 33 55568 16
a 34 1856 256
a 35 464 16
a 36 1392 16
a 37 3296 256
a 38 288 256
a 39 416 64
a 40 53312 64
a 41 432 64
a 42 304 64
a 43 3824 256
a 44 1872 64
a 45 1680 256
a 46 46928 16
a 47 23424 16
a 48 12544 64
a 49 7248 256
a 50 672 16
a 51 7328 16
a 52 18432 64
a 53 2320 16
a 54 12640 64
a 55 58320 256
a 56 29728 256
a 57 576 16
a 58 9744 64
a 59 1232 16
a 60 1488 256
a 61 272 64
a 62 576 256
a 63 448 64
a 64 22880 16
a 65 3472 256
a 66 11728 64
a 67 400 256
a 68 496 256
a 69 5056 16
a 70 15360 16
a 71 64576 64
a 72 3216 256
a 73 800 64
a 74 34288 256
a 75 20128 64
a 76 1408 256
a 77 1968 16
a 78 25984 256
a 79 3840 16
a 80 1680 64
a 81 704 16
a 82 816 16
a 83 848 256
a 84 7008 64
a 85 4384 16
a 86 976 16
a 87 1440 64
a 88 544 256
a 89 26752 16
a 90 1120 16
a 91 400 64
a 92 3744 64
a 93 38784 256
a 94 8080 64
a 95 544 256
a 96 26624 16
a 97 17248 16
a 98 1136 256
a 99 672 16
c filled
f 51
a 100 5008 256
f 14
a 101 8272 256
f 88
a 102 992 256
f 8
a 103 10160 64
f 83
a 104 2368 16
f 43
a 105 52912 64
f 86
a 106 42672 16
f 15
a 107 15776 64
f 82
a 108 3472 64
f 27
a 109 1168 16
f 18
a 110 30448 16
f 65
a 111 448 256
f 1
a 112 272 256
f 45
a 113 4064 64
f 74
a 114 12560 64
f 28
a 115 28592 16
f 101
a 116 16160 256
f 31
a 117 1056 16
f 44
a 118 992 16
f 98
a 119 48512 64
f 105
a 120 53056 16
f 52
a 121 11632 256
f 48
a 122 47936 256
f 97
a 123 21536 256
f 57
a 124 832 64
f 11
a 125 9008 64
f 12
a 126 2944 256
f 50
a 127 928 64
f 70
a 128 928 64
f 62
a 129 2016 16
f 75
a 130 60224 16
f 6
a 131 7888 64
f 69
a 132 976 64
f 92
a 133 10528 64
f 123
a 134 1536 64
f 109
a 135 2128 256
f 80
a 136 56608 64
f 49
a 137 1104 64
f 21
a 138 976 256
f 102
a 139 1664 256
f 5
a 140 31936 16
f 39
a 141 720 256
f 133
a 142 3744 256
f 85
a 143 13024 16
f 107
a 144 2768 16
f 34
a 145 17216 16
f 140
a 146 51040 256
f 110
a 147 63856 64
f 35
a 148 912 16
f 143
a 149 4096 16
f 111
a 150 32352 256
f 7
a 151 45952 64
f 113
a 152 2064 256
f 131
a 153 58176 16
f 137
a 154 400 64
f 120
a 155 400 16
f 122
a 156 2576 256
f 59
a 157 2800 16
f 42
a 158 21600 64
f 9
a 159 47824 16
f 90
a 160 56992 256
f 40
a 161 4928 64
f 37
a 162 25984 16
f 162
a 163 6544 16
f 141
a 164 23936 64
f 96
a 165 27632 16
f 132
a 166 544 256
f 149
a 167 352 256
f 165
a 168 560 64
f 117
a 169 7424 16
f 116
a 170 28432 64
f 106
a 171 304 16
f 147
a 172 31840 64
f 125
a 173 3152 64
f 114
a 174 5664 16
f 134
a 175 8512 256
f 158
a 176 400 256
f 16
a 177 1152 256
f 177
a 178 24976 256
f 170
a 179 4208 16
f 10
a 180 1552 256
f 100
a 181 480 64
f 121
a 182 1008 16
f 78
a 183 1776 64
f 95
a 184 2928 16
f 151
a 185 672 16
f 112
a 186 20528 256
f 176
a 187 480 256
f 36
a 188 272 256
f 103
a 189 5680 256
f 13
a 190 1792 256
f 130
a 191 496 256
f 115
a 192 6992 16
f 155
a 193 288 256
f 20
a 194 480 256
f 167
a 195 8048 256
f 84
a 196 2976 16
f 138
a 197 5632 16
f 197
a 198 30304 16
f 195
a 199 2640 16
f 54
a 200 576 256
f 160
a 201 272 256
f 129
a 202 8960 256
f 144
a 203 28384 256
f 178
a 204 27088 256
f 185
a 205 3648 16
f 19
a 206 5248 64
f 139
a 207 2144 16
f 157
a 208 18592 256
f 68
a 209 1344 64
f 25
a 210 640 64
f 198
a 211 27840 16
f 207
a 212 1264 64
f 126
a 213 14240 64
f 118
a 214 8560 256
f 211
a 215 33696 16
f 66
a 216 464 64
f 202
a 217 2880 64
f 58
a 218 2688 16
f 216
a 219 49104 64
f 29
a 220 45520 16
f 192
a 221 5488 16
f 127
a 222 9456 64
f 159
a 223 800 256
f 47
a 224 34768 256
f 168
a 225 14160 16
f 136
a 226 6496 16
f 26
a 227 368 16
f 212
a 228 5344 16
f 87
a 229 59632 256
f 60
a 230 3152 64
f 164
a 231 46768 16
f 46
a 232 976 256
f 184
a 233 36944 16
f 81
a 234 13296 16
f 183
a 235 5344 64
f 231
a 236 816 256
f 53
a 237 10800 256
f 215
a 238 7392 256
f 148
a 239 3632 256
f 23
a 240 9072 64
f 172
a 241 14400 64
f 61
a 242 3360 64
f 188
a 243 1472 256
f 163
a 244 304 16
f 33
a 245 912 256
f 76
a 246 912 64
f 173
a 247 1568 16
f 142
a 248 11968 256
f 245
a 249 7824 16
f 218
a 250 9952 16
f 222
a 251 1104 64
f 135
a 252 15984 256
f 248
a 253 21424 256
f 228
a 254 592 64
f 196
a 255 24944 16
f 190
a 256 39360 256
f 153
a 257 272 256
f 2
a 258 960 64
f 181
a 259 7616 16
f 200
a 260 49088 16
f 217
a 261 50816 64
f 225
a 262 3488 256
f 150
a 263 16624 256
f 206
a 264 272 256
f 204
a 265 62992 256
f 232
a 266 45632 64
f 161
a 267 14256 64
f 64
a 268 54464 16
f 265
a 269 5232 64
f 205
a 270 7920 256
f 154
a 271 544 16
f 187
a 272 384 64
f 267
a 273 368 16
f 180
a 274 58000 16
f 249
a 275 1520 64
f 166
a 276 864 64
f 38
a 277 6080 64
f 79
a 278 26448 64
f 99
a 279 1136 256
f 24
a 280 5248 16
f 260
a 281 17808 16
f 67
a 282 336 16
f 63
a 283 21072 16
f 94
a 284 58944 64
f 32
a 285 13392 16
f 241
a 286 576 256
f 91
a 287 7648 256
f 250
a 288 26208 256
f 283
a 289 3136 256
f 210
a 290 25744 64
f 258
a 291 1968 16
f 128
a 292 432 16
f 286
a 293 5152 64
f 208
a 294 4256 256
f 254
a 295 17296 64
f 240
a 296 1360 64
f 179
a 297 4064 16
f 239
a 298 400 256
f 55
a 299 944 16
f 246
a 300 19120 64
f 233
a 301 11968 256
f 259
a 302 14560 64
f 243
a 303 416 256
f 56
a 304 1968 16
f 201
a 305 3664 64
f 263
a 306 2928 256
f 261
a 307 1760 64
f 300
a 308 992 16
f 268
a 309 1168 16
f 264
a 310 3904 16
f 305
a 311 20944 256
f 193
a 312 1216 64
f 230
a 313 4208 256
f 73
a 314 1232 64
f 191
a 315 31328 256
f 275
a 316 6848 16
f 314
a 317 30976 16
f 293
a 318 7856 256
f 273
a 319 29536 256
f 309
a 320 6480 16
f 171
a 321 36336 64
f 182
a 322 2528 256
f 297
a 323 29984 64
f 253
a 324 3232 256
f 317
a 325 4464 16
f 237
a 326 42160 16
f 272
a 327 1360 64
f 169
a 328 3088 64
f 234
a 329 47344 256
f 72
a 330 24016 256
f 280
a 331 8112 16
f 186
a 332 3504 16
f 294
a 333 28880 16
f 315
a 334 816 16
f 41
a 335 544 16
f 318
a 336 2896 256
f 257
a 337 704 16
f 306
a 338 9712 256
f 304
a 339 27824 256
f 328
a 340 2496 16
f 316
a 341 1296 16
f 219
a 342 45264 256
f 329
a 343 54192 64
f 213
a 344 3632 16
f 22
a 345 1776 64
f 214
a 346 30672 64
f 281
a 347 27632 16
f 319
a 348 1072 64
f 301
a 349 352 64
f 341
a 350 272 64
f 325
a 351 12864 16
f 312
a 352 464 16
f 235
a 353 5504 256
f 156
a 354 54496 64
f 252
a 355 14656 256
f 345
a 356 5888 256
f 284
a 357 14672 16
f 335
a 358 1680 64
f 308
a 359 1072 64
f 152
a 360 11024 256
f 278
a 361 7632 64
f 270
a 362 54528 16
f 323
a 363 11056 16
f 229
a 364 7632 64
f 289
a 365 2480 16
f 220
a 366 544 256
f 307
a 367 416 64
f 223
a 368 992 16
f 174
a 369 7424 64
f 347
a 370 65104 64
f 346
a 371 2384 256
f 119
a 372 7264 64
f 93
a 373 2528 64
f 71
a 374 56880 256
f 285
a 375 21744 16
f 327
a 376 752 256
f 375
a 377 30016 64
f 295
a 378 7440 256
f 355
a 379 880 256
f 271
a 380 26288 64
f 322
a 381 24368 256
f 302
a 382 1568 256
f 189
a 383 416 64
f 251
a 384 1952 64
f 269
a 385 47472 256
f 236
a 386 448 64
f 30
a 387 736 16
f 350
a 388 58448 64
f 242
a 389 3344 256
f 321
a 390 880 64
f 379
a 391 320 256
f 303
a 392 8528 256
f 373
a 393 2096 16
f 352
a 394 1856 64
f 282
a 395 944 256
f 277
a 396 2864 256
f 378
a 397 640 64
f 356
a 398 880 256
f 194
a 399 6192 16
f 392
a 400 320 256
f 359
a 401 1184 16
f 343
a 402 976 64
f 393
a 403 39344 64
f 400
a 404 15008 256
f 388
a 405 976 16
f 89
a 406 736 256
f 404
a 407 34352 16
f 398
a 408 3312 64
f 4
a 409 6928 64
f 358
a 410 11488 64
f 370
a 411 20416 256
f 411
a 412 944 256
f 333
a 413 16064 16
f 324
a 414 22256 64
f 279
a 415 16784 16
f 354
a 416 3616 64
f 405
a 417 288 256
f 386
a 418 1504 256
f 313
a 419 2624 64
f 367
a 420 400 64
f 320
a 421 64384 16
f 146
a 422 6272 256
f 332
a 423 3696 64
f 415
a 424 1584 256
f 326
a 425 880 256
f 256
a 426 1376 16
f 395
a 427 3216 16
f 418
a 428 288 64
f 357
a 429 10352 256
f 396
a 430 6736 16
f 288
a 431 17456 64
f 338
a 432 3568 16
f 413
a 433 3584 64
f 311
a 434 736 16
f 175
a 435 800 64
f 416
a 436 2480 256
f 266
a 437 608 256
f 353
a 438 512 256
f 435
a 439 8992 64
f 349
a 440 45664 256
f 108
a 441 400 256
f 430
a 442 27888 64
f 387
a 443 11328 16
f 368
a 444 2304 64
f 444
a 445 11280 64
f 291
a 446 9568 256
f 380
a 447 27888 16
f 428
a 448 656 256
f 339
a 449 25904 64
f 419
a 450 272 256
f 420
a 451 53360 16
f 330
a 452 44240 256
f 365
a 453 7648 64
f 399
a 454 23216 256
f 437
a 455 1040 16
f 104
a 456 32448 64
f 450
a 457 928 64
f 244
a 458 3856 64
f 255
a 459 59760 16
f 247
a 460 5408 64
f 401
a 461 7440 256
f 340
a 462 14096 256
f 457
a 463 3184 64
f 124
a 464 3616 16
f 439
a 465 25088 16
f 344
a 466 6880 256
f 360
a 467 41600 256
f 410
a 468 2272 256
f 407
a 469 2080 16
f 224
a 470 9824 256
f 390
a 471 59984 64
f 384
a 472 368 256
f 461
a 473 26048 16
f 447
a 474 32640 64
f 403
a 475 29840 16
f 414
a 476 55584 16
f 342
a 477 368 64
f 290
a 478 432 16
f 336
a 479 39008 256
f 377
a 480 35504 16
f 463
a 481 1424 64
f 469
a 482 1312 256
f 287
a 483 24000 256
f 371
a 484 23312 16
f 17
a 485 5760 64
f 412
a 486 1920 64
f 385
a 487 42768 256
f 383
a 488 384 64
f 363
a 489 1216 16
f 298
a 490 3136 16
f 438
a 491 352 64
f 475
a 492 2128 256
f 421
a 493 27200 256
f 426
a 494 896 16
f 429
a 495 34592 16
f 487
a 496 23584 64
f 471
a 497 5872 256
f 484
a 498 50880 16
f 145
a 499 816 16
f 433
a 500 23520 16
f 494
a 501 30704 16
f 0
a 502 13824 16
f 466
a 503 3008 16
f 488
a 504 2896 16
f 274
a 505 5136 16
f 481
a 506 384 64
f 456
a 507 48272 16
f 406
a 508 26624 16
f 440
a 509 3664 16
f 498
a 510 2224 16
f 459
a 511 1552 256
f 476
a 512 1296 256
f 509
a 513 448 64
f 348
a 514 16384 256
f 431
a 515 31936 64
f 512
a 516 2720 256
f 496
a 517 62192 256
f 468
a 518 14160 64
f 511
a 519 16224 16
f 427
a 520 6352 16
f 449
a 521 14656 64
f 460
a 522 24944 64
f 425
a 523 656 256
f 424
a 524 7536 16
f 490
a 525 560 256
f 473
a 526 9024 64
f 526
a 527 6000 64
f 432
a 528 5488 256
f 521
a 529 3872 64
f 513
a 530 1824 256
f 522
a 531 1008 64
f 472
a 532 37744 16
f 478
a 533 2000 64
f 423
a 534 17088 16
f 519
a 535 31424 16
f 508
a 536 26640 64
f 402
a 537 7664 256
f 397
a 538 24816 64
f 227
a 539 2512 256
f 226
a 540 13104 16
f 458
a 541 23840 256
f 374
a 542 1648 256
f 482
a 543 30496 16
f 514
a 544 3472 256
f 369
a 545 528 16
f 531
a 546 12256 256
f 391
a 547 5104 256
f 262
a 548 7056 64
f 497
a 549 3840 64
f 477
a 550 2704 256
f 479
a 551 800 16
f 417
a 552 2320 64
f 552
a 553 41456 16
f 536
a 554 7824 64
f 310
a 555 2320 64
f 523
a 556 1888 64
f 452
a 557 7408 64
f 506
a 558 9248 64
f 334
a 559 432 64
f 520
a 560 1744 16
f 530
a 561 15840 16
f 483
a 562 65136 64
f 445
a 563 21968 16
f 535
a 564 39488 256
f 557
a 565 400 256
f 436
a 566 288 16
f 474
a 567 944 16
f 499
a 568 1920 16
f 366
a 569 14560 16
f 381
a 570 3104 64
f 570
a 571 63728 64
f 569
a 572 29376 256
f 500
a 573 352 64
f 567
a 574 5712 16
f 534
a 575 912 64
f 563
a 576 49360 16
f 3
a 577 1456 64
f 545
a 578 3216 256
f 199
a 579 13488 64
f 532
a 580 2032 64
f 448
a 581 9152 64
f 434
a 582 2176 64
f 566
a 583 2272 16
f 422
a 584 7824 256
f 362
a 585 656 256
f 331
a 586 5664 256
f 542
a 587 2304 16
f 553
a 588 55408 64
f 382
a 589 464 16
f 505
a 590 45296 16
f 575
a 591 320 256
f 588
a 592 17056 16
f 546
a 593 1024 64
f 591
a 594 1760 64
f 537
a 595 12016 64
f 443
a 596 5536 64
f 596
a 597 11920 256
f 580
a 598 2096 256
f 597
a 599 16320 256
c step-500
f 592
a 600 42224 16
f 361
a 601 1536 256
f 581
a 602 11024 64
f 442
a 603 11232 256
f 574
a 604 336 16
f 560
a 605 5744 16
f 493
a 606 11072 16
f 528
a 607 1232 256
f 571
a 608 272 16
f 547
a 609 448 256
f 527
a 610 15024 256
f 454
a 611 50688 64
f 610
a 612 16304 256
f 562
a 613 496 64
f 540
a 614 2784 64
f 470
a 615 3104 16
f 611
a 616 736 64
f 544
a 617 864 256
f 565
a 618 1920 256
f 446
a 619 4032 256
f 594
a 620 2144 64
f 590
a 621 896 16
f 621
a 622 56368 256
f 389
a 623 1344 64
f 510
a 624 1584 64
f 599
a 625 1632 16
f 556
a 626 976 256
f 605
a 627 22288 64
f 299
a 628 8352 256
f 615
a 629 512 256
f 485
a 630 4352 256
f 568
a 631 752 16
f 587
a 632 336 256
f 573
a 633 24448 64
f 548
a 634 464 256
f 491
a 635 25264 64
f 612
a 636 4384 16
f 555
a 637 2624 256
f 501
a 638 928 64
f 292
a 639 14960 16
f 598
a 640 896 256
f 467
a 641 4800 256
f 620
a 642 2224 256
f 627
a 643 7712 256
f 550
a 644 1584 16
f 613
a 645 3376 256
f 642
a 646 1728 256
f 618
a 647 3152 256
f 617
a 648 3760 16
f 595
a 649 1408 64
f 576
a 650 288 16
f 637
a 651 26592 64
f 578
a 652 448 256
f 622
a 653 384 16
f 649
a 654 400 64
f 602
a 655 12144 64
f 650
a 656 20784 16
f 633
a 657 6128 64
f 579
a 658 17104 16
f 583
a 659 2448 16
f 634
a 660 2368 64
f 489
a 661 1664 64
f 517
a 662 17888 256
f 646
a 663 17728 64
f 561
a 664 4608 256
f 351
a 665 53488 256
f 654
a 666 544 16
f 664
a 667 30480 256
f 451
a 668 400 16
f 296
a 669 1904 256
f 551
a 670 5024 64
f 626
a 671 2256 256
f 518
a 672 320 64
f 636
a 673 9280 256
f 645
a 674 2272 16
f 582
a 675 28832 64
f 221
a 676 64944 16
f 543
a 677 2640 256
f 671
a 678 736 256
f 616
a 679 512 256
f 572
a 680 12880 256
f 628
a 681 432 256
f 558
a 682 46880 256
f 672
a 683 3424 256
f 539
a 684 9968 16
f 408
a 685 1632 64
f 609
a 686 7744 256
f 394
a 687 656 64
f 524
a 688 752 16
f 687
a 689 1728 64
f 502
a 690 7008 16
f 516
a 691 24800 16
f 644
a 692 34848 16
f 585
a 693 9024 256
f 682
a 694 29568 256
f 538
a 695 3136 256
f 677
a 696 24080 256
f 507
a 697 2480 256
f 624
a 698 31840 64
f 600
a 699 2320 64
f 640
a 700 62944 64
f 695
a 701 55296 16
f 686
a 702 3168 256
f 604
a 703 800 16
f 586
a 704 11952 256
f 77
a 705 2080 256
f 675
a 706 15040 256
f 704
a 707 50176 16
f 698
a 708 4400 16
f 238
a 709 6608 16
f 701
a 710 3888 16
f 564
a 711 52432 256
f 632
a 712 384 16
f 643
a 713 288 64
f 525
a 714 12336 16
f 656
a 715 1072 256
f 678
a 716 56320 256
f 712
a 717 1328 16
f 495
a 718 7616 64
f 647
a 719 25584 16
f 681
a 720 5152 16
f 364
a 721 2240 256
f 639
a 722 3872 16
f 641
a 723 800 16
f 709
a 724 1888 256
f 715
a 725 3520 16
f 635
a 726 1344 16
f 653
a 727 3312 256
f 720
a 728 11984 64
f 593
a 729 5616 16
f 492
a 730 2352 16
f 504
a 731 384 16
f 684
a 732 47904 16
f 209
a 733 336 16
f 559
a 734 34416 64
f 716
a 735 31024 16
f 658
a 736 12816 16
f 725
a 737 21328 16
f 722
a 738 528 64
f 734
a 739 688 16
f 676
a 740 50080 16
f 603
a 741 944 16
f 638
a 742 13072 16
f 735
a 743 41008 16
f 688
a 744 1376 64
f 549
a 745 10928 16
f 663
a 746 46992 16
f 667
a 747 3184 16
f 529
a 748 592 256
f 724
a 749 33600 256
f 728
a 750 27136 16
f 748
a 751 1680 16
f 584
a 752 13968 16
f 730
a 753 1808 256
f 685
a 754 6640 16
f 660
a 755 368 16
f 441
a 756 3232 256
f 657
a 757 22960 16
f 755
a 758 3408 16
f 554
a 759 464 256
f 515
a 760 2080 16
f 714
a 761 7808 256
f 741
a 762 20480 16
f 740
a 763 1360 256
f 462
a 764 1920 256
f 680
a 765 6528 16
f 376
a 766 22928 64
f 759
a 767 3440 64
f 577
a 768 53776 256
f 601
a 769 304 256
f 760
a 770 7520 16
f 705
a 771 55456 64
f 770
a 772 41664 256
f 655
a 773 864 256
f 203
a 774 7344 16
f 690
a 775 576 256
f 774
a 776 22336 256
f 733
a 777 51856 64
f 773
a 778 1856 16
f 771
a 779 800 16
f 666
a 780 45040 64
f 719
a 781 6048 16
f 533
a 782 3680 256
f 629
a 783 3872 256
f 756
a 784 336 16
f 762
a 785 704 256
f 785
a 786 33296 16
f 480
a 787 880 16
f 746
a 788 26800 64
f 761
a 789 23600 16
f 787
a 790 20368 256
f 779
a 791 1024 16
f 738
a 792 1264 16
f 753
a 793 8192 16
f 744
a 794 944 16
f 662
a 795 1200 16
f 464
a 796 28912 64
f 794
a 797 47744 64
f 630
a 798 3600 16
f 772
a 799 26208 256
f 702
a 800 976 16
f 782
a 801 11344 16
f 652
a 802 4064 64
f 455
a 803 6816 256
f 731
a 804 480 16
f 754
a 805 432 256
f 727
a 806 512 256
f 777
a 807 336 16
f 486
a 808 61520 256
f 541
a 809 9808 16
f 776
a 810 544 16
f 673
a 811 10800 16
f 802
a 812 3568 16
f 706
a 813 1472 16
f 801
a 814 20848 64
f 781
a 815 1904 64
f 798
a 816 1360 256
f 683
a 817 10560 256
f 788
a 818 1584 64
f 806
a 819 5632 64
f 700
a 820 48224 64
f 703
a 821 52928 256
f 820
a 822 4608 64
f 780
a 823 54176 64
f 608
a 824 1152 256
f 765
a 825 3744 64
f 768
a 826 2144 64
f 625
a 827 1888 256
f 607
a 828 992 64
f 697
a 829 30384 256
f 665
a 830 36624 64
f 737
a 831 432 16
f 691
a 832 688 16
f 832
a 833 12768 256
f 453
a 834 1168 64
f 692
a 835 336 256
f 751
a 836 1760 64
f 739
a 837 5904 64
f 710
a 838 21664 256
f 743
a 839 63376 256
f 783
a 840 17904 256
f 651
a 841 13648 64
f 816
a 842 1792 256
f 836
a 843 464 64
f 815
a 844 480 256
f 795
a 845 23824 256
f 825
a 846 32336 16
f 708
a 847 5280 16
f 693
a 848 10944 64
f 784
a 849 24256 64
f 790
a 850 560 64
f 766
a 851 1072 64
f 837
a 852 1248 64
f 833
a 853 6768 64
f 589
a 854 3280 16
f 800
a 855 49984 64
f 830
a 856 2960 64
f 769
a 857 25360 64
f 824
a 858 31984 256
f 852
a 859 19888 256
f 799
a 860 4784 64
f 829
a 861 304 64
f 726
a 862 7952 256
f 811
a 863 400 64
f 717
a 864 336 64
f 729
a 865 1296 256
f 749
a 866 16048 256
f 619
a 867 736 64
f 699
a 868 14208 64
f 862
a 869 7264 256
f 465
a 870 400 256
f 775
a 871 6512 64
f 786
a 872 528 16
f 803
a 873 384 64
f 841
a 874 560 16
f 869
a 875 624 64
f 873
a 876 400 16
f 863
a 877 3792 64
f 860
a 878 19296 16
f 850
a 879 5792 256
f 778
a 880 848 256
f 669
a 881 4912 256
f 809
a 882 58304 64
f 880
a 883 44112 16
f 882
a 884 2592 16
f 814
a 885 368 16
f 503
a 886 30400 256
f 861
a 887 37760 256
f 797
a 888 45392 64
f 661
a 889 34224 256
f 793
a 890 2160 16
f 875
a 891 864 16
f 763
a 892 1904 16
f 856
a 893 960 256
f 885
a 894 27760 256
f 849
a 895 336 64
f 736
a 896 672 16
f 884
a 897 1120 64
f 614
a 898 45280 16
f 372
a 899 5648 16
f 887
a 900 26096 64
f 871
a 901 7776 16
f 819
a 902 5488 256
f 842
a 903 2656 64
f 817
a 904 60352 64
f 805
a 905 3264 256
f 854
a 906 29504 64
f 648
a 907 29472 16
f 742
a 908 4400 16
f 897
a 909 7072 64
f 670
a 910 2384 256
f 868
a 911 432 64
f 877
a 912 19056 256
f 858
a 913 43120 16
f 689
a 914 1968 16
f 789
a 915 512 256
f 337
a 916 62800 16
f 915
a 917 41712 16
f 718
a 918 38368 256
f 855
a 919 6816 64
f 606
a 920 12672 64
f 674
a 921 496 16
f 896
a 922 624 64
f 910
a 923 29376 16
f 879
a 924 352 256
f 758
a 925 5344 64
f 834
a 926 64928 64
f 827
a 927 3088 16
f 895
a 928 784 256
f 821
a 929 2384 64
f 891
a 930 46544 16
f 914
a 931 10672 64
f 928
a 932 4608 16
f 831
a 933 640 16
f 844
a 934 53360 64
f 721
a 935 2288 16
f 807
a 936 448 16
f 905
a 937 3104 256
f 926
a 938 49536 16
f 409
a 939 6176 16
f 843
a 940 272 64
f 883
a 941 6352 256
f 828
a 942 3920 256
f 941
a 943 48320 256
f 939
a 944 592 16
f 696
a 945 912 256
f 893
a 946 6880 16
f 818
a 947 24992 16
f 932
a 948 560 256
f 903
a 949 1280 64
f 864
a 950 2416 64
f 931
a 951 320 64
f 826
a 952 4960 16
f 796
a 953 57952 16
f 792
a 954 14320 256
f 912
a 955 23440 256
f 839
a 956 1040 256
f 935
a 957 4944 64
f 916
a 958 288 16
f 918
a 959 704 256
f 947
a 960 416 16
f 845
a 961 3072 64
f 958
a 962 352 16
f 921
a 963 272 64
f 808
a 964 48208 16
f 723
a 965 1280 16
f 904
a 966 12384 64
f 745
a 967 29472 256
f 886
a 968 45744 256
f 881
a 969 4336 256
f 920
a 970 1056 16
f 936
a 971 1856 64
f 951
a 972 35920 16
f 892
a 973 48656 64
f 954
a 974 1056 16
f 747
a 975 48336 16
f 631
a 976 5856 64
f 847
a 977 704 16
f 943
a 978 9056 256
f 971
a 979 1792 64
f 694
a 980 6800 16
f 955
a 981 3440 64
f 965
a 982 480 256
f 899
a 983 11200 64
f 752
a 984 17536 64
f 711
a 985 1696 256
f 659
a 986 448 16
f 848
a 987 29296 16
f 902
a 988 1936 16
f 924
a 989 3920 256
f 982
a 990 1040 16
f 977
a 991 7504 256
f 963
a 992 800 64
f 901
a 993 4928 256
f 810
a 994 416 256
f 867
a 995 1040 256
f 757
a 996 2448 256
f 822
a 997 608 256
f 732
a 998 49616 256
f 990
a 999 14352 16
f 984
a 1000 2896 64
f 923
a 1001 7952 64
f 838
a 1002 480 256
f 956
a 1003 8144 16
f 950
a 1004 26672 256
f 962
a 1005 1760 256
f 919
a 1006 19056 16
f 851
a 1007 3856 256
f 865
a 1008 1632 16
f 1003
a 1009 52720 256
f 870
a 1010 448 256
f 985
a 1011 2720 256
f 937
a 1012 3008 256
f 948
a 1013 56112 256
f 623
a 1014 43776 16
f 983
a 1015 816 64
f 964
a 1016 3520 16
f 876
a 1017 15264 16
f 961
a 1018 5696 16
f 668
a 1019 960 256
f 957
a 1020 28816 16
f 996
a 1021 15088 64
f 857
a 1022 38528 256
f 1004
a 1023 27328 256
f 946
a 1024 9120 16
f 917
a 1025 11280 16
f 992
a 1026 2016 64
f 966
a 1027 5456 64
f 945
a 1028 23232 256
f 1024
a 1029 7296 256
f 1002
a 1030 46912 64
f 767
a 1031 11584 256
f 1007
a 1032 19504 16
f 922
a 1033 368 16
f 1001
a 1034 15120 64
f 1008
a 1035 320 16
f 960
a 1036 7728 16
f 894
a 1037 6112 16
f 813
a 1038 10768 16
f 835
a 1039 8160 64
f 1035
a 1040 7248 256
f 934
a 1041 1952 16
f 930
a 1042 6048 64
f 1037
a 1043 304 256
f 1042
a 1044 368 16
f 944
a 1045 928 16
f 978
a 1046 304 256
f 997
a 1047 2240 256
f 925
a 1048 592 16
f 906
a 1049 4512 16
f 1010
a 1050 560 64
f 846
a 1051 864 64
f 900
a 1052 32768 256
f 980
a 1053 2560 256
f 804
a 1054 50496 64
f 1025
a 1055 976 16
f 913
a 1056 3776 256
f 1056
a 1057 1680 64
f 1045
a 1058 2528 256
f 1014
a 1059 1808 64
f 994
a 1060 26736 16
f 940
a 1061 7392 256
f 707
a 1062 304 256
f 908
a 1063 1312 256
f 713
a 1064 4192 64
f 1015
a 1065 928 64
f 1023
a 1066 27984 16
f 853
a 1067 9312 256
f 987
a 1068 3408 256
f 970
a 1069 7696 256
f 1048
a 1070 10944 64
f 938
a 1071 6848 16
f 874
a 1072 4464 64
f 1020
a 1073 26832 16
f 1033
a 1074 17088 16
f 968
a 1075 57856 64
f 1017
a 1076 784 256
f 986
a 1077 496 256
f 1077
a 1078 1024 64
f 974
a 1079 21808 16
f 942
a 1080 7984 256
f 791
a 1081 2512 256
f 750
a 1082 14816 16
f 1034
a 1083 55136 16
f 999
a 1084 63968 256
f 979
a 1085 448 16
f 1052
a 1086 896 64
f 1081
a 1087 10208 256
f 1061
a 1088 896 64
f 1065
a 1089 3104 64
f 1011
a 1090 5456 256
f 952
a 1091 560 16
f 1068
a 1092 11408 64
f 975
a 1093 62864 16
f 1062
a 1094 1904 256
f 1041
a 1095 64800 64
f 1075
a 1096 928 256
f 911
a 1097 13296 256
f 993
a 1098 1408 16
f 1054
a 1099 35760 256
c step-1000
f 1028
a 1100 2752 16
f 1036
a 1101 6384 256
f 998
a 1102 1056 256
f 1084
a 1103 26352 16
f 889
a 1104 1472 256
f 1018
a 1105 1312 64
f 840
a 1106 5712 16
f 1031
a 1107 7264 256
f 1089
a 1108 304 256
f 959
a 1109 14176 64
f 1050
a 1110 27632 256
f 953
a 1111 10960 16
f 1103
a 1112 2448 16
f 1076
a 1113 784 64
f 1112
a 1114 4000 64
f 1000
a 1115 4112 16
f 1046
a 1116 39280 256
f 1102
a 1117 368 256
f 933
a 1118 13744 256
f 1097
a 1119 1408 16
f 1099
a 1120 44864 256
f 872
a 1121 1264 16
f 929
a 1122 5376 256
f 1044
a 1123 9184 256
f 991
a 1124 864 256
f 1093
a 1125 15776 64
f 812
a 1126 16496 64
f 1117
a 1127 464 256
f 1009
a 1128 1232 16
f 1053
a 1129 1984 256
f 764
a 1130 4816 256
f 1127
a 1131 3200 16
f 988
a 1132 1120 256
f 1040
a 1133 27440 256
f 1129
a 1134 5248 16
f 969
a 1135 57840 16
f 949
a 1136 480 64
f 1106
a 1137 3712 16
f 1019
a 1138 13680 256
f 1079
a 1139 1056 64
f 1027
a 1140 31360 256
f 1005
a 1141 13616 16
f 1096
a 1142 544 16
f 1128
a 1143 3376 256
f 898
a 1144 4832 256
f 1087
a 1145 10448 64
f 995
a 1146 384 64
f 1064
a 1147 848 64
f 1130
a 1148 416 256
f 1120
a 1149 46368 256
f 1118
a 1150 19872 256
f 1012
a 1151 384 256
f 1078
a 1152 11808 256
f 1132
a 1153 4304 256
f 1082
a 1154 544 16
f 1069
a 1155 352 64
f 1111
a 1156 2352 64
f 859
a 1157 60960 16
f 1146
a 1158 1216 16
f 1070
a 1159 17376 64
f 1141
a 1160 464 64
f 1137
a 1161 46752 256
f 1071
a 1162 1168 64
f 1156
a 1163 12288 16
f 1074
a 1164 23776 64
f 276
a 1165 13104 16
f 1091
a 1166 1520 256
f 1026
a 1167 7184 64
f 1073
a 1168 3744 256
f 1058
a 1169 20992 16
f 1100
a 1170 6928 64
f 1140
a 1171 14512 16
f 1167
a 1172 2928 256
f 1047
a 1173 3472 256
f 967
a 1174 1712 256
f 1113
a 1175 512 256
f 1059
a 1176 1296 64
f 890
a 1177 832 64
f 1083
a 1178 2240 256
f 1133
a 1179 1696 64
f 1107
a 1180 1056 256
f 1178
a 1181 992 64
f 866
a 1182 1920 256
f 1109
a 1183 17760 256
f 1181
a 1184 272 64
f 1162
a 1185 23472 64
f 1110
a 1186 3520 16
f 1080
a 1187 1936 16
f 1135
a 1188 16320 64
f 1170
a 1189 960 16
f 1090
a 1190 3392 64
f 1188
a 1191 832 16
f 1085
a 1192 5664 16
f 1191
a 1193 12384 64
f 1088
a 1194 592 16
f 1038
a 1195 384 64
f 1186
a 1196 3120 16
f 1013
a 1197 14224 256
f 1190
a 1198 30592 64
f 1173
a 1199 928 16
f 1175
a 1200 57760 64
f 909
a 1201 480 256
f 1164
a 1202 3248 256
f 1159
a 1203 624 16
f 1153
a 1204 9712 16
f 1051
a 1205 1328 256
f 1108
a 1206 5728 256
f 1200
a 1207 320 16
f 973
a 1208 832 64
f 1168
a 1209 5360 256
f 1126
a 1210 6368 16
f 1185
a 1211 464 256
f 1114
a 1212 15104 16
f 1101
a 1213 1376 256
f 1116
a 1214 53792 64
f 1032
a 1215 1312 64
f 1187
a 1216 1936 64
f 1154
a 1217 960 64
f 1115
a 1218 46256 16
f 1147
a 1219 53872 64
f 1030
a 1220 432 256
f 1183
a 1221 1888 64
f 1152
a 1222 5728 16
f 1094
a 1223 33296 256
f 1169
a 1224 896 16
f 1213
a 1225 272 64
f 1039
a 1226 6608 256
f 1104
a 1227 1744 256
f 1067
a 1228 5472 16
f 1209
a 1229 560 16
f 1055
a 1230 288 16
f 1165
a 1231 41824 256
f 1177
a 1232 544 16
f 1092
a 1233 1040 64
f 1143
a 1234 28800 256
f 1234
a 1235 448 256
f 1231
a 1236 59136 64
f 679
a 1237 384 64
f 1174
a 1238 12336 256
f 1202
a 1239 3104 64
f 1151
a 1240 416 64
f 1219
a 1241 496 64
f 1239
a 1242 928 64
f 1049
a 1243 7104 16
f 1121
a 1244 7408 16
f 1016
a 1245 368 64
f 1210
a 1246 2016 16
f 1145
a 1247 30864 64
f 1150
a 1248 528 16
f 1215
a 1249 26784 16
f 1176
a 1250 512 16
f 1136
a 1251 368 64
f 1218
a 1252 17520 16
f 1238
a 1253 41488 256
f 1043
a 1254 2640 64
f 1149
a 1255 5856 16
f 1179
a 1256 6896 16
f 927
a 1257 15232 16
f 1123
a 1258 496 64
f 1207
a 1259 896 16
f 1180
a 1260 4864 64
f 981
a 1261 19168 256
f 1171
a 1262 45568 256
f 1221
a 1263 2144 16
f 1166
a 1264 13184 16
f 1254
a 1265 17984 64
f 1161
a 1266 304 256
f 1248
a 1267 8816 64
f 1057
a 1268 848 16
f 1105
a 1269 7872 64
f 1021
a 1270 480 256
f 1243
a 1271 576 256
f 1211
a 1272 2000 16
f 1223
a 1273 976 16
f 1214
a 1274 6912 16
f 1257
a 1275 1856 256
f 1229
a 1276 4240 64
f 1268
a 1277 992 64
f 1098
a 1278 15888 256
f 1194
a 1279 1200 256
f 1259
a 1280 27728 256
f 1182
a 1281 28768 16
f 1184
a 1282 864 64
f 1192
a 1283 1008 16
f 1066
a 1284 288 64
f 1278
a 1285 416 16
f 1283
a 1286 2576 256
f 1244
a 1287 1280 256
f 1220
a 1288 320 64
f 1258
a 1289 1520 256
f 1235
a 1290 1856 16
f 1269
a 1291 6208 16
f 1163
a 1292 9952 64
f 1240
a 1293 800 16
f 1155
a 1294 9104 64
f 1095
a 1295 3888 16
f 1251
a 1296 27312 256
f 1063
a 1297 1344 16
f 1249
a 1298 4800 16
f 1291
a 1299 13168 256
f 1266
a 1300 5136 64
f 1142
a 1301 784 64
f 1134
a 1302 2272 16
f 1284
a 1303 7056 64
f 1290
a 1304 1312 64
f 1222
a 1305 5152 64
f 1206
a 1306 3056 256
f 1227
a 1307 50256 16
f 1203
a 1308 1872 64
f 1287
a 1309 3472 64
f 1247
a 1310 5312 256
f 1288
a 1311 3072 16
f 1236
a 1312 44752 16
f 1289
a 1313 1088 64
f 1273
a 1314 27296 64
f 1160
a 1315 3104 16
f 1193
a 1316 2720 16
f 1226
a 1317 960 64
f 1300
a 1318 8944 64
f 1296
a 1319 512 256
f 1205
a 1320 304 64
f 1148
a 1321 32624 16
f 1131
a 1322 14240 256
f 1267
a 1323 1920 16
f 1199
a 1324 25760 64
f 878
a 1325 15648 64
f 1242
a 1326 1712 16
f 1224
a 1327 3008 64
f 1302
a 1328 54048 64
f 1295
a 1329 1312 256
f 1172
a 1330 11840 256
f 1282
a 1331 61376 64
f 1060
a 1332 288 64
f 1217
a 1333 6912 16
f 1144
a 1334 3008 64
f 1256
a 1335 1600 16
f 1277
a 1336 2864 64
f 1316
a 1337 336 256
f 1327
a 1338 14144 256
f 1260
a 1339 53008 16
f 1319
a 1340 2016 16
f 1237
a 1341 24080 64
f 1304
a 1342 1376 256
f 1318
a 1343 1984 64
f 1320
a 1344 4336 64
f 1341
a 1345 16272 16
f 1245
a 1346 3440 64
f 1280
a 1347 960 256
f 1338
a 1348 25040 16
f 1233
a 1349 1008 64
f 1230
a 1350 512 64
f 1305
a 1351 2768 16
f 1263
a 1352 51728 256
f 888
a 1353 5696 16
f 1315
a 1354 640 256
f 1029
a 1355 26304 64
f 1330
a 1356 1728 64
f 1297
a 1357 7728 16
f 1298
a 1358 1968 16
f 1124
a 1359 576 256
f 1357
a 1360 17392 16
f 1158
a 1361 56624 64
f 1246
a 1362 27968 256
f 1334
a 1363 9472 16
f 1157
a 1364 3392 64
f 1201
a 1365 25984 16
f 1241
a 1366 4112 256
f 1255
a 1367 288 16
f 1250
a 1368 48080 64
f 1345
a 1369 2800 64
f 1299
a 1370 37456 16
f 1366
a 1371 30640 64
f 1275
a 1372 3376 64
f 1325
a 1373 36480 16
f 1307
a 1374 16080 16
f 1335
a 1375 3760 64
f 1361
a 1376 352 256
f 1332
a 1377 624 256
f 1375
a 1378 2736 16
f 1303
a 1379 8272 256
f 1321
a 1380 944 16
f 1322
a 1381 12768 256
f 1367
a 1382 14480 16
f 1317
a 1383 14432 16
f 1139
a 1384 512 256
f 1351
a 1385 4336 64
f 1377
a 1386 14384 16
f 1274
a 1387 29472 256
f 1346
a 1388 29424 64
f 1196
a 1389 7456 64
f 1364
a 1390 59744 64
f 1362
a 1391 39104 256
f 1308
a 1392 1536 64
f 1384
a 1393 12944 16
f 1347
a 1394 26752 16
f 1138
a 1395 1776 64
f 1371
a 1396 44192 64
f 1356
a 1397 8576 256
f 1198
a 1398 49648 256
f 1006
a 1399 19584 16
f 1379
a 1400 3520 64
f 1212
a 1401 15440 64
f 1358
a 1402 53840 256
f 1392
a 1403 1152 256
f 1228
a 1404 3264 16
f 1336
a 1405 272 64
f 1393
a 1406 18944 16
f 1324
a 1407 6720 16
f 1272
a 1408 16800 64
f 972
a 1409 304 64
f 1285
a 1410 512 16
f 1301
a 1411 992 256
f 1333
a 1412 3296 256
f 1374
a 1413 17104 256
f 1405
a 1414 24464 256
f 1072
a 1415 6192 64
f 1397
a 1416 432 16
f 1416
a 1417 2176 64
f 1415
a 1418 448 256
f 1408
a 1419 384 16
f 1378
a 1420 704 16
f 1382
a 1421 624 256
f 1359
a 1422 10304 256
f 1369
a 1423 58192 64
f 1403
a 1424 976 64
f 1417
a 1425 944 64
f 1313
a 1426 6160 256
f 1398
a 1427 4288 64
f 1312
a 1428 22608 256
f 1376
a 1429 14240 64
f 1406
a 1430 1488 64
f 1262
a 1431 1568 64
f 1340
a 1432 448 64
f 1368
a 1433 2256 16
f 989
a 1434 880 16
f 1428
a 1435 30768 64
f 1349
a 1436 3632 16
f 1432
a 1437 1760 256
f 1389
a 1438 1664 256
f 1370
a 1439 448 64
f 1409
a 1440 464 256
f 1309
a 1441 1552 16
f 1208
a 1442 368 256
f 1331
a 1443 4896 64
f 1402
a 1444 15088 64
f 1337
a 1445 1408 64
f 1390
a 1446 6176 256
f 1410
a 1447 6992 64
f 1373
a 1448 1136 256
f 1292
a 1449 448 64
f 1443
a 1450 28384 16
f 1438
a 1451 304 16
f 1414
a 1452 736 64
f 1429
a 1453 288 16
f 1348
a 1454 496 256
f 1436
a 1455 592 64
f 823
a 1456 512 256
f 1446
a 1457 2768 256
f 1326
a 1458 18432 256
f 1197
a 1459 27584 64
f 1430
a 1460 992 256
f 1434
a 1461 10688 16
f 1450
a 1462 54000 16
f 1119
a 1463 13888 16
f 1265
a 1464 27440 256
f 1431
a 1465 44208 256
f 1448
a 1466 320 64
f 1350
a 1467 336 64
f 1125
a 1468 688 256
f 1314
a 1469 1648 64
f 1419
a 1470 4192 16
f 1400
a 1471 9808 16
f 1225
a 1472 304 256
f 1460
a 1473 37680 256
f 1252
a 1474 4288 16
f 1420
a 1475 18256 64
f 1426
a 1476 1712 16
f 1401
a 1477 65040 16
f 1472
a 1478 6656 256
f 1293
a 1479 1312 64
f 1385
a 1480 1152 64
f 976
a 1481 2560 16
f 1433
a 1482 1920 16
f 1427
a 1483 4208 16
f 1421
a 1484 4048 64
f 1204
a 1485 31248 256
f 1466
a 1486 12944 16
f 1441
a 1487 10176 256
f 1454
a 1488 4160 64
f 1253
a 1489 288 64
f 1480
a 1490 61008 256
f 1451
a 1491 28992 256
f 1311
a 1492 19616 16
f 1306
a 1493 1008 16
f 1418
a 1494 2992 16
f 1440
a 1495 2800 256
f 1422
a 1496 592 256
f 1412
a 1497 15120 256
f 1344
a 1498 848 16
f 1411
a 1499 1680 16
f 1423
a 1500 5920 16
f 1279
a 1501 40848 16
f 1487
a 1502 1680 256
f 1479
a 1503 3344 64
f 1470
a 1504 416 16
f 1339
a 1505 40080 256
f 1477
a 1506 7872 256
f 1474
a 1507 416 256
f 1500
a 1508 64400 16
f 1459
a 1509 47296 64
f 1489
a 1510 576 64
f 1232
a 1511 320 16
f 1281
a 1512 432 256
f 1491
a 1513 384 256
f 1413
a 1514 7504 64
f 1424
a 1515 7968 256
f 1435
a 1516 8480 64
f 1122
a 1517 34640 64
f 1399
a 1518 656 256
f 1497
a 1519 480 16
f 1492
a 1520 944 256
f 1476
a 1521 30528 256
f 1510
a 1522 3680 256
f 1360
a 1523 400 256
f 1505
a 1524 416 256
f 1515
a 1525 4608 256
f 1506
a 1526 496 16
f 1462
a 1527 1872 64
f 1517
a 1528 1840 256
f 1396
a 1529 1536 256
f 1509
a 1530 320 16
f 1271
a 1531 9888 64
f 1391
a 1532 9792 16
f 1386
a 1533 10464 256
f 1456
a 1534 5872 256
f 1512
a 1535 6288 16
f 1511
a 1536 3488 64
f 1519
a 1537 3184 16
f 1461
a 1538 2352 256
f 1388
a 1539 704 256
f 1496
a 1540 1088 64
f 1507
a 1541 1664 16
f 1323
a 1542 400 256
f 1539
a 1543 5248 16
f 1542
a 1544 44688 64
f 1463
a 1545 59280 256
f 1523
a 1546 1184 64
f 1525
a 1547 992 16
f 1524
a 1548 496 16
f 1452
a 1549 9984 64
f 1533
a 1550 288 64
f 907
a 1551 3056 256
f 1447
a 1552 1392 256
f 1526
a 1553 21344 256
f 1395
a 1554 10208 256
f 1508
a 1555 320 256
f 1353
a 1556 640 64
f 1372
a 1557 1024 256
f 1541
a 1558 22064 64
f 1555
a 1559 2496 16
f 1559
a 1560 3136 256
f 1387
a 1561 720 64
f 1264
a 1562 13024 64
f 1439
a 1563 7344 16
f 1465
a 1564 784 16
f 1494
a 1565 1424 256
f 1551
a 1566 912 256
f 1537
a 1567 912 64
f 1552
a 1568 608 16
f 1530
a 1569 2608 256
f 1328
a 1570 26288 256
f 1467
a 1571 23664 256
f 1483
a 1572 17728 64
f 1522
a 1573 3712 16
f 1310
a 1574 784 64
f 1568
a 1575 10192 16
f 1545
a 1576 31392 64
f 1499
a 1577 304 256
f 1276
a 1578 1360 64
f 1342
a 1579 4224 16
f 1557
a 1580 320 16
f 1484
a 1581 10944 16
f 1216
a 1582 60480 256
f 1573
a 1583 6624 16
f 1531
a 1584 448 256
f 1546
a 1585 29312 256
f 1442
a 1586 44416 64
f 1404
a 1587 864 64
f 1261
a 1588 4960 16
f 1581
a 1589 832 256
f 1580
a 1590 832 64
f 1535
a 1591 3920 256
f 1560
a 1592 5888 16
f 1572
a 1593 27248 256
f 1549
a 1594 11808 256
f 1481
a 1595 1776 64
f 1567
a 1596 304 256
f 1591
a 1597 54144 16
f 1540
a 1598 8224 16
f 1520
a 1599 54256 16
c step-1500
f 1488
a 1600 4416 64
f 1556
a 1601 4208 256
f 1553
a 1602 2144 256
f 1583
a 1603 54480 16
f 1561
a 1604 1376 16
f 1603
a 1605 1872 64
f 1464
a 1606 15888 64
f 1589
a 1607 1040 16
f 1189
a 1608 7136 64
f 1270
a 1609 816 64
f 1471
a 1610 1888 64
f 1558
a 1611 10032 64
f 1565
a 1612 5200 256
f 1394
a 1613 928 64
f 1453
a 1614 1952 16
f 1495
a 1615 848 64
f 1607
a 1616 6352 256
f 1355
a 1617 8048 256
f 1343
a 1618 30768 64
f 1604
a 1619 47648 16
f 1616
a 1620 1152 256
f 1380
a 1621 3200 16
f 1587
a 1622 3392 64
f 1469
a 1623 416 256
f 1610
a 1624 10272 256
f 1518
a 1625 1296 64
f 1086
a 1626 30672 16
f 1544
a 1627 416 16
f 1528
a 1628 1984 256
f 1473
a 1629 368 16
f 1516
a 1630 1472 16
f 1619
a 1631 608 16
f 1562
a 1632 16256 256
f 1529
a 1633 416 64
f 1622
a 1634 29328 64
f 1599
a 1635 11920 64
f 1575
a 1636 2848 16
f 1547
a 1637 3744 64
f 1294
a 1638 1968 64
f 1564
a 1639 63632 64
f 1638
a 1640 976 16
f 1502
a 1641 3728 256
f 1636
a 1642 960 16
f 1605
a 1643 1552 256
f 1574
a 1644 32272 16
f 1458
a 1645 896 256
f 1352
a 1646 272 64
f 1597
a 1647 52048 256
f 1569
a 1648 13968 256
f 1648
a 1649 1584 256
f 1577
a 1650 1280 64
f 1503
a 1651 1504 64
f 1493
a 1652 1600 64
f 1504
a 1653 12144 64
f 1653
a 1654 47904 64
f 1381
a 1655 50544 64
f 1363
a 1656 7792 16
f 1651
a 1657 42432 64
f 1478
a 1658 1056 64
f 1554
a 1659 60960 64
f 1501
a 1660 41392 64
f 1593
a 1661 30048 64
f 1592
a 1662 720 64
f 1586
a 1663 480 256
f 1521
a 1664 3584 256
f 1596
a 1665 1312 256
f 1425
a 1666 14928 256
f 1475
a 1667 272 64
f 1650
a 1668 26752 16
f 1618
a 1669 36128 16
f 1571
a 1670 1616 256
f 1468
a 1671 15952 256
f 1623
a 1672 8688 64
f 1407
a 1673 21136 64
f 1354
a 1674 2272 256
f 1457
a 1675 480 256
f 1649
a 1676 1968 64
f 1606
a 1677 2800 64
f 1532
a 1678 2448 64
f 1657
a 1679 5216 256
f 1670
a 1680 512 64
f 1579
a 1681 19104 16
f 1655
a 1682 9728 256
f 1665
a 1683 33360 64
f 1652
a 1684 5040 64
f 1662
a 1685 576 16
f 1582
a 1686 368 16
f 1654
a 1687 480 64
f 1658
a 1688 1696 64
f 1329
a 1689 1296 16
f 1634
a 1690 45552 16
f 1570
a 1691 36688 16
f 1612
a 1692 6272 256
f 1668
a 1693 1216 256
f 1672
a 1694 2080 256
f 1534
a 1695 31040 16
f 1686
a 1696 1824 64
f 1590
a 1697 512 256
f 1548
a 1698 416 256
f 1625
a 1699 4192 16
f 1683
a 1700 1664 256
f 1631
a 1701 24448 16
f 1644
a 1702 64480 256
f 1675
a 1703 3984 64
f 1598
a 1704 54256 16
f 1659
a 1705 26416 256
f 1682
a 1706 912 64
f 1455
a 1707 37728 64
f 1286
a 1708 6448 16
f 1681
a 1709 1872 16
f 1445
a 1710 15264 256
f 1663
a 1711 1296 16
f 1705
a 1712 432 16
f 1661
a 1713 960 16
f 1585
a 1714 6592 16
f 1601
a 1715 8576 64
f 1498
a 1716 416 256
f 1677
a 1717 57936 64
f 1698
a 1718 31488 64
f 1639
a 1719 29968 256
f 1449
a 1720 6640 16
f 1486
a 1721 816 16
f 1664
a 1722 3776 64
f 1600
a 1723 26224 64
f 1660
a 1724 39440 64
f 1667
a 1725 960 64
f 1687
a 1726 320 16
f 1615
a 1727 1664 64
f 1617
a 1728 11664 16
f 1695
a 1729 49936 64
f 1627
a 1730 2960 64
f 1584
a 1731 528 256
f 1723
a 1732 12768 256
f 1628
a 1733 32784 256
f 1725
a 1734 2272 64
f 1566
a 1735 7008 16
f 1710
a 1736 62080 16
f 1514
a 1737 2624 16
f 1708
a 1738 31888 16
f 1715
a 1739 9504 256
f 1674
a 1740 7056 16
f 1713
a 1741 36496 16
f 1724
a 1742 3904 256
f 1444
a 1743 976 256
f 1701
a 1744 320 64
f 1642
a 1745 736 16
f 1738
a 1746 400 256
f 1746
a 1747 864 256
f 1620
a 1748 3888 256
f 1744
a 1749 9392 16
f 1684
a 1750 9168 16
f 1700
a 1751 416 64
f 1706
a 1752 480 64
f 1679
a 1753 64528 64
f 1643
a 1754 7648 256
f 1676
a 1755 1760 16
f 1716
a 1756 8208 256
f 1630
a 1757 13072 16
f 1696
a 1758 1216 256
f 1383
a 1759 11504 64
f 1702
a 1760 3328 256
f 1741
a 1761 2256 64
f 1685
a 1762 15712 16
f 1720
a 1763 928 64
f 1365
a 1764 17616 256
f 1737
a 1765 45856 64
f 1758
a 1766 63312 64
f 1755
a 1767 6112 16
f 1749
a 1768 52064 64
f 1690
a 1769 336 64
f 1742
a 1770 3040 64
f 1767
a 1771 3680 64
f 1764
a 1772 800 64
f 1692
a 1773 1456 256
f 1718
a 1774 34304 16
f 1736
a 1775 32080 16
f 1747
a 1776 3904 16
f 1776
a 1777 6448 64
f 1732
a 1778 2688 16
f 1735
a 1779 528 64
f 1774
a 1780 2096 16
f 1022
a 1781 448 256
f 1626
a 1782 11200 256
f 1757
a 1783 12112 256
f 1711
a 1784 432 256
f 1777
a 1785 39728 16
f 1704
a 1786 6224 64
f 1645
a 1787 6768 64
f 1485
a 1788 50560 256
f 1782
a 1789 2320 64
f 1563
a 1790 2576 16
f 1646
a 1791 832 16
f 1766
a 1792 11888 64
f 1614
a 1793 7696 64
f 1709
a 1794 1808 16
f 1635
a 1795 1024 256
f 1781
a 1796 480 16
f 1437
a 1797 336 16
f 1719
a 1798 46928 16
f 1693
a 1799 1856 16
f 1656
a 1800 1312 64
f 1726
a 1801 48048 16
f 1765
a 1802 12064 64
f 1745
a 1803 2720 64
f 1717
a 1804 496 64
f 1697
a 1805 3808 256
f 1773
a 1806 816 16
f 1756
a 1807 61648 16
f 1753
a 1808 30528 256
f 1785
a 1809 7792 256
f 1739
a 1810 45376 16
f 1671
a 1811 608 16
f 1669
a 1812 24800 64
f 1778
a 1813 38544 64
f 1731
a 1814 5232 16
f 1527
a 1815 1808 16
f 1805
a 1816 63728 64
f 1799
a 1817 3280 256
f 1740
a 1818 32640 16
f 1779
a 1819 352 16
f 1602
a 1820 25712 64
f 1578
a 1821 32480 64
f 1793
a 1822 13200 16
f 1703
a 1823 448 256
f 1788
a 1824 11584 256
f 1800
a 1825 8144 16
f 1629
a 1826 304 16
f 1633
a 1827 9216 256
f 1609
a 1828 14272 256
f 1730
a 1829 35984 16
f 1814
a 1830 37360 16
f 1763
a 1831 4992 64
f 1825
a 1832 37520 64
f 1797
a 1833 1776 64
f 1812
a 1834 1600 64
f 1786
a 1835 1872 64
f 1751
a 1836 496 64
f 1729
a 1837 2384 64
f 1791
a 1838 2352 16
f 1632
a 1839 4192 256
f 1543
a 1840 8352 256
f 1790
a 1841 12384 64
f 1595
a 1842 61936 64
f 1482
a 1843 11520 16
f 1728
a 1844 61728 256
f 1688
a 1845 22800 256
f 1775
a 1846 57024 64
f 1840
a 1847 26416 64
f 1813
a 1848 4848 64
f 1821
a 1849 432 256
f 1794
a 1850 14896 16
f 1835
a 1851 7488 64
f 1808
a 1852 29440 16
f 1829
a 1853 1280 64
f 1843
a 1854 22096 64
f 1768
a 1855 2224 256
f 1854
a 1856 480 16
f 1844
a 1857 27296 16
f 1849
a 1858 16064 16
f 1837
a 1859 11456 16
f 1826
a 1860 14832 64
f 1841
a 1861 63392 16
f 1783
a 1862 2704 256
f 1830
a 1863 5616 256
f 1842
a 1864 4048 16
f 1824
a 1865 320 64
f 1831
a 1866 656 16
f 1862
a 1867 8720 16
f 1727
a 1868 1744 256
f 1762
a 1869 26224 64
f 1707
a 1870 24320 256
f 1789
a 1871 880 256
f 1866
a 1872 19680 256
f 1798
a 1873 992 256
f 1689
a 1874 3888 64
f 1195
a 1875 34800 64
f 1613
a 1876 12256 64
f 1857
a 1877 4048 16
f 1647
a 1878 480 64
f 1861
a 1879 960 16
f 1513
a 1880 928 256
f 1851
a 1881 656 16
f 1810
a 1882 29312 256
f 1823
a 1883 1248 256
f 1809
a 1884 1568 64
f 1834
a 1885 288 256
f 1748
a 1886 1264 256
f 1490
a 1887 18912 64
f 1611
a 1888 1712 64
f 1714
a 1889 1872 256
f 1820
a 1890 672 64
f 1890
a 1891 2736 64
f 1870
a 1892 512 256
f 1860
a 1893 33184 64
f 1588
a 1894 1936 64
f 1887
a 1895 23344 256
f 1858
a 1896 43792 64
f 1818
a 1897 7888 64
f 1802
a 1898 6096 64
f 1885
a 1899 32032 16
f 1819
a 1900 1712 256
f 1666
a 1901 28480 64
f 1816
a 1902 34224 64
f 1838
a 1903 1808 256
f 1871
a 1904 464 256
f 1792
a 1905 624 256
f 1883
a 1906 1712 16
f 1846
a 1907 320 16
f 1770
a 1908 2048 256
f 1863
a 1909 9696 64
f 1833
a 1910 752 64
f 1640
a 1911 432 64
f 1897
a 1912 832 64
f 1733
a 1913 50416 256
f 1743
a 1914 1312 256
f 1754
a 1915 384 16
f 1906
a 1916 1056 16
f 1817
a 1917 1760 256
f 1893
a 1918 752 16
f 1752
a 1919 24464 256
f 1918
a 1920 912 16
f 1699
a 1921 8208 64
f 1888
a 1922 432 64
f 1852
a 1923 7376 256
f 1804
a 1924 4352 64
f 1874
a 1925 1136 64
f 1909
a 1926 608 256
f 1594
a 1927 46720 16
f 1917
a 1928 560 16
f 1895
a 1929 1856 16
f 1864
a 1930 19856 64
f 1920
a 1931 304 256
f 1771
a 1932 8096 64
f 1839
a 1933 49200 16
f 1621
a 1934 848 256
f 1914
a 1935 576 256
f 1822
a 1936 352 64
f 1910
a 1937 13024 16
f 1576
a 1938 8384 64
f 1855
a 1939 1712 64
f 1921
a 1940 3680 256
f 1673
a 1941 3504 64
f 1927
a 1942 352 16
f 1856
a 1943 14320 256
f 1691
a 1944 6848 16
f 1915
a 1945 45456 64
f 1940
a 1946 15264 256
f 1721
a 1947 416 256
f 1796
a 1948 304 256
f 1878
a 1949 61856 256
f 1538
a 1950 5696 64
f 1845
a 1951 736 64
f 1945
a 1952 4976 64
f 1928
a 1953 1680 256
f 1936
a 1954 1056 16
f 1899
a 1955 42784 16
f 1722
a 1956 2672 16
f 1827
a 1957 17552 16
f 1902
a 1958 464 256
f 1801
a 1959 448 16
f 1950
a 1960 384 16
f 1867
a 1961 512 64
f 1898
a 1962 10912 16
f 1900
a 1963 992 256
f 1907
a 1964 3744 256
f 1937
a 1965 3264 16
f 1882
a 1966 5760 16
f 1930
a 1967 6688 16
f 1780
a 1968 29552 64
f 1876
a 1969 2096 64
f 1931
a 1970 880 64
f 1761
a 1971 28640 256
f 1896
a 1972 5152 64
f 1954
a 1973 6096 16
f 1875
a 1974 5232 16
f 1971
a 1975 3696 16
f 1832
a 1976 5952 16
f 1964
a 1977 28208 256
f 1908
a 1978 1440 64
f 1877
a 1979 19664 64
f 1922
a 1980 1184 256
f 1978
a 1981 624 64
f 1979
a 1982 464 64
f 1982
a 1983 1504 64
f 1905
a 1984 50736 256
f 1929
a 1985 512 256
f 1952
a 1986 1072 16
f 1938
a 1987 6944 16
f 1772
a 1988 528 16
f 1760
a 1989 3504 64
f 1969
a 1990 5440 64
f 1963
a 1991 35136 256
f 1869
a 1992 368 16
f 1795
a 1993 19232 64
f 1807
a 1994 61792 256
f 1536
a 1995 7600 16
f 1973
a 1996 9088 256
f 1637
a 1997 3392 16
f 1815
a 1998 2160 16
f 1953
a 1999 9504 256
f 1881
a 2000 288 256
f 1988
a 2001 1584 16
f 1968
a 2002 3552 256
f 1678
a 2003 38816 256
f 1980
a 2004 13872 16
f 1880
a 2005 2336 64
f 1680
a 2006 3920 64
f 1975
a 2007 1568 16
f 1925
a 2008 1152 16
f 2005
a 2009 320 16
f 1996
a 2010 272 256
f 1989
a 2011 7616 64
f 1750
a 2012 63120 16
f 1850
a 2013 20976 16
f 1911
a 2014 63824 64
f 1966
a 2015 912 64
f 1947
a 2016 3200 64
f 1608
a 2017 9088 64
f 1961
a 2018 2832 64
f 1916
a 2019 1552 256
f 1976
a 2020 17888 16
f 1550
a 2021 2592 16
f 1974
a 2022 60480 64
f 2001
a 2023 46048 64
f 1904
a 2024 544 16
f 2016
a 2025 304 256
f 1997
a 2026 32048 64
f 1995
a 2027 512 256
f 1901
a 2028 15536 64
f 1985
a 2029 1424 256
f 1984
a 2030 352 256
f 2009
a 2031 37872 16
f 2018
a 2032 15040 16
f 1962
a 2033 35520 16
f 1734
a 2034 8912 64
f 1884
a 2035 1872 256
f 2034
a 2036 38832 256
f 2036
a 2037 272 64
f 1872
a 2038 352 256
f 1957
a 2039 38208 16
f 1892
a 2040 352 16
f 2004
a 2041 1520 16
f 1769
a 2042 42288 256
f 1873
a 2043 59872 16
f 1641
a 2044 62352 64
f 1811
a 2045 14144 64
f 1998
a 2046 1376 64
f 1923
a 2047 1104 256
f 2047
a 2048 20240 64
f 1967
a 2049 480 16
f 1944
a 2050 2448 64
f 1859
a 2051 16016 16
f 2024
a 2052 1568 64
f 1970
a 2053 2192 16
f 1992
a 2054 3136 16
f 2008
a 2055 56560 16
f 1994
a 2056 56048 16
f 1912
a 2057 31744 16
f 1913
a 2058 944 16
f 1784
a 2059 2016 256
f 1955
a 2060 20736 64
f 1806
a 2061 2752 256
f 2049
a 2062 63072 16
f 2037
a 2063 30512 64
f 2046
a 2064 7216 64
f 2057
a 2065 8864 64
f 1986
a 2066 2368 16
f 2042
a 2067 368 16
f 1959
a 2068 13008 16
f 2065
a 2069 832 256
f 1951
a 2070 1008 16
f 2020
a 2071 8080 16
f 1894
a 2072 13824 16
f 2031
a 2073 1072 256
f 1981
a 2074 4304 16
f 2012
a 2075 17856 16
f 2021
a 2076 13536 64
f 1853
a 2077 1776 64
f 2061
a 2078 35968 256
f 1946
a 2079 800 64
f 2071
a 2080 688 256
f 1879
a 2081 880 256
f 1990
a 2082 1120 256
f 2030
a 2083 10432 16
f 2050
a 2084 1840 64
f 1828
a 2085 14368 64
f 1886
a 2086 768 16
f 2003
a 2087 1808 256
f 1960
a 2088 11328 16
f 1999
a 2089 368 16
f 2058
a 2090 34608 64
f 2022
a 2091 1744 64
f 1948
a 2092 6832 64
f 1712
a 2093 8416 256
f 2067
a 2094 2880 16
f 1972
a 2095 6272 64
f 2043
a 2096 1104 16
f 2006
a 2097 9024 64
f 1865
a 2098 336 16
f 2079
a 2099 432 256
c step-2000
f 2063
a 2100 15584 16
f 2044
a 2101 6016 256
f 2072
a 2102 480 16
f 1924
a 2103 1616 64
f 1803
a 2104 1712 64
f 2028
a 2105 37952 16
f 1983
a 2106 3280 256
f 2023
a 2107 544 16
f 2086
a 2108 7584 256
f 2007
a 2109 464 16
f 2084
a 2110 63632 64
f 2070
a 2111 28720 64
f 2083
a 2112 4384 16
f 1934
a 2113 21840 64
f 2108
a 2114 26944 256
f 2059
a 2115 3856 256
f 1933
a 2116 3056 16
f 2082
a 2117 448 64
f 2100
a 2118 6304 64
f 1787
a 2119 8144 16
f 2104
a 2120 10144 16
f 1935
a 2121 400 64
f 1847
a 2122 960 64
f 2089
a 2123 14064 64
f 1926
a 2124 464 16
f 2118
a 2125 320 64
f 1891
a 2126 960 256
f 2013
a 2127 31264 16
f 2080
a 2128 12096 64
f 2041
a 2129 1776 256
f 2090
a 2130 30544 256
f 2119
a 2131 576 64
f 2000
a 2132 49888 256
f 2123
a 2133 2624 16
f 2094
a 2134 3744 64
f 2077
a 2135 18000 64
f 2116
a 2136 528 256
f 1889
a 2137 36768 64
f 2019
a 2138 20640 16
f 2093
a 2139 3056 256
f 2040
a 2140 800 256
f 2101
a 2141 3136 16
f 2137
a 2142 688 256
f 2134
a 2143 3008 16
f 1932
a 2144 2128 256
f 2017
a 2145 1488 64
f 2126
a 2146 43184 256
f 2011
a 2147 5760 64
f 2147
a 2148 46736 64
f 2069
a 2149 42752 256
f 2110
a 2150 54288 16
f 2128
a 2151 544 64
f 1958
a 2152 60752 64
f 2062
a 2153 1552 64
f 2074
a 2154 384 16
f 2138
a 2155 1312 256
f 2099
a 2156 576 16
f 2096
a 2157 576 16
f 2114
a 2158 13920 64
f 1903
a 2159 18528 16
f 1759
a 2160 7104 256
f 2113
a 2161 3408 64
f 1993
a 2162 720 64
f 2159
a 2163 2576 256
f 2163
a 2164 1680 16
f 1977
a 2165 848 64
f 1965
a 2166 5088 64
f 2136
a 2167 3968 256
f 2075
a 2168 2800 16
f 2151
a 2169 5568 256
f 2131
a 2170 55280 16
f 2125
a 2171 25728 16
f 2157
a 2172 448 16
f 2002
a 2173 6576 64
f 2064
a 2174 6288 256
f 2145
a 2175 5408 64
f 2109
a 2176 25552 256
f 2144
a 2177 512 256
f 2088
a 2178 1424 64
f 2085
a 2179 5968 256
f 1943
a 2180 864 64
f 2032
a 2181 368 64
f 2120
a 2182 8096 16
f 2135
a 2183 3392 16
f 2073
a 2184 13424 16
f 2103
a 2185 560 64
f 2152
a 2186 1200 64
f 2148
a 2187 6576 256
f 2166
a 2188 2768 256
f 1836
a 2189 43200 16
f 2174
a 2190 15328 256
f 2068
a 2191 5072 64
f 2158
a 2192 3744 256
f 2124
a 2193 304 256
f 2115
a 2194 688 64
f 1949
a 2195 368 256
f 2107
a 2196 7936 64
f 1991
a 2197 12864 256
f 2165
a 2198 29872 64
f 2078
a 2199 42992 16
f 2025
a 2200 624 256
f 2142
a 2201 40128 16
f 2183
a 2202 1472 64
f 2112
a 2203 53856 16
f 2178
a 2204 4272 256
f 2027
a 2205 1552 256
f 2192
a 2206 11264 64
f 2162
a 2207 784 16
f 2153
a 2208 416 64
f 2038
a 2209 19328 256
f 2106
a 2210 9088 64
f 2155
a 2211 6032 16
f 2187
a 2212 21824 64
f 2168
a 2213 56320 64
f 2198
a 2214 14256 64
f 2189
a 2215 31232 256
f 2184
a 2216 24784 256
f 2197
a 2217 2160 256
f 2199
a 2218 1568 256
f 2196
a 2219 11296 64
f 2156
a 2220 10032 16
f 1848
a 2221 5216 64
f 2190
a 2222 18928 16
f 2143
a 2223 3232 16
f 2208
a 2224 24800 64
f 2167
a 2225 8528 16
f 2014
a 2226 736 64
f 2225
a 2227 720 64
f 2201
a 2228 4016 64
f 2060
a 2229 22032 64
f 2139
a 2230 9408 64
f 2026
a 2231 31776 64
f 2039
a 2232 6384 64
f 1624
a 2233 7264 64
f 2230
a 2234 512 64
f 2133
a 2235 1136 256
f 2235
a 2236 1040 256
f 1694
a 2237 63360 256
f 2055
a 2238 13840 16
f 1941
a 2239 448 16
f 2091
a 2240 36976 64
f 2213
a 2241 12464 16
f 2132
a 2242 58192 16
f 2015
a 2243 992 16
f 2220
a 2244 64656 16
f 2066
a 2245 17520 16
f 2236
a 2246 1456 16
f 2010
a 2247 49120 16
f 2226
a 2248 10592 256
f 1956
a 2249 30608 64
f 2221
a 2250 12592 256
f 1868
a 2251 1824 16
f 2122
a 2252 40416 16
f 2234
a 2253 41776 64
f 2217
a 2254 12880 16
f 2205
a 2255 304 16
f 2204
a 2256 1392 64
f 2246
a 2257 53872 64
f 2248
a 2258 624 256
f 2182
a 2259 9920 64
f 2222
a 2260 912 64
f 2172
a 2261 1776 16
f 2240
a 2262 272 64
f 2207
a 2263 4432 16
f 2261
a 2264 2432 256
f 2140
a 2265 60048 16
f 2231
a 2266 1232 256
f 2150
a 2267 4960 16
f 2211
a 2268 2496 16
f 2241
a 2269 416 256
f 2053
a 2270 3616 16
f 2265
a 2271 45936 16
f 2219
a 2272 4368 64
f 2076
a 2273 3392 256
f 2170
a 2274 1696 64
f 2146
a 2275 11824 64
f 2149
a 2276 8608 64
f 2224
a 2277 816 16
f 2256
a 2278 1088 256
f 2048
a 2279 5152 256
f 2273
a 2280 816 256
f 2227
a 2281 352 256
f 2171
a 2282 5872 16
f 2056
a 2283 61872 16
f 2202
a 2284 64352 256
f 2263
a 2285 8800 64
f 2245
a 2286 17600 16
f 2111
a 2287 31184 256
f 2280
a 2288 15200 64
f 2233
a 2289 1760 16
f 2195
a 2290 40560 16
f 2188
a 2291 54272 16
f 2169
a 2292 1424 64
f 2210
a 2293 10448 16
f 2033
a 2294 5504 64
f 2200
a 2295 2064 64
f 2279
a 2296 336 16
f 2181
a 2297 46368 256
f 2185
a 2298 16544 16
f 2176
a 2299 25792 256
f 2035
a 2300 16768 64
f 2121
a 2301 3456 16
f 2141
a 2302 21152 16
f 2175
a 2303 512 16
f 2087
a 2304 2352 64
f 2267
a 2305 6176 64
f 2129
a 2306 880 256
f 2239
a 2307 42064 16
f 2214
a 2308 320 64
f 2292
a 2309 6000 256
f 2288
a 2310 27104 64
f 2095
a 2311 2480 16
f 2194
a 2312 960 16
f 2179
a 2313 288 256
f 2154
a 2314 10736 64
f 2160
a 2315 3200 256
f 2266
a 2316 54544 64
f 2250
a 2317 1232 256
f 1987
a 2318 55088 16
f 2314
a 2319 3488 64
f 2097
a 2320 38336 256
f 2308
a 2321 720 64
f 2216
a 2322 4272 16
f 2309
a 2323 880 64
f 2268
a 2324 11936 64
f 2278
a 2325 2032 256
f 2317
a 2326 28688 16
f 2081
a 2327 23744 64
f 2315
a 2328 672 16
f 2304
a 2329 1600 16
f 2092
a 2330 432 256
f 2329
a 2331 37984 16
f 2164
a 2332 17024 64
f 2302
a 2333 22048 16
f 2306
a 2334 528 64
f 2177
a 2335 1840 64
f 2295
a 2336 28400 16
f 2286
a 2337 2432 64
f 2312
a 2338 1744 256
f 2321
a 2339 1488 64
f 2264
a 2340 9184 256
f 2249
a 2341 4016 64
f 2228
a 2342 2032 16
f 2191
a 2343 29792 256
f 2206
a 2344 22784 16
f 2311
a 2345 2704 256
f 2322
a 2346 29872 256
f 2283
a 2347 432 16
f 2281
a 2348 5376 256
f 2339
a 2349 3088 64
f 2337
a 2350 16224 64
f 2344
a 2351 544 256
f 2180
a 2352 59104 64
f 2102
a 2353 1808 256
f 2297
a 2354 19216 16
f 2351
a 2355 16384 256
f 2332
a 2356 31808 64
f 2209
a 2357 1680 64
f 2328
a 2358 7600 256
f 2357
a 2359 6256 64
f 2349
a 2360 2304 256
f 2353
a 2361 11952 64
f 2289
a 2362 304 256
f 2348
a 2363 38288 16
f 2310
a 2364 13536 16
f 2330
a 2365 5584 256
f 2270
a 2366 52784 256
f 2193
a 2367 2272 256
f 2215
a 2368 2016 256
f 2272
a 2369 800 16
f 2323
a 2370 23552 64
f 2334
a 2371 6992 16
f 2294
a 2372 288 64
f 2290
a 2373 480 16
f 2303
a 2374 15120 256
f 2130
a 2375 11264 256
f 2051
a 2376 944 64
f 2186
a 2377 6496 64
f 2054
a 2378 13888 64
f 2342
a 2379 4960 256
f 2052
a 2380 304 16
f 1939
a 2381 15040 64
f 2276
a 2382 1248 64
f 2223
a 2383 21184 16
f 2350
a 2384 57136 64
f 2299
a 2385 61872 64
f 2364
a 2386 512 64
f 2365
a 2387 816 64
f 2282
a 2388 2016 64
f 2369
a 2389 1776 64
f 2029
a 2390 11024 64
f 2307
a 2391 7088 256
f 2269
a 2392 1152 16
f 2346
a 2393 31872 256
f 2293
a 2394 10208 256
f 2262
a 2395 3616 16
f 2203
a 2396 41360 16
f 2394
a 2397 44880 64
f 2117
a 2398 608 64
f 2301
a 2399 2848 16
f 2398
a 2400 15536 16
f 2238
a 2401 12464 16
f 2287
a 2402 10064 64
f 2161
a 2403 1280 16
f 2384
a 2404 6688 64
f 2341
a 2405 9296 64
f 2275
a 2406 704 256
f 2326
a 2407 960 256
f 2345
a 2408 44016 64
f 2253
a 2409 624 256
f 2336
a 2410 12784 256
f 2397
a 2411 58032 64
f 2296
a 2412 1184 64
f 2340
a 2413 1424 64
f 2402
a 2414 1952 256
f 2232
a 2415 6544 256
f 2412
a 2416 10704 16
f 2318
a 2417 560 16
f 2378
a 2418 288 16
f 2405
a 2419 25216 64
f 2382
a 2420 1008 256
f 2375
a 2421 784 64
f 2387
a 2422 20192 64
f 2389
a 2423 704 16
f 2376
a 2424 2112 16
f 2420
a 2425 43856 16
f 2421
a 2426 2640 256
f 2291
a 2427 1456 256
f 2379
a 2428 2720 256
f 2284
a 2429 1136 16
f 2335
a 2430 1008 64
f 2271
a 2431 464 64
f 2242
a 2432 992 16
f 2045
a 2433 8288 256
f 2400
a 2434 2736 256
f 1942
a 2435 5568 64
f 2419
a 2436 1584 16
f 2368
a 2437 13728 16
f 2257
a 2438 4528 256
f 2423
a 2439 992 64
f 2320
a 2440 23632 256
f 2360
a 2441 560 64
f 2380
a 2442 6672 64
f 2370
a 2443 1712 64
f 2392
a 2444 24768 16
f 2424
a 2445 2800 16
f 2430
a 2446 3776 16
f 2258
a 2447 2544 16
f 2243
a 2448 832 256
f 2437
a 2449 10672 64
f 2373
a 2450 304 16
f 2426
a 2451 3344 16
f 2404
a 2452 22016 64
f 2374
a 2453 1872 64
f 2428
a 2454 33648 64
f 2319
a 2455 2608 256
f 2274
a 2456 14848 64
f 2432
a 2457 1472 64
f 2316
a 2458 4848 64
f 2358
a 2459 49776 64
f 2399
a 2460 36320 256
f 2453
a 2461 22480 64
f 2415
a 2462 3216 64
f 2212
a 2463 10912 16
f 2255
a 2464 10256 64
f 2444
a 2465 7488 256
f 2127
a 2466 40544 256
f 2403
a 2467 23104 256
f 2456
a 2468 24080 64
f 2229
a 2469 6448 256
f 2254
a 2470 2512 16
f 2338
a 2471 2608 16
f 2469
a 2472 20288 256
f 2363
a 2473 7840 64
f 2259
a 2474 416 256
f 2237
a 2475 6016 64
f 2406
a 2476 3120 16
f 2305
a 2477 656 16
f 2449
a 2478 11632 16
f 2457
a 2479 51632 256
f 2333
a 2480 800 64
f 2462
a 2481 3136 16
f 2433
a 2482 29904 64
f 2173
a 2483 11968 256
f 2478
a 2484 12096 256
f 2471
a 2485 288 16
f 2474
a 2486 45376 64
f 2475
a 2487 34752 64
f 2473
a 2488 2624 16
f 2396
a 2489 1376 16
f 2470
a 2490 1984 64
f 2442
a 2491 2912 256
f 2300
a 2492 3040 16
f 2459
a 2493 1776 64
f 2386
a 2494 304 64
f 2277
a 2495 23232 16
f 2407
a 2496 53520 16
f 2417
a 2497 3744 16
f 2372
a 2498 11408 64
f 2298
a 2499 4048 256
f 2401
a 2500 6480 64
f 2371
a 2501 52800 16
f 2425
a 2502 62464 16
f 2479
a 2503 5632 64
f 2446
a 2504 22272 256
f 2486
a 2505 16352 256
f 2414
a 2506 3120 16
f 2408
a 2507 1120 64
f 2458
a 2508 1808 256
f 2477
a 2509 1152 64
f 2509
a 2510 29072 64
f 2251
a 2511 3152 64
f 2252
a 2512 12352 64
f 2381
a 2513 3728 256
f 2098
a 2514 1008 16
f 2491
a 2515 50672 256
f 2514
a 2516 432 256
f 2448
a 2517 16448 16
f 2499
a 2518 272 64
f 2498
a 2519 7696 16
f 2468
a 2520 2896 256
f 2445
a 2521 1552 256
f 2496
a 2522 864 256
f 2466
a 2523 3280 16
f 2362
a 2524 4032 256
f 2511
a 2525 672 16
f 2452
a 2526 24048 256
f 2494
a 2527 336 256
f 2517
a 2528 12752 64
f 2505
a 2529 496 256
f 2390
a 2530 63056 64
f 2460
a 2531 34672 16
f 2504
a 2532 8896 16
f 2411
a 2533 400 256
f 2313
a 2534 26048 256
f 2359
a 2535 45408 16
f 2377
a 2536 1856 256
f 2476
a 2537 12272 64
f 2465
a 2538 544 16
f 2485
a 2539 13952 64
f 2244
a 2540 11520 64
f 2536
a 2541 2608 256
f 2260
a 2542 3904 16
f 2440
a 2543 15168 64
f 2438
a 2544 15120 256
f 2503
a 2545 32768 256
f 2484
a 2546 48432 64
f 2439
a 2547 7376 16
f 2547
a 2548 592 256
f 2367
a 2549 17680 16
f 2500
a 2550 16336 256
f 2395
a 2551 384 256
f 2410
a 2552 2640 64
f 2218
a 2553 1056 16
f 2324
a 2554 3488 256
f 2546
a 2555 2096 256
f 2506
a 2556 5968 16
f 2507
a 2557 752 16
f 2455
a 2558 736 16
f 2450
a 2559 2512 16
f 2519
a 2560 6896 16
f 2513
a 2561 13072 256
f 2435
a 2562 12224 64
f 2489
a 2563 57056 256
f 2366
a 2564 31328 16
f 2548
a 2565 6752 64
f 2532
a 2566 1568 16
f 2527
a 2567 64176 16
f 2553
a 2568 256 16
f 2535
a 2569 400 64
f 2391
a 2570 720 256
f 2534
a 2571 416 16
f 2347
a 2572 52544 16
f 2497
a 2573 3648 256
f 2566
a 2574 11824 16
f 2355
a 2575 22448 16
f 2492
a 2576 7504 256
f 2554
a 2577 1120 16
f 2512
a 2578 21392 16
f 2563
a 2579 19680 256
f 2431
a 2580 8016 64
f 2422
a 2581 2032 64
f 2393
a 2582 2928 256
f 2542
a 2583 6112 64
f 2522
a 2584 65328 64
f 2560
a 2585 288 16
f 2436
a 2586 1648 16
f 2531
a 2587 15152 16
f 2578
a 2588 5936 16
f 2573
a 2589 15088 16
f 2559
a 2590 1616 64
f 2583
a 2591 304 256
f 2447
a 2592 768 64
f 2483
a 2593 304 16
f 2343
a 2594 1600 64
f 2464
a 2595 784 16
f 2582
a 2596 304 256
f 2581
a 2597 9744 256
f 2451
a 2598 1440 16
f 2416
a 2599 288 64
c step-2500
f 2585
a 2600 416 256
f 2523
a 2601 50480 256
f 2490
a 2602 14672 16
f 2571
a 2603 10752 256
f 2482
a 2604 64224 256
f 2604
a 2605 3184 256
f 2543
a 2606 3648 256
f 2487
a 2607 1504 256
f 2354
a 2608 60928 256
f 2383
a 2609 2480 64
f 2595
a 2610 55024 64
f 2556
a 2611 960 64
f 2356
a 2612 640 256
f 2544
a 2613 2224 16
f 2569
a 2614 8512 64
f 2594
a 2615 368 16
f 2537
a 2616 368 64
f 2580
a 2617 9888 256
f 2530
a 2618 2176 16
f 2533
a 2619 2208 256
f 2488
a 2620 39504 64
f 2564
a 2621 9408 256
f 2607
a 2622 832 16
f 2562
a 2623 464 256
f 2538
a 2624 50000 16
f 2576
a 2625 4224 64
f 2602
a 2626 928 256
f 2463
a 2627 2208 256
f 2524
a 2628 29888 256
f 2285
a 2629 512 64
f 2600
a 2630 3184 256
f 2596
a 2631 10928 16
f 2495
a 2632 7936 256
f 2579
a 2633 3824 64
f 2557
a 2634 2800 256
f 2567
a 2635 1056 256
f 2461
a 2636 6608 16
f 2327
a 2637 10096 64
f 2611
a 2638 464 64
f 2561
a 2639 320 64
f 2539
a 2640 24064 16
f 2588
a 2641 51200 64
f 2622
a 2642 1088 256
f 2501
a 2643 19264 256
f 2614
a 2644 368 256
f 2550
a 2645 2496 256
f 2570
a 2646 944 64
f 2632
a 2647 2736 16
f 2574
a 2648 752 64
f 2520
a 2649 17344 16
f 2331
a 2650 10288 64
f 2443
a 2651 336 16
f 2409
a 2652 384 256
f 2597
a 2653 3888 256
f 1919
a 2654 43264 256
f 2480
a 2655 14848 16
f 2589
a 2656 35552 256
f 2565
a 2657 3568 64
f 2603
a 2658 752 16
f 2652
a 2659 3792 64
f 2592
a 2660 25424 64
f 2619
a 2661 2576 256
f 2467
a 2662 1232 256
f 2472
a 2663 36064 16
f 2247
a 2664 2544 16
f 2653
a 2665 352 16
f 2385
a 2666 1952 64
f 2434
a 2667 656 16
f 2626
a 2668 52928 64
f 2609
a 2669 912 64
f 2568
a 2670 384 256
f 2659
a 2671 7344 64
f 2608
a 2672 8176 64
f 2105
a 2673 656 256
f 2515
a 2674 24992 16
f 2610
a 2675 3216 256
f 2429
a 2676 25008 16
f 2661
a 2677 2976 256
f 2665
a 2678 61904 256
f 2634
a 2679 1024 256
f 2657
a 2680 1024 256
f 2510
a 2681 512 256
f 2678
a 2682 3424 256
f 2666
a 2683 336 16
f 2650
a 2684 2384 64
f 2598
a 2685 25488 256
f 2601
a 2686 384 16
f 2663
a 2687 2592 64
f 2656
a 2688 4304 64
f 2629
a 2689 16448 64
f 2643
a 2690 51632 64
f 2502
a 2691 2016 16
f 2668
a 2692 9936 64
f 2427
a 2693 1120 16
f 2670
a 2694 2272 16
f 2674
a 2695 3760 16
f 2649
a 2696 5136 64
f 2671
a 2697 3568 16
f 2677
a 2698 3392 64
f 2526
a 2699 32176 16
f 2586
a 2700 272 64
f 2525
a 2701 8176 256
f 2638
a 2702 272 64
f 2682
a 2703 3024 64
f 2654
a 2704 1712 16
f 2645
a 2705 880 256
f 2636
a 2706 7024 64
f 2616
a 2707 16912 256
f 2675
a 2708 25296 16
f 2685
a 2709 1392 256
f 2684
a 2710 51312 16
f 2584
a 2711 912 16
f 2688
a 2712 37872 16
f 2620
a 2713 592 16
f 2613
a 2714 7616 256
f 2707
a 2715 25744 16
f 2575
a 2716 3488 64
f 2606
a 2717 880 64
f 2642
a 2718 29120 64
f 2621
a 2719 29312 256
f 2715
a 2720 7568 64
f 2672
a 2721 944 64
f 2706
a 2722 10800 64
f 2694
a 2723 21904 16
f 2716
a 2724 8192 16
f 2669
a 2725 592 16
f 2720
a 2726 37456 64
f 2703
a 2727 7712 64
f 2704
a 2728 11616 16
f 2624
a 2729 2992 64
f 2591
a 2730 33920 16
f 2730
a 2731 3616 16
f 2681
a 2732 60544 64
f 2628
a 2733 3680 16
f 2508
a 2734 45232 16
f 2631
a 2735 432 256
f 2658
a 2736 2048 256
f 2551
a 2737 624 256
f 2695
a 2738 832 64
f 2627
a 2739 1552 256
f 2664
a 2740 10192 64
f 2723
a 2741 7200 64
f 2722
a 2742 14176 256
f 2493
a 2743 2736 256
f 2605
a 2744 1248 64
f 2737
a 2745 320 64
f 2683
a 2746 1200 16
f 2690
a 2747 608 64
f 2701
a 2748 8992 16
f 2388
a 2749 31328 256
f 2413
a 2750 480 64
f 2739
a 2751 1712 16
f 2710
a 2752 832 64
f 2590
a 2753 576 256
f 2689
a 2754 46240 256
f 2734
a 2755 560 256
f 2655
a 2756 11616 64
f 2705
a 2757 384 16
f 2738
a 2758 3520 256
f 2727
a 2759 1312 256
f 2748
a 2760 2256 256
f 2641
a 2761 752 16
f 2756
a 2762 21696 16
f 2743
a 2763 43600 16
f 2732
a 2764 6416 256
f 2625
a 2765 3472 64
f 2697
a 2766 320 16
f 2529
a 2767 48128 256
f 2760
a 2768 320 256
f 2647
a 2769 816 16
f 2521
a 2770 18976 64
f 2767
a 2771 368 16
f 2516
a 2772 9520 64
f 2762
a 2773 336 64
f 2679
a 2774 7504 64
f 2572
a 2775 1120 64
f 2593
a 2776 1536 256
f 2751
a 2777 368 16
f 2418
a 2778 464 16
f 2729
a 2779 6320 16
f 2698
a 2780 544 256
f 2646
a 2781 656 64
f 2691
a 2782 64208 64
f 2744
a 2783 24224 256
f 2726
a 2784 432 64
f 2765
a 2785 4000 64
f 2454
a 2786 352 256
f 2757
a 2787 54544 256
f 2699
a 2788 880 64
f 2518
a 2789 2304 64
f 2764
a 2790 7024 256
f 2599
a 2791 14864 256
f 2696
a 2792 2000 256
f 2741
a 2793 10448 16
f 2763
a 2794 6480 256
f 2441
a 2795 864 256
f 2753
a 2796 2944 64
f 2777
a 2797 11104 16
f 2736
a 2798 656 16
f 2733
a 2799 3776 256
f 2640
a 2800 29680 64
f 2528
a 2801 15408 16
f 2612
a 2802 34880 256
f 2799
a 2803 56032 64
f 2766
a 2804 1664 64
f 2793
a 2805 25392 16
f 2693
a 2806 2160 16
f 2759
a 2807 1600 16
f 2782
a 2808 3568 16
f 2617
a 2809 53008 64
f 2801
a 2810 336 256
f 2540
a 2811 624 256
f 2721
a 2812 3440 256
f 2775
a 2813 9728 16
f 2770
a 2814 21888 256
f 2755
a 2815 2704 64
f 2708
a 2816 272 256
f 2816
a 2817 2048 64
f 2798
a 2818 720 64
f 2545
a 2819 1552 16
f 2549
a 2820 17680 256
f 2808
a 2821 1968 64
f 2742
a 2822 13280 64
f 2805
a 2823 2032 64
f 2772
a 2824 17296 256
f 2784
a 2825 28352 64
f 2819
a 2826 512 256
f 2714
a 2827 1456 64
f 2811
a 2828 2368 64
f 2618
a 2829 28176 16
f 2761
a 2830 3344 256
f 2769
a 2831 35760 64
f 2644
a 2832 22176 16
f 2788
a 2833 624 64
f 2752
a 2834 12640 256
f 2791
a 2835 384 16
f 2680
a 2836 3776 16
f 2541
a 2837 56480 64
f 2481
a 2838 464 256
f 2552
a 2839 3120 16
f 2833
a 2840 976 64
f 2352
a 2841 5904 64
f 2778
a 2842 8624 16
f 2836
a 2843 17936 64
f 2804
a 2844 18032 16
f 2773
a 2845 13376 256
f 2835
a 2846 2432 256
f 2815
a 2847 1552 16
f 2810
a 2848 55216 256
f 2812
a 2849 55376 16
f 2673
a 2850 352 64
f 2794
a 2851 6192 16
f 2615
a 2852 24752 64
f 2577
a 2853 416 64
f 2747
a 2854 432 16
f 2746
a 2855 704 256
f 2717
a 2856 19008 64
f 2841
a 2857 12544 64
f 2820
a 2858 5824 16
f 2724
a 2859 928 64
f 2814
a 2860 272 16
f 2789
a 2861 16144 16
f 2855
a 2862 720 256
f 2728
a 2863 816 16
f 2824
a 2864 1696 16
f 2861
a 2865 39824 16
f 2840
a 2866 47520 256
f 2807
a 2867 24704 16
f 2866
a 2868 51952 256
f 2712
a 2869 5904 256
f 2758
a 2870 1456 256
f 2802
a 2871 480 16
f 2719
a 2872 16816 256
f 2843
a 2873 704 256
f 2860
a 2874 3568 64
f 2623
a 2875 28816 256
f 2831
a 2876 24480 256
f 2842
a 2877 11856 16
f 2873
a 2878 384 16
f 2667
a 2879 29680 16
f 2857
a 2880 12480 64
f 2867
a 2881 2016 16
f 2847
a 2882 23760 64
f 2865
a 2883 4768 16
f 2876
a 2884 18656 16
f 2862
a 2885 5808 16
f 2822
a 2886 464 16
f 2795
a 2887 1808 16
f 2870
a 2888 1408 256
f 2700
a 2889 400 64
f 2868
a 2890 16384 64
f 2834
a 2891 3472 256
f 2779
a 2892 15936 64
f 2813
a 2893 10992 256
f 2702
a 2894 2752 64
f 2851
a 2895 57904 256
f 2830
a 2896 20544 64
f 2839
a 2897 31040 256
f 2797
a 2898 35072 16
f 2837
a 2899 60368 256
f 2832
a 2900 992 256
f 2725
a 2901 368 256
f 2826
a 2902 400 64
f 2676
a 2903 464 16
f 2880
a 2904 53488 256
f 2888
a 2905 560 64
f 2886
a 2906 3776 256
f 2731
a 2907 1232 16
f 2740
a 2908 480 16
f 2660
a 2909 12048 256
f 2558
a 2910 1856 256
f 2828
a 2911 21664 16
f 2854
a 2912 448 256
f 2637
a 2913 51904 16
f 2912
a 2914 13584 256
f 2899
a 2915 416 16
f 2827
a 2916 1008 256
f 2852
a 2917 880 64
f 2662
a 2918 1552 16
f 2787
a 2919 48048 256
f 2587
a 2920 608 16
f 2817
a 2921 5968 256
f 2853
a 2922 9632 64
f 2745
a 2923 3488 16
f 2686
a 2924 1680 64
f 2918
a 2925 672 256
f 2920
a 2926 2912 16
f 2906
a 2927 8336 256
f 2905
a 2928 3264 16
f 2877
a 2929 14464 16
f 2818
a 2930 1072 64
f 2781
a 2931 25424 16
f 2914
a 2932 23808 256
f 2361
a 2933 50880 64
f 2858
a 2934 5584 64
f 2882
a 2935 40640 64
f 2786
a 2936 784 16
f 2898
a 2937 28656 64
f 2749
a 2938 8080 256
f 2938
a 2939 496 16
f 2925
a 2940 1680 256
f 2821
a 2941 18032 256
f 2792
a 2942 12480 64
f 2928
a 2943 304 256
f 2878
a 2944 19120 64
f 2845
a 2945 56432 256
f 2639
a 2946 672 16
f 2864
a 2947 47088 16
f 2930
a 2948 320 256
f 2933
a 2949 39696 16
f 2941
a 2950 12048 64
f 2651
a 2951 304 64
f 2825
a 2952 1296 16
f 2692
a 2953 1680 256
f 2856
a 2954 46000 64
f 2884
a 2955 1808 16
f 2735
a 2956 960 256
f 2924
a 2957 3088 16
f 2709
a 2958 2096 16
f 2915
a 2959 27584 256
f 2922
a 2960 592 16
f 2783
a 2961 1472 16
f 2942
a 2962 7888 16
f 2883
a 2963 1552 64
f 2790
a 2964 62160 16
f 2869
a 2965 608 16
f 2936
a 2966 272 256
f 2954
a 2967 5376 16
f 2961
a 2968 35520 256
f 2863
a 2969 2592 256
f 2875
a 2970 62304 64
f 2897
a 2971 13072 16
f 2913
a 2972 1168 16
f 2800
a 2973 27856 64
f 2891
a 2974 11312 256
f 2780
a 2975 432 256
f 2966
a 2976 59776 16
f 2908
a 2977 28912 256
f 2904
a 2978 5632 64
f 2957
a 2979 7792 256
f 2945
a 2980 944 64
f 2958
a 2981 28592 64
f 2900
a 2982 6912 64
f 2965
a 2983 19072 16
f 2881
a 2984 11376 16
f 2796
a 2985 13552 16
f 2959
a 2986 27456 64
f 2935
a 2987 2976 256
f 2713
a 2988 608 16
f 2944
a 2989 1008 16
f 2718
a 2990 46256 64
f 2849
a 2991 33904 256
f 2974
a 2992 560 256
f 2992
a 2993 864 256
f 2844
a 2994 272 256
f 2768
a 2995 2080 16
f 2968
a 2996 60160 256
f 2985
a 2997 3984 16
f 2901
a 2998 31040 16
f 2850
a 2999 336 16
f 2988
a 3000 1936 64
f 2956
a 3001 24064 256
f 2976
a 3002 31200 256
f 2648
a 3003 12768 256
f 2885
a 3004 992 16
f 2973
a 3005 1696 16
f 2990
a 3006 15008 64
f 2829
a 3007 12544 64
f 2997
a 3008 2480 256
f 2803
a 3009 9664 64
f 3006
a 3010 6208 256
f 2999
a 3011 1760 16
f 2946
a 3012 5680 256
f 2951
a 3013 46400 64
f 2923
a 3014 1888 256
f 3005
a 3015 19632 64
f 2977
a 3016 16288 64
f 2895
a 3017 7360 256
f 2890
a 3018 992 64
f 2902
a 3019 11888 16
f 2893
a 3020 16576 64
f 3014
a 3021 6800 16
f 3021
a 3022 31296 256
f 2927
a 3023 1312 16
f 2911
a 3024 6448 16
f 2939
a 3025 5104 64
f 2969
a 3026 2432 256
f 3017
a 3027 29536 64
f 2687
a 3028 31232 64
f 2919
a 3029 448 64
f 3003
a 3030 2208 64
f 2993
a 3031 496 16
f 3027
a 3032 1024 16
f 3022
a 3033 368 64
f 3010
a 3034 5664 64
f 2955
a 3035 480 16
f 2838
a 3036 61904 256
f 2943
a 3037 5152 256
f 3036
a 3038 2368 256
f 3030
a 3039 1520 256
f 2991
a 3040 1024 16
f 2776
a 3041 25104 64
f 3029
a 3042 3264 64
f 2962
a 3043 8800 16
f 2934
a 3044 352 16
f 3018
a 3045 320 64
f 2809
a 3046 400 16
f 3045
a 3047 336 256
f 3013
a 3048 2576 16
f 2907
a 3049 496 64
f 2994
a 3050 60208 256
f 2896
a 3051 672 16
f 3019
a 3052 2944 64
f 2978
a 3053 1152 16
f 3001
a 3054 384 16
f 2635
a 3055 1920 64
f 2995
a 3056 848 64
f 2987
a 3057 592 16
f 2750
a 3058 288 16
f 3043
a 3059 16608 256
f 3048
a 3060 1696 16
f 2963
a 3061 7536 16
f 2889
a 3062 656 256
f 3057
a 3063 1344 16
f 3028
a 3064 848 64
f 2823
a 3065 7744 256
f 3012
a 3066 13168 16
f 2921
a 3067 25152 64
f 2967
a 3068 832 16
f 2910
a 3069 14512 256
f 2887
a 3070 1808 16
f 2892
a 3071 7952 64
f 2948
a 3072 928 256
f 3055
a 3073 42784 256
f 2630
a 3074 22624 16
f 3015
a 3075 416 256
f 3020
a 3076 672 64
f 3000
a 3077 784 256
f 3053
a 3078 5568 16
f 3023
a 3079 448 256
f 2633
a 3080 1472 64
f 3066
a 3081 3936 256
f 3054
a 3082 512 256
f 3042
a 3083 4512 64
f 2785
a 3084 3984 64
f 3024
a 3085 5248 64
f 3068
a 3086 19872 64
f 3008
a 3087 3664 256
f 2774
a 3088 19248 256
f 2848
a 3089 53424 16
f 2872
a 3090 2784 64
f 3009
a 3091 5632 64
f 2931
a 3092 4224 256
f 2996
a 3093 42224 16
f 2909
a 3094 42960 16
f 3077
a 3095 4480 16
f 3095
a 3096 3616 64
f 3016
a 3097 16304 16
f 2555
a 3098 1264 256
f 3039
a 3099 5376 256
c step-3000
f 2950
a 3100 20800 64
f 2916
a 3101 880 16
f 3026
a 3102 4368 256
f 3046
a 3103 5776 256
f 2937
a 3104 10576 64
f 3085
a 3105 640 256
f 3086
a 3106 59808 256
f 3073
a 3107 11072 16
f 3107
a 3108 1728 16
f 3102
a 3109 34816 16
f 3040
a 3110 37792 64
f 2903
a 3111 528 16
f 3082
a 3112 416 256
f 2972
a 3113 5744 64
f 3096
a 3114 5472 256
f 3100
a 3115 42384 256
f 3075
a 3116 12848 16
f 2929
a 3117 11104 64
f 3070
a 3118 31840 16
f 2871
a 3119 480 64
f 2960
a 3120 496 64
f 3081
a 3121 4928 16
f 3092
a 3122 11248 16
f 3105
a 3123 55648 256
f 3110
a 3124 14240 16
f 2984
a 3125 5472 64
f 3033
a 3126 1216 16
f 3072
a 3127 13168 64
f 3079
a 3128 8720 64
f 3109
a 3129 43392 256
f 3076
a 3130 1632 256
f 3108
a 3131 272 16
f 3044
a 3132 704 64
f 3130
a 3133 336 16
f 3128
a 3134 336 64
f 3080
a 3135 1888 256
f 2983
a 3136 4704 64
f 3098
a 3137 13120 256
f 3115
a 3138 1024 64
f 2754
a 3139 51472 64
f 2998
a 3140 560 256
f 3099
a 3141 22320 64
f 2932
a 3142 1232 16
f 3121
a 3143 64688 64
f 3091
a 3144 12304 16
f 2711
a 3145 65408 64
f 3144
a 3146 464 64
f 3087
a 3147 768 16
f 3146
a 3148 21504 256
f 2846
a 3149 25664 64
f 3035
a 3150 784 256
f 3063
a 3151 928 64
f 3007
a 3152 432 16
f 3152
a 3153 512 16
f 3069
a 3154 752 256
f 2986
a 3155 3536 16
f 3137
a 3156 400 16
f 3117
a 3157 21616 256
f 3134
a 3158 1360 64
f 2989
a 3159 14480 16
f 3041
a 3160 12432 256
f 3129
a 3161 784 256
f 3090
a 3162 416 256
f 3127
a 3163 1040 16
f 3094
a 3164 1648 64
f 3067
a 3165 1184 256
f 3118
a 3166 60048 64
f 2970
a 3167 50832 256
f 2894
a 3168 2768 256
f 3145
a 3169 13504 256
f 3169
a 3170 400 16
f 3168
a 3171 448 256
f 3113
a 3172 6912 256
f 3123
a 3173 1968 64
f 3074
a 3174 23840 64
f 2952
a 3175 6064 256
f 3153
a 3176 672 256
f 3106
a 3177 38512 64
f 3011
a 3178 34848 16
f 3156
a 3179 6384 64
f 2874
a 3180 1584 16
f 3122
a 3181 29376 16
f 3154
a 3182 7440 64
f 3149
a 3183 5152 16
f 3143
a 3184 720 64
f 3164
a 3185 28544 256
f 3139
a 3186 5440 16
f 2971
a 3187 1776 64
f 3133
a 3188 528 16
f 3167
a 3189 4912 64
f 3140
a 3190 49152 16
f 3056
a 3191 7552 64
f 3185
a 3192 2128 256
f 3125
a 3193 3872 16
f 3071
a 3194 48656 256
f 3148
a 3195 2944 64
f 3104
a 3196 544 64
f 3158
a 3197 6960 256
f 3178
a 3198 58976 16
f 2964
a 3199 496 16
f 3049
a 3200 19488 256
f 2325
a 3201 1680 256
f 3062
a 3202 5744 16
f 3111
a 3203 24112 256
f 2979
a 3204 464 16
f 3195
a 3205 1312 16
f 3131
a 3206 960 16
f 2771
a 3207 26176 64
f 3207
a 3208 17712 64
f 3175
a 3209 11344 256
f 3150
a 3210 61904 16
f 3200
a 3211 14688 16
f 3052
a 3212 784 16
f 3112
a 3213 52864 256
f 3037
a 3214 992 64
f 3114
a 3215 3776 16
f 3209
a 3216 2704 256
f 3191
a 3217 32320 256
f 3103
a 3218 1648 16
f 3204
a 3219 8256 16
f 3201
a 3220 704 16
f 3179
a 3221 1120 256
f 2980
a 3222 512 16
f 3101
a 3223 33056 16
f 3219
a 3224 3312 16
f 2940
a 3225 1184 256
f 3038
a 3226 1584 64
f 3159
a 3227 1520 64
f 3058
a 3228 6720 16
f 3089
a 3229 1728 16
f 3197
a 3230 59248 256
f 3004
a 3231 4176 16
f 3147
a 3232 14352 256
f 3172
a 3233 8896 16
f 3182
a 3234 8240 256
f 3162
a 3235 59680 256
f 3205
a 3236 1808 64
f 3051
a 3237 304 256
f 3210
a 3238 23744 16
f 3031
a 3239 8256 16
f 3199
a 3240 5040 64
f 3124
a 3241 54416 64
f 3155
a 3242 1584 16
f 3203
a 3243 1776 16
f 3236
a 3244 63216 256
f 3184
a 3245 22704 256
f 3234
a 3246 23312 16
f 3136
a 3247 11728 16
f 3141
a 3248 32400 256
f 2859
a 3249 3872 16
f 3224
a 3250 896 256
f 3228
a 3251 12128 64
f 3151
a 3252 46160 64
f 3240
a 3253 1328 256
f 3215
a 3254 1328 64
f 3239
a 3255 336 256
f 3120
a 3256 624 256
f 3002
a 3257 1200 64
f 3084
a 3258 3840 16
f 3235
a 3259 32304 256
f 3142
a 3260 6208 16
f 2917
a 3261 1520 256
f 3059
a 3262 624 64
f 3243
a 3263 10208 16
f 3225
a 3264 480 16
f 3196
a 3265 528 256
f 3220
a 3266 63312 256
f 3249
a 3267 3040 256
f 3242
a 3268 304 16
f 3025
a 3269 6000 256
f 2949
a 3270 3200 64
f 3189
a 3271 752 256
f 3262
a 3272 41568 64
f 3269
a 3273 432 256
f 3250
a 3274 496 256
f 3060
a 3275 944 64
f 3126
a 3276 6656 64
f 3261
a 3277 2208 64
f 3176
a 3278 2672 256
f 3222
a 3279 8320 256
f 3135
a 3280 928 256
f 2806
a 3281 9296 64
f 2975
a 3282 1008 64
f 3264
a 3283 54320 64
f 3088
a 3284 5792 16
f 3097
a 3285 26896 64
f 3165
a 3286 14864 256
f 2982
a 3287 1360 16
f 3187
a 3288 368 16
f 3286
a 3289 35968 16
f 3034
a 3290 14928 64
f 2947
a 3291 512 256
f 3290
a 3292 800 256
f 2926
a 3293 448 256
f 3281
a 3294 2272 16
f 3229
a 3295 1280 256
f 3186
a 3296 1424 64
f 3065
a 3297 1840 16
f 3254
a 3298 1376 256
f 3198
a 3299 1232 64
f 2953
a 3300 560 16
f 3293
a 3301 1600 16
f 3233
a 3302 1296 256
f 3279
a 3303 31328 256
f 3260
a 3304 2496 64
f 3268
a 3305 288 64
f 3193
a 3306 2528 16
f 3259
a 3307 6848 16
f 3255
a 3308 7264 64
f 3119
a 3309 1520 64
f 3274
a 3310 53872 16
f 3214
a 3311 320 16
f 3183
a 3312 35168 64
f 3300
a 3313 1744 64
f 3208
a 3314 2816 16
f 3232
a 3315 6688 256
f 3160
a 3316 4080 64
f 3311
a 3317 64176 256
f 3295
a 3318 28128 64
f 3316
a 3319 4000 16
f 3245
a 3320 4688 64
f 3230
a 3321 528 256
f 3116
a 3322 10656 16
f 3321
a 3323 35088 64
f 3202
a 3324 928 16
f 3190
a 3325 6688 64
f 3132
a 3326 6928 256
f 3307
a 3327 3664 64
f 3161
a 3328 2016 16
f 3246
a 3329 304 16
f 3275
a 3330 1552 256
f 3181
a 3331 480 16
f 3163
a 3332 22192 64
f 3241
a 3333 23968 256
f 3306
a 3334 1872 64
f 3278
a 3335 384 16
f 3283
a 3336 784 64
f 3323
a 3337 880 64
f 3212
a 3338 46288 64
f 3336
a 3339 944 16
f 3276
a 3340 57168 64
f 3329
a 3341 288 64
f 3301
a 3342 1264 256
f 3315
a 3343 976 256
f 3170
a 3344 53968 16
f 3298
a 3345 256 256
f 3174
a 3346 13408 256
f 3289
a 3347 4608 256
f 3252
a 3348 33408 64
f 3265
a 3349 1648 64
f 3326
a 3350 6832 16
f 3282
a 3351 3440 256
f 3284
a 3352 512 16
f 3138
a 3353 54336 64
f 3308
a 3354 2624 64
f 3340
a 3355 4544 16
f 3273
a 3356 2656 256
f 3337
a 3357 800 256
f 3211
a 3358 576 64
f 3257
a 3359 7712 256
f 3354
a 3360 336 256
f 3359
a 3361 944 64
f 3314
a 3362 5792 16
f 3346
a 3363 816 64
f 3256
a 3364 384 256
f 3157
a 3365 20352 256
f 3361
a 3366 800 256
f 3271
a 3367 1616 64
f 3310
a 3368 5056 64
f 3083
a 3369 26192 16
f 3177
a 3370 512 64
f 3272
a 3371 704 16
f 3280
a 3372 1120 256
f 3194
a 3373 1488 64
f 3324
a 3374 5904 16
f 3047
a 3375 384 256
f 3341
a 3376 35424 64
f 3078
a 3377 12080 16
f 3064
a 3378 6880 16
f 3366
a 3379 35632 16
f 3312
a 3380 15168 256
f 3377
a 3381 5296 256
f 3335
a 3382 1712 64
f 3093
a 3383 1760 64
f 3303
a 3384 880 256
f 3339
a 3385 336 64
f 3322
a 3386 688 64
f 3342
a 3387 2208 256
f 3374
a 3388 40384 16
f 3218
a 3389 448 256
f 3365
a 3390 1296 256
f 3305
a 3391 10288 64
f 3360
a 3392 6928 16
f 3291
a 3393 31008 256
f 3180
a 3394 5312 16
f 3370
a 3395 1536 16
f 3226
a 3396 608 16
f 3358
a 3397 352 64
f 3317
a 3398 15584 64
f 3385
a 3399 26272 64
f 3386
a 3400 400 64
f 3318
a 3401 50688 64
f 3398
a 3402 10928 64
f 3223
a 3403 272 256
f 3294
a 3404 2784 256
f 3238
a 3405 400 16
f 3166
a 3406 7280 64
f 3350
a 3407 32320 256
f 3396
a 3408 35008 64
f 3334
a 3409 27568 64
f 3248
a 3410 896 256
f 3391
a 3411 34688 256
f 3263
a 3412 416 256
f 3277
a 3413 11984 256
f 3413
a 3414 432 64
f 3216
a 3415 9600 16
f 3373
a 3416 11984 256
f 3302
a 3417 26752 16
f 3415
a 3418 896 16
f 3397
a 3419 6160 16
f 3227
a 3420 10288 256
f 3032
a 3421 30384 16
f 3347
a 3422 8720 64
f 3309
a 3423 1712 64
f 3381
a 3424 592 256
f 3355
a 3425 29584 64
f 3357
a 3426 28112 16
f 3270
a 3427 3952 256
f 3383
a 3428 384 256
f 3388
a 3429 30528 256
f 3061
a 3430 784 256
f 2981
a 3431 31520 256
f 3375
a 3432 688 16
f 3320
a 3433 56416 64
f 3431
a 3434 2576 64
f 3378
a 3435 30032 64
f 3412
a 3436 336 64
f 2879
a 3437 23328 16
f 3304
a 3438 3776 64
f 3352
a 3439 44272 64
f 3408
a 3440 1776 16
f 3325
a 3441 3552 256
f 3231
a 3442 15792 256
f 3267
a 3443 256 16
f 3363
a 3444 288 16
f 3418
a 3445 25504 256
f 3327
a 3446 832 256
f 3403
a 3447 22864 256
f 3446
a 3448 24256 64
f 3299
a 3449 5472 16
f 3173
a 3450 1872 16
f 3313
a 3451 6448 16
f 3188
a 3452 29360 16
f 3445
a 3453 4544 16
f 3297
a 3454 432 16
f 3332
a 3455 368 16
f 3441
a 3456 3168 16
f 3330
a 3457 6672 16
f 3432
a 3458 57904 16
f 3422
a 3459 784 64
f 3349
a 3460 2576 16
f 3382
a 3461 2896 16
f 3455
a 3462 736 16
f 3244
a 3463 57104 16
f 3459
a 3464 7536 16
f 3362
a 3465 4864 256
f 3420
a 3466 3408 64
f 3351
a 3467 18352 64
f 3292
a 3468 27312 256
f 3401
a 3469 51728 64
f 3372
a 3470 27952 16
f 3462
a 3471 7072 64
f 3448
a 3472 13088 256
f 3444
a 3473 464 16
f 3369
a 3474 3184 64
f 3353
a 3475 1056 64
f 3192
a 3476 1648 256
f 3473
a 3477 448 16
f 3356
a 3478 30176 16
f 3376
a 3479 64672 64
f 3477
a 3480 30608 64
f 3371
a 3481 7504 64
f 3472
a 3482 5664 256
f 3399
a 3483 4224 64
f 3447
a 3484 1088 16
f 3458
a 3485 28224 256
f 3387
a 3486 17552 64
f 3471
a 3487 656 64
f 3411
a 3488 12576 16
f 3288
a 3489 400 16
f 3463
a 3490 7280 16
f 3467
a 3491 26432 64
f 3171
a 3492 848 64
f 3487
a 3493 15264 16
f 3479
a 3494 464 64
f 3494
a 3495 5232 256
f 3470
a 3496 512 16
f 3343
a 3497 2048 256
f 3492
a 3498 31232 64
f 3050
a 3499 3824 64
f 3217
a 3500 784 64
f 3395
a 3501 1856 16
f 3400
a 3502 53104 64
f 3456
a 3503 3808 256
f 3493
a 3504 832 16
f 3466
a 3505 3744 256
f 3221
a 3506 1744 64
f 3506
a 3507 13168 256
f 3287
a 3508 2656 64
f 3499
a 3509 2016 64
f 3457
a 3510 2720 64
f 3406
a 3511 3920 16
f 3206
a 3512 3776 16
f 3502
a 3513 304 64
f 3405
a 3514 10448 256
f 3433
a 3515 432 16
f 3380
a 3516 44848 16
f 3474
a 3517 880 256
f 3404
a 3518 54400 64
f 3469
a 3519 1936 256
f 3416
a 3520 3152 256
f 3348
a 3521 3648 64
f 3440
a 3522 57136 64
f 3437
a 3523 1840 16
f 3414
a 3524 1024 256
f 3421
a 3525 61392 16
f 3519
a 3526 8080 16
f 3428
a 3527 22480 256
f 3496
a 3528 1280 256
f 3461
a 3529 3456 64
f 3497
a 3530 14656 64
f 3510
a 3531 736 64
f 3527
a 3532 464 256
f 3483
a 3533 31824 16
f 3498
a 3534 34544 16
f 3426
a 3535 1280 64
f 3526
a 3536 1376 16
f 3452
a 3537 3232 256
f 3488
a 3538 20576 64
f 3531
a 3539 2672 16
f 3454
a 3540 60800 64
f 3439
a 3541 3824 16
f 3434
a 3542 304 64
f 3344
a 3543 53008 256
f 3478
a 3544 1648 16
f 3484
a 3545 1712 256
f 3541
a 3546 672 256
f 3364
a 3547 27840 64
f 3533
a 3548 1568 64
f 3435
a 3549 2864 16
f 3520
a 3550 31360 256
f 3535
a 3551 2752 64
f 3393
a 3552 49616 64
f 3509
a 3553 5328 64
f 3394
a 3554 17728 16
f 3553
a 3555 34304 256
f 3529
a 3556 384 64
f 3453
a 3557 5136 64
f 3515
a 3558 28528 16
f 3476
a 3559 3296 64
f 3505
a 3560 2960 64
f 3544
a 3561 55328 16
f 3554
a 3562 9104 64
f 3525
a 3563 1776 16
f 3503
a 3564 32240 16
f 3213
a 3565 26096 16
f 3442
a 3566 2720 64
f 3285
a 3567 1568 64
f 3558
a 3568 7808 256
f 3247
a 3569 47744 256
f 3266
a 3570 14160 16
f 3430
a 3571 3936 16
f 3460
a 3572 640 64
f 3560
a 3573 1840 256
f 3572
a 3574 304 16
f 3390
a 3575 992 64
f 3468
a 3576 928 16
f 3563
a 3577 1840 16
f 3333
a 3578 1600 256
f 3331
a 3579 2000 64
f 3423
a 3580 2480 256
f 3567
a 3581 368 256
f 3481
a 3582 1312 64
f 3539
a 3583 1920 64
f 3237
a 3584 9008 16
f 3368
a 3585 272 16
f 3402
a 3586 1184 16
f 3578
a 3587 1280 64
f 3536
a 3588 43120 16
f 3516
a 3589 12352 64
f 3367
a 3590 56688 256
f 3409
a 3591 7696 64
f 3427
a 3592 2960 256
f 3545
a 3593 704 64
f 3517
a 3594 7744 64
f 3583
a 3595 13792 16
f 3513
a 3596 38880 16
f 3594
a 3597 448 256
f 3379
a 3598 20864 16
f 3575
a 3599 20960 16
c step-3500
f 3562
a 3600 7328 256
f 3511
a 3601 5104 256
f 3319
a 3602 3408 16
f 3392
a 3603 40768 16
f 3546
a 3604 5456 16
f 3465
a 3605 3616 64
f 3580
a 3606 8608 16
f 3569
a 3607 528 16
f 3584
a 3608 288 256
f 3597
a 3609 51424 16
f 3599
a 3610 6080 16
f 3549
a 3611 688 16
f 3573
a 3612 1792 64
f 3548
a 3613 2224 16
f 3590
a 3614 1472 64
f 3450
a 3615 384 16
f 3565
a 3616 14128 64
f 3489
a 3617 1520 16
f 3576
a 3618 20432 256
f 3328
a 3619 2640 16
f 3561
a 3620 15008 16
f 3612
a 3621 320 64
f 3537
a 3622 23536 64
f 3557
a 3623 256 16
f 3600
a 3624 11184 64
f 3609
a 3625 2864 64
f 3258
a 3626 3664 16
f 3419
a 3627 3888 16
f 3601
a 3628 6864 64
f 3547
a 3629 1952 256
f 3615
a 3630 704 256
f 3429
a 3631 1776 64
f 3443
a 3632 9712 256
f 3384
a 3633 16336 64
f 3592
a 3634 304 64
f 3514
a 3635 368 256
f 3518
a 3636 4320 16
f 3598
a 3637 19408 256
f 3507
a 3638 1856 256
f 3482
a 3639 1920 256
f 3582
a 3640 9152 64
f 3603
a 3641 47696 64
f 3624
a 3642 11120 64
f 3604
a 3643 20336 64
f 3296
a 3644 496 256
f 3619
a 3645 39584 64
f 3508
a 3646 3312 256
f 3345
a 3647 23888 256
f 3577
a 3648 38224 256
f 3475
a 3649 560 256
f 3587
a 3650 1040 64
f 3540
a 3651 592 256
f 3570
a 3652 2432 64
f 3512
a 3653 1696 64
f 3543
a 3654 7584 16
f 3542
a 3655 1136 16
f 3593
a 3656 928 16
f 3464
a 3657 21440 256
f 3500
a 3658 12064 64
f 3521
a 3659 2592 64
f 3639
a 3660 9584 256
f 3620
a 3661 33552 256
f 3425
a 3662 3968 256
f 3648
a 3663 11904 256
f 3436
a 3664 2320 64
f 3532
a 3665 3200 64
f 3606
a 3666 896 256
f 3389
a 3667 30160 16
f 3568
a 3668 736 64
f 3661
a 3669 432 256
f 3623
a 3670 400 256
f 3637
a 3671 2720 256
f 3338
a 3672 57456 256
f 3588
a 3673 65488 64
f 3556
a 3674 3904 16
f 3633
a 3675 688 64
f 3550
a 3676 26112 256
f 3566
a 3677 576 64
f 3659
a 3678 25008 64
f 3528
a 3679 2720 64
f 3638
a 3680 864 64
f 3621
a 3681 1856 256
f 3438
a 3682 11664 256
f 3662
a 3683 14016 16
f 3480
a 3684 25056 64
f 3586
a 3685 17568 16
f 3613
a 3686 624 256
f 3671
a 3687 896 64
f 3579
a 3688 6496 16
f 3591
a 3689 1376 16
f 3501
a 3690 1024 16
f 3681
a 3691 4176 256
f 3670
a 3692 53488 256
f 3631
a 3693 4128 64
f 3626
a 3694 38352 64
f 3641
a 3695 1904 64
f 3668
a 3696 31120 256
f 3614
a 3697 896 16
f 3571
a 3698 4864 256
f 3524
a 3699 4720 16
f 3689
a 3700 6192 16
f 3674
a 3701 352 64
f 3585
a 3702 9552 64
f 3654
a 3703 12960 256
f 3530
a 3704 7744 256
f 3675
a 3705 1552 16
f 3664
a 3706 432 64
f 3658
a 3707 14912 64
f 3650
a 3708 45056 16
f 3595
a 3709 1040 64
f 3417
a 3710 1392 16
f 3644
a 3711 384 16
f 3622
a 3712 5504 64
f 3690
a 3713 1184 16
f 3589
a 3714 1184 64
f 3693
a 3715 26864 16
f 3485
a 3716 21312 64
f 3687
a 3717 416 16
f 3625
a 3718 1072 16
f 3251
a 3719 13888 64
f 3649
a 3720 4576 256
f 3714
a 3721 2448 16
f 3691
a 3722 1280 64
f 3692
a 3723 368 16
f 3630
a 3724 3088 64
f 3640
a 3725 7200 16
f 3699
a 3726 15376 64
f 3449
a 3727 2816 16
f 3717
a 3728 304 16
f 3495
a 3729 24000 256
f 3618
a 3730 3680 256
f 3552
a 3731 26112 16
f 3708
a 3732 1104 16
f 3683
a 3733 31616 256
f 3608
a 3734 14752 16
f 3734
a 3735 14176 256
f 3523
a 3736 26800 256
f 3424
a 3737 368 64
f 3253
a 3738 15616 64
f 3555
a 3739 560 16
f 3695
a 3740 25200 256
f 3723
a 3741 19728 256
f 3686
a 3742 27200 16
f 3657
a 3743 13008 16
f 3712
a 3744 12880 64
f 3596
a 3745 1232 16
f 3642
a 3746 1072 64
f 3522
a 3747 1024 256
f 3574
a 3748 1088 64
f 3486
a 3749 9904 16
f 3491
a 3750 22320 256
f 3667
a 3751 3872 256
f 3722
a 3752 928 256
f 3651
a 3753 6752 16
f 3647
a 3754 3232 16
f 3636
a 3755 2784 16
f 3665
a 3756 928 16
f 3617
a 3757 12928 256
f 3724
a 3758 2816 256
f 3726
a 3759 10400 256
f 3748
a 3760 62192 64
f 3551
a 3761 3392 16
f 3758
a 3762 6816 16
f 3750
a 3763 50720 16
f 3706
a 3764 2464 64
f 3760
a 3765 56864 256
f 3742
a 3766 20032 64
f 3564
a 3767 720 16
f 3451
a 3768 1808 256
f 3627
a 3769 688 256
f 3737
a 3770 5488 256
f 3764
a 3771 17600 256
f 3605
a 3772 4624 16
f 3709
a 3773 25872 256
f 3719
a 3774 26960 64
f 3711
a 3775 768 256
f 3707
a 3776 448 16
f 3757
a 3777 29376 256
f 3771
a 3778 1472 64
f 3704
a 3779 4848 16
f 3762
a 3780 6608 64
f 3736
a 3781 46208 64
f 3663
a 3782 19664 256
f 3682
a 3783 42560 256
f 3778
a 3784 19968 64
f 3697
a 3785 384 16
f 3763
a 3786 1248 256
f 3773
a 3787 5808 64
f 3741
a 3788 13136 16
f 3688
a 3789 448 16
f 3725
a 3790 3600 64
f 3698
a 3791 2624 64
f 3761
a 3792 9760 256
f 3768
a 3793 3168 16
f 3700
a 3794 960 64
f 3720
a 3795 14080 64
f 3774
a 3796 47680 16
f 3635
a 3797 560 16
f 3655
a 3798 2336 256
f 3779
a 3799 1968 64
f 3772
a 3800 1792 64
f 3755
a 3801 768 64
f 3643
a 3802 1648 256
f 3769
a 3803 14368 256
f 3785
a 3804 7616 64
f 3740
a 3805 28352 256
f 3787
a 3806 736 16
f 3685
a 3807 1344 64
f 3795
a 3808 1552 64
f 3798
a 3809 6832 64
f 3794
a 3810 384 64
f 3746
a 3811 3824 256
f 3744
a 3812 1568 256
f 3802
a 3813 50000 256
f 3767
a 3814 4576 256
f 3786
a 3815 2304 16
f 3716
a 3816 53776 16
f 3684
a 3817 25744 256
f 3813
a 3818 8112 64
f 3809
a 3819 6864 16
f 3735
a 3820 1008 64
f 3797
a 3821 14400 64
f 3817
a 3822 23424 64
f 3534
a 3823 8000 256
f 3808
a 3824 448 256
f 3728
a 3825 2992 16
f 3766
a 3826 1232 64
f 3607
a 3827 8080 64
f 3810
a 3828 43072 256
f 3784
a 3829 5008 256
f 3792
a 3830 2016 256
f 3721
a 3831 1008 64
f 3713
a 3832 1312 64
f 3656
a 3833 15392 256
f 3739
a 3834 656 256
f 3703
a 3835 34480 256
f 3679
a 3836 576 16
f 3745
a 3837 1152 16
f 3666
a 3838 336 256
f 3705
a 3839 480 16
f 3490
a 3840 39504 64
f 3696
a 3841 12480 64
f 3770
a 3842 1008 64
f 3776
a 3843 2464 256
f 3677
a 3844 896 256
f 3673
a 3845 1552 256
f 3825
a 3846 59696 16
f 3783
a 3847 1792 16
f 3791
a 3848 2912 256
f 3841
a 3849 4528 16
f 3823
a 3850 832 16
f 3789
a 3851 21232 64
f 3829
a 3852 3056 256
f 3819
a 3853 37456 16
f 3610
a 3854 928 256
f 3788
a 3855 8400 256
f 3821
a 3856 28032 64
f 3718
a 3857 6864 256
f 3632
a 3858 672 256
f 3803
a 3859 3280 16
f 3581
a 3860 25664 16
f 3838
a 3861 704 16
f 3733
a 3862 27296 16
f 3634
a 3863 13168 64
f 3805
a 3864 1664 64
f 3863
a 3865 19344 64
f 3844
a 3866 4688 16
f 3754
a 3867 44768 64
f 3680
a 3868 65216 64
f 3812
a 3869 56576 64
f 3410
a 3870 13008 16
f 3652
a 3871 736 64
f 3793
a 3872 1728 256
f 3781
a 3873 23632 16
f 3727
a 3874 912 64
f 3407
a 3875 49168 16
f 3729
a 3876 35696 256
f 3753
a 3877 12656 64
f 3743
a 3878 400 64
f 3845
a 3879 1440 16
f 3653
a 3880 1312 64
f 3853
a 3881 14240 16
f 3815
a 3882 5776 256
f 3818
a 3883 1360 16
f 3883
a 3884 12400 256
f 3860
a 3885 1392 64
f 3866
a 3886 7136 64
f 3878
a 3887 10432 64
f 3777
a 3888 432 64
f 3885
a 3889 12320 256
f 3848
a 3890 2016 16
f 3870
a 3891 2864 64
f 3669
a 3892 48496 256
f 3646
a 3893 15024 256
f 3765
a 3894 2240 16
f 3867
a 3895 2000 64
f 3872
a 3896 784 256
f 3672
a 3897 1824 256
f 3831
a 3898 10400 64
f 3850
a 3899 14960 256
f 3882
a 3900 53408 64
f 3756
a 3901 8944 256
f 3629
a 3902 336 64
f 3816
a 3903 544 256
f 3782
a 3904 496 256
f 3811
a 3905 62432 64
f 3897
a 3906 33824 16
f 3694
a 3907 5296 16
f 3857
a 3908 1248 256
f 3877
a 3909 3264 16
f 3849
a 3910 5648 16
f 3559
a 3911 7584 16
f 3904
a 3912 15200 64
f 3851
a 3913 6016 16
f 3749
a 3914 58528 16
f 3616
a 3915 16384 256
f 3732
a 3916 6048 256
f 3913
a 3917 1696 64
f 3914
a 3918 55024 256
f 3894
a 3919 7312 64
f 3869
a 3920 2384 64
f 3847
a 3921 2288 16
f 3820
a 3922 1584 256
f 3890
a 3923 28480 64
f 3710
a 3924 800 256
f 3921
a 3925 496 256
f 3790
a 3926 560 16
f 3887
a 3927 1376 256
f 3906
a 3928 336 16
f 3801
a 3929 11184 256
f 3839
a 3930 704 256
f 3804
a 3931 464 16
f 3895
a 3932 5248 256
f 3842
a 3933 32048 64
f 3800
a 3934 14208 256
f 3731
a 3935 2960 256
f 3854
a 3936 4256 16
f 3738
a 3937 704 256
f 3747
a 3938 3552 256
f 3504
a 3939 8400 64
f 3879
a 3940 15152 64
f 3751
a 3941 1600 256
f 3896
a 3942 47648 64
f 3899
a 3943 48416 64
f 3923
a 3944 52640 256
f 3884
a 3945 416 64
f 3941
a 3946 53184 64
f 3915
a 3947 3248 256
f 3905
a 3948 8512 16
f 3832
a 3949 6800 256
f 3826
a 3950 2912 256
f 3628
a 3951 1152 64
f 3868
a 3952 3472 64
f 3935
a 3953 6032 16
f 3611
a 3954 54192 256
f 3940
a 3955 3520 16
f 3933
a 3956 4400 16
f 3898
a 3957 1008 16
f 3892
a 3958 992 256
f 3856
a 3959 4160 64
f 3918
a 3960 384 64
f 3910
a 3961 656 64
f 3827
a 3962 4272 256
f 3952
a 3963 1536 64
f 3864
a 3964 2848 256
f 3961
a 3965 6704 256
f 3944
a 3966 2336 256
f 3922
a 3967 352 256
f 3843
a 3968 3088 256
f 3775
a 3969 1536 16
f 3859
a 3970 8256 64
f 3830
a 3971 15072 16
f 3874
a 3972 4544 256
f 3701
a 3973 5744 16
f 3871
a 3974 46176 16
f 3886
a 3975 58448 64
f 3912
a 3976 18752 16
f 3971
a 3977 2944 256
f 3974
a 3978 18592 64
f 3955
a 3979 624 256
f 3916
a 3980 816 64
f 3968
a 3981 3952 16
f 3945
a 3982 4416 64
f 3881
a 3983 48640 16
f 3926
a 3984 320 16
f 3917
a 3985 32624 16
f 3978
a 3986 2624 64
f 3981
a 3987 22096 16
f 3946
a 3988 400 64
f 3985
a 3989 1168 256
f 3931
a 3990 1024 64
f 3602
a 3991 3264 256
f 3678
a 3992 1472 64
f 3956
a 3993 3968 64
f 3873
a 3994 272 16
f 3994
a 3995 38384 256
f 3822
a 3996 29584 16
f 3833
a 3997 11792 256
f 3861
a 3998 4512 16
f 3902
a 3999 6368 256
f 3828
a 4000 3984 64
f 3891
a 4001 30304 256
f 3780
a 4002 15728 256
f 3987
a 4003 10272 64
f 3900
a 4004 54432 16
f 3875
a 4005 672 64
f 3908
a 4006 336 16
f 3993
a 4007 7504 256
f 3943
a 4008 592 64
f 3920
a 4009 60928 64
f 4003
a 4010 3120 64
f 3999
a 4011 464 64
f 3919
a 4012 3568 64
f 3988
a 4013 31104 64
f 4001
a 4014 1552 16
f 3929
a 4015 1008 256
f 3970
a 4016 12160 16
f 3865
a 4017 352 64
f 3979
a 4018 42784 64
f 3986
a 4019 320 256
f 3964
a 4020 3760 16
f 3947
a 4021 10192 16
f 3958
a 4022 43776 16
f 3949
a 4023 18048 256
f 3834
a 4024 880 256
f 3907
a 4025 6912 256
f 3990
a 4026 2624 16
f 4002
a 4027 11344 64
f 3927
a 4028 50384 16
f 4007
a 4029 5520 16
f 3836
a 4030 384 16
f 4020
a 4031 2864 64
f 4030
a 4032 10192 256
f 3855
a 4033 1200 16
f 4031
a 4034 1328 16
f 3995
a 4035 25568 64
f 4019
a 4036 4352 256
f 3932
a 4037 2976 256
f 3660
a 4038 4016 256
f 3996
a 4039 51616 256
f 3930
a 4040 7280 256
f 3982
a 4041 384 16
f 3976
a 4042 768 16
f 3972
a 4043 816 256
f 4040
a 4044 2624 64
f 3538
a 4045 3984 256
f 4032
a 4046 1024 16
f 4037
a 4047 816 256
f 4010
a 4048 32752 64
f 3991
a 4049 720 16
f 3796
a 4050 11040 256
f 3965
a 4051 4512 256
f 3953
a 4052 2160 256
f 3959
a 4053 304 256
f 4053
a 4054 400 16
f 3909
a 4055 30352 16
f 3992
a 4056 32960 256
f 3954
a 4057 26832 16
f 3880
a 4058 1664 16
f 4026
a 4059 14992 256
f 4013
a 4060 26960 16
f 3937
a 4061 40128 64
f 3951
a 4062 7296 64
f 3889
a 4063 480 256
f 3977
a 4064 9424 16
f 4038
a 4065 400 64
f 3903
a 4066 1648 16
f 3998
a 4067 608 256
f 3911
a 4068 5344 16
f 4012
a 4069 24896 64
f 3862
a 4070 7264 256
f 4044
a 4071 53728 64
f 3759
a 4072 4064 64
f 3942
a 4073 1712 256
f 3983
a 4074 736 16
f 4062
a 4075 26800 256
f 4050
a 4076 15632 16
f 3967
a 4077 7488 256
f 4043
a 4078 58880 64
f 4014
a 4079 15296 64
f 4021
a 4080 944 256
f 4024
a 4081 5136 16
f 3973
a 4082 46464 64
f 4048
a 4083 3312 256
f 3966
a 4084 33088 256
f 3925
a 4085 33840 64
f 3799
a 4086 3744 256
f 4022
a 4087 1328 16
f 4052
a 4088 3328 16
f 4006
a 4089 976 16
f 4066
a 4090 896 256
f 4028
a 4091 3504 16
f 3807
a 4092 288 256
f 3888
a 4093 4896 256
f 4070
a 4094 64368 16
f 3948
a 4095 880 256
f 3969
a 4096 7104 64
f 4039
a 4097 14112 256
f 3702
a 4098 2848 256
f 4075
a 4099 1168 256
c step-4000
f 4071
a 4100 15440 64
f 3730
a 4101 19408 16
f 3938
a 4102 60992 64
f 4089
a 4103 2096 64
f 4041
a 4104 62064 256
f 4045
a 4105 800 64
f 4088
a 4106 9376 16
f 4102
a 4107 35904 256
f 3975
a 4108 13360 64
f 4083
a 4109 6560 256
f 4000
a 4110 880 256
f 4067
a 4111 27952 16
f 4011
a 4112 28256 64
f 4034
a 4113 50336 16
f 4060
a 4114 2928 16
f 4086
a 4115 2640 256
f 3950
a 4116 432 64
f 4023
a 4117 30448 256
f 4116
a 4118 6656 256
f 4094
a 4119 4000 16
f 4084
a 4120 608 16
f 4085
a 4121 2736 64
f 4092
a 4122 1632 256
f 4106
a 4123 368 16
f 3840
a 4124 2032 256
f 3980
a 4125 13696 256
f 4100
a 4126 1552 256
f 4033
a 4127 14656 16
f 4005
a 4128 288 64
f 3936
a 4129 416 16
f 4056
a 4130 1680 64
f 4065
a 4131 2672 256
f 4061
a 4132 61408 64
f 4118
a 4133 52976 64
f 4027
a 4134 40432 256
f 4127
a 4135 640 16
f 4129
a 4136 1712 64
f 4046
a 4137 3696 64
f 4054
a 4138 8048 16
f 4081
a 4139 4080 64
f 4128
a 4140 9840 256
f 4112
a 4141 14368 256
f 4099
a 4142 13696 16
f 4042
a 4143 592 64
f 4101
a 4144 30400 16
f 4144
a 4145 400 64
f 3960
a 4146 14112 16
f 4133
a 4147 400 16
f 3934
a 4148 25792 16
f 4145
a 4149 4480 16
f 3893
a 4150 944 16
f 4079
a 4151 10128 64
f 4068
a 4152 5568 64
f 4087
a 4153 4144 256
f 4008
a 4154 416 16
f 4036
a 4155 2864 64
f 4016
a 4156 12352 16
f 4135
a 4157 10784 64
f 4153
a 4158 1184 64
f 4009
a 4159 3968 16
f 3837
a 4160 61280 256
f 4131
a 4161 288 64
f 3939
a 4162 11648 16
f 4117
a 4163 896 64
f 4143
a 4164 25792 256
f 4134
a 4165 288 256
f 4163
a 4166 944 64
f 4047
a 4167 4560 256
f 4166
a 4168 736 256
f 4130
a 4169 21312 256
f 4074
a 4170 464 64
f 4146
a 4171 29904 64
f 4122
a 4172 44000 16
f 3814
a 4173 1952 64
f 4072
a 4174 1872 256
f 4165
a 4175 1536 64
f 4115
a 4176 26960 16
f 4069
a 4177 1104 256
f 4064
a 4178 272 256
f 4175
a 4179 59168 64
f 4110
a 4180 20896 64
f 4120
a 4181 464 64
f 4162
a 4182 1136 256
f 4097
a 4183 1152 256
f 4179
a 4184 11136 256
f 4077
a 4185 9456 16
f 4103
a 4186 768 64
f 4104
a 4187 5120 64
f 4137
a 4188 576 16
f 3957
a 4189 18176 16
f 4091
a 4190 7696 16
f 3676
a 4191 3200 16
f 4109
a 4192 3776 64
f 4139
a 4193 57568 256
f 4058
a 4194 49344 256
f 4025
a 4195 352 64
f 4171
a 4196 26064 64
f 4126
a 4197 464 16
f 4124
a 4198 27952 64
f 4125
a 4199 25584 64
f 4029
a 4200 12304 64
f 4198
a 4201 1088 64
f 3963
a 4202 14752 64
f 3835
a 4203 1504 256
f 4148
a 4204 2624 64
f 4182
a 4205 1056 16
f 4138
a 4206 6208 256
f 4205
a 4207 272 64
f 4076
a 4208 13584 256
f 4090
a 4209 33168 256
f 4200
a 4210 1264 256
f 4105
a 4211 288 256
f 4057
a 4212 11520 256
f 4136
a 4213 9168 256
f 4202
a 4214 2032 64
f 4187
a 4215 62736 256
f 4180
a 4216 31520 256
f 4154
a 4217 560 256
f 4080
a 4218 368 256
f 4156
a 4219 560 64
f 3928
a 4220 560 64
f 4170
a 4221 12832 16
f 4164
a 4222 1120 16
f 3824
a 4223 6400 16
f 4015
a 4224 14144 256
f 4111
a 4225 512 64
f 4063
a 4226 47360 64
f 4018
a 4227 57648 256
f 4174
a 4228 54704 16
f 4215
a 4229 4016 256
f 3858
a 4230 65392 16
f 4191
a 4231 432 256
f 4216
a 4232 19040 256
f 4193
a 4233 8208 64
f 4206
a 4234 912 64
f 4082
a 4235 8176 16
f 4195
a 4236 17616 256
f 3924
a 4237 7136 64
f 4149
a 4238 1120 256
f 4176
a 4239 2688 64
f 4169
a 4240 7360 256
f 3846
a 4241 1024 16
f 4123
a 4242 1936 256
f 4155
a 4243 6192 64
f 4211
a 4244 63168 16
f 4178
a 4245 544 64
f 4190
a 4246 4208 64
f 4147
a 4247 480 16
f 4238
a 4248 688 16
f 4035
a 4249 3408 256
f 4224
a 4250 19136 64
f 4098
a 4251 464 64
f 4199
a 4252 2464 16
f 4207
a 4253 18944 64
f 4240
a 4254 704 64
f 4172
a 4255 50464 256
f 4049
a 4256 848 256
f 4196
a 4257 2000 64
f 4234
a 4258 2112 64
f 4113
a 4259 1488 16
f 4254
a 4260 992 256
f 4220
a 4261 10912 64
f 4055
a 4262 2160 16
f 4226
a 4263 26640 256
f 4197
a 4264 20320 64
f 4235
a 4265 272 16
f 4232
a 4266 3152 256
f 4264
a 4267 1664 64
f 4265
a 4268 496 64
f 3645
a 4269 48336 64
f 4269
a 4270 30416 256
f 4227
a 4271 1328 16
f 4267
a 4272 912 64
f 4142
a 4273 1152 64
f 4150
a 4274 8656 64
f 4213
a 4275 6784 64
f 4093
a 4276 416 16
f 3962
a 4277 11024 64
f 4253
a 4278 2832 16
f 4184
a 4279 272 16
f 4221
a 4280 15456 256
f 4268
a 4281 784 64
f 4246
a 4282 6528 256
f 4228
a 4283 1792 256
f 4219
a 4284 6528 16
f 4272
a 4285 400 16
f 4236
a 4286 752 16
f 4258
a 4287 14800 16
f 4278
a 4288 2192 256
f 4270
a 4289 6016 256
f 4239
a 4290 10800 64
f 4231
a 4291 27104 64
f 4257
a 4292 4096 256
f 4222
a 4293 63152 16
f 4229
a 4294 432 256
f 4248
a 4295 15584 16
f 4233
a 4296 20464 256
f 4256
a 4297 19104 64
f 4217
a 4298 9904 256
f 4177
a 4299 544 64
f 4208
a 4300 400 64
f 4210
a 4301 560 16
f 3997
a 4302 29584 256
f 4297
a 4303 11920 256
f 4168
a 4304 2448 16
f 4218
a 4305 6032 256
f 4284
a 4306 800 64
f 4271
a 4307 43616 256
f 4282
a 4308 14192 16
f 4114
a 4309 28368 256
f 4230
a 4310 16448 64
f 4308
a 4311 3152 64
f 4183
a 4312 1424 256
f 4108
a 4313 12096 256
f 4186
a 4314 1424 256
f 4167
a 4315 10976 16
f 4288
a 4316 2800 256
f 4292
a 4317 496 256
f 4285
a 4318 10816 16
f 4121
a 4319 53920 64
f 4319
a 4320 6784 16
f 4316
a 4321 496 256
f 4255
a 4322 1936 64
f 4212
a 4323 48000 16
f 4323
a 4324 1552 64
f 4209
a 4325 64912 256
f 4260
a 4326 3504 16
f 4305
a 4327 5232 16
f 4279
a 4328 6608 256
f 4293
a 4329 16176 256
f 4322
a 4330 496 256
f 4095
a 4331 9696 256
f 3984
a 4332 464 16
f 4158
a 4333 28640 256
f 4073
a 4334 22144 64
f 4078
a 4335 8576 16
f 4247
a 4336 7568 256
f 4303
a 4337 1344 16
f 4259
a 4338 1632 256
f 4310
a 4339 22736 16
f 4321
a 4340 11680 256
f 4181
a 4341 400 16
f 4185
a 4342 960 256
f 4157
a 4343 28960 256
f 4343
a 4344 7696 16
f 4276
a 4345 2112 256
f 3752
a 4346 6448 64
f 4289
a 4347 592 64
f 4252
a 4348 848 256
f 4119
a 4349 20080 256
f 3852
a 4350 304 256
f 4334
a 4351 800 16
f 3876
a 4352 400 16
f 4329
a 4353 784 256
f 4281
a 4354 4016 64
f 4189
a 4355 22944 256
f 4348
a 4356 17904 16
f 4326
a 4357 31344 256
f 4204
a 4358 7600 256
f 4223
a 4359 4288 16
f 4280
a 4360 416 256
f 4309
a 4361 6688 256
f 4298
a 4362 560 64
f 4317
a 4363 1024 16
f 3806
a 4364 1856 16
f 4244
a 4365 11504 16
f 4337
a 4366 4016 16
f 4132
a 4367 864 64
f 4201
a 4368 480 16
f 4250
a 4369 512 16
f 4355
a 4370 624 256
f 4296
a 4371 6960 16
f 4096
a 4372 18912 256
f 4333
a 4373 6032 64
f 4017
a 4374 28256 256
f 4188
a 4375 31984 256
f 4286
a 4376 52880 16
f 4328
a 4377 55568 16
f 4194
a 4378 57728 16
f 4307
a 4379 4784 16
f 4299
a 4380 6032 256
f 4379
a 4381 7072 16
f 4342
a 4382 432 256
f 4375
a 4383 8080 256
f 4304
a 4384 2944 256
f 4300
a 4385 272 64
f 4274
a 4386 3664 256
f 4192
a 4387 21712 16
f 4315
a 4388 480 64
f 4353
a 4389 46448 256
f 4378
a 4390 7216 16
f 4382
a 4391 4128 16
f 4283
a 4392 16176 64
f 4389
a 4393 1840 16
f 4294
a 4394 18912 16
f 4320
a 4395 304 64
f 4331
a 4396 13952 64
f 3901
a 4397 2496 256
f 4295
a 4398 3952 16
f 4370
a 4399 1648 64
f 4341
a 4400 13552 16
f 4004
a 4401 61760 16
f 4396
a 4402 5664 256
f 4354
a 4403 27968 16
f 4251
a 4404 23696 64
f 4290
a 4405 512 16
f 4373
a 4406 1808 256
f 4351
a 4407 13472 256
f 4405
a 4408 2944 256
f 4291
a 4409 1824 16
f 4051
a 4410 26672 256
f 4384
a 4411 23344 16
f 4408
a 4412 544 256
f 4352
a 4413 656 16
f 4214
a 4414 1456 64
f 4350
a 4415 56160 256
f 4245
a 4416 2016 256
f 4403
a 4417 800 16
f 4361
a 4418 1664 64
f 4394
a 4419 784 16
f 4401
a 4420 14576 64
f 4107
a 4421 1280 256
f 4059
a 4422 51488 64
f 4275
a 4423 1904 16
f 4372
a 4424 16000 256
f 4392
a 4425 22144 16
f 4311
a 4426 50528 64
f 4406
a 4427 35104 64
f 4417
a 4428 960 16
f 4390
a 4429 31264 64
f 4327
a 4430 46816 16
f 4424
a 4431 3568 64
f 4415
a 4432 416 64
f 4241
a 4433 7792 256
f 4161
a 4434 14544 16
f 4359
a 4435 848 64
f 4409
a 4436 48288 256
f 4425
a 4437 2048 16
f 4367
a 4438 464 64
f 4393
a 4439 400 16
f 4381
a 4440 1776 16
f 4152
a 4441 25456 256
f 4404
a 4442 832 256
f 4203
a 4443 320 16
f 4160
a 4444 8624 256
f 4346
a 4445 784 256
f 4441
a 4446 17504 64
f 4387
a 4447 2352 16
f 4383
a 4448 336 16
f 4423
a 4449 2672 256
f 4402
a 4450 656 256
f 4374
a 4451 1024 256
f 4151
a 4452 5616 256
f 4301
a 4453 7792 256
f 4376
a 4454 992 16
f 4428
a 4455 48960 256
f 4302
a 4456 36592 64
f 4442
a 4457 39168 64
f 4242
a 4458 992 64
f 4364
a 4459 3888 64
f 4345
a 4460 15520 16
f 4338
a 4461 63584 16
f 4243
a 4462 432 16
f 4448
a 4463 3008 16
f 4287
a 4464 544 64
f 4420
a 4465 13584 64
f 4366
a 4466 3088 256
f 4400
a 4467 400 16
f 4407
a 4468 5648 256
f 4439
a 4469 1024 16
f 4277
a 4470 11104 256
f 4262
a 4471 4032 256
f 4344
a 4472 896 16
f 4451
a 4473 608 256
f 4371
a 4474 304 256
f 4173
a 4475 416 256
f 4443
a 4476 1184 64
f 4324
a 4477 6912 64
f 4159
a 4478 2544 16
f 4388
a 4479 672 64
f 4395
a 4480 1424 256
f 4453
a 4481 2080 16
f 4462
a 4482 3952 256
f 4445
a 4483 4928 16
f 4481
a 4484 41408 256
f 4362
a 4485 1856 256
f 4479
a 4486 9776 16
f 4475
a 4487 672 256
f 4460
a 4488 18928 16
f 4385
a 4489 368 64
f 4386
a 4490 3264 64
f 4435
a 4491 416 16
f 4489
a 4492 19680 64
f 4461
a 4493 1104 64
f 4438
a 4494 736 16
f 4482
a 4495 27376 256
f 4433
a 4496 51248 64
f 4261
a 4497 65344 256
f 4332
a 4498 6032 64
f 4498
a 4499 32192 16
f 4335
a 4500 1632 256
f 4464
a 4501 720 16
f 4484
a 4502 1472 64
f 4429
a 4503 11696 256
f 4306
a 4504 4352 16
f 4347
a 4505 15872 16
f 4140
a 4506 624 16
f 4465
a 4507 304 64
f 4488
a 4508 62544 16
f 4466
a 4509 1792 64
f 4419
a 4510 4208 16
f 4503
a 4511 496 16
f 4365
a 4512 3952 16
f 4455
a 4513 3744 16
f 4416
a 4514 3312 16
f 4437
a 4515 528 256
f 4468
a 4516 25248 64
f 4377
a 4517 13264 64
f 4495
a 4518 8048 16
f 4493
a 4519 3024 64
f 4349
a 4520 1056 256
f 4414
a 4521 31088 16
f 4520
a 4522 63104 16
f 4340
a 4523 6736 16
f 4369
a 4524 544 256
f 4478
a 4525 336 256
f 4446
a 4526 4224 64
f 4519
a 4527 27088 256
f 4427
a 4528 3280 16
f 4456
a 4529 1136 16
f 4440
a 4530 400 16
f 4521
a 4531 43696 64
f 4225
a 4532 56256 16
f 4458
a 4533 2544 256
f 4469
a 4534 10544 16
f 4314
a 4535 1248 256
f 4431
a 4536 560 16
f 4523
a 4537 1120 64
f 4452
a 4538 960 16
f 4528
a 4539 25216 16
f 3989
a 4540 1344 16
f 4511
a 4541 400 256
f 4358
a 4542 992 64
f 4449
a 4543 14736 256
f 4325
a 4544 46464 256
f 4266
a 4545 3472 256
f 4504
a 4546 14912 256
f 4507
a 4547 1344 256
f 4444
a 4548 848 64
f 4141
a 4549 2176 64
f 4531
a 4550 1200 64
f 4485
a 4551 8320 64
f 4539
a 4552 19312 16
f 4339
a 4553 3728 16
f 4368
a 4554 736 256
f 4434
a 4555 11088 16
f 4513
a 4556 12032 256
f 4426
a 4557 1952 256
f 4249
a 4558 58208 16
f 4457
a 4559 720 64
f 4480
a 4560 6128 64
f 4497
a 4561 3040 64
f 4237
a 4562 1072 16
f 4515
a 4563 13104 64
f 4399
a 4564 2288 64
f 4554
a 4565 4496 256
f 4502
a 4566 7152 64
f 4559
a 4567 52624 256
f 4410
a 4568 19984 64
f 4499
a 4569 18768 64
f 4509
a 4570 17184 16
f 4555
a 4571 10752 64
f 4560
a 4572 45232 16
f 4510
a 4573 3120 256
f 4514
a 4574 43184 64
f 4529
a 4575 9008 64
f 4363
a 4576 17488 256
f 4551
a 4577 272 64
f 4562
a 4578 62736 64
f 4421
a 4579 928 64
f 4543
a 4580 1840 16
f 4506
a 4581 768 256
f 4571
a 4582 18784 64
f 4494
a 4583 464 64
f 4574
a 4584 44832 64
f 4356
a 4585 36496 64
f 4517
a 4586 7712 256
f 4412
a 4587 26160 64
f 4263
a 4588 1536 16
f 4561
a 4589 7504 16
f 4492
a 4590 496 16
f 4418
a 4591 464 64
f 4569
a 4592 3504 16
f 4577
a 4593 1696 64
f 4470
a 4594 1216 16
f 4516
a 4595 640 256
f 4526
a 4596 28752 16
f 4591
a 4597 288 16
f 4563
a 4598 1008 16
f 4550
a 4599 736 64
c step-4500
f 4585
a 4600 3952 64
f 4599
a 4601 12336 64
f 4589
a 4602 832 64
f 4430
a 4603 320 256
f 4450
a 4604 3648 64
f 4496
a 4605 10352 64
f 4593
a 4606 1024 16
f 4532
a 4607 39824 64
f 4587
a 4608 4960 256
f 4556
a 4609 11888 256
f 4522
a 4610 23664 64
f 4572
a 4611 21536 16
f 4594
a 4612 336 256
f 4491
a 4613 3632 64
f 4581
a 4614 5168 64
f 4432
a 4615 2032 256
f 4518
a 4616 2000 256
f 4611
a 4617 1072 16
f 4608
a 4618 25872 64
f 4582
a 4619 272 256
f 4616
a 4620 832 256
f 4476
a 4621 16240 256
f 4568
a 4622 1696 16
f 4617
a 4623 3664 256
f 4360
a 4624 1520 256
f 4549
a 4625 12576 64
f 4622
a 4626 624 16
f 4570
a 4627 592 64
f 4552
a 4628 4096 16
f 4558
a 4629 2032 64
f 4527
a 4630 12720 256
f 4542
a 4631 25504 256
f 4557
a 4632 28592 64
f 4447
a 4633 48656 256
f 4613
a 4634 4080 256
f 4477
a 4635 352 64
f 4595
a 4636 19552 16
f 4538
a 4637 44672 64
f 4533
a 4638 992 256
f 4578
a 4639 2208 16
f 4318
a 4640 288 16
f 4474
a 4641 46400 64
f 4411
a 4642 18256 16
f 4620
a 4643 10464 64
f 4641
a 4644 2000 64
f 4540
a 4645 5904 256
f 4357
a 4646 512 256
f 4584
a 4647 1904 16
f 4605
a 4648 25328 16
f 4646
a 4649 12768 64
f 4614
a 4650 12880 256
f 4541
a 4651 3376 64
f 4609
a 4652 832 256
f 4601
a 4653 21216 64
f 4637
a 4654 26384 16
f 4635
a 4655 592 16
f 3715
a 4656 14528 64
f 4336
a 4657 480 256
f 4576
a 4658 5616 16
f 4630
a 4659 23728 16
f 4606
a 4660 8784 16
f 4624
a 4661 23200 64
f 4575
a 4662 592 256
f 4536
a 4663 544 256
f 4629
a 4664 24320 16
f 4627
a 4665 432 16
f 4546
a 4666 15760 256
f 4653
a 4667 13040 64
f 4565
a 4668 656 16
f 4548
a 4669 800 16
f 4586
a 4670 11968 256
f 4658
a 4671 11488 256
f 4579
a 4672 2400 16
f 4668
a 4673 17264 256
f 4628
a 4674 8608 64
f 4505
a 4675 25488 16
f 4661
a 4676 2960 64
f 4644
a 4677 496 16
f 4583
a 4678 1024 16
f 4633
a 4679 3824 64
f 4436
a 4680 1488 16
f 4592
a 4681 25728 256
f 4273
a 4682 928 64
f 4588
a 4683 1856 16
f 4639
a 4684 3472 64
f 4486
a 4685 7408 256
f 4672
a 4686 4064 256
f 4580
a 4687 1248 16
f 4602
a 4688 56256 256
f 4660
a 4689 1872 64
f 4483
a 4690 13872 64
f 4686
a 4691 992 256
f 4638
a 4692 36448 64
f 4391
a 4693 8144 256
f 4640
a 4694 24592 64
f 4689
a 4695 336 64
f 4667
a 4696 2064 16
f 4537
a 4697 14688 64
f 4603
a 4698 1968 256
f 4636
a 4699 592 64
f 4664
a 4700 15936 64
f 4643
a 4701 336 256
f 4463
a 4702 6672 256
f 4696
a 4703 38000 16
f 4544
a 4704 6576 64
f 4604
a 4705 7936 16
f 4705
a 4706 4736 64
f 4512
a 4707 544 64
f 4694
a 4708 400 64
f 4610
a 4709 2368 64
f 4312
a 4710 592 64
f 4669
a 4711 53984 256
f 4695
a 4712 480 16
f 4534
a 4713 57728 16
f 4655
a 4714 27584 256
f 4467
a 4715 22928 64
f 4413
a 4716 56144 64
f 4649
a 4717 26928 64
f 4710
a 4718 7856 256
f 4566
a 4719 51600 16
f 4716
a 4720 544 256
f 4683
a 4721 2032 16
f 4721
a 4722 464 64
f 4706
a 4723 18848 64
f 4723
a 4724 42240 16
f 4713
a 4725 8400 64
f 4612
a 4726 944 16
f 4707
a 4727 2448 256
f 4598
a 4728 400 256
f 4652
a 4729 3920 256
f 4645
a 4730 25344 16
f 4659
a 4731 16832 256
f 4666
a 4732 9600 16
f 4625
a 4733 15872 64
f 4647
a 4734 32416 64
f 4454
a 4735 27408 16
f 4722
a 4736 43520 16
f 4719
a 4737 1328 64
f 4648
a 4738 2864 256
f 4730
a 4739 464 256
f 4727
a 4740 4288 256
f 4500
a 4741 10192 16
f 4684
a 4742 3616 256
f 4735
a 4743 5856 64
f 4691
a 4744 6816 256
f 4397
a 4745 20336 16
f 4380
a 4746 272 16
f 4709
a 4747 42320 64
f 4663
a 4748 1488 64
f 4508
a 4749 944 256
f 4650
a 4750 560 64
f 4398
a 4751 2576 256
f 4701
a 4752 14816 16
f 4626
a 4753 880 16
f 4545
a 4754 4848 64
f 4748
a 4755 2448 256
f 4738
a 4756 46080 16
f 4615
a 4757 8384 64
f 4732
a 4758 3184 16
f 4740
a 4759 400 256
f 4742
a 4760 768 16
f 4736
a 4761 2240 64
f 4654
a 4762 6688 256
f 4662
a 4763 26480 16
f 4754
a 4764 8448 16
f 4741
a 4765 33568 16
f 4487
a 4766 13264 64
f 4621
a 4767 57984 64
f 4717
a 4768 8192 256
f 4765
a 4769 1280 16
f 4657
a 4770 62832 16
f 4725
a 4771 816 64
f 4712
a 4772 14256 256
f 4700
a 4773 368 16
f 4698
a 4774 432 16
f 4535
a 4775 11776 64
f 4525
a 4776 13552 16
f 4690
a 4777 3904 64
f 4718
a 4778 2704 256
f 4681
a 4779 10848 64
f 4772
a 4780 13936 64
f 4714
a 4781 432 16
f 4734
a 4782 1888 256
f 4693
a 4783 3632 64
f 4619
a 4784 14928 256
f 4330
a 4785 26320 64
f 4708
a 4786 352 16
f 4642
a 4787 6912 256
f 4670
a 4788 1696 16
f 4596
a 4789 6864 64
f 4623
a 4790 45296 64
f 4756
a 4791 4096 16
f 4702
a 4792 1392 256
f 4739
a 4793 52064 16
f 4678
a 4794 928 64
f 4564
a 4795 368 256
f 4790
a 4796 832 64
f 4715
a 4797 14320 64
f 4770
a 4798 1552 256
f 4676
a 4799 5680 256
f 4600
a 4800 6448 16
f 4799
a 4801 3232 256
f 4763
a 4802 11360 64
f 4459
a 4803 60560 256
f 4724
a 4804 3104 16
f 4796
a 4805 39600 64
f 4711
a 4806 13008 64
f 4731
a 4807 14112 16
f 4746
a 4808 30368 64
f 4747
a 4809 8368 16
f 4671
a 4810 61712 64
f 4791
a 4811 1184 16
f 4490
a 4812 65536 256
f 4798
a 4813 960 256
f 4729
a 4814 1440 256
f 4795
a 4815 7744 16
f 4631
a 4816 464 16
f 4783
a 4817 1920 16
f 4597
a 4818 59216 64
f 4775
a 4819 1088 256
f 4471
a 4820 320 16
f 4682
a 4821 1008 16
f 4704
a 4822 2928 64
f 4665
a 4823 2912 256
f 4809
a 4824 3552 16
f 4776
a 4825 31248 256
f 4750
a 4826 6096 256
f 4749
a 4827 34352 64
f 4697
a 4828 3424 64
f 4823
a 4829 3344 256
f 4757
a 4830 8960 256
f 4801
a 4831 2016 64
f 4651
a 4832 19440 64
f 4777
a 4833 7936 16
f 4774
a 4834 496 16
f 4805
a 4835 1824 64
f 4632
a 4836 10080 256
f 4744
a 4837 3568 16
f 4752
a 4838 576 64
f 4680
a 4839 11584 64
f 4618
a 4840 3856 64
f 4839
a 4841 16384 256
f 4745
a 4842 22704 256
f 4751
a 4843 12672 16
f 4816
a 4844 928 64
f 4761
a 4845 50128 16
f 4472
a 4846 16224 256
f 4826
a 4847 22416 64
f 4782
a 4848 4032 16
f 4634
a 4849 336 16
f 4817
a 4850 6720 16
f 4833
a 4851 1872 256
f 4547
a 4852 448 16
f 4837
a 4853 13040 16
f 4687
a 4854 4336 64
f 4806
a 4855 10848 256
f 4785
a 4856 65328 16
f 4764
a 4857 15520 64
f 4857
a 4858 1680 16
f 4821
a 4859 9920 64
f 4831
a 4860 4224 256
f 4848
a 4861 21328 256
f 4846
a 4862 2272 256
f 4553
a 4863 21936 256
f 4769
a 4864 31312 16
f 4855
a 4865 784 64
f 4803
a 4866 1920 16
f 4567
a 4867 1440 256
f 4675
a 4868 5888 16
f 4859
a 4869 63168 16
f 4814
a 4870 14496 256
f 4827
a 4871 6160 64
f 4813
a 4872 17376 16
f 4501
a 4873 7520 64
f 4573
a 4874 3264 64
f 4808
a 4875 13328 256
f 4819
a 4876 4848 16
f 4870
a 4877 55936 256
f 4840
a 4878 20896 16
f 4843
a 4879 65024 16
f 4866
a 4880 45696 64
f 4838
a 4881 1328 256
f 4473
a 4882 576 16
f 4876
a 4883 912 256
f 4656
a 4884 18688 64
f 4607
a 4885 2032 64
f 4758
a 4886 1936 16
f 4313
a 4887 1376 64
f 4771
a 4888 544 16
f 4743
a 4889 848 64
f 4851
a 4890 880 64
f 4804
a 4891 1088 256
f 4881
a 4892 11904 16
f 4788
a 4893 32272 16
f 4815
a 4894 6528 64
f 4867
a 4895 7392 64
f 4884
a 4896 4800 64
f 4677
a 4897 2880 64
f 4888
a 4898 14384 256
f 4778
a 4899 912 16
f 4530
a 4900 24784 64
f 4869
a 4901 65264 256
f 4891
a 4902 1568 256
f 4685
a 4903 15232 16
f 4868
a 4904 3552 256
f 4787
a 4905 3056 256
f 4786
a 4906 4080 64
f 4897
a 4907 3440 256
f 4862
a 4908 304 16
f 4807
a 4909 3680 256
f 4759
a 4910 38016 64
f 4854
a 4911 2368 16
f 4789
a 4912 352 64
f 4737
a 4913 16368 256
f 4852
a 4914 4048 64
f 4914
a 4915 896 64
f 4800
a 4916 48752 64
f 4679
a 4917 3168 16
f 4760
a 4918 576 64
f 4896
a 4919 784 16
f 4824
a 4920 3504 256
f 4892
a 4921 10448 16
f 4858
a 4922 27216 16
f 4922
a 4923 7824 256
f 4871
a 4924 46224 16
f 4850
a 4925 4064 256
f 4699
a 4926 17904 256
f 4923
a 4927 672 256
f 4780
a 4928 1280 64
f 4863
a 4929 6176 16
f 4899
a 4930 1744 16
f 4822
a 4931 27760 16
f 4845
a 4932 1920 16
f 4673
a 4933 400 16
f 4860
a 4934 352 64
f 4847
a 4935 336 64
f 4903
a 4936 29680 64
f 4810
a 4937 12160 16
f 4773
a 4938 704 16
f 4688
a 4939 320 256
f 4692
a 4940 54816 16
f 4904
a 4941 6752 256
f 4930
a 4942 3200 16
f 4755
a 4943 352 16
f 4844
a 4944 1728 16
f 4916
a 4945 512 16
f 4836
a 4946 18144 256
f 4933
a 4947 784 16
f 4762
a 4948 432 256
f 4832
a 4949 592 16
f 4910
a 4950 576 64
f 4879
a 4951 54160 16
f 4926
a 4952 1984 16
f 4929
a 4953 44912 256
f 4861
a 4954 8752 64
f 4907
a 4955 1776 16
f 4913
a 4956 3360 64
f 4908
a 4957 672 64
f 4901
a 4958 1376 256
f 4953
a 4959 27920 64
f 4781
a 4960 65440 16
f 4912
a 4961 7408 64
f 4944
a 4962 320 64
f 4945
a 4963 43568 16
f 4820
a 4964 512 16
f 4794
a 4965 1664 256
f 4924
a 4966 608 256
f 4956
a 4967 432 256
f 4768
a 4968 53424 256
f 4939
a 4969 8160 16
f 4957
a 4970 4272 16
f 4918
a 4971 25024 16
f 4962
a 4972 18848 64
f 4890
a 4973 12128 64
f 4825
a 4974 288 64
f 4802
a 4975 4416 64
f 4967
a 4976 15680 64
f 4917
a 4977 13664 16
f 4977
a 4978 52448 256
f 4883
a 4979 50608 16
f 4865
a 4980 1024 64
f 4812
a 4981 656 256
f 4961
a 4982 5456 256
f 4853
a 4983 54512 256
f 4972
a 4984 848 64
f 4720
a 4985 6800 16
f 4970
a 4986 58736 64
f 4874
a 4987 784 16
f 4940
a 4988 496 16
f 4915
a 4989 31600 256
f 4753
a 4990 1328 16
f 4793
a 4991 1792 256
f 4900
a 4992 3552 64
f 4927
a 4993 2800 16
f 4959
a 4994 8880 64
f 4952
a 4995 6192 16
f 4887
a 4996 1664 256
f 4966
a 4997 928 16
f 4979
a 4998 432 256
f 4980
a 4999 41232 16
f 4894
a 5000 272 16
f 4703
a 5001 21408 16
f 4973
a 5002 4128 64
f 4998
a 5003 368 16
f 4856
a 5004 5840 256
f 4898
a 5005 5280 256
f 4830
a 5006 1312 256
f 4873
a 5007 784 16
f 4842
a 5008 752 16
f 4835
a 5009 2464 256
f 4976
a 5010 3904 64
f 5000
a 5011 9632 16
f 4674
a 5012 368 64
f 4921
a 5013 8896 16
f 4969
a 5014 6448 16
f 4889
a 5015 19424 64
f 4920
a 5016 26016 64
f 4935
a 5017 9856 64
f 5014
a 5018 17136 64
f 4849
a 5019 47760 64
f 4931
a 5020 33760 16
f 5003
a 5021 592 16
f 4997
a 5022 27040 256
f 5015
a 5023 320 256
f 4988
a 5024 10912 64
f 4974
a 5025 6736 256
f 4993
a 5026 26240 64
f 4983
a 5027 976 64
f 5025
a 5028 18864 16
f 4779
a 5029 7360 16
f 5010
a 5030 25376 16
f 4989
a 5031 38288 64
f 4965
a 5032 352 64
f 5017
a 5033 2624 16
f 4938
a 5034 13312 64
f 4995
a 5035 1968 256
f 4766
a 5036 26928 64
f 4934
a 5037 7008 16
f 4978
a 5038 784 256
f 5036
a 5039 416 16
f 5012
a 5040 1248 64
f 4422
a 5041 10384 16
f 5032
a 5042 10992 16
f 4906
a 5043 12816 64
f 5031
a 5044 2512 256
f 4902
a 5045 23872 64
f 4811
a 5046 336 16
f 4960
a 5047 35056 64
f 5041
a 5048 12064 256
f 5037
a 5049 432 64
f 4792
a 5050 22960 256
f 4990
a 5051 6176 256
f 4895
a 5052 3360 64
f 4726
a 5053 13744 256
f 4880
a 5054 4016 256
f 4954
a 5055 704 64
f 4946
a 5056 1008 16
f 4911
a 5057 24656 64
f 5035
a 5058 928 256
f 5055
a 5059 19248 16
f 5004
a 5060 816 256
f 5045
a 5061 24688 256
f 5059
a 5062 28432 256
f 5016
a 5063 5136 64
f 4964
a 5064 864 16
f 5019
a 5065 1008 64
f 4882
a 5066 4576 16
f 5049
a 5067 560 256
f 5026
a 5068 896 16
f 5018
a 5069 336 64
f 5052
a 5070 11488 256
f 5033
a 5071 2336 256
f 5006
a 5072 39232 64
f 5067
a 5073 1776 16
f 5029
a 5074 688 256
f 4985
a 5075 14704 16
f 5011
a 5076 29440 16
f 5043
a 5077 848 256
f 5072
a 5078 736 256
f 5078
a 5079 368 16
f 5079
a 5080 30976 64
f 4886
a 5081 512 64
f 4797
a 5082 18576 256
f 5076
a 5083 416 16
f 5066
a 5084 15776 64
f 5074
a 5085 1696 64
f 5009
a 5086 50368 16
f 4937
a 5087 19616 64
f 5081
a 5088 592 16
f 5044
a 5089 10736 16
f 4949
a 5090 352 256
f 4943
a 5091 7328 16
f 5053
a 5092 2512 64
f 5088
a 5093 34896 256
f 4928
a 5094 272 256
f 4834
a 5095 4688 64
f 4590
a 5096 880 256
f 5039
a 5097 4576 64
f 4925
a 5098 25536 256
f 5065
a 5099 816 16
c step-5000
