# hetoimasia allocator parity trace, format 1; see README.md
# Synthetic, hypothetical: 1000 live buffers of 256 B to 64 KiB, log-uniform, alignments 16, 64 or 256,
# filling 95% of the block, then 5,000 steps of one random free and one allocation.
trace sweep-live-01000-occupancy-95
capacity 12713984
seed 1005
a 0 2368 256
a 1 4512 256
a 2 45776 16
a 3 1872 256
a 4 4592 256
a 5 18592 256
a 6 13440 64
a 7 22464 64
a 8 31600 64
a 9 544 16
a 10 336 256
a 11 400 256
a 12 1888 64
a 13 45744 64
a 14 9488 64
a 15 2960 256
a 16 55376 16
a 17 1584 64
a 18 50464 16
a 19 1488 256
a 20 10768 256
a 21 8000 256
a 22 1376 16
a 23 416 64
a 24 18144 64
a 25 8064 16
a 26 7312 16
a 27 1488 64
a 28 2480 16
a 29 1728 64
a 30 688 256
a 31 1632 256
a 32 352 16
a 33 1872 256
a 34 1712 16
a 35 864 256
a 36 14336 256
a 37 592 64
a 38 432 64
a 39 304 256
a 40 5712 256
a 41 3888 64
a 42 50880 16
a 43 2496 64
a 44 1024 256
a 45 432 64
a 46 400 16
a 47 336 64
a 48 432 16
a 49 3680 64
a 50 912 16
a 51 352 64
a 52 512 16
a 53 16992 64
a 54 64448 16
a 55 992 64
a 56 5264 256
a 57 5360 16
a 58 44768 16
a 59 720 256
a 60 4048 64
a 61 15440 256
a 62 52336 16
a 63 6752 256
a 64 58432 256
a 65 1488 64
a 66 320 256
a 67 55200 64
a 68 432 256
a 69 1216 64
a 70 62448 64
a 71 704 256
a 72 5616 16
a 73 16336 64
a 74 800 64
a 75 688 64
a 76 21392 64
a 77 29056 64
a 78 6928 16
a 79 288 256
a 80 288 64
a 81 768 64
a 82 13056 16
a 83 37424 16
a 84 28032 256
a 85 23568 256
a 86 58256 16
a 87 672 64
a 88 5392 64
a 89 5856 16
a 90 400 256
a 91 7024 16
a 92 37392 16
a 93 1184 256
a 94 816 16
a 95 496 16
a 96 13040 256
a 97 12288 256
a 98 13856 64
a 99 49744 16
a 100 7536 16
a 101 1632 16
a 102 20192 256
a 103 8496 256
a 104 992 16
a 105 448 16
a 106 1952 16
a 107 40960 256
a 108 3424 16
a 109 11120 16
a 110 896 16
a 111 31472 256
a 112 7184 16
a 113 8064 16
a 114 18592 16
a 115 7648 64
a 116 11840 256
a 117 31920 256
a 118 352 256
a 119 65056 64
a 120 464 16
a 121 17616 256
a 122 45616 256
a 123 448 64
a 124 1872 64
a 125 3920 16
a 126 736 64
a 127 384 16
a 128 7440 256
a 129 11200 64
a 130 6768 16
a 131 31152 16
a 132 7120 64
a 133 18880 256
a 134 8752 16
a 135 432 16
a 136 736 16
a 137 1712 64
a 138 464 16
a 139 64704 64
a 140 336 256
a 141 1776 64
a 142 816 64
a 143 480 16
a 144 1520 16
a 145 320 256
a 146 1664 16
a 147 480 256
a 148 10592 64
a 149 10000 64
a 150 55952 64
a 151 1584 256
a 152 752 256
a 153 12736 256
a 154 304 64
a 155 9200 16
a 156 512 64
a 157 960 64
a 158 62304 64
a 159 26064 16
a 160 57232 256
a 161 37152 64
a 162 50976 256
a 163 1232 64
a 164 320 256
a 165 1968 64
a 166 3984 64
a 167 32096 64
a 168 640 16
a 169 992 256
a 170 5824 64
a 171 3088 64
a 172 304 64
a 173 14576 16
a 174 1616 256
a 175 1760 64
a 176 11072 256
a 177 2512 64
a 178 13280 64
a 179 3520 64
a 180 12544 16
a 181 12576 16
a 182 29072 256
a 183 432 256
a 184 1792 256
a 185 14032 64
a 186 15776 64
a 187 464 64
a 188 37984 16
a 189 2512 256
a 190 2272 256
a 191 17872 16
a 192 9680 16
a 193 272 64
a 194 3984 64
a 195 63552 64
a 196 1680 256
a 197 5152 64
a 198 1376 16
a 199 34368 64
a 200 31376 64
a 201 1792 64
a 202 62896 16
a 203 2016 16
a 204 912 16
a 205 9472 16
a 206 8336 16
a 207 2688 16
a 208 912 64
a 209 6288 256
a 210 1520 256
a 211 2880 16
a 212 16912 256
a 213 16544 256
a 214 592 64
a 215 1120 64
a 216 880 256
a 217 16352 256
a 218 2192 256
a 219 1008 16
a 220 62032 16
a 221 9952 16
a 222 24960 64
a 223 448 64
a 224 5232 16
a 225 1040 64
a 226 656 16
a 227 544 16
a 228 640 256
a 229 11312 16
a 230 2352 256
a 231 56720 16
a 232 15552 64
a 233 1968 16
a 234 8592 256
a 235 384 16
a 236 3776 16
a 237 3696 64
a 238 11232 64
a 239 304 64
a 240 4080 16
a 241 1872 64
a 242 992 64
a 243 12624 256
a 244 352 256
a 245 8848 256
a 246 304 16
a 247 320 16
a 248 512 64
a 249 2656 16
a 250 18720 64
a 251 63328 64
a 252 58912 256
a 253 14816 16
a 254 1872 64
a 255 4176 256
a 256 13744 16
a 257 18608 64
a 258 3072 64
a 259 7040 64
a 260 720 16
a 261 12992 256
a 262 336 64
a 263 5840 16
a 264 32256 64
a 265 8480 256
a 266 26496 64
a 267 352 16
a 268 31616 64
a 269 400 64
a 270 41424 64
a 271 8528 16
a 272 27936 64
a 273 576 256
a 274 4352 64
a 275 3680 64
a 276 960 256
a 277 4080 256
a 278 560 256
a 279 992 16
a 280 22896 256
a 281 1280 256
a 282 8656 16
a 283 704 64
a 284 304 16
a 285 1648 64
a 286 1152 256
a 287 560 64
a 288 10784 64
a 289 336 256
a 290 944 64
a 291 40064 16
a 292 304 64
a 293 14800 256
a 294 32384 64
a 295 23504 64
a 296 7216 256
a 297 4224 16
a 298 3856 256
a 299 3328 16
a 300 22448 16
a 301 432 64
a 302 1552 64
a 303 20064 16
a 304 39152 16
a 305 1008 256
a 306 1680 64
a 307 33216 64
a 308 272 64
a 309 2000 256
a 310 11152 256
a 311 1984 256
a 312 39664 64
a 313 63632 16
a 314 8448 16
a 315 640 16
a 316 7792 256
a 317 576 16
a 318 672 64
a 319 23808 64
a 320 21584 64
a 321 1424 64
a 322 2016 256
a 323 1744 64
a 324 608 256
a 325 11904 64
a 326 1616 16
a 327 26992 64
a 328 1440 16
a 329 36032 256
a 330 2032 256
a 331 752 16
a 332 2304 64
a 333 12336 64
a 334 45344 64
a 335 12336 16
a 336 15840 16
a 337 7696 64
a 338 53808 16
a 339 560 256
a 340 800 16
a 341 432 256
a 342 4832 256
a 343 1776 64
a 344 2240 256
a 345 3760 16
a 346 3440 64
a 347 5920 16
a 348 17184 16
a 349 864 256
a 350 7120 64
a 351 47824 256
a 352 416 64
a 353 26560 256
a 354 34000 256
a 355 400 64
a 356 45088 64
a 357 5920 16
a 358 8576 256
a 359 7216 64
a 360 816 16
a 361 28608 256
a 362 800 16
a 363 400 16
a 364 1552 64
a 365 416 16
a 366 1040 16
a 367 7200 16
a 368 2304 64
a 369 912 16
a 370 2272 64
a 371 7840 64
a 372 8576 256
a 373 3712 64
a 374 20624 16
a 375 2688 256
a 376 2736 64
a 377 1392 16
a 378 60048 64
a 379 256 16
a 380 4304 16
a 381 52944 64
a 382 1776 256
a 383 18880 64
a 384 8464 256
a 385 12640 256
a 386 2400 256
a 387 368 64
a 388 14528 64
a 389 46656 64
a 390 1360 64
a 391 2656 64
a 392 320 256
a 393 704 16
a 394 464 256
a 395 8032 64
a 396 3104 64
a 397 416 64
a 398 1392 16
a 399 2160 256
a 400 42672 256
a 401 1504 16
a 402 12608 256
a 403 1536 64
a 404 2384 256
a 405 1328 256
a 406 1232 256
a 407 45616 64
a 408 3184 16
a 409 512 16
a 410 3088 64
a 411 14096 256
a 412 400 16
a 413 416 64
a 414 544 16
a 415 6160 16
a 416 2336 64
a 417 480 64
a 418 1136 64
a 419 44832 16
a 420 50304 256
a 421 368 64
a 422 512 64
a 423 3152 16
a 424 19136 64
a 425 2688 64
a 426 12000 16
a 427 880 16
a 428 496 256
a 429 2368 256
a 430 416 16
a 431 15888 256
a 432 848 16
a 433 1776 256
a 434 816 64
a 435 704 64
a 436 35472 64
a 437 704 64
a 438 36256 16
a 439 896 64
a 440 47808 64
a 441 13536 256
a 442 1136 64
a 443 1216 16
a 444 65536 16
a 445 36464 256
a 446 13808 16
a 447 59184 64
a 448 4400 64
a 449 944 64
a 450 39168 16
a 451 2112 256
a 452 18880 64
a 453 512 16
a 454 1856 256
a 455 2352 256
a 456 3312 64
a 457 832 64
a 458 10896 64
a 459 784 16
a 460 20016 16
a 461 33296 16
a 462 304 64
a 463 38560 256
a 464 3456 16
a 465 2192 16
a 466 14672 16
a 467 4176 256
a 468 63824 64
a 469 464 64
a 470 3920 64
a 471 31264 16
a 472 1216 256
a 473 22000 16
a 474 3840 256
a 475 9472 256
a 476 2848 64
a 477 1376 16
a 478 384 64
a 479 256 16
a 480 1792 256
a 481 22096 16
a 482 20480 256
a 483 30832 64
a 484 37792 64
a 485 6928 16
a 486 12752 256
a 487 3840 64
a 488 448 256
a 489 27888 16
a 490 2448 16
a 491 384 16
a 492 26272 16
a 493 23024 256
a 494 14336 64
a 495 5088 16
a 496 52432 16
a 497 27536 256
a 498 912 64
a 499 896 16
a 500 928 256
a 501 3488 16
a 502 7504 16
a 503 7728 64
a 504 18448 64
a 505 1872 16
a 506 55696 256
a 507 10048 256
a 508 3616 64
a 509 4928 64
a 510 21328 64
a 511 2304 64
a 512 4496 256
a 513 944 256
a 514 45968 64
a 515 4304 16
a 516 2016 256
a 517 12816 256
a 518 5168 16
a 519 13504 256
a 520 59584 64
a 521 2320 16
a 522 416 256
a 523 13776 256
a 524 64672 16
a 525 2864 64
a 526 384 64
a 527 25744 64
a 528 720 16
a 529 496 256
a 530 3648 64
a 531 4336 16
a 532 1136 64
a 533 8336 256
a 534 992 256
a 535 2944 256
a 536 688 16
a 537 14400 256
a 538 6944 64
a 539 464 64
a 540 2528 64
a 541 2176 16
a 542 4416 256
a 543 464 16
a 544 5200 16
a 545 2448 256
a 546 2960 64
a 547 19536 256
a 548 1200 64
a 549 976 16
a 550 11824 64
a 551 3648 256
a 552 3856 256
a 553 12304 256
a 554 16496 64
a 555 24112 64
a 556 53424 16
a 557 768 16
a 558 336 256
a 559 1936 64
a 560 416 256
a 561 4816 256
a 562 22832 16
a 563 976 64
a 564 30416 256
a 565 1088 16
a 566 1520 16
a 567 800 16
a 568 2976 16
a 569 320 256
a 570 47040 256
a 571 2000 16
a 572 384 16
a 573 448 256
a 574 5840 256
a 575 28352 16
a 576 21120 16
a 577 31552 16
a 578 1344 64
a 579 1984 256
a 580 56144 64
a 581 16288 256
a 582 12336 64
a 583 3648 256
a 584 7680 16
a 585 13440 256
a 586 368 16
a 587 928 256
a 588 448 256
a 589 1168 256
a 590 30816 16
a 591 7904 64
a 592 14848 256
a 593 1328 256
a 594 1872 64
a 595 1776 16
a 596 51728 256
a 597 288 16
a 598 1168 256
a 599 480 64
a 600 21264 64
a 601 9632 16
a 602 3728 256
a 603 35344 64
a 604 3072 16
a 605 1056 16
a 606 47008 64
a 607 784 256
a 608 3136 256
a 609 56576 64
a 610 400 256
a 611 2448 256
a 612 2000 16
a 613 6672 64
a 614 5088 16
a 615 15008 256
a 616 544 16
a 617 64592 16
a 618 61360 16
a 619 61040 256
a 620 528 256
a 621 15712 64
a 622 12880 64
a 623 752 64
a 624 22160 64
a 625 640 16
a 626 13360 16
a 627 33408 16
a 628 784 256
a 629 1024 16
a 630 6096 16
a 631 21312 256
a 632 3408 16
a 633 448 256
a 634 48832 64
a 635 384 256
a 636 720 64
a 637 864 256
a 638 16464 256
a 639 496 16
a 640 34992 16
a 641 2016 64
a 642 864 256
a 643 3696 256
a 644 50480 64
a 645 608 256
a 646 11040 64
a 647 7680 64
a 648 944 256
a 649 12512 16
a 650 1984 16
a 651 4032 16
a 652 27584 256
a 653 1520 64
a 654 23376 64
a 655 3728 256
a 656 8352 16
a 657 2544 16
a 658 7968 16
a 659 12336 256
a 660 12320 256
a 661 5104 16
a 662 56320 16
a 663 5168 64
a 664 4800 256
a 665 6128 64
a 666 22080 256
a 667 400 16
a 668 272 16
a 669 496 256
a 670 12624 16
a 671 15600 16
a 672 39840 16
a 673 928 64
a 674 6544 16
a 675 832 64
a 676 5392 64
a 677 1296 256
a 678 25840 16
a 679 21808 256
a 680 352 16
a 681 15696 64
a 682 384 64
a 683 26896 16
a 684 5952 16
a 685 16544 16
a 686 58944 64
a 687 736 16
a 688 13360 256
a 689 368 256
a 690 1232 16
a 691 416 16
a 692 6864 256
a 693 1120 16
a 694 4528 64
a 695 9984 64
a 696 544 256
a 697 768 64
a 698 3536 256
a 699 64096 256
a 700 1664 16
a 701 52592 64
a 702 12560 16
a 703 36944 16
a 704 2832 256
a 705 368 64
a 706 704 256
a 707 30496 256
a 708 13264 64
a 709 28768 256
a 710 1856 16
a 711 52192 256
a 712 42928 64
a 713 13664 16
a 714 10624 256
a 715 4672 16
a 716 30512 64
a 717 272 16
a 718 272 16
a 719 52416 64
a 720 1088 64
a 721 18608 64
a 722 55360 64
a 723 16160 16
a 724 30704 64
a 725 57616 256
a 726 19632 16
a 727 2304 256
a 728 14448 256
a 729 41184 64
a 730 720 256
a 731 28544 64
a 732 1568 16
a 733 9248 256
a 734 12256 64
a 735 28528 256
a 736 8624 16
a 737 544 256
a 738 6432 16
a 739 4528 16
a 740 7712 256
a 741 768 256
a 742 752 256
a 743 304 256
a 744 61216 16
a 745 31584 256
a 746 44768 16
a 747 1200 64
a 748 4240 16
a 749 464 64
a 750 4928 64
a 751 672 16
a 752 4992 64
a 753 512 256
a 754 29216 16
a 755 7856 16
a 756 54672 16
a 757 6448 16
a 758 22192 16
a 759 3312 256
a 760 11696 256
a 761 5424 256
a 762 320 256
a 763 6448 256
a 764 13936 16
a 765 1664 16
a 766 54416 64
a 767 400 64
a 768 5520 256
a 769 8864 256
a 770 4080 256
a 771 480 16
a 772 1328 256
a 773 6416 64
a 774 4960 64
a 775 3232 256
a 776 22384 256
a 777 57152 256
a 778 672 64
a 779 26912 16
a 780 20432 16
a 781 352 256
a 782 1600 16
a 783 7376 64
a 784 544 64
a 785 368 64
a 786 8656 64
a 787 672 64
a 788 4240 64
a 789 432 16
a 790 22864 16
a 791 14816 16
a 792 3280 16
a 793 15760 16
a 794 22224 64
a 795 400 16
a 796 4528 256
a 797 63904 16
a 798 336 256
a 799 6912 256
a 800 688 16
a 801 512 16
a 802 3344 64
a 803 13344 256
a 804 5248 256
a 805 608 64
a 806 24592 64
a 807 12032 16
a 808 288 256
a 809 1696 64
a 810 288 64
a 811 1680 64
a 812 9568 64
a 813 6128 64
a 814 12208 256
a 815 8144 256
a 816 15936 64
a 817 1888 256
a 818 1088 16
a 819 62016 256
a 820 1824 256
a 821 65312 256
a 822 1440 64
a 823 1632 64
a 824 14720 256
a 825 480 16
a 826 400 16
a 827 416 256
a 828 736 64
a 829 272 64
a 830 33008 16
a 831 592 64
a 832 20416 256
a 833 1472 16
a 834 12320 16
a 835 11344 64
a 836 3728 64
a 837 2896 16
a 838 3216 256
a 839 63184 64
a 840 64144 256
a 841 21184 64
a 842 6032 16
a 843 12896 256
a 844 4080 256
a 845 2224 16
a 846 45584 256
a 847 3360 64
a 848 15120 16
a 849 13120 64
a 850 768 16
a 851 15424 256
a 852 1424 256
a 853 1472 16
a 854 4704 256
a 855 704 16
a 856 12064 64
a 857 352 64
a 858 21168 16
a 859 768 64
a 860 1472 256
a 861 3792 64
a 862 368 256
a 863 13216 256
a 864 528 64
a 865 41696 64
a 866 22160 16
a 867 7728 16
a 868 12176 64
a 869 960 256
a 870 7920 64
a 871 496 16
a 872 4480 16
a 873 1600 16
a 874 39920 256
a 875 288 64
a 876 672 16
a 877 3856 256
a 878 2896 16
a 879 6224 256
a 880 4064 64
a 881 464 256
a 882 624 256
a 883 11360 16
a 884 13904 64
a 885 9184 64
a 886 8944 64
a 887 45136 256
a 888 656 16
a 889 4176 64
a 890 49664 256
a 891 5392 16
a 892 992 16
a 893 512 64
a 894 17664 64
a 895 448 256
a 896 352 64
a 897 1408 256
a 898 38416 16
a 899 7248 256
a 900 928 256
a 901 3648 64
a 902 1520 64
a 903 2976 256
a 904 9504 256
a 905 16720 64
a 906 8528 64
a 907 352 256
a 908 8336 256
a 909 30720 16
a 910 64224 256
a 911 11280 256
a 912 752 256
a 913 60192 256
a 914 40624 16
a 915 336 16
a 916 9280 256
a 917 1376 256
a 918 3296 64
a 919 4176 256
a 920 1024 64
a 921 624 64
a 922 656 64
a 923 24960 256
a 924 1504 64
a 925 6016 64
a 926 3776 256
a 927 15280 16
a 928 5280 16
a 929 13424 256
a 930 32288 16
a 931 13408 256
a 932 4800 16
a 933 432 16
a 934 480 64
a 935 976 64
a 936 6384 256
a 937 5328 64
a 938 13968 64
a 939 22048 256
a 940 6848 256
a 941 432 256
a 942 992 256
a 943 45648 16
a 944 1552 64
a 945 5280 16
a 946 3040 16
a 947 320 256
a 948 6880 256
a 949 304 64
a 950 432 64
a 951 352 64
a 952 32112 16
a 953 432 256
a 954 7536 64
a 955 3904 256
a 956 27968 16
a 957 512 64
a 958 1200 256
a 959 16672 64
a 960 6880 16
a 961 864 256
a 962 2944 256
a 963 1856 256
a 964 2096 64
a 965 40544 256
a 966 352 256
a 967 55824 16
a 968 4144 16
a 969 54944 256
a 970 416 256
a 971 1920 64
a 972 7312 16
a 973 24448 256
a 974 41216 256
a 975 26688 256
a 976 15504 256
a 977 39920 256
a 978 22176 64
a 979 49024 256
a 980 5408 64
a 981 880 256
a 982 816 64
a 983 6752 256
a 984 592 256
a 985 34208 256
a 986 11424 16
a 987 28576 256
a 988 65456 256
a 989 31664 64
a 990 464 256
a 991 560 16
a 992 640 64
a 993 27968 16
a 994 44336 256
a 995 13216 64
a 996 12992 64
a 997 10896 16
a 998 416 64
a 999 896 256
c filled
f 695
a 1000 2320 16
f 550
a 1001 880 16
f 698
a 1002 3824 16
f 281
a 1003 60352 16
f 864
a 1004 3984 16
f 203
a 1005 3952 64
f 689
a 1006 13888 256
f 707
a 1007 13424 16
f 826
a 1008 8624 16
f 849
a 1009 32496 256
f 144
a 1010 4112 16
f 53
a 1011 43680 64
f 591
a 1012 4640 256
f 222
a 1013 65008 256
f 99
a 1014 16192 64
f 541
a 1015 496 256
f 779
a 1016 9680 64
f 780
a 1017 2688 64
f 580
a 1018 448 256
f 511
a 1019 58512 256
f 798
a 1020 6496 256
f 258
a 1021 5600 256
f 138
a 1022 384 16
f 434
a 1023 5024 256
f 134
a 1024 448 64
f 94
a 1025 496 64
f 637
a 1026 18656 64
f 489
a 1027 29968 16
f 3
a 1028 1792 64
f 577
a 1029 880 256
f 821
a 1030 22512 16
f 171
a 1031 24352 256
f 660
a 1032 10240 16
f 974
a 1033 1264 16
f 918
a 1034 3744 256
f 97
a 1035 18352 256
f 609
a 1036 8176 16
f 522
a 1037 400 256
f 507
a 1038 6880 256
f 2
a 1039 28736 64
f 409
a 1040 3392 16
f 745
a 1041 1632 16
f 253
a 1042 3536 16
f 187
a 1043 1568 256
f 998
a 1044 5040 64
f 54
a 1045 7696 64
f 700
a 1046 7584 64
f 213
a 1047 384 16
f 991
a 1048 7152 256
f 285
a 1049 3792 256
f 945
a 1050 480 16
f 103
a 1051 2576 64
f 462
a 1052 28640 256
f 900
a 1053 512 256
f 55
a 1054 5568 16
f 1009
a 1055 1232 64
f 146
a 1056 4976 64
f 784
a 1057 464 16
f 292
a 1058 2048 256
f 200
a 1059 1696 64
f 490
a 1060 10256 16
f 174
a 1061 8336 16
f 143
a 1062 54224 16
f 807
a 1063 45408 16
f 627
a 1064 11680 256
f 631
a 1065 768 16
f 917
a 1066 22560 64
f 483
a 1067 14688 256
f 922
a 1068 12176 16
f 275
a 1069 41600 256
f 756
a 1070 26784 256
f 639
a 1071 23424 16
f 161
a 1072 5664 256
f 634
a 1073 752 16
f 923
a 1074 19504 64
f 546
a 1075 336 16
f 308
a 1076 42400 16
f 322
a 1077 21200 256
f 912
a 1078 384 256
f 276
a 1079 34768 256
f 280
a 1080 6464 16
f 563
a 1081 3680 16
f 952
a 1082 11648 256
f 916
a 1083 336 64
f 665
a 1084 2960 16
f 701
a 1085 11104 256
f 906
a 1086 15440 16
f 160
a 1087 768 16
f 1074
a 1088 944 256
f 888
a 1089 1088 16
f 255
a 1090 29776 64
f 124
a 1091 2496 64
f 1005
a 1092 3488 256
f 267
a 1093 3344 64
f 52
a 1094 15760 16
f 465
a 1095 34384 64
f 90
a 1096 51312 64
f 1023
a 1097 3024 16
f 767
a 1098 928 64
f 957
a 1099 1216 64
f 962
a 1100 2784 256
f 584
a 1101 39360 16
f 983
a 1102 3488 256
f 820
a 1103 7840 16
f 204
a 1104 3296 256
f 91
a 1105 60272 16
f 643
a 1106 928 64
f 743
a 1107 8880 16
f 1022
a 1108 3792 16
f 62
a 1109 32304 16
f 559
a 1110 33136 16
f 581
a 1111 864 256
f 545
a 1112 1584 256
f 800
a 1113 4016 64
f 42
a 1114 64336 16
f 383
a 1115 9232 64
f 985
a 1116 432 64
f 738
a 1117 576 16
f 747
a 1118 42256 256
f 205
a 1119 1216 16
f 642
a 1120 3648 256
f 907
a 1121 15824 256
f 599
a 1122 5216 16
f 630
a 1123 35328 256
f 988
a 1124 288 64
f 366
a 1125 800 64
f 571
a 1126 560 256
f 592
a 1127 1104 16
f 1100
a 1128 12384 256
f 528
a 1129 960 64
f 709
a 1130 464 16
f 1102
a 1131 400 64
f 179
a 1132 6656 256
f 526
a 1133 8576 64
f 656
a 1134 27936 256
f 670
a 1135 28096 256
f 811
a 1136 4656 16
f 127
a 1137 7680 256
f 397
a 1138 39840 256
f 111
a 1139 16288 64
f 714
a 1140 11216 256
f 1001
a 1141 464 256
f 115
a 1142 1808 64
f 548
a 1143 16928 16
f 841
a 1144 20416 256
f 362
a 1145 272 16
f 1118
a 1146 736 16
f 390
a 1147 18096 256
f 126
a 1148 3936 64
f 1127
a 1149 16096 256
f 313
a 1150 30592 64
f 732
a 1151 11984 16
f 685
a 1152 12448 64
f 413
a 1153 7136 256
f 617
a 1154 6944 64
f 828
a 1155 448 256
f 195
a 1156 1968 64
f 587
a 1157 13328 256
f 854
a 1158 880 256
f 223
a 1159 39728 64
f 506
a 1160 288 256
f 893
a 1161 2720 16
f 338
a 1162 304 256
f 278
a 1163 58144 16
f 885
a 1164 6208 16
f 686
a 1165 38464 256
f 887
a 1166 1024 64
f 1126
a 1167 1552 64
f 890
a 1168 5088 256
f 964
a 1169 12592 64
f 74
a 1170 304 64
f 335
a 1171 14384 64
f 407
a 1172 3808 64
f 652
a 1173 976 64
f 129
a 1174 8384 256
f 274
a 1175 320 256
f 1145
a 1176 28352 64
f 694
a 1177 368 256
f 1122
a 1178 58096 16
f 661
a 1179 39344 64
f 809
a 1180 416 16
f 328
a 1181 1328 16
f 406
a 1182 15040 16
f 1
a 1183 9600 16
f 348
a 1184 368 256
f 903
a 1185 336 256
f 547
a 1186 17008 64
f 567
a 1187 464 16
f 344
a 1188 816 256
f 27
a 1189 272 16
f 792
a 1190 60416 16
f 21
a 1191 1728 64
f 576
a 1192 7824 64
f 100
a 1193 7040 16
f 564
a 1194 784 64
f 356
a 1195 928 256
f 346
a 1196 14864 64
f 96
a 1197 2016 64
f 350
a 1198 4784 256
f 41
a 1199 2112 64
f 254
a 1200 11984 64
f 1182
a 1201 768 64
f 271
a 1202 53920 256
f 889
a 1203 640 64
f 1172
a 1204 1056 256
f 785
a 1205 19344 64
f 658
a 1206 6784 64
f 288
a 1207 832 16
f 1196
a 1208 50272 64
f 853
a 1209 2160 64
f 47
a 1210 480 256
f 804
a 1211 336 64
f 1199
a 1212 12672 256
f 960
a 1213 2592 256
f 241
a 1214 59136 64
f 66
a 1215 59504 64
f 682
a 1216 11664 16
f 574
a 1217 15776 16
f 976
a 1218 3104 256
f 1160
a 1219 1024 64
f 467
a 1220 3808 64
f 297
a 1221 18000 64
f 155
a 1222 1792 256
f 603
a 1223 50128 64
f 814
a 1224 6176 64
f 842
a 1225 4560 16
f 207
a 1226 400 16
f 469
a 1227 448 64
f 514
a 1228 17792 64
f 170
a 1229 8496 16
f 49
a 1230 3056 256
f 419
a 1231 34896 16
f 734
a 1232 48608 256
f 622
a 1233 26992 16
f 56
a 1234 30736 256
f 443
a 1235 23760 64
f 197
a 1236 14032 16
f 238
a 1237 368 16
f 403
a 1238 3472 64
f 45
a 1239 22464 64
f 611
a 1240 768 256
f 951
a 1241 12352 64
f 300
a 1242 1392 64
f 119
a 1243 9392 16
f 268
a 1244 13392 64
f 1226
a 1245 18288 64
f 862
a 1246 3168 256
f 422
a 1247 16320 256
f 1050
a 1248 512 16
f 1000
a 1249 528 256
f 1031
a 1250 944 16
f 835
a 1251 10704 16
f 38
a 1252 560 256
f 650
a 1253 2608 64
f 560
a 1254 64864 16
f 897
a 1255 1024 256
f 596
a 1256 23872 256
f 626
a 1257 26576 256
f 166
a 1258 56512 64
f 325
a 1259 52880 16
f 1098
a 1260 848 256
f 211
a 1261 18032 16
f 657
a 1262 1584 64
f 886
a 1263 400 16
f 1081
a 1264 15680 64
f 229
a 1265 3664 256
f 177
a 1266 3328 64
f 319
a 1267 1456 256
f 925
a 1268 352 16
f 950
a 1269 2304 16
f 139
a 1270 2240 256
f 679
a 1271 320 256
f 970
a 1272 432 64
f 25
a 1273 31072 256
f 781
a 1274 992 64
f 810
a 1275 432 16
f 822
a 1276 17248 256
f 555
a 1277 1600 256
f 257
a 1278 768 256
f 1019
a 1279 5040 256
f 485
a 1280 368 16
f 516
a 1281 2336 64
f 1045
a 1282 4992 256
f 993
a 1283 6656 256
f 424
a 1284 63584 16
f 1099
a 1285 3456 64
f 636
a 1286 16272 16
f 1189
a 1287 39888 64
f 1245
a 1288 17536 256
f 878
a 1289 1472 64
f 1207
a 1290 1216 256
f 847
a 1291 13152 64
f 314
a 1292 58272 256
f 81
a 1293 368 256
f 154
a 1294 6288 16
f 1024
a 1295 36128 64
f 530
a 1296 512 16
f 770
a 1297 29072 16
f 1013
a 1298 41376 16
f 963
a 1299 63088 64
f 691
a 1300 31920 64
f 833
a 1301 28624 64
f 641
a 1302 27104 64
f 270
a 1303 816 256
f 1154
a 1304 5696 16
f 227
a 1305 3456 16
f 193
a 1306 4608 256
f 1128
a 1307 512 64
f 1239
a 1308 48416 64
f 1066
a 1309 56688 16
f 1267
a 1310 400 16
f 620
a 1311 9776 256
f 244
a 1312 17312 16
f 375
a 1313 272 256
f 1061
a 1314 16896 64
f 1262
a 1315 752 256
f 708
a 1316 2048 16
f 199
a 1317 3072 64
f 125
a 1318 320 256
f 236
a 1319 448 64
f 850
a 1320 2432 16
f 552
a 1321 2608 16
f 944
a 1322 43568 64
f 921
a 1323 29216 64
f 381
a 1324 21168 16
f 996
a 1325 3264 256
f 553
a 1326 2240 16
f 1180
a 1327 31504 256
f 984
a 1328 496 16
f 77
a 1329 352 64
f 447
a 1330 928 16
f 429
a 1331 3680 16
f 329
a 1332 352 256
f 1300
a 1333 13168 64
f 705
a 1334 7840 16
f 990
a 1335 480 64
f 221
a 1336 13264 64
f 109
a 1337 400 64
f 863
a 1338 11808 64
f 606
a 1339 7072 64
f 518
a 1340 400 64
f 368
a 1341 58192 16
f 83
a 1342 12880 16
f 484
a 1343 56352 64
f 772
a 1344 13552 256
f 93
a 1345 400 64
f 1026
a 1346 11776 256
f 318
a 1347 4832 16
f 147
a 1348 11632 64
f 904
a 1349 50656 16
f 940
a 1350 912 16
f 891
a 1351 3008 16
f 1242
a 1352 944 64
f 40
a 1353 3904 256
f 777
a 1354 1504 64
f 1253
a 1355 560 64
f 527
a 1356 1312 64
f 895
a 1357 2016 256
f 872
a 1358 560 64
f 1070
a 1359 352 256
f 1227
a 1360 9616 16
f 418
a 1361 848 16
f 858
a 1362 816 16
f 568
a 1363 46960 16
f 1124
a 1364 20592 64
f 194
a 1365 4336 16
f 345
a 1366 688 64
f 1286
a 1367 880 16
f 36
a 1368 12768 64
f 908
a 1369 31552 16
f 791
a 1370 32944 256
f 461
a 1371 1072 64
f 750
a 1372 5984 16
f 536
a 1373 672 16
f 182
a 1374 3296 64
f 816
a 1375 1184 256
f 583
a 1376 5648 64
f 102
a 1377 3008 16
f 892
a 1378 3664 64
f 926
a 1379 528 16
f 1271
a 1380 3632 16
f 586
a 1381 34960 64
f 226
a 1382 11136 64
f 361
a 1383 10720 256
f 1345
a 1384 44752 64
f 1211
a 1385 384 256
f 1028
a 1386 8944 256
f 400
a 1387 49568 16
f 542
a 1388 50128 64
f 385
a 1389 384 64
f 579
a 1390 400 64
f 867
a 1391 25184 16
f 1030
a 1392 29264 256
f 1205
a 1393 4256 256
f 1071
a 1394 656 16
f 524
a 1395 13072 16
f 717
a 1396 1408 16
f 19
a 1397 880 16
f 875
a 1398 944 64
f 1006
a 1399 2064 64
f 751
a 1400 7376 16
f 1181
a 1401 3632 256
f 801
a 1402 7792 16
f 185
a 1403 60576 64
f 1343
a 1404 14672 256
f 1365
a 1405 46384 64
f 231
a 1406 320 16
f 201
a 1407 752 16
f 438
a 1408 1472 256
f 763
a 1409 45616 256
f 18
a 1410 4880 16
f 237
a 1411 9440 16
f 1337
a 1412 2672 16
f 972
a 1413 24368 256
f 1034
a 1414 656 64
f 184
a 1415 5664 256
f 540
a 1416 3616 64
f 1406
a 1417 4160 64
f 1056
a 1418 21552 16
f 1109
a 1419 2640 256
f 659
a 1420 6512 16
f 1376
a 1421 14000 16
f 1214
a 1422 15552 16
f 450
a 1423 4480 16
f 697
a 1424 560 64
f 1236
a 1425 1952 16
f 30
a 1426 48800 64
f 371
a 1427 25632 16
f 11
a 1428 10000 16
f 645
a 1429 992 16
f 20
a 1430 1328 16
f 675
a 1431 15744 256
f 131
a 1432 5840 256
f 360
a 1433 7248 16
f 1357
a 1434 16224 64
f 582
a 1435 7488 64
f 834
a 1436 6320 16
f 1228
a 1437 5504 16
f 1285
a 1438 736 256
f 829
a 1439 10448 256
f 616
a 1440 60752 256
f 774
a 1441 13056 64
f 1112
a 1442 6288 256
f 31
a 1443 4096 16
f 1378
a 1444 592 16
f 5
a 1445 1040 16
f 1399
a 1446 13616 16
f 949
a 1447 1024 256
f 43
a 1448 7440 256
f 118
a 1449 368 16
f 1042
a 1450 592 16
f 444
a 1451 9696 16
f 629
a 1452 13664 256
f 942
a 1453 65168 16
f 1178
a 1454 1808 256
f 1104
a 1455 49616 64
f 1383
a 1456 11072 256
f 1308
a 1457 5872 256
f 1179
a 1458 12720 64
f 1233
a 1459 304 16
f 797
a 1460 49872 256
f 1382
a 1461 27744 64
f 981
a 1462 52208 256
f 250
a 1463 432 64
f 474
a 1464 21136 16
f 84
a 1465 1712 64
f 1297
a 1466 1232 16
f 259
a 1467 928 256
f 1263
a 1468 688 256
f 284
a 1469 272 256
f 765
a 1470 816 16
f 624
a 1471 46112 64
f 769
a 1472 272 256
f 1379
a 1473 27136 64
f 920
a 1474 3344 64
f 145
a 1475 752 256
f 855
a 1476 336 256
f 455
a 1477 42672 16
f 1273
a 1478 6496 64
f 666
a 1479 896 16
f 978
a 1480 816 256
f 1394
a 1481 27296 16
f 1346
a 1482 12896 256
f 233
a 1483 1280 64
f 209
a 1484 1088 16
f 635
a 1485 512 64
f 192
a 1486 52896 256
f 790
a 1487 18816 64
f 989
a 1488 25104 64
f 287
a 1489 50320 64
f 1469
a 1490 51216 64
f 749
a 1491 1632 16
f 1459
a 1492 992 64
f 1402
a 1493 1504 16
f 367
a 1494 5888 16
f 725
a 1495 18608 256
f 451
a 1496 2880 256
f 1046
a 1497 11360 16
f 352
a 1498 6928 256
f 1435
a 1499 784 16
c step-500
f 441
a 1500 672 256
f 217
a 1501 10000 256
f 249
a 1502 55472 16
f 843
a 1503 2096 16
f 551
a 1504 29840 64
f 491
a 1505 46160 16
f 358
a 1506 24864 64
f 156
a 1507 1856 256
f 1058
a 1508 272 64
f 245
a 1509 62864 16
f 478
a 1510 864 256
f 33
a 1511 1376 16
f 1281
a 1512 352 64
f 505
a 1513 13616 256
f 1087
a 1514 28016 256
f 999
a 1515 22368 256
f 1065
a 1516 960 256
f 748
a 1517 45536 16
f 218
a 1518 560 16
f 1035
a 1519 3328 16
f 618
a 1520 656 256
f 1499
a 1521 432 16
f 1231
a 1522 2336 256
f 1465
a 1523 27760 64
f 1445
a 1524 6848 16
f 608
a 1525 464 256
f 87
a 1526 19872 16
f 1183
a 1527 30944 64
f 959
a 1528 272 256
f 1369
a 1529 2624 256
f 445
a 1530 5216 64
f 674
a 1531 1984 16
f 1113
a 1532 1872 16
f 1420
a 1533 1488 16
f 598
a 1534 1712 16
f 12
a 1535 496 256
f 457
a 1536 4368 16
f 954
a 1537 17376 256
f 1212
a 1538 9968 16
f 1355
a 1539 8624 64
f 533
a 1540 800 16
f 737
a 1541 25472 256
f 1254
a 1542 4128 256
f 392
a 1543 62480 16
f 831
a 1544 57232 256
f 421
a 1545 368 64
f 343
a 1546 29344 64
f 808
a 1547 23264 64
f 1327
a 1548 512 64
f 761
a 1549 464 16
f 1091
a 1550 3408 256
f 1520
a 1551 1136 64
f 569
a 1552 36432 16
f 415
a 1553 1168 64
f 425
a 1554 22800 16
f 1164
a 1555 1136 16
f 411
a 1556 944 64
f 1150
a 1557 8144 64
f 1256
a 1558 23008 256
f 1360
a 1559 1712 64
f 1270
a 1560 7104 16
f 1511
a 1561 1056 256
f 1255
a 1562 1888 16
f 1240
a 1563 18032 16
f 1391
a 1564 7904 256
f 930
a 1565 3712 16
f 1456
a 1566 1712 256
f 1321
a 1567 15968 16
f 654
a 1568 656 256
f 703
a 1569 2752 16
f 759
a 1570 27936 256
f 590
a 1571 64864 256
f 1334
a 1572 2512 256
f 1235
a 1573 31968 64
f 1449
a 1574 2384 256
f 766
a 1575 320 16
f 1568
a 1576 12496 64
f 320
a 1577 58256 16
f 752
a 1578 816 64
f 225
a 1579 19776 256
f 370
a 1580 3088 64
f 116
a 1581 544 64
f 1438
a 1582 17056 16
f 501
a 1583 19728 256
f 70
a 1584 23776 256
f 339
a 1585 35184 256
f 1116
a 1586 10624 256
f 1174
a 1587 53248 256
f 95
a 1588 6304 256
f 1038
a 1589 944 16
f 870
a 1590 2576 64
f 1136
a 1591 768 256
f 558
a 1592 368 64
f 295
a 1593 5712 16
f 395
a 1594 12784 64
f 517
a 1595 1248 64
f 1370
a 1596 2720 256
f 1587
a 1597 14448 64
f 805
a 1598 1088 16
f 341
a 1599 9984 64
f 69
a 1600 6240 64
f 806
a 1601 22864 256
f 117
a 1602 10464 256
f 121
a 1603 57408 256
f 228
a 1604 25760 16
f 827
a 1605 1744 64
f 946
a 1606 416 256
f 1460
a 1607 304 64
f 572
a 1608 54912 16
f 1508
a 1609 4352 16
f 1581
a 1610 592 256
f 1489
a 1611 7088 256
f 323
a 1612 320 64
f 1434
a 1613 624 64
f 1567
a 1614 7488 16
f 198
a 1615 24928 16
f 1361
a 1616 4448 256
f 1041
a 1617 880 64
f 394
a 1618 7088 256
f 373
a 1619 15328 64
f 1494
a 1620 11392 16
f 1303
a 1621 2368 64
f 106
a 1622 304 64
f 277
a 1623 2144 64
f 1080
a 1624 624 64
f 1341
a 1625 448 256
f 1502
a 1626 800 16
f 1027
a 1627 20976 64
f 1583
a 1628 57984 64
f 459
a 1629 2640 16
f 431
a 1630 1952 64
f 730
a 1631 1040 256
f 473
a 1632 63040 256
f 1619
a 1633 2032 64
f 1630
a 1634 9376 64
f 1272
a 1635 32032 64
f 494
a 1636 11184 64
f 1547
a 1637 25392 64
f 1479
a 1638 672 256
f 17
a 1639 45872 16
f 680
a 1640 1056 64
f 158
a 1641 384 16
f 265
a 1642 1392 64
f 1085
a 1643 1568 256
f 1493
a 1644 25680 256
f 1314
a 1645 368 64
f 380
a 1646 1776 256
f 388
a 1647 23904 256
f 191
a 1648 16752 64
f 1079
a 1649 1584 16
f 1152
a 1650 28592 256
f 1241
a 1651 880 64
f 304
a 1652 42752 16
f 1289
a 1653 496 64
f 1141
a 1654 16496 64
f 1486
a 1655 1600 64
f 482
a 1656 480 64
f 1415
a 1657 45584 256
f 802
a 1658 992 256
f 1165
a 1659 1808 256
f 1649
a 1660 384 64
f 412
a 1661 45984 64
f 427
a 1662 19152 256
f 914
a 1663 14896 16
f 1536
a 1664 800 256
f 1121
a 1665 960 16
f 1025
a 1666 768 256
f 230
a 1667 20992 16
f 1667
a 1668 9024 64
f 919
a 1669 15456 256
f 764
a 1670 1776 256
f 662
a 1671 7600 256
f 1108
a 1672 496 256
f 1474
a 1673 6992 64
f 317
a 1674 928 64
f 1401
a 1675 7808 256
f 1279
a 1676 30160 16
f 165
a 1677 8176 64
f 1244
a 1678 3312 16
f 1629
a 1679 4800 16
f 1655
a 1680 304 64
f 163
a 1681 432 256
f 884
a 1682 18176 64
f 602
a 1683 288 16
f 1612
a 1684 11056 64
f 1681
a 1685 44816 256
f 1608
a 1686 640 256
f 132
a 1687 2640 256
f 479
a 1688 1728 256
f 471
a 1689 44352 16
f 1169
a 1690 50320 16
f 181
a 1691 4544 16
f 1386
a 1692 1264 64
f 929
a 1693 2208 256
f 1450
a 1694 5328 256
f 336
a 1695 47024 16
f 1073
a 1696 17936 64
f 1651
a 1697 816 64
f 1101
a 1698 13088 64
f 1488
a 1699 39456 64
f 172
a 1700 6192 64
f 1044
a 1701 528 256
f 956
a 1702 17888 256
f 8
a 1703 2688 64
f 216
a 1704 3568 64
f 1424
a 1705 848 64
f 108
a 1706 2992 64
f 1054
a 1707 9840 256
f 266
a 1708 5104 16
f 1624
a 1709 1456 16
f 1374
a 1710 19840 256
f 1036
a 1711 912 256
f 1320
a 1712 23776 16
f 460
a 1713 38368 256
f 628
a 1714 18112 16
f 664
a 1715 63616 256
f 148
a 1716 1568 256
f 1209
a 1717 5648 16
f 1358
a 1718 20000 256
f 846
a 1719 24688 16
f 513
a 1720 2736 256
f 1646
a 1721 26688 16
f 283
a 1722 3600 16
f 1125
a 1723 13728 256
f 1184
a 1724 11600 64
f 14
a 1725 25376 16
f 168
a 1726 3360 64
f 1430
a 1727 10208 16
f 104
a 1728 12480 16
f 59
a 1729 2304 16
f 504
a 1730 1216 64
f 783
a 1731 448 64
f 178
a 1732 3888 64
f 1380
a 1733 464 64
f 1186
a 1734 14816 64
f 1198
a 1735 384 16
f 475
a 1736 1056 16
f 681
a 1737 7728 16
f 1110
a 1738 464 256
f 1578
a 1739 576 16
f 1679
a 1740 1808 64
f 1673
a 1741 2864 16
f 971
a 1742 512 64
f 669
a 1743 64928 256
f 532
a 1744 2880 16
f 1188
a 1745 2704 64
f 1729
a 1746 36736 64
f 1557
a 1747 28384 16
f 1559
a 1748 1760 64
f 1097
a 1749 1536 16
f 404
a 1750 3568 64
f 549
a 1751 7328 256
f 1161
a 1752 13232 256
f 1714
a 1753 7056 256
f 1693
a 1754 1632 64
f 721
a 1755 1392 256
f 1059
a 1756 16448 16
f 1372
a 1757 55264 256
f 818
a 1758 2816 16
f 1120
a 1759 34480 64
f 1454
a 1760 2032 16
f 1162
a 1761 432 16
f 1119
a 1762 464 64
f 736
a 1763 1056 64
f 1032
a 1764 8144 16
f 387
a 1765 9360 64
f 1509
a 1766 2080 64
f 1766
a 1767 29344 64
f 470
a 1768 5328 64
f 1340
a 1769 10272 16
f 593
a 1770 6544 64
f 408
a 1771 1552 256
f 262
a 1772 1296 256
f 1047
a 1773 6816 16
f 901
a 1774 7312 64
f 1497
a 1775 2592 64
f 1142
a 1776 880 64
f 440
a 1777 2016 64
f 235
a 1778 384 256
f 1193
a 1779 31872 64
f 1687
a 1780 2640 256
f 1540
a 1781 1168 256
f 1516
a 1782 39984 64
f 1544
a 1783 2256 16
f 1052
a 1784 928 64
f 1501
a 1785 37552 256
f 688
a 1786 4400 16
f 1650
a 1787 15088 64
f 1348
a 1788 400 256
f 1602
a 1789 2176 64
f 1769
a 1790 2528 16
f 88
a 1791 768 256
f 252
a 1792 2992 64
f 1216
a 1793 29968 256
f 1210
a 1794 62352 64
f 1595
a 1795 592 256
f 1648
a 1796 27488 64
f 819
a 1797 4096 64
f 180
a 1798 1376 16
f 1053
a 1799 416 16
f 1504
a 1800 720 256
f 1461
a 1801 2240 64
f 1333
a 1802 3424 64
f 1387
a 1803 640 16
f 1436
a 1804 416 16
f 61
a 1805 1216 16
f 140
a 1806 14160 16
f 1397
a 1807 320 64
f 1010
a 1808 7408 64
f 1643
a 1809 6144 16
f 1600
a 1810 1472 16
f 1518
a 1811 11248 64
f 1414
a 1812 6000 64
f 256
a 1813 10000 256
f 206
a 1814 17504 16
f 1078
a 1815 49200 256
f 1689
a 1816 304 64
f 1003
a 1817 448 256
f 152
a 1818 832 64
f 1092
a 1819 3872 64
f 98
a 1820 47856 64
f 57
a 1821 13968 64
f 1392
a 1822 30416 256
f 1268
a 1823 2944 64
f 1633
a 1824 320 256
f 1259
a 1825 14512 64
f 653
a 1826 6688 16
f 939
a 1827 848 16
f 1219
a 1828 3440 16
f 731
a 1829 12944 64
f 1432
a 1830 832 256
f 503
a 1831 25520 16
f 1075
a 1832 6960 64
f 1574
a 1833 13968 16
f 1312
a 1834 25968 256
f 16
a 1835 320 64
f 136
a 1836 7040 256
f 733
a 1837 8112 256
f 1455
a 1838 2128 256
f 948
a 1839 14016 64
f 1083
a 1840 1152 256
f 298
a 1841 2448 256
f 1598
a 1842 45888 16
f 1090
a 1843 36784 16
f 89
a 1844 1920 16
f 449
a 1845 19600 256
f 1636
a 1846 59712 16
f 994
a 1847 976 64
f 1653
a 1848 18960 16
f 1002
a 1849 656 16
f 153
a 1850 20976 16
f 309
a 1851 6192 64
f 1527
a 1852 8784 16
f 243
a 1853 2000 256
f 1139
a 1854 2928 64
f 135
a 1855 272 16
f 436
a 1856 4688 16
f 310
a 1857 896 256
f 1804
a 1858 35248 64
f 46
a 1859 2416 64
f 1423
a 1860 512 256
f 332
a 1861 752 256
f 85
a 1862 3232 256
f 1848
a 1863 976 64
f 1375
a 1864 448 64
f 32
a 1865 672 16
f 729
a 1866 37456 64
f 1146
a 1867 3968 16
f 1566
a 1868 63472 256
f 1533
a 1869 62816 64
f 64
a 1870 352 16
f 382
a 1871 48176 16
f 1377
a 1872 1920 16
f 1167
a 1873 11584 16
f 1218
a 1874 1248 16
f 1447
a 1875 5376 256
f 1784
a 1876 368 64
f 896
a 1877 19600 16
f 531
a 1878 736 256
f 1841
a 1879 688 256
f 1878
a 1880 4256 256
f 1793
a 1881 1520 256
f 260
a 1882 1824 64
f 1481
a 1883 2320 16
f 1708
a 1884 3648 16
f 364
a 1885 1968 16
f 1561
a 1886 26512 64
f 1428
a 1887 5440 256
f 1835
a 1888 48480 256
f 1849
a 1889 18864 64
f 986
a 1890 32496 16
f 1845
a 1891 3056 16
f 1626
a 1892 4240 64
f 1622
a 1893 6288 256
f 1433
a 1894 368 256
f 1291
a 1895 480 16
f 869
a 1896 3472 64
f 299
a 1897 304 256
f 72
a 1898 1552 256
f 247
a 1899 2144 64
f 1584
a 1900 3504 16
f 1697
a 1901 11296 256
f 416
a 1902 25776 64
f 1261
a 1903 464 16
f 149
a 1904 496 256
f 1656
a 1905 57712 64
f 1366
a 1906 1440 64
f 1847
a 1907 2016 16
f 1427
a 1908 27424 256
f 1670
a 1909 15600 16
f 1037
a 1910 3296 16
f 1735
a 1911 528 16
f 1790
a 1912 784 64
f 1390
a 1913 1536 64
f 293
a 1914 30240 16
f 1538
a 1915 544 64
f 980
a 1916 2896 64
f 1537
a 1917 3440 64
f 1733
a 1918 928 256
f 573
a 1919 17888 16
f 101
a 1920 9120 16
f 10
a 1921 576 16
f 435
a 1922 2128 16
f 1246
a 1923 496 64
f 1683
a 1924 2000 256
f 1853
a 1925 1440 64
f 898
a 1926 27040 256
f 757
a 1927 1776 256
f 315
a 1928 2272 16
f 1416
a 1929 1728 64
f 1238
a 1930 59984 64
f 1440
a 1931 688 256
f 575
a 1932 448 16
f 520
a 1933 1168 64
f 120
a 1934 1120 256
f 739
a 1935 2784 16
f 1637
a 1936 1408 16
f 248
a 1937 2416 16
f 1572
a 1938 7088 64
f 1521
a 1939 7072 16
f 1725
a 1940 288 64
f 1918
a 1941 62336 64
f 649
a 1942 288 64
f 1134
a 1943 3840 64
f 1688
a 1944 464 16
f 879
a 1945 10000 16
f 1903
a 1946 14560 64
f 793
a 1947 848 64
f 1275
a 1948 58048 16
f 1777
a 1949 19808 64
f 866
a 1950 320 16
f 1319
a 1951 7760 64
f 1313
a 1952 30336 256
f 1249
a 1953 49392 16
f 73
a 1954 432 16
f 683
a 1955 896 16
f 874
a 1956 61264 256
f 347
a 1957 61648 64
f 114
a 1958 16176 64
f 711
a 1959 6032 16
f 782
a 1960 544 16
f 1409
a 1961 2192 64
f 405
a 1962 2240 64
f 92
a 1963 61664 64
f 493
a 1964 7424 64
f 883
a 1965 10656 64
f 1280
a 1966 51712 16
f 1871
a 1967 31616 256
f 786
a 1968 5136 64
f 1916
a 1969 22256 256
f 1716
a 1970 2352 256
f 1682
a 1971 7376 16
f 1325
a 1972 624 64
f 1783
a 1973 1792 16
f 486
a 1974 3776 64
f 1166
a 1975 18880 256
f 1603
a 1976 1680 256
f 1353
a 1977 3264 256
f 1556
a 1978 1504 256
f 543
a 1979 784 256
f 1768
a 1980 16272 16
f 823
a 1981 5744 16
f 1147
a 1982 11040 256
f 1901
a 1983 656 64
f 1324
a 1984 15840 256
f 1862
a 1985 5104 64
f 1785
a 1986 38848 64
f 401
a 1987 2624 64
f 1243
a 1988 1600 64
f 1609
a 1989 3312 256
f 1652
a 1990 1264 16
f 263
a 1991 3664 64
f 1888
a 1992 1280 16
f 1213
a 1993 832 16
f 1290
a 1994 11824 256
f 1477
a 1995 464 64
f 1294
a 1996 57504 16
f 1966
a 1997 45904 256
f 1411
a 1998 12832 16
f 1947
a 1999 944 16
c step-1000
f 1176
a 2000 1600 16
f 433
a 2001 1360 256
f 1864
a 2002 2736 256
f 928
a 2003 58320 64
f 477
a 2004 720 16
f 1093
a 2005 512 16
f 1677
a 2006 9952 16
f 1712
a 2007 544 16
f 538
a 2008 39408 16
f 1185
a 2009 56112 16
f 1203
a 2010 13536 64
f 713
a 2011 1536 256
f 1726
a 2012 7776 64
f 852
a 2013 1296 16
f 1623
a 2014 960 16
f 1832
a 2015 1888 256
f 1491
a 2016 20112 16
f 667
a 2017 384 64
f 1851
a 2018 1648 64
f 1919
a 2019 432 64
f 648
a 2020 14672 16
f 1606
a 2021 432 16
f 1706
a 2022 6784 64
f 773
a 2023 912 64
f 1938
a 2024 432 16
f 1276
a 2025 32576 64
f 865
a 2026 9088 16
f 1710
a 2027 608 256
f 2018
a 2028 256 64
f 578
a 2029 944 64
f 625
a 2030 1056 256
f 953
a 2031 31072 16
f 1088
a 2032 25888 16
f 1576
a 2033 12816 256
f 741
a 2034 368 16
f 442
a 2035 752 16
f 1040
a 2036 1152 64
f 825
a 2037 1248 16
f 1522
a 2038 640 256
f 110
a 2039 1984 256
f 1419
a 2040 2944 16
f 1524
a 2041 37872 256
f 839
a 2042 1200 16
f 1278
a 2043 800 64
f 1306
a 2044 592 256
f 1775
a 2045 3104 256
f 1332
a 2046 61488 64
f 2007
a 2047 2768 16
f 2011
a 2048 2000 256
f 1979
a 2049 3552 256
f 1539
a 2050 3344 256
f 1728
a 2051 3280 256
f 1724
a 2052 2192 16
f 1887
a 2053 29072 64
f 1809
a 2054 304 16
f 1534
a 2055 448 256
f 1698
a 2056 9072 64
f 1754
a 2057 41024 64
f 492
a 2058 44096 16
f 1368
a 2059 992 256
f 1580
a 2060 47648 16
f 269
a 2061 272 256
f 1931
a 2062 1504 256
f 1114
a 2063 43312 64
f 795
a 2064 464 64
f 1594
a 2065 704 16
f 561
a 2066 1216 16
f 1807
a 2067 23488 64
f 1354
a 2068 2176 16
f 1106
a 2069 41904 64
f 544
a 2070 55296 64
f 1553
a 2071 46880 256
f 1331
a 2072 35424 64
f 312
a 2073 39840 16
f 1601
a 2074 11616 64
f 937
a 2075 45856 64
f 1640
a 2076 3168 16
f 428
a 2077 320 16
f 1994
a 2078 1680 64
f 1143
a 2079 45792 64
f 1232
a 2080 4144 16
f 321
a 2081 368 256
f 224
a 2082 608 256
f 305
a 2083 5968 256
f 1328
a 2084 5632 64
f 1658
a 2085 400 64
f 1611
a 2086 432 256
f 389
a 2087 25168 16
f 365
a 2088 3600 256
f 1610
a 2089 6960 256
f 1761
a 2090 21728 16
f 1985
a 2091 7344 256
f 78
a 2092 63856 16
f 1988
a 2093 38288 16
f 1893
a 2094 11072 16
f 1951
a 2095 7376 16
f 931
a 2096 4576 256
f 1796
a 2097 57088 256
f 1371
a 2098 10304 256
f 1838
a 2099 512 64
f 2088
a 2100 592 16
f 9
a 2101 9072 256
f 1939
a 2102 26448 64
f 150
a 2103 8448 16
f 1618
a 2104 1760 256
f 2061
a 2105 9184 16
f 1899
a 2106 25584 256
f 1564
a 2107 6448 16
f 1466
a 2108 928 256
f 239
a 2109 368 16
f 1892
a 2110 16272 64
f 426
a 2111 25296 64
f 1885
a 2112 1744 64
f 1975
a 2113 33904 16
f 289
a 2114 33040 64
f 1752
a 2115 1680 16
f 2020
a 2116 52240 16
f 463
a 2117 928 256
f 992
a 2118 672 256
f 1905
a 2119 27248 64
f 2104
a 2120 1696 256
f 63
a 2121 3408 256
f 290
a 2122 1056 64
f 1453
a 2123 11360 256
f 1973
a 2124 22336 64
f 1590
a 2125 5536 256
f 969
a 2126 3920 16
f 758
a 2127 5888 256
f 535
a 2128 6432 256
f 1929
a 2129 3312 256
f 22
a 2130 52656 256
f 1510
a 2131 39952 64
f 1782
a 2132 304 16
f 633
a 2133 1088 64
f 324
a 2134 7344 16
f 1208
a 2135 63648 256
f 1634
a 2136 304 256
f 2038
a 2137 544 256
f 1971
a 2138 3264 256
f 597
a 2139 800 64
f 476
a 2140 400 16
f 632
a 2141 960 16
f 316
a 2142 26064 16
f 1908
a 2143 784 64
f 130
a 2144 58736 16
f 1827
a 2145 2048 256
f 673
a 2146 2448 256
f 838
a 2147 512 16
f 1685
a 2148 7056 64
f 753
a 2149 528 16
f 1349
a 2150 8976 64
f 1197
a 2151 8016 64
f 815
a 2152 9168 16
f 1844
a 2153 11392 256
f 2065
a 2154 1312 16
f 2042
a 2155 448 16
f 2153
a 2156 12608 256
f 1284
a 2157 15088 256
f 1204
a 2158 5344 64
f 296
a 2159 16960 256
f 2124
a 2160 1536 16
f 1008
a 2161 1232 64
f 464
a 2162 13968 256
f 2115
a 2163 2848 64
f 1470
a 2164 400 64
f 1237
a 2165 880 64
f 2140
a 2166 3184 16
f 48
a 2167 33696 16
f 1523
a 2168 288 256
f 1674
a 2169 2992 64
f 1868
a 2170 29760 64
f 303
a 2171 8112 64
f 1482
a 2172 7392 64
f 1930
a 2173 368 64
f 183
a 2174 1536 16
f 2123
a 2175 2608 256
f 44
a 2176 45328 16
f 186
a 2177 864 64
f 2089
a 2178 1328 256
f 1012
a 2179 912 64
f 1471
a 2180 448 16
f 2070
a 2181 1600 16
f 1800
a 2182 1984 16
f 384
a 2183 5552 256
f 1632
a 2184 864 256
f 430
a 2185 320 16
f 1833
a 2186 5280 16
f 1736
a 2187 38944 16
f 4
a 2188 3600 16
f 861
a 2189 864 64
f 351
a 2190 11280 256
f 327
a 2191 3760 16
f 399
a 2192 50256 256
f 330
a 2193 12656 16
f 169
a 2194 560 64
f 2019
a 2195 3008 64
f 1638
a 2196 592 256
f 331
a 2197 336 256
f 1907
a 2198 11008 16
f 1631
a 2199 8320 256
f 1422
a 2200 39808 256
f 1934
a 2201 384 64
f 1639
a 2202 1520 16
f 2179
a 2203 3856 16
f 644
a 2204 6464 256
f 1020
a 2205 336 64
f 497
a 2206 5584 16
f 1891
a 2207 400 64
f 2105
a 2208 24416 16
f 2180
a 2209 2256 16
f 1095
a 2210 304 64
f 1018
a 2211 1136 256
f 1441
a 2212 19632 256
f 264
a 2213 47200 16
f 706
a 2214 624 256
f 1813
a 2215 19952 16
f 1995
a 2216 1184 256
f 1316
a 2217 64832 16
f 1822
a 2218 30880 256
f 817
a 2219 416 16
f 724
a 2220 368 64
f 291
a 2221 36192 256
f 2044
a 2222 55888 64
f 1560
a 2223 2240 64
f 1746
a 2224 4336 16
f 2002
a 2225 7952 64
f 377
a 2226 5712 256
f 2101
a 2227 50640 16
f 1897
a 2228 400 16
f 1530
a 2229 512 16
f 2146
a 2230 38624 16
f 468
a 2231 4416 256
f 448
a 2232 11104 64
f 2097
a 2233 3808 16
f 1774
a 2234 48336 64
f 2056
a 2235 3904 16
f 2151
a 2236 2240 64
f 1944
a 2237 7648 256
f 1359
a 2238 12208 256
f 1780
a 2239 272 256
f 82
a 2240 7584 256
f 2040
a 2241 60576 16
f 605
a 2242 64912 16
f 1451
a 2243 784 256
f 1385
a 2244 3984 16
f 26
a 2245 1728 64
f 23
a 2246 24704 16
f 1974
a 2247 2896 64
f 1004
a 2248 720 64
f 2141
a 2249 1568 16
f 938
a 2250 560 16
f 232
a 2251 3472 64
f 1703
a 2252 60480 256
f 1084
a 2253 1472 64
f 1936
a 2254 63888 256
f 1251
a 2255 912 16
f 1301
a 2256 800 16
f 1895
a 2257 17776 16
f 219
a 2258 7568 256
f 1551
a 2259 816 16
f 1828
a 2260 22576 64
f 2186
a 2261 768 256
f 2000
a 2262 1712 64
f 349
a 2263 14080 16
f 369
a 2264 400 16
f 556
a 2265 44064 256
f 1941
a 2266 36768 16
f 844
a 2267 26816 256
f 1418
a 2268 26384 64
f 432
a 2269 30112 256
f 1153
a 2270 1312 256
f 2016
a 2271 1488 256
f 376
a 2272 41520 64
f 1373
a 2273 496 64
f 220
a 2274 7440 64
f 2259
a 2275 752 16
f 1221
a 2276 49616 256
f 1913
a 2277 6016 256
f 2245
a 2278 54736 16
f 615
a 2279 304 16
f 420
a 2280 1024 256
f 934
a 2281 544 16
f 515
a 2282 20768 64
f 2111
a 2283 8144 256
f 2128
a 2284 1312 16
f 1909
a 2285 1120 16
f 1342
a 2286 512 16
f 1627
a 2287 736 256
f 2134
a 2288 512 16
f 189
a 2289 944 256
f 1105
a 2290 1376 16
f 2286
a 2291 5376 64
f 1734
a 2292 336 64
f 1759
a 2293 352 256
f 1945
a 2294 57040 16
f 2191
a 2295 384 16
f 672
a 2296 704 64
f 2167
a 2297 1296 16
f 1476
a 2298 336 256
f 2262
a 2299 1968 256
f 1957
a 2300 2928 16
f 1117
a 2301 7584 64
f 735
a 2302 49488 16
f 1842
a 2303 704 256
f 1412
a 2304 15168 256
f 1555
a 2305 29776 256
f 1926
a 2306 2896 64
f 1123
a 2307 19456 16
f 210
a 2308 55904 16
f 1850
a 2309 10352 16
f 2045
a 2310 7984 64
f 1175
a 2311 2400 64
f 1577
a 2312 33536 64
f 1991
a 2313 6032 16
f 899
a 2314 24096 16
f 1234
a 2315 49072 256
f 1596
a 2316 848 256
f 1057
a 2317 480 256
f 2059
a 2318 8464 16
f 936
a 2319 992 64
f 640
a 2320 2752 64
f 446
a 2321 6592 256
f 2316
a 2322 496 256
f 2014
a 2323 47472 16
f 1318
a 2324 2416 256
f 1202
a 2325 320 256
f 2230
a 2326 58736 64
f 1446
a 2327 54896 64
f 1159
a 2328 3792 64
f 1478
a 2329 736 256
f 1690
a 2330 7184 64
f 1915
a 2331 26960 256
f 1305
a 2332 5984 16
f 2132
a 2333 2992 64
f 2062
a 2334 58816 64
f 1806
a 2335 41344 256
f 2010
a 2336 640 64
f 1737
a 2337 3392 256
f 1770
a 2338 480 16
f 932
a 2339 14624 256
f 2068
a 2340 2816 16
f 1579
a 2341 6688 64
f 65
a 2342 4048 64
f 1818
a 2343 2576 16
f 1519
a 2344 1360 64
f 1860
a 2345 272 64
f 2233
a 2346 1024 16
f 1307
a 2347 3984 64
f 1738
a 2348 65376 256
f 1248
a 2349 32384 16
f 2335
a 2350 576 64
f 396
a 2351 37360 256
f 529
a 2352 22032 16
f 1968
a 2353 720 64
f 1758
a 2354 1504 256
f 261
a 2355 51488 64
f 1749
a 2356 352 256
f 1696
a 2357 384 256
f 2342
a 2358 624 256
f 2026
a 2359 47600 16
f 1007
a 2360 12032 64
f 2127
a 2361 10240 64
f 796
a 2362 272 64
f 68
a 2363 288 64
f 2155
a 2364 15200 64
f 1137
a 2365 1232 256
f 1996
a 2366 2224 256
f 2121
a 2367 1040 64
f 1826
a 2368 352 16
f 1707
a 2369 45024 16
f 2023
a 2370 28368 256
f 1984
a 2371 32752 16
f 2003
a 2372 368 16
f 1665
a 2373 1216 16
f 1170
a 2374 1856 64
f 2232
a 2375 38000 64
f 2196
a 2376 496 16
f 2100
a 2377 6032 256
f 1317
a 2378 19088 64
f 2114
a 2379 288 64
f 1730
a 2380 5024 256
f 746
a 2381 16848 16
f 1852
a 2382 7728 64
f 677
a 2383 15648 16
f 638
a 2384 30816 256
f 1615
a 2385 23808 64
f 566
a 2386 512 16
f 2131
a 2387 1600 16
f 2166
a 2388 15024 64
f 1051
a 2389 1328 256
f 2372
a 2390 304 256
f 882
a 2391 3056 64
f 2187
a 2392 496 64
f 726
a 2393 3856 64
f 1393
a 2394 6384 64
f 1920
a 2395 352 256
f 1604
a 2396 53760 64
f 2189
a 2397 320 16
f 1992
a 2398 28480 64
f 909
a 2399 14464 16
f 1410
a 2400 640 64
f 1666
a 2401 384 64
f 1644
a 2402 1568 16
f 306
a 2403 2944 64
f 2395
a 2404 336 64
f 2150
a 2405 14784 16
f 718
a 2406 400 16
f 2211
a 2407 47344 16
f 2366
a 2408 12864 64
f 2408
a 2409 1040 64
f 2294
a 2410 352 256
f 2223
a 2411 1600 64
f 2218
a 2412 8848 64
f 754
a 2413 3168 64
f 1431
a 2414 12320 256
f 1820
a 2415 352 256
f 2324
a 2416 5072 64
f 1620
a 2417 1472 16
f 1347
a 2418 5872 16
f 2063
a 2419 15632 16
f 2209
a 2420 336 16
f 1678
a 2421 352 64
f 437
a 2422 20288 16
f 2289
a 2423 368 16
f 1989
a 2424 7616 64
f 619
a 2425 2240 256
f 2107
a 2426 8144 64
f 2256
a 2427 25984 16
f 1861
a 2428 1472 256
f 1191
a 2429 2160 16
f 1661
a 2430 544 64
f 2145
a 2431 25152 16
f 311
a 2432 736 256
f 1554
a 2433 11104 16
f 1033
a 2434 896 64
f 1381
a 2435 480 256
f 2152
a 2436 320 16
f 2305
a 2437 480 16
f 2413
a 2438 288 256
f 495
a 2439 30864 64
f 2411
a 2440 24624 16
f 1873
a 2441 12112 64
f 958
a 2442 10112 256
f 1825
a 2443 7648 256
f 1983
a 2444 528 256
f 722
a 2445 34400 64
f 880
a 2446 1632 256
f 613
a 2447 3440 16
f 2184
a 2448 1104 64
f 2321
a 2449 18016 16
f 1952
a 2450 52352 256
f 2135
a 2451 27408 64
f 500
a 2452 288 256
f 1144
a 2453 336 256
f 2416
a 2454 52768 16
f 1863
a 2455 1888 16
f 1616
a 2456 2240 16
f 2410
a 2457 1344 16
f 2195
a 2458 23296 64
f 868
a 2459 6976 16
f 2243
a 2460 29056 256
f 1657
a 2461 1904 256
f 1642
a 2462 8160 256
f 2228
a 2463 24992 16
f 2083
a 2464 6992 64
f 2254
a 2465 31984 16
f 2041
a 2466 2656 256
f 915
a 2467 1456 16
f 911
a 2468 6848 16
f 1692
a 2469 960 256
f 1928
a 2470 28608 64
f 2029
a 2471 6064 16
f 1222
a 2472 50128 64
f 2291
a 2473 33872 256
f 1830
a 2474 16240 256
f 851
a 2475 11456 64
f 534
a 2476 416 64
f 2082
a 2477 2848 64
f 2084
a 2478 32320 16
f 2047
a 2479 3040 16
f 1959
a 2480 5008 16
f 1351
a 2481 2096 256
f 2443
a 2482 34336 256
f 1094
a 2483 1136 16
f 7
a 2484 1728 64
f 2147
a 2485 896 16
f 2341
a 2486 5424 64
f 1352
a 2487 560 64
f 2095
a 2488 53616 64
f 1763
a 2489 13696 64
f 1704
a 2490 44624 256
f 2407
a 2491 6096 256
f 1274
a 2492 28160 256
f 776
a 2493 9696 256
f 2206
a 2494 2800 64
f 1282
a 2495 10464 256
f 2301
a 2496 35536 64
f 1694
a 2497 2000 64
f 1597
a 2498 1344 16
f 778
a 2499 448 256
c step-1500
f 2087
a 2500 480 16
f 202
a 2501 1328 64
f 1215
a 2502 5232 64
f 1904
a 2503 12912 256
f 71
a 2504 1024 16
f 1718
a 2505 25744 64
f 1498
a 2506 28960 16
f 845
a 2507 672 64
f 1757
a 2508 44432 64
f 212
a 2509 56080 64
f 1699
a 2510 6560 64
f 113
a 2511 560 256
f 1906
a 2512 41840 64
f 1795
a 2513 832 256
f 1257
a 2514 2896 16
f 2253
a 2515 9280 64
f 2326
a 2516 26560 16
f 1831
a 2517 1744 64
f 1846
a 2518 768 256
f 2048
a 2519 4976 256
f 480
a 2520 2224 16
f 2199
a 2521 10576 16
f 775
a 2522 1824 64
f 1684
a 2523 1216 16
f 1049
a 2524 1440 256
f 2246
a 2525 2048 256
f 1946
a 2526 368 16
f 2512
a 2527 23504 256
f 1767
a 2528 21792 16
f 813
a 2529 896 64
f 439
a 2530 55248 64
f 2518
a 2531 7792 16
f 2469
a 2532 3760 16
f 913
a 2533 9024 64
f 2494
a 2534 1888 16
f 1558
a 2535 688 64
f 1525
a 2536 20304 64
f 1277
a 2537 448 16
f 6
a 2538 896 64
f 1745
a 2539 2048 64
f 2288
a 2540 1376 16
f 2436
a 2541 1264 64
f 1338
a 2542 2304 256
f 1605
a 2543 5568 16
f 647
a 2544 3984 256
f 2163
a 2545 32384 16
f 2110
a 2546 608 16
f 28
a 2547 14784 16
f 1829
a 2548 2464 16
f 1295
a 2549 1424 16
f 1791
a 2550 2816 64
f 2074
a 2551 848 64
f 2099
a 2552 1968 256
f 2013
a 2553 62592 256
f 1969
a 2554 4336 256
f 1223
a 2555 848 64
f 2391
a 2556 4832 16
f 1480
a 2557 46320 256
f 80
a 2558 4544 16
f 1506
a 2559 5568 64
f 1879
a 2560 1456 16
f 2037
a 2561 43584 16
f 961
a 2562 400 16
f 2509
a 2563 10624 256
f 2553
a 2564 27968 256
f 456
a 2565 1616 16
f 2456
a 2566 60400 256
f 2054
a 2567 1552 64
f 2276
a 2568 3168 16
f 2046
a 2569 448 256
f 2334
a 2570 57664 64
f 742
a 2571 2128 16
f 1858
a 2572 3680 64
f 2120
a 2573 1280 64
f 1229
a 2574 10432 64
f 1722
a 2575 624 256
f 594
a 2576 24288 16
f 1549
a 2577 5248 64
f 2392
a 2578 416 256
f 1487
a 2579 992 64
f 2329
a 2580 51824 16
f 1014
a 2581 4064 64
f 122
a 2582 62864 64
f 2129
a 2583 1680 16
f 190
a 2584 30896 256
f 2277
a 2585 9104 64
f 2043
a 2586 3184 16
f 2169
a 2587 7120 16
f 1762
a 2588 368 256
f 357
a 2589 28784 16
f 337
a 2590 16416 256
f 1788
a 2591 2528 16
f 2116
a 2592 864 64
f 655
a 2593 880 16
f 1731
a 2594 560 64
f 2403
a 2595 28368 64
f 2258
a 2596 592 16
f 458
a 2597 992 16
f 410
a 2598 672 16
f 2310
a 2599 20816 16
f 1532
a 2600 272 64
f 1592
a 2601 1632 64
f 2401
a 2602 416 256
f 1972
a 2603 2240 256
f 2340
a 2604 672 16
f 2225
a 2605 480 16
f 2217
a 2606 384 256
f 2267
a 2607 20176 16
f 1787
a 2608 7264 16
f 173
a 2609 29920 64
f 2465
a 2610 22944 64
f 2415
a 2611 10608 64
f 294
a 2612 55472 256
f 2202
a 2613 480 256
f 2190
a 2614 1168 16
f 1999
a 2615 464 256
f 391
a 2616 27552 256
f 2332
a 2617 2160 16
f 2542
a 2618 736 16
f 2162
a 2619 352 256
f 2244
a 2620 1632 64
f 1702
a 2621 512 16
f 1980
a 2622 30256 16
f 1571
a 2623 1456 16
f 1669
a 2624 784 16
f 1867
a 2625 352 64
f 246
a 2626 6080 64
f 1801
a 2627 13344 256
f 1302
a 2628 496 64
f 123
a 2629 800 16
f 1513
a 2630 63072 16
f 1250
a 2631 352 16
f 2160
a 2632 41264 64
f 355
a 2633 2224 64
f 1168
a 2634 2032 16
f 2447
a 2635 432 64
f 2375
a 2636 14784 256
f 340
a 2637 35728 64
f 678
a 2638 57520 64
f 2602
a 2639 8288 16
f 1505
a 2640 26272 16
f 1962
a 2641 11600 64
f 768
a 2642 11280 64
f 671
a 2643 1504 16
f 1528
a 2644 8576 64
f 562
a 2645 7216 256
f 1705
a 2646 832 16
f 175
a 2647 848 16
f 2170
a 2648 6848 16
f 1876
a 2649 13280 256
f 251
a 2650 320 256
f 1269
a 2651 62160 256
f 1898
a 2652 28176 16
f 2396
a 2653 5120 64
f 1096
a 2654 3264 16
f 1076
a 2655 320 64
f 167
a 2656 464 16
f 1063
a 2657 19696 16
f 2646
a 2658 14336 256
f 1192
a 2659 5616 256
f 2639
a 2660 9904 64
f 2635
a 2661 384 256
f 604
a 2662 8112 64
f 2504
a 2663 9312 16
f 1755
a 2664 29440 256
f 2590
a 2665 63792 16
f 2607
a 2666 848 64
f 1187
a 2667 1712 16
f 1821
a 2668 8192 64
f 2476
a 2669 17552 16
f 955
a 2670 2656 16
f 2622
a 2671 5008 256
f 2030
a 2672 4080 16
f 2564
a 2673 4048 256
f 1700
a 2674 53536 256
f 2148
a 2675 10384 256
f 716
a 2676 928 16
f 2278
a 2677 1968 256
f 1805
a 2678 736 64
f 2231
a 2679 28016 16
f 1230
a 2680 5344 16
f 1163
a 2681 2160 16
f 2197
a 2682 10032 64
f 1517
a 2683 9120 64
f 565
a 2684 6816 16
f 481
a 2685 55456 16
f 2452
a 2686 2912 64
f 2112
a 2687 4992 256
f 2561
a 2688 1440 64
f 272
a 2689 848 64
f 2560
a 2690 272 16
f 2370
a 2691 12208 256
f 1515
a 2692 2384 64
f 1206
a 2693 15488 256
f 2384
a 2694 22304 64
f 1843
a 2695 320 64
f 1458
a 2696 384 256
f 2268
a 2697 56128 64
f 302
a 2698 1936 16
f 1389
a 2699 6400 64
f 1764
a 2700 688 256
f 1439
a 2701 39056 16
f 1017
a 2702 1424 16
f 570
a 2703 10224 64
f 1514
a 2704 304 256
f 1304
a 2705 55408 64
f 905
a 2706 464 16
f 164
a 2707 29792 256
f 2434
a 2708 1248 64
f 2578
a 2709 5104 16
f 601
a 2710 14416 16
f 651
a 2711 25872 64
f 927
a 2712 16640 16
f 1792
a 2713 656 16
f 452
a 2714 8624 64
f 2624
a 2715 1472 16
f 2009
a 2716 12304 64
f 2394
a 2717 33904 64
f 2363
a 2718 13824 256
f 2237
a 2719 9392 16
f 2540
a 2720 2208 64
f 453
a 2721 15760 64
f 2355
a 2722 768 64
f 521
a 2723 1072 16
f 2358
a 2724 24624 64
f 2204
a 2725 976 64
f 2574
a 2726 1024 16
f 2568
a 2727 448 64
f 2463
a 2728 5792 64
f 1910
a 2729 7232 256
f 208
a 2730 6720 64
f 2263
a 2731 704 256
f 2012
a 2732 3776 256
f 112
a 2733 46992 64
f 2484
a 2734 26928 256
f 2703
a 2735 8944 256
f 2215
a 2736 7776 64
f 1529
a 2737 13456 64
f 2487
a 2738 5248 64
f 2586
a 2739 20160 16
f 2647
a 2740 3504 64
f 1543
a 2741 3376 64
f 2682
a 2742 800 64
f 1932
a 2743 4960 256
f 379
a 2744 16112 64
f 2393
a 2745 26784 16
f 2373
a 2746 720 64
f 1695
a 2747 52624 64
f 2251
a 2748 5376 16
f 787
a 2749 704 16
f 2414
a 2750 6704 256
f 1350
a 2751 4128 256
f 1927
a 2752 36128 64
f 176
a 2753 22656 64
f 2634
a 2754 21168 16
f 2638
a 2755 512 256
f 2424
a 2756 2160 256
f 2327
a 2757 2624 16
f 1457
a 2758 18912 64
f 1803
a 2759 784 64
f 2008
a 2760 7408 16
f 2666
a 2761 928 64
f 2292
a 2762 2384 64
f 1448
a 2763 512 16
f 2658
a 2764 38672 16
f 1786
a 2765 7120 16
f 2177
a 2766 51264 256
f 2348
a 2767 1056 64
f 2282
a 2768 1232 256
f 487
a 2769 256 16
f 2491
a 2770 19664 16
f 1541
a 2771 768 64
f 1473
a 2772 11232 64
f 1171
a 2773 8048 64
f 2721
a 2774 320 64
f 2137
a 2775 9472 64
f 812
a 2776 416 16
f 1591
a 2777 5328 256
f 1765
a 2778 448 64
f 1713
a 2779 624 16
f 1751
a 2780 26896 64
f 35
a 2781 44976 64
f 1799
a 2782 24368 256
f 2778
a 2783 6912 256
f 1802
a 2784 3120 16
f 1421
a 2785 11008 16
f 2290
a 2786 1248 256
f 1811
a 2787 448 16
f 2520
a 2788 9616 256
f 2427
a 2789 1232 256
f 881
a 2790 14720 256
f 2060
a 2791 5888 64
f 857
a 2792 1008 256
f 1138
a 2793 4480 256
f 286
a 2794 8560 64
f 1717
a 2795 12800 256
f 2448
a 2796 10192 256
f 1531
a 2797 54464 256
f 1336
a 2798 21984 16
f 2632
a 2799 7552 16
f 60
a 2800 22048 16
f 1817
a 2801 3952 64
f 1756
a 2802 5472 16
f 2378
a 2803 9776 16
f 1607
a 2804 4704 64
f 1526
a 2805 1072 256
f 2255
a 2806 61536 64
f 2775
a 2807 6912 64
f 2154
a 2808 3040 64
f 1686
a 2809 720 256
f 794
a 2810 5968 256
f 2614
a 2811 496 256
f 2193
a 2812 352 256
f 676
a 2813 44752 16
f 2549
a 2814 1248 64
f 2513
a 2815 7232 16
f 2493
a 2816 45344 64
f 1503
a 2817 3728 16
f 2379
a 2818 4240 256
f 2727
a 2819 14672 256
f 2117
a 2820 41840 64
f 2362
a 2821 7040 16
f 37
a 2822 8848 64
f 2139
a 2823 50640 64
f 755
a 2824 4640 16
f 1883
a 2825 8064 16
f 2161
a 2826 25632 256
f 2684
a 2827 1440 256
f 1404
a 2828 11840 256
f 2637
a 2829 6976 64
f 2212
a 2830 21024 16
f 1884
a 2831 53920 256
f 2198
a 2832 3904 16
f 621
a 2833 45008 64
f 2451
a 2834 384 64
f 128
a 2835 32400 64
f 2664
a 2836 7808 64
f 1760
a 2837 24880 256
f 2615
a 2838 16032 64
f 2446
a 2839 1968 256
f 2588
a 2840 6688 16
f 1668
a 2841 1456 16
f 2829
a 2842 624 64
f 1190
a 2843 912 256
f 554
a 2844 19424 256
f 2331
a 2845 272 16
f 2797
a 2846 3472 16
f 2780
a 2847 1680 256
f 2505
a 2848 11424 64
f 1437
a 2849 15072 256
f 2537
a 2850 464 256
f 1917
a 2851 944 64
f 2234
a 2852 1888 64
f 2779
a 2853 2256 64
f 933
a 2854 51456 256
f 1854
a 2855 864 16
f 2761
a 2856 352 64
f 2249
a 2857 29088 256
f 720
a 2858 400 64
f 2621
a 2859 11824 256
f 975
a 2860 28896 16
f 2577
a 2861 11776 64
f 2848
a 2862 27968 256
f 1055
a 2863 5824 16
f 2749
a 2864 10192 256
f 2519
a 2865 368 64
f 242
a 2866 816 16
f 2707
a 2867 320 256
f 2236
a 2868 1584 64
f 2866
a 2869 28832 16
f 2546
a 2870 480 256
f 2445
a 2871 31664 64
f 372
a 2872 10048 256
f 2430
a 2873 31888 256
f 997
a 2874 19360 64
f 2641
a 2875 8704 64
f 2081
a 2876 30160 256
f 848
a 2877 3264 64
f 1155
a 2878 2912 16
f 704
a 2879 448 64
f 2628
a 2880 3296 256
f 1011
a 2881 1200 16
f 2653
a 2882 3712 256
f 2501
a 2883 9104 16
f 2250
a 2884 4336 64
f 50
a 2885 13760 256
f 2049
a 2886 33600 64
f 2432
a 2887 13744 64
f 1641
a 2888 7344 64
f 2536
a 2889 1456 64
f 1586
a 2890 672 64
f 2788
a 2891 2576 64
f 1483
a 2892 832 16
f 0
a 2893 320 64
f 2328
a 2894 3024 64
f 1727
a 2895 13360 16
f 2523
a 2896 8208 64
f 2298
a 2897 3792 64
f 2119
a 2898 24496 64
f 943
a 2899 512 256
f 1742
a 2900 896 256
f 2224
a 2901 1904 16
f 2318
a 2902 40192 16
f 2079
a 2903 2096 64
f 771
a 2904 960 16
f 1625
a 2905 24400 64
f 2481
a 2906 3664 64
f 2551
a 2907 65024 256
f 1339
a 2908 17168 16
f 2633
a 2909 1376 16
f 2092
a 2910 544 256
f 2499
a 2911 56576 256
f 2739
a 2912 608 16
f 2265
a 2913 592 16
f 2306
a 2914 6464 16
f 2500
a 2915 2640 64
f 1062
a 2916 4784 64
f 2735
a 2917 20688 16
f 2419
a 2918 976 64
f 2734
a 2919 928 256
f 2435
a 2920 496 16
f 2737
a 2921 576 16
f 1680
a 2922 1120 16
f 1309
a 2923 18064 256
f 15
a 2924 4096 16
f 2725
a 2925 512 16
f 2555
a 2926 976 16
f 2730
a 2927 384 64
f 2168
a 2928 15536 256
f 982
a 2929 3440 16
f 1507
a 2930 976 16
f 2361
a 2931 512 256
f 2508
a 2932 10976 256
f 2901
a 2933 39616 256
f 2462
a 2934 384 256
f 2495
a 2935 6576 64
f 1217
a 2936 384 16
f 2562
a 2937 464 16
f 2176
a 2938 14352 256
f 2474
a 2939 6784 64
f 2810
a 2940 1104 256
f 2192
a 2941 3888 16
f 2052
a 2942 1040 16
f 2918
a 2943 1024 256
f 1158
a 2944 37024 256
f 2488
a 2945 58384 16
f 2239
a 2946 15024 64
f 2872
a 2947 12320 16
f 2581
a 2948 688 64
f 2102
a 2949 21888 64
f 2472
a 2950 2288 256
f 2200
a 2951 4016 256
f 1671
a 2952 2000 256
f 1495
a 2953 45184 64
f 1149
a 2954 976 16
f 1663
a 2955 6032 64
f 1840
a 2956 3040 64
f 2350
a 2957 3024 16
f 1675
a 2958 47808 256
f 1882
a 2959 992 16
f 2440
a 2960 272 256
f 2939
a 2961 59168 256
f 2080
a 2962 9776 256
f 2398
a 2963 1808 256
f 2517
a 2964 480 256
f 712
a 2965 40848 64
f 2660
a 2966 16352 16
f 2667
a 2967 304 64
f 1405
a 2968 4288 256
f 2510
a 2969 336 64
f 2216
a 2970 60832 16
f 687
a 2971 1840 256
f 2575
a 2972 3760 64
f 2971
a 2973 1024 64
f 2804
a 2974 1216 64
f 2397
a 2975 688 16
f 2709
a 2976 14512 64
f 2704
a 2977 1680 256
f 2031
a 2978 3440 16
f 2751
a 2979 61392 16
f 589
a 2980 448 16
f 836
a 2981 3120 16
f 1772
a 2982 3504 16
f 2870
a 2983 49232 256
f 2693
a 2984 6448 16
f 1816
a 2985 1680 64
f 1467
a 2986 1872 16
f 2640
a 2987 304 16
f 2214
a 2988 15888 256
f 13
a 2989 320 16
f 502
a 2990 688 64
f 2650
a 2991 512 64
f 2566
a 2992 3296 256
f 1701
a 2993 10048 64
f 2921
a 2994 61376 64
f 719
a 2995 352 256
f 859
a 2996 18544 16
f 2854
a 2997 60480 16
f 2464
a 2998 3824 16
f 2175
a 2999 1216 16
c step-2000
f 2771
a 3000 3616 16
f 1964
a 3001 736 256
f 2229
a 3002 3968 16
f 1750
a 3003 2768 16
f 873
a 3004 368 64
f 2933
a 3005 44416 256
f 2935
a 3006 3344 16
f 2691
a 3007 1008 64
f 837
a 3008 1488 256
f 600
a 3009 20000 16
f 1500
a 3010 3344 16
f 2733
a 3011 416 64
f 715
a 3012 39200 16
f 2729
a 3013 31232 16
f 2279
a 3014 7504 16
f 2283
a 3015 32704 256
f 966
a 3016 656 16
f 2597
a 3017 304 64
f 2313
a 3018 880 64
f 2865
a 3019 2832 16
f 2850
a 3020 560 64
f 1492
a 3021 12160 64
f 2490
a 3022 13984 64
f 2630
a 3023 608 64
f 1403
a 3024 288 64
f 2764
a 3025 28976 64
f 2711
a 3026 384 64
f 1021
a 3027 22528 16
f 1987
a 3028 608 256
f 2916
a 3029 3424 16
f 508
a 3030 2912 64
f 1599
a 3031 3568 256
f 2210
a 3032 512 64
f 977
a 3033 768 64
f 2181
a 3034 45008 256
f 2356
a 3035 23136 256
f 2544
a 3036 12992 64
f 1575
a 3037 33936 64
f 2966
a 3038 1248 16
f 105
a 3039 960 256
f 1089
a 3040 416 64
f 2194
a 3041 1376 256
f 1921
a 3042 34016 64
f 2349
a 3043 7984 16
f 2485
a 3044 11056 64
f 1933
a 3045 992 16
f 1296
a 3046 2608 16
f 2785
a 3047 800 256
f 1856
a 3048 15472 16
f 1135
a 3049 4160 16
f 2997
a 3050 1888 64
f 2078
a 3051 3280 64
f 2548
a 3052 288 64
f 2919
a 3053 400 16
f 2978
a 3054 12880 256
f 2824
a 3055 21904 16
f 2399
a 3056 65440 64
f 414
a 3057 3536 64
f 2636
a 3058 2288 256
f 2222
a 3059 656 16
f 2772
a 3060 23456 16
f 723
a 3061 784 64
f 1981
a 3062 2336 64
f 2903
a 3063 2048 16
f 2271
a 3064 44336 16
f 378
a 3065 416 256
f 2859
a 3066 52528 16
f 941
a 3067 10288 16
f 3013
a 3068 4416 64
f 3045
a 3069 31360 256
f 510
a 3070 40432 256
f 2594
a 3071 1744 256
f 2600
a 3072 560 16
f 498
a 3073 10336 16
f 2027
a 3074 6288 16
f 2692
a 3075 528 64
f 307
a 3076 54624 16
f 2323
a 3077 10496 16
f 2429
a 3078 864 16
f 1865
a 3079 2208 64
f 2221
a 3080 1152 64
f 2956
a 3081 32128 256
f 1043
a 3082 9312 16
f 2944
a 3083 1968 64
f 2053
a 3084 4784 16
f 2965
a 3085 7104 64
f 402
a 3086 18944 256
f 2840
a 3087 352 64
f 1614
a 3088 26512 64
f 1425
a 3089 7536 16
f 1464
a 3090 46720 16
f 2532
a 3091 1792 64
f 1400
a 3092 16944 64
f 1573
a 3093 15840 16
f 2034
a 3094 2384 64
f 2024
a 3095 36176 16
f 2498
a 3096 64880 256
f 2295
a 3097 16272 16
f 2260
a 3098 288 64
f 3020
a 3099 272 64
f 2899
a 3100 640 16
f 690
a 3101 512 64
f 1672
a 3102 384 16
f 2742
a 3103 21680 64
f 2527
a 3104 37120 16
f 2631
a 3105 8528 256
f 196
a 3106 928 64
f 2954
a 3107 36992 64
f 2383
a 3108 10448 256
f 2763
a 3109 2448 256
f 2679
a 3110 3216 16
f 2808
a 3111 10176 256
f 2570
a 3112 5696 16
f 1356
a 3113 2160 16
f 3076
a 3114 3968 256
f 1976
a 3115 61984 64
f 2802
a 3116 28592 16
f 279
a 3117 400 256
f 2895
a 3118 1936 16
f 1778
a 3119 1184 64
f 3114
a 3120 13312 64
f 607
a 3121 27136 64
f 2781
a 3122 2272 16
f 2073
a 3123 8992 16
f 744
a 3124 320 64
f 2674
a 3125 6544 16
f 2025
a 3126 1504 16
f 2992
a 3127 4560 64
f 1326
a 3128 976 64
f 214
a 3129 4336 64
f 2001
a 3130 928 64
f 2738
a 3131 4880 256
f 2274
a 3132 3568 16
f 1413
a 3133 448 256
f 2876
a 3134 4640 256
f 3059
a 3135 47952 256
f 789
a 3136 768 256
f 2219
a 3137 28544 256
f 2304
a 3138 544 256
f 1330
a 3139 27504 64
f 1570
a 3140 29424 256
f 1739
a 3141 928 256
f 2669
a 3142 752 64
f 876
a 3143 15984 64
f 2659
a 3144 54560 256
f 2109
a 3145 2960 16
f 1866
a 3146 464 16
f 353
a 3147 59696 16
f 1874
a 3148 15856 64
f 3137
a 3149 6832 256
f 1943
a 3150 13392 256
f 3031
a 3151 2096 64
f 1484
a 3152 448 16
f 2598
a 3153 1248 64
f 2477
a 3154 752 256
f 2573
a 3155 35440 16
f 2642
a 3156 384 16
f 1015
a 3157 9104 16
f 2934
a 3158 1536 64
f 3039
a 3159 464 256
f 2360
a 3160 448 16
f 2807
a 3161 12832 64
f 3091
a 3162 24064 64
f 1890
a 3163 13936 256
f 3028
a 3164 7584 64
f 86
a 3165 53472 16
f 2459
a 3166 1440 64
f 1462
a 3167 14672 16
f 1914
a 3168 2192 16
f 3042
a 3169 23536 256
f 2908
a 3170 21152 16
f 3102
a 3171 352 64
f 2587
a 3172 576 64
f 2790
a 3173 288 64
f 496
a 3174 12544 64
f 2552
a 3175 4160 256
f 2557
a 3176 864 64
f 2103
a 3177 2304 64
f 1548
a 3178 2448 16
f 2817
a 3179 4208 16
f 2461
a 3180 896 16
f 3008
a 3181 1808 64
f 1496
a 3182 4176 64
f 3112
a 3183 2704 16
f 2533
a 3184 3824 64
f 2368
a 3185 1440 256
f 965
a 3186 1472 16
f 2755
a 3187 21632 16
f 3167
a 3188 35760 64
f 3136
a 3189 7856 16
f 3005
a 3190 640 16
f 2311
a 3191 1184 16
f 595
a 3192 3344 64
f 2868
a 3193 1024 64
f 1194
a 3194 11680 64
f 2333
a 3195 15376 64
f 2676
a 3196 528 256
f 2086
a 3197 1760 256
f 24
a 3198 3536 256
f 2833
a 3199 24624 256
f 2593
a 3200 11536 64
f 2364
a 3201 24704 256
f 240
a 3202 816 64
f 699
a 3203 1264 16
f 1715
a 3204 26464 64
f 2769
a 3205 6848 16
f 2422
a 3206 3456 16
f 3159
a 3207 13776 64
f 2837
a 3208 11376 16
f 2554
a 3209 368 256
f 1468
a 3210 5824 16
f 2941
a 3211 3328 16
f 1978
a 3212 22544 256
f 2165
a 3213 1536 16
f 2867
a 3214 752 16
f 2947
a 3215 2416 256
f 1970
a 3216 416 64
f 1940
a 3217 22848 64
f 3037
a 3218 3200 16
f 3198
a 3219 49520 16
f 2125
a 3220 2336 16
f 2890
a 3221 7408 256
f 3157
a 3222 1600 256
f 2976
a 3223 752 16
f 3043
a 3224 320 64
f 2814
a 3225 272 256
f 3044
a 3226 13776 64
f 2723
a 3227 3088 256
f 693
a 3228 688 16
f 3174
a 3229 2400 256
f 3062
a 3230 31536 64
f 3144
a 3231 2032 64
f 2759
a 3232 12064 64
f 2091
a 3233 6832 16
f 3119
a 3234 448 16
f 2812
a 3235 960 64
f 3133
a 3236 18960 256
f 2826
a 3237 7984 64
f 2093
a 3238 2592 64
f 1452
a 3239 480 256
f 2439
a 3240 320 16
f 2567
a 3241 2176 16
f 1743
a 3242 992 256
f 612
a 3243 864 256
f 3021
a 3244 4704 256
f 2955
a 3245 40208 16
f 2606
a 3246 34416 256
f 2565
a 3247 46144 256
f 1781
a 3248 56928 256
f 2610
a 3249 1472 16
f 1195
a 3250 13312 256
f 3191
a 3251 19280 64
f 2036
a 3252 27952 256
f 359
a 3253 63712 16
f 2776
a 3254 5104 256
f 3066
a 3255 27760 256
f 2932
a 3256 608 256
f 1068
a 3257 400 16
f 2858
a 3258 1632 16
f 386
a 3259 5776 256
f 3132
a 3260 2000 256
f 3084
a 3261 12768 256
f 2886
a 3262 61632 16
f 2405
a 3263 12608 64
f 2380
a 3264 19792 16
f 856
a 3265 10464 64
f 512
a 3266 37184 16
f 2881
a 3267 704 16
f 142
a 3268 5168 256
f 3183
a 3269 7808 256
f 2910
a 3270 1280 256
f 3206
a 3271 288 64
f 354
a 3272 912 16
f 2627
a 3273 8912 64
f 2991
a 3274 9392 256
f 1426
a 3275 5072 16
f 1810
a 3276 4608 64
f 3023
a 3277 7008 64
f 2724
a 3278 13968 16
f 2235
a 3279 384 64
f 2094
a 3280 848 16
f 3199
a 3281 880 16
f 2701
a 3282 864 64
f 1857
a 3283 320 16
f 2973
a 3284 9744 16
f 1741
a 3285 320 64
f 1388
a 3286 400 16
f 137
a 3287 688 16
f 2426
a 3288 7440 64
f 3213
a 3289 1728 16
f 3182
a 3290 1504 256
f 995
a 3291 3776 64
f 3279
a 3292 2784 64
f 2696
a 3293 54384 256
f 2699
a 3294 9152 16
f 1747
a 3295 24432 16
f 1407
a 3296 45808 256
f 2273
a 3297 1328 64
f 1060
a 3298 5312 256
f 1588
a 3299 3088 16
f 2728
a 3300 1296 16
f 2077
a 3301 3632 16
f 2369
a 3302 736 16
f 2982
a 3303 16192 64
f 2514
a 3304 2976 16
f 2839
a 3305 48000 16
f 3272
a 3306 11696 256
f 2963
a 3307 6880 16
f 1894
a 3308 3376 256
f 1064
a 3309 35968 64
f 2497
a 3310 416 256
f 1310
a 3311 384 16
f 3171
a 3312 45536 64
f 2543
a 3313 12736 16
f 710
a 3314 2656 64
f 3135
a 3315 14224 16
f 2815
a 3316 3552 64
f 3184
a 3317 384 256
f 1963
a 3318 21808 16
f 3250
a 3319 5328 16
f 3280
a 3320 13648 256
f 2188
a 3321 320 64
f 2856
a 3322 3280 64
f 3024
a 3323 3792 64
f 1335
a 3324 2800 16
f 3061
a 3325 3584 16
f 3266
a 3326 2672 256
f 2836
a 3327 2848 256
f 2821
a 3328 1984 16
f 3282
a 3329 272 64
f 2923
a 3330 50160 64
f 3216
a 3331 656 256
f 2156
a 3332 4624 256
f 2455
a 3333 6384 16
f 3120
a 3334 432 64
f 3126
a 3335 592 64
f 2272
a 3336 448 256
f 2492
a 3337 3680 16
f 3129
a 3338 1024 64
f 588
a 3339 24800 64
f 967
a 3340 15440 16
f 2736
a 3341 11056 256
f 2486
a 3342 3824 256
f 2825
a 3343 58416 64
f 2791
a 3344 3968 256
f 3325
a 3345 3248 64
f 2266
a 3346 736 256
f 2698
a 3347 592 16
f 3276
a 3348 33680 16
f 1924
a 3349 432 16
f 188
a 3350 12592 64
f 2882
a 3351 1648 16
f 1133
a 3352 11136 256
f 1771
a 3353 480 64
f 2832
a 3354 496 256
f 2454
a 3355 544 16
f 141
a 3356 31632 256
f 1859
a 3357 3728 256
f 2643
a 3358 464 256
f 2998
a 3359 5136 16
f 3097
a 3360 1056 16
f 2798
a 3361 1328 256
f 2275
a 3362 720 256
f 2649
a 3363 7136 256
f 3330
a 3364 1968 64
f 1958
a 3365 656 64
f 499
a 3366 7904 16
f 3101
a 3367 688 256
f 3010
a 3368 816 16
f 2857
a 3369 12096 64
f 2320
a 3370 60128 64
f 1942
a 3371 1408 64
f 2296
a 3372 11264 64
f 2975
a 3373 12752 256
f 2949
a 3374 24816 16
f 2475
a 3375 304 64
f 1129
a 3376 13872 256
f 2756
a 3377 48736 256
f 1562
a 3378 1648 16
f 3140
a 3379 1504 256
f 2661
a 3380 24352 16
f 2609
a 3381 6032 256
f 2605
a 3382 27216 16
f 3292
a 3383 21936 256
f 1647
a 3384 1872 256
f 2270
a 3385 6608 64
f 3231
a 3386 28096 16
f 3283
a 3387 1024 64
f 2483
a 3388 3088 64
f 2354
a 3389 5808 16
f 2090
a 3390 992 16
f 2055
a 3391 14272 16
f 2309
a 3392 592 256
f 2768
a 3393 528 64
f 1131
a 3394 13104 256
f 1293
a 3395 46496 64
f 2799
a 3396 5520 256
f 3117
a 3397 816 16
f 3291
a 3398 21680 16
f 1744
a 3399 2480 16
f 2748
a 3400 496 64
f 728
a 3401 416 64
f 3131
a 3402 1248 64
f 2719
a 3403 18112 256
f 3162
a 3404 528 256
f 151
a 3405 736 64
f 2731
a 3406 9232 256
f 2705
a 3407 14688 16
f 3380
a 3408 40272 256
f 3403
a 3409 2720 16
f 3077
a 3410 1440 16
f 2961
a 3411 352 64
f 3208
a 3412 6576 256
f 3315
a 3413 53216 64
f 1323
a 3414 880 256
f 67
a 3415 496 16
f 3179
a 3416 44944 64
f 3236
a 3417 3856 256
f 3156
a 3418 656 16
f 1082
a 3419 5696 64
f 2281
a 3420 38656 64
f 1201
a 3421 592 256
f 3268
a 3422 352 256
f 2943
a 3423 37152 16
f 2964
a 3424 272 256
f 1912
a 3425 45952 64
f 1048
a 3426 31344 64
f 3012
a 3427 1280 16
f 1322
a 3428 576 64
f 3085
a 3429 19024 64
f 2922
a 3430 36752 256
f 3109
a 3431 3936 64
f 3343
a 3432 9872 256
f 2352
a 3433 15392 64
f 3175
a 3434 38256 256
f 788
a 3435 8560 16
f 3251
a 3436 14272 256
f 2948
a 3437 4064 256
f 3212
a 3438 1280 256
f 3007
a 3439 16128 16
f 2550
a 3440 12880 16
f 1177
a 3441 912 64
f 3155
a 3442 1440 64
f 2712
a 3443 4320 64
f 2390
a 3444 54224 256
f 2967
a 3445 11760 16
f 2346
a 3446 4976 64
f 1545
a 3447 1008 64
f 3065
a 3448 11392 64
f 3079
a 3449 35184 16
f 3263
a 3450 864 64
f 3324
a 3451 8096 256
f 2938
a 3452 784 16
f 1753
a 3453 4880 256
f 2806
a 3454 3296 256
f 2453
a 3455 5680 64
f 342
a 3456 336 16
f 29
a 3457 1808 64
f 3181
a 3458 1088 16
f 1395
a 3459 1920 64
f 2989
a 3460 8032 64
f 2264
a 3461 5664 256
f 2004
a 3462 1856 256
f 2678
a 3463 1824 64
f 2665
a 3464 40544 256
f 2969
a 3465 1664 256
f 760
a 3466 5760 256
f 3294
a 3467 3936 256
f 3362
a 3468 11024 16
f 2892
a 3469 12880 256
f 2936
a 3470 688 64
f 3094
a 3471 26096 256
f 2820
a 3472 8768 64
f 2878
a 3473 10688 256
f 1977
a 3474 3168 64
f 2926
a 3475 1600 256
f 3220
a 3476 768 64
f 1922
a 3477 13968 16
f 3309
a 3478 15008 256
f 1870
a 3479 4848 64
f 3111
a 3480 3376 256
f 2811
a 3481 44096 64
f 2207
a 3482 7760 256
f 2386
a 3483 14576 256
f 3464
a 3484 272 256
f 3050
a 3485 55168 16
f 3233
a 3486 64992 16
f 3225
a 3487 416 16
f 2877
a 3488 3104 256
f 3281
a 3489 15008 16
f 2213
a 3490 336 256
f 2118
a 3491 1216 64
f 1824
a 3492 1472 16
f 3456
a 3493 15568 256
f 2710
a 3494 30768 64
f 3419
a 3495 8304 256
f 3068
a 3496 14016 256
f 2999
a 3497 3152 64
f 3244
a 3498 800 64
f 2538
a 3499 64352 16
c step-2500
f 3440
a 3500 42544 256
f 3364
a 3501 25344 256
f 1911
a 3502 31840 16
f 3113
a 3503 7600 256
f 762
a 3504 416 64
f 2248
a 3505 10016 256
f 1954
a 3506 320 16
f 2986
a 3507 32544 16
f 1072
a 3508 9328 256
f 1396
a 3509 55360 256
f 1593
a 3510 912 256
f 2438
a 3511 18032 64
f 2950
a 3512 2592 16
f 3361
a 3513 44416 64
f 3106
a 3514 63088 256
f 3255
a 3515 1088 64
f 3278
a 3516 26192 16
f 3492
a 3517 62560 64
f 2803
a 3518 2064 16
f 334
a 3519 2256 16
f 1965
a 3520 1264 64
f 2893
a 3521 544 64
f 3370
a 3522 35744 16
f 472
a 3523 1376 256
f 1311
a 3524 16352 16
f 1635
a 3525 8304 64
f 2766
a 3526 56896 256
f 2017
a 3527 10512 256
f 2694
a 3528 384 256
f 2853
a 3529 3888 16
f 2178
a 3530 8048 64
f 3502
a 3531 5120 16
f 2747
a 3532 1248 64
f 2302
a 3533 53056 256
f 2909
a 3534 24512 16
f 3116
a 3535 400 16
f 3017
a 3536 736 16
f 3192
a 3537 480 64
f 3107
a 3538 512 256
f 3339
a 3539 3504 64
f 3479
a 3540 22432 16
f 2547
a 3541 19680 16
f 3052
a 3542 7696 16
f 2603
a 3543 5216 64
f 3424
a 3544 13408 16
f 3485
a 3545 42320 16
f 3336
a 3546 2448 16
f 2122
a 3547 288 16
f 3528
a 3548 22960 16
f 3355
a 3549 1408 16
f 3195
a 3550 45792 16
f 2875
a 3551 512 16
f 3344
a 3552 880 16
f 1837
a 3553 1024 16
f 76
a 3554 3488 64
f 2417
a 3555 432 64
f 3530
a 3556 256 64
f 1875
a 3557 432 64
f 2021
a 3558 6128 64
f 417
a 3559 384 64
f 2142
a 3560 576 64
f 799
a 3561 5664 256
f 2861
a 3562 7488 256
f 3436
a 3563 800 16
f 2420
a 3564 30528 16
f 1839
a 3565 912 16
f 3418
a 3566 59616 256
f 519
a 3567 24896 16
f 1443
a 3568 40544 16
f 3147
a 3569 4640 16
f 3388
a 3570 12512 256
f 2208
a 3571 51552 64
f 2269
a 3572 768 64
f 1823
a 3573 15344 256
f 3040
a 3574 50816 64
f 3338
a 3575 14368 16
f 3018
a 3576 7216 16
f 2823
a 3577 60352 16
f 2750
a 3578 16032 256
f 2864
a 3579 11696 64
f 3038
a 3580 336 16
f 107
a 3581 31280 64
f 3397
a 3582 624 256
f 1819
a 3583 1040 256
f 2589
a 3584 624 16
f 2940
a 3585 4080 256
f 2322
a 3586 480 256
f 2722
a 3587 3200 16
f 3262
a 3588 560 256
f 2713
a 3589 352 256
f 3459
a 3590 25328 256
f 1789
a 3591 13472 256
f 2816
a 3592 336 64
f 3105
a 3593 12768 16
f 3235
a 3594 15024 64
f 2143
a 3595 656 16
f 2994
a 3596 30656 16
f 3585
a 3597 2864 16
f 2252
a 3598 1248 64
f 2860
a 3599 544 256
f 3317
a 3600 1008 16
f 2888
a 3601 416 16
f 2449
a 3602 1184 16
f 374
a 3603 352 256
f 2900
a 3604 3808 64
f 2365
a 3605 17472 16
f 3328
a 3606 29952 64
f 3548
a 3607 912 256
f 3556
a 3608 28368 16
f 3115
a 3609 320 256
f 3453
a 3610 720 256
f 1444
a 3611 608 256
f 877
a 3612 288 256
f 1016
a 3613 60000 16
f 1937
a 3614 2032 64
f 3381
a 3615 14384 16
f 2741
a 3616 1744 256
f 2752
a 3617 576 256
f 3274
a 3618 368 256
f 2085
a 3619 656 256
f 3382
a 3620 34976 256
f 2526
a 3621 19184 64
f 1886
a 3622 464 64
f 3379
a 3623 1024 64
f 2800
a 3624 7760 256
f 3446
a 3625 12784 64
f 2924
a 3626 4832 16
f 2337
a 3627 30736 64
f 3550
a 3628 576 64
f 2912
a 3629 30368 64
f 1582
a 3630 272 16
f 3475
a 3631 7072 64
f 3504
a 3632 2896 64
f 3218
a 3633 31392 256
f 3058
a 3634 7552 256
f 2220
a 3635 1872 64
f 2556
a 3636 8448 64
f 3303
a 3637 19200 16
f 3172
a 3638 7968 64
f 702
a 3639 15760 64
f 3602
a 3640 7888 256
f 2442
a 3641 15504 16
f 3204
a 3642 768 256
f 2874
a 3643 2032 64
f 3525
a 3644 4112 256
f 2359
a 3645 3024 256
f 3306
a 3646 11424 16
f 2782
a 3647 3648 16
f 3597
a 3648 13088 16
f 3080
a 3649 7376 64
f 3322
a 3650 39792 16
f 2437
a 3651 512 256
f 2171
a 3652 47744 64
f 3290
a 3653 3344 256
f 3428
a 3654 5392 64
f 3537
a 3655 336 16
f 3142
a 3656 6896 256
f 2805
a 3657 464 256
f 2718
a 3658 1264 64
f 3064
a 3659 1248 16
f 3009
a 3660 416 16
f 2685
a 3661 944 64
f 3267
a 3662 4144 64
f 3522
a 3663 64976 16
f 1069
a 3664 21664 256
f 2336
a 3665 880 64
f 3613
a 3666 464 16
f 2959
a 3667 6272 16
f 1140
a 3668 62352 256
f 2381
a 3669 1856 64
f 2067
a 3670 43888 256
f 2126
a 3671 3152 64
f 2157
a 3672 992 256
f 3087
a 3673 304 16
f 1923
a 3674 25360 256
f 3189
a 3675 3840 16
f 3371
a 3676 608 64
f 2569
a 3677 13984 256
f 3053
a 3678 304 64
f 2583
a 3679 4560 256
f 2144
a 3680 336 16
f 2717
a 3681 1536 256
f 3331
a 3682 1104 64
f 1993
a 3683 928 64
f 3224
a 3684 1376 256
f 2645
a 3685 4560 256
f 2357
a 3686 58464 64
f 1797
a 3687 384 256
f 3451
a 3688 2528 64
f 75
a 3689 1664 64
f 3429
a 3690 528 64
f 3353
a 3691 4976 256
f 2757
a 3692 736 64
f 3666
a 3693 22976 16
f 1107
a 3694 448 16
f 423
a 3695 368 256
f 2990
a 3696 16128 256
f 2855
a 3697 384 16
f 3463
a 3698 800 16
f 3477
a 3699 14256 256
f 2022
a 3700 18576 256
f 3373
a 3701 2544 16
f 3121
a 3702 11072 64
f 3386
a 3703 9792 256
f 3591
a 3704 14064 16
f 3214
a 3705 992 16
f 3063
a 3706 38784 64
f 3575
a 3707 1440 256
f 1398
a 3708 448 16
f 3271
a 3709 19456 256
f 3540
a 3710 1568 16
f 2827
a 3711 19408 64
f 3546
a 3712 1232 256
f 2308
a 3713 5616 16
f 3636
a 3714 3824 256
f 3036
a 3715 448 256
f 3269
a 3716 3104 16
f 2069
a 3717 528 64
f 2428
a 3718 4624 64
f 3555
a 3719 1968 16
f 2098
a 3720 864 64
f 1956
a 3721 57152 64
f 2287
a 3722 816 256
f 3559
a 3723 60592 64
f 1315
a 3724 5936 256
f 3252
a 3725 576 256
f 3089
a 3726 5776 64
f 1949
a 3727 11264 16
f 2035
a 3728 704 16
f 1288
a 3729 1232 64
f 2064
a 3730 848 256
f 3730
a 3731 7792 16
f 2159
a 3732 592 64
f 1872
a 3733 464 16
f 2765
a 3734 5808 64
f 2708
a 3735 1776 16
f 539
a 3736 3120 16
f 3389
a 3737 336 16
f 2987
a 3738 56992 16
f 3623
a 3739 512 16
f 2845
a 3740 22736 256
f 2496
a 3741 34832 16
f 2880
a 3742 1040 64
f 2293
a 3743 1632 64
f 2834
a 3744 736 64
f 3574
a 3745 1952 256
f 2687
a 3746 6944 16
f 2412
a 3747 23760 64
f 3035
a 3748 8880 256
f 2962
a 3749 6176 16
f 3047
a 3750 512 64
f 3676
a 3751 47072 256
f 3060
a 3752 1264 256
f 3664
a 3753 1632 64
f 3170
a 3754 4528 64
f 3448
a 3755 3568 64
f 2330
a 3756 3648 256
f 3257
a 3757 4688 256
f 3562
a 3758 416 16
f 3241
a 3759 2944 256
f 2541
a 3760 1008 16
f 3285
a 3761 32560 64
f 2525
a 3762 944 64
f 2458
a 3763 25024 64
f 2688
a 3764 5616 16
f 1812
a 3765 14256 64
f 2951
a 3766 29408 16
f 3123
a 3767 912 256
f 3402
a 3768 432 256
f 2626
a 3769 3488 256
f 3480
a 3770 25392 64
f 3027
a 3771 720 64
f 3564
a 3772 848 64
f 3521
a 3773 1232 64
f 1925
a 3774 2928 256
f 3486
a 3775 1536 256
f 3128
a 3776 3136 64
f 3624
a 3777 49440 16
f 3100
a 3778 2880 256
f 2315
a 3779 3632 16
f 3223
a 3780 11616 16
f 3652
a 3781 784 64
f 3603
a 3782 50768 16
f 2468
a 3783 4096 256
f 3561
a 3784 39456 64
f 2795
a 3785 13088 256
f 840
a 3786 464 64
f 3752
a 3787 5200 16
f 2789
a 3788 5808 64
f 3426
a 3789 1952 64
f 614
a 3790 4704 64
f 2670
a 3791 23552 16
f 3090
a 3792 1488 256
f 3778
a 3793 2592 256
f 3152
a 3794 8000 16
f 2075
a 3795 2416 16
f 3130
a 3796 400 16
f 3098
a 3797 44336 16
f 3351
a 3798 384 16
f 3261
a 3799 384 16
f 3054
a 3800 272 64
f 3368
a 3801 352 16
f 1173
a 3802 1408 64
f 2297
a 3803 60352 256
f 3452
a 3804 3280 256
f 3689
a 3805 416 16
f 3739
a 3806 1648 16
f 3289
a 3807 400 64
f 3516
a 3808 1024 16
f 3638
a 3809 9232 64
f 3544
a 3810 368 16
f 3394
a 3811 4256 256
f 3595
a 3812 17888 16
f 3753
a 3813 23296 64
f 3158
a 3814 64896 256
f 2847
a 3815 26336 64
f 3449
a 3816 4912 64
f 3810
a 3817 12864 64
f 3651
a 3818 1504 16
f 2033
a 3819 896 16
f 3552
a 3820 4064 64
f 3376
a 3821 3840 16
f 3095
a 3822 3744 64
f 3273
a 3823 13168 16
f 3822
a 3824 10512 16
f 2482
a 3825 16480 16
f 1748
a 3826 41456 16
f 2702
a 3827 4032 256
f 3727
a 3828 1808 256
f 3628
a 3829 5344 16
f 1344
a 3830 704 64
f 2744
a 3831 5232 256
f 2299
a 3832 560 64
f 3118
a 3833 1296 16
f 3416
a 3834 416 256
f 3202
a 3835 51568 256
f 2842
a 3836 1536 256
f 2783
a 3837 5840 16
f 3209
a 3838 38096 256
f 3622
a 3839 65088 256
f 2651
a 3840 11200 16
f 3367
a 3841 1552 256
f 824
a 3842 1120 64
f 2312
a 3843 32144 16
f 3496
a 3844 464 64
f 3674
a 3845 34416 64
f 3759
a 3846 1040 64
f 2611
a 3847 2528 64
f 668
a 3848 16496 256
f 3352
a 3849 38656 16
f 3741
a 3850 16512 256
f 3526
a 3851 640 64
f 2489
a 3852 47536 256
f 3495
a 3853 9472 64
f 2715
a 3854 320 16
f 3644
a 3855 6320 64
f 3316
a 3856 1328 64
f 2784
a 3857 832 256
f 2767
a 3858 3632 256
f 2668
a 3859 3616 16
f 2203
a 3860 15696 16
f 3776
a 3861 896 256
f 3356
a 3862 1312 64
f 3169
a 3863 11712 64
f 3048
a 3864 61360 64
f 3332
a 3865 704 16
f 3743
a 3866 816 64
f 3311
a 3867 28112 64
f 2928
a 3868 1824 256
f 1563
a 3869 512 16
f 3002
a 3870 896 64
f 2774
a 3871 320 64
f 1617
a 3872 7920 64
f 3104
a 3873 448 64
f 2471
a 3874 1248 256
f 3360
a 3875 304 64
f 2563
a 3876 3808 64
f 3643
a 3877 1920 256
f 1029
a 3878 6176 16
f 3305
a 3879 448 16
f 2873
a 3880 384 256
f 3814
a 3881 1072 16
f 1935
a 3882 880 64
f 3672
a 3883 10816 16
f 2227
a 3884 512 64
f 1896
a 3885 320 64
f 3304
a 3886 3888 256
f 3430
a 3887 2256 64
f 3789
a 3888 28800 64
f 3563
a 3889 28960 256
f 3082
a 3890 31920 16
f 3168
a 3891 14368 64
f 3146
a 3892 704 16
f 3881
a 3893 5344 16
f 935
a 3894 384 64
f 1628
a 3895 3952 64
f 234
a 3896 42032 64
f 3466
a 3897 1472 64
f 3401
a 3898 752 16
f 3139
a 3899 560 16
f 3284
a 3900 288 16
f 1880
a 3901 11344 256
f 987
a 3902 15296 16
f 3787
a 3903 7792 64
f 2746
a 3904 3104 16
f 1720
a 3905 928 16
f 2158
a 3906 10096 256
f 1224
a 3907 480 16
f 3234
a 3908 384 16
f 3141
a 3909 1808 256
f 3499
a 3910 1568 256
f 3342
a 3911 31072 256
f 3400
a 3912 51776 16
f 2883
a 3913 960 256
f 3160
a 3914 8720 64
f 3891
a 3915 45680 64
f 3312
a 3916 51120 256
f 2672
a 3917 448 64
f 830
a 3918 10240 16
f 1798
a 3919 7616 64
f 3645
a 3920 15856 16
f 3075
a 3921 18992 16
f 2172
a 3922 400 64
f 3802
a 3923 3456 64
f 1086
a 3924 31936 256
f 2507
a 3925 2832 256
f 3592
a 3926 288 16
f 3178
a 3927 4928 64
f 3434
a 3928 976 64
f 2338
a 3929 432 16
f 3845
a 3930 3168 16
f 3357
a 3931 832 64
f 3150
a 3932 3200 64
f 3692
a 3933 6560 16
f 1709
a 3934 16016 256
f 3930
a 3935 1968 64
f 2511
a 3936 3104 16
f 2623
a 3937 10640 16
f 3862
a 3938 63632 256
f 3015
a 3939 1888 64
f 3265
a 3940 560 64
f 3768
a 3941 3776 256
f 3680
a 3942 1792 16
f 2794
a 3943 3984 256
f 3738
a 3944 5216 16
f 1367
a 3945 432 256
f 1654
a 3946 464 256
f 3406
a 3947 52960 16
f 2183
a 3948 15744 64
f 3781
a 3949 1184 64
f 3610
a 3950 6064 256
f 3333
a 3951 464 256
f 79
a 3952 40128 256
f 3946
a 3953 688 64
f 2450
a 3954 992 64
f 2444
a 3955 1072 256
f 393
a 3956 27440 64
f 3763
a 3957 26096 256
f 924
a 3958 3728 64
f 623
a 3959 2384 256
f 2058
a 3960 59072 256
f 3205
a 3961 1280 64
f 3948
a 3962 9840 256
f 3933
a 3963 47344 64
f 3493
a 3964 304 256
f 3404
a 3965 432 256
f 3785
a 3966 14496 64
f 3924
a 3967 672 16
f 3478
a 3968 17952 256
f 2896
a 3969 11392 256
f 2133
a 3970 9840 256
f 2516
a 3971 16096 16
f 2317
a 3972 15520 16
f 3194
a 3973 22464 16
f 2515
a 3974 320 256
f 3864
a 3975 34928 16
f 1779
a 3976 25488 256
f 3800
a 3977 7760 16
f 1299
a 3978 7680 16
f 3438
a 3979 2192 16
f 3230
a 3980 880 64
f 3508
a 3981 496 256
f 3569
a 3982 768 16
f 3565
a 3983 16384 64
f 2521
a 3984 48560 256
f 2138
a 3985 3600 256
f 133
a 3986 608 64
f 2995
a 3987 7920 256
f 3656
a 3988 1168 16
f 3503
a 3989 3696 16
f 1664
a 3990 448 64
f 3896
a 3991 14400 256
f 2716
a 3992 24432 256
f 3345
a 3993 3824 256
f 3505
a 3994 27104 64
f 3733
a 3995 14768 256
f 3647
a 3996 33536 256
f 2796
a 3997 416 64
f 523
a 3998 60224 256
f 2988
a 3999 288 16
c step-3000
f 3442
a 4000 272 64
f 3541
a 4001 736 256
f 273
a 4002 21792 16
f 1721
a 4003 400 64
f 2241
a 4004 5120 256
f 3963
a 4005 352 64
f 3288
a 4006 21920 256
f 610
a 4007 2576 16
f 3951
a 4008 464 64
f 3593
a 4009 4896 16
f 3246
a 4010 49360 16
f 3670
a 4011 6496 16
f 4003
a 4012 4400 256
f 2700
a 4013 384 256
f 3920
a 4014 2208 16
f 2612
a 4015 496 16
f 2970
a 4016 336 256
f 51
a 4017 608 16
f 1676
a 4018 560 64
f 3832
a 4019 27216 64
f 3907
a 4020 864 64
f 3982
a 4021 720 16
f 4005
a 4022 1984 16
f 3887
a 4023 1152 64
f 3641
a 4024 288 16
f 3968
a 4025 29376 256
f 3410
a 4026 3600 64
f 3961
a 4027 63808 16
f 3302
a 4028 672 256
f 4019
a 4029 7328 64
f 2261
a 4030 288 256
f 3657
a 4031 912 16
f 1877
a 4032 448 64
f 3443
a 4033 400 16
f 1550
a 4034 6448 16
f 3850
a 4035 2528 16
f 3425
a 4036 13920 256
f 3154
a 4037 30848 64
f 3693
a 4038 3312 16
f 3884
a 4039 4416 16
f 2076
a 4040 9168 16
f 2830
a 4041 48448 256
f 2226
a 4042 8064 16
f 3570
a 4043 35536 64
f 2433
a 4044 38144 16
f 3239
a 4045 15488 64
f 3596
a 4046 6688 256
f 2576
a 4047 304 64
f 1463
a 4048 1024 64
f 3750
a 4049 14096 64
f 1200
a 4050 3808 256
f 4011
a 4051 33968 16
f 3931
a 4052 768 256
f 3932
a 4053 512 64
f 4008
a 4054 880 256
f 2050
a 4055 4032 16
f 3838
a 4056 5408 256
f 3557
a 4057 26544 64
f 3310
a 4058 5936 256
f 3690
a 4059 2624 16
f 3571
a 4060 16144 256
f 2257
a 4061 1120 256
f 2466
a 4062 31248 256
f 3599
a 4063 464 16
f 4063
a 4064 7200 256
f 968
a 4065 60256 256
f 3601
a 4066 6832 64
f 3851
a 4067 17968 64
f 3415
a 4068 5552 64
f 2345
a 4069 7600 256
f 2601
a 4070 26000 64
f 1986
a 4071 1568 16
f 3893
a 4072 7504 256
f 3631
a 4073 512 256
f 3840
a 4074 27504 16
f 3608
a 4075 3472 64
f 4026
a 4076 57152 256
f 3450
a 4077 8784 16
f 3034
a 4078 6224 16
f 3529
a 4079 7808 16
f 3634
a 4080 1680 256
f 4061
a 4081 1440 16
f 2828
a 4082 592 16
f 3762
a 4083 832 64
f 3298
a 4084 28720 64
f 2838
a 4085 25744 64
f 509
a 4086 23632 256
f 3713
a 4087 15040 64
f 3363
a 4088 5872 64
f 3145
a 4089 6688 256
f 2942
a 4090 576 256
f 488
a 4091 24304 16
f 3256
a 4092 480 64
f 3777
a 4093 560 16
f 1247
a 4094 22960 64
f 4023
a 4095 1680 256
f 2625
a 4096 16608 16
f 3939
a 4097 47616 64
f 2760
a 4098 28288 256
f 3547
a 4099 1424 16
f 363
a 4100 22576 256
f 3801
a 4101 3584 256
f 3143
a 4102 1136 64
f 3226
a 4103 7968 64
f 2616
a 4104 45008 64
f 3148
a 4105 352 16
f 4084
a 4106 5920 16
f 3295
a 4107 23392 256
f 4053
a 4108 20352 16
f 3905
a 4109 6496 16
f 3806
a 4110 45456 64
f 3127
a 4111 13792 256
f 1266
a 4112 784 16
f 3254
a 4113 2448 64
f 3837
a 4114 29632 64
f 3724
a 4115 368 16
f 1220
a 4116 416 64
f 2285
a 4117 432 64
f 3539
a 4118 672 64
f 4101
a 4119 800 16
f 2534
a 4120 288 64
f 3706
a 4121 27648 16
f 3166
a 4122 560 256
f 1998
a 4123 22576 256
f 3834
a 4124 2496 64
f 3737
a 4125 4832 16
f 3853
a 4126 6896 64
f 3869
a 4127 54960 256
f 2353
a 4128 10720 16
f 3517
a 4129 288 256
f 973
a 4130 14176 256
f 3476
a 4131 464 256
f 1660
a 4132 6480 64
f 2917
a 4133 58784 64
f 3229
a 4134 7440 16
f 1329
a 4135 20784 16
f 2522
a 4136 3664 16
f 2732
a 4137 7648 256
f 4111
a 4138 960 64
f 2818
a 4139 1360 256
f 2753
a 4140 304 256
f 2559
a 4141 40656 256
f 3600
a 4142 2512 64
f 2629
a 4143 288 64
f 4014
a 4144 10304 256
f 2911
a 4145 55712 16
f 4104
a 4146 1808 256
f 1589
a 4147 432 64
f 3726
a 4148 896 16
f 3390
a 4149 19776 16
f 3981
a 4150 832 256
f 4012
a 4151 1216 16
f 1662
a 4152 736 256
f 3161
a 4153 432 16
f 3816
a 4154 1008 64
f 3718
a 4155 752 16
f 3675
a 4156 23824 256
f 3471
a 4157 47120 256
f 4074
a 4158 22880 16
f 1881
a 4159 384 256
f 3300
a 4160 320 64
f 3805
a 4161 18736 256
f 3215
a 4162 2176 16
f 947
a 4163 30240 64
f 4117
a 4164 6992 256
f 2792
a 4165 4592 64
f 1225
a 4166 36112 64
f 2931
a 4167 7584 16
f 3790
a 4168 6592 16
f 3460
a 4169 9632 256
f 4067
a 4170 7904 16
f 3900
a 4171 9552 16
f 3682
a 4172 31168 16
f 3757
a 4173 1072 16
f 1691
a 4174 8688 256
f 3441
a 4175 480 16
f 3901
a 4176 6432 16
f 4042
a 4177 51760 64
f 3916
a 4178 12640 16
f 4078
a 4179 336 16
f 2852
a 4180 736 16
f 1157
a 4181 272 256
f 3405
a 4182 416 64
f 2480
a 4183 832 256
f 2572
a 4184 368 16
f 2770
a 4185 368 256
f 3921
a 4186 416 64
f 4092
a 4187 464 16
f 3483
a 4188 5120 256
f 4188
a 4189 14528 16
f 3049
a 4190 65136 256
f 1265
a 4191 30352 64
f 4165
a 4192 3376 16
f 4122
a 4193 1024 64
f 3747
a 4194 4064 16
f 3055
a 4195 40544 16
f 3817
a 4196 2016 256
f 3719
a 4197 5312 256
f 3011
a 4198 2512 64
f 3990
a 4199 61568 64
f 3914
a 4200 944 64
f 2173
a 4201 1840 256
f 2028
a 4202 1680 256
f 2871
a 4203 12480 16
f 3103
a 4204 23792 64
f 4009
a 4205 432 64
f 3217
a 4206 7792 64
f 4182
a 4207 640 64
f 3391
a 4208 288 256
f 1111
a 4209 1312 64
f 3461
a 4210 3664 16
f 3026
a 4211 10160 64
f 4114
a 4212 640 256
f 2388
a 4213 1328 256
f 3775
a 4214 2608 64
f 4036
a 4215 5040 16
f 3962
a 4216 1712 64
f 3319
a 4217 5952 256
f 4103
a 4218 3760 64
f 4109
a 4219 1184 256
f 3385
a 4220 1552 256
f 3897
a 4221 12032 256
f 2015
a 4222 1856 16
f 3856
a 4223 2208 256
f 3630
a 4224 43088 16
f 2714
a 4225 6320 16
f 3668
a 4226 13776 16
f 4105
a 4227 528 16
f 2247
a 4228 384 256
f 3346
a 4229 14512 64
f 3543
a 4230 1440 64
f 684
a 4231 7936 256
f 4039
a 4232 21920 64
f 3249
a 4233 7504 16
f 3568
a 4234 4304 16
f 3627
a 4235 5824 256
f 4208
a 4236 4624 16
f 4158
a 4237 3104 64
f 3088
a 4238 832 16
f 4136
a 4239 60816 256
f 3909
a 4240 4960 256
f 2822
a 4241 304 64
f 3072
a 4242 60528 16
f 2862
a 4243 20560 64
f 2937
a 4244 53904 16
f 3019
a 4245 352 256
f 1953
a 4246 432 64
f 3826
a 4247 8272 64
f 3365
a 4248 2560 16
f 4246
a 4249 60448 256
f 3847
a 4250 768 64
f 3445
a 4251 4896 64
f 2726
a 4252 1040 64
f 3616
a 4253 512 256
f 2571
a 4254 5136 64
f 3293
a 4255 1248 64
f 3472
a 4256 29920 64
f 3791
a 4257 1968 16
f 3003
a 4258 1536 16
f 4216
a 4259 12544 64
f 4219
a 4260 1200 16
f 3578
a 4261 25088 64
f 3173
a 4262 1984 64
f 3465
a 4263 12704 64
f 3427
a 4264 24288 64
f 2344
a 4265 1008 256
f 2720
a 4266 2672 256
f 2608
a 4267 272 64
f 4001
a 4268 20480 256
f 1115
a 4269 816 16
f 58
a 4270 9936 16
f 1776
a 4271 2176 64
f 1808
a 4272 352 256
f 1287
a 4273 656 16
f 3658
a 4274 4384 64
f 3228
a 4275 29888 256
f 3698
a 4276 15792 16
f 3913
a 4277 1728 64
f 3908
a 4278 3360 64
f 3535
a 4279 26288 256
f 3799
a 4280 5648 16
f 4177
a 4281 6576 16
f 4156
a 4282 55536 64
f 2618
a 4283 61952 256
f 1613
a 4284 14160 16
f 3936
a 4285 1120 16
f 4218
a 4286 12240 256
f 3237
a 4287 16128 256
f 3337
a 4288 1488 256
f 2558
a 4289 1104 16
f 3414
a 4290 736 16
f 4185
a 4291 1664 256
f 3745
a 4292 1216 64
f 3258
a 4293 4880 64
f 3979
a 4294 31536 256
f 3866
a 4295 43952 256
f 4174
a 4296 53216 16
f 3890
a 4297 3072 16
f 3520
a 4298 1312 256
f 4183
a 4299 29264 256
f 3609
a 4300 992 256
f 1542
a 4301 30560 256
f 2238
a 4302 704 256
f 2502
a 4303 14192 16
f 3701
a 4304 23312 16
f 3959
a 4305 28800 256
f 2683
a 4306 816 64
f 3671
a 4307 400 16
f 2980
a 4308 30016 16
f 4059
a 4309 1232 16
f 3000
a 4310 23920 64
f 1621
a 4311 1696 256
f 4280
a 4312 38272 64
f 4044
a 4313 656 16
f 3626
a 4314 1648 64
f 3983
a 4315 49440 64
f 2974
a 4316 44016 16
f 3444
a 4317 6048 16
f 3885
a 4318 640 16
f 4119
a 4319 784 64
f 3735
a 4320 27920 16
f 2347
a 4321 3504 16
f 4107
a 4322 37728 256
f 3577
a 4323 2192 64
f 2786
a 4324 22848 64
f 3512
a 4325 18960 16
f 3606
a 4326 432 16
f 692
a 4327 496 256
f 1475
a 4328 44752 64
f 2671
a 4329 3664 16
f 4223
a 4330 1872 16
f 4301
a 4331 336 64
f 4006
a 4332 4096 64
f 3944
a 4333 800 64
f 3761
a 4334 848 256
f 3488
a 4335 1984 64
f 454
a 4336 560 64
f 3929
a 4337 38848 16
f 3482
a 4338 880 64
f 3970
a 4339 1936 16
f 3725
a 4340 1136 16
f 1535
a 4341 384 64
f 2240
a 4342 768 256
f 3041
a 4343 720 256
f 3326
a 4344 800 64
f 3823
a 4345 288 16
f 3177
a 4346 2368 256
f 2592
a 4347 784 256
f 3221
a 4348 2320 256
f 2473
a 4349 12416 64
f 2539
a 4350 14880 16
f 4277
a 4351 60544 64
f 1659
a 4352 4992 256
f 3779
a 4353 3440 16
f 3538
a 4354 5840 256
f 4255
a 4355 304 256
f 4323
a 4356 3296 64
f 3758
a 4357 448 16
f 4337
a 4358 656 256
f 3673
a 4359 56704 16
f 4186
a 4360 14192 64
f 4056
a 4361 30656 64
f 4333
a 4362 2144 16
f 2793
a 4363 384 64
f 4230
a 4364 3296 64
f 3716
a 4365 3968 256
f 3046
a 4366 15392 256
f 1148
a 4367 13056 64
f 4232
a 4368 3616 16
f 1950
a 4369 384 64
f 4157
a 4370 2544 256
f 3210
a 4371 19760 256
f 3531
a 4372 512 64
f 3580
a 4373 22688 16
f 2585
a 4374 5392 64
f 4085
a 4375 31280 64
f 4203
a 4376 5488 256
f 3660
a 4377 28144 64
f 3991
a 4378 7536 16
f 3232
a 4379 47008 16
f 3536
a 4380 10720 256
f 3898
a 4381 49232 256
f 2584
a 4382 4208 64
f 3765
a 4383 1248 256
f 3149
a 4384 34848 64
f 3996
a 4385 3632 256
f 1982
a 4386 3648 16
f 2307
a 4387 1328 16
f 1723
a 4388 27632 64
f 3581
a 4389 3312 16
f 3270
a 4390 23392 256
f 282
a 4391 47168 256
f 3096
a 4392 11696 16
f 3487
a 4393 13136 256
f 1260
a 4394 1712 64
f 3821
a 4395 8096 256
f 4143
a 4396 4992 256
f 3409
a 4397 26416 64
f 4016
a 4398 5856 16
f 3807
a 4399 23184 16
f 3736
a 4400 13920 16
f 333
a 4401 64496 256
f 2182
a 4402 21456 256
f 979
a 4403 5360 64
f 2604
a 4404 6880 16
f 3411
a 4405 1984 64
f 4139
a 4406 1120 64
f 4145
a 4407 3760 16
f 3197
a 4408 15056 16
f 3507
a 4409 14048 256
f 4296
a 4410 848 256
f 3809
a 4411 576 256
f 3510
a 4412 20816 64
f 3621
a 4413 3104 64
f 4404
a 4414 3424 256
f 3025
a 4415 15488 16
f 3667
a 4416 1408 16
f 2351
a 4417 336 16
f 3078
a 4418 704 64
f 3646
a 4419 848 16
f 4354
a 4420 2784 256
f 4068
a 4421 800 64
f 2686
a 4422 864 64
f 3200
a 4423 13504 64
f 3870
a 4424 21008 256
f 3949
a 4425 10704 64
f 2981
a 4426 480 16
f 4384
a 4427 3408 64
f 3454
a 4428 47968 64
f 3125
a 4429 5648 16
f 4265
a 4430 6432 256
f 2915
a 4431 43744 64
f 1512
a 4432 880 16
f 4372
a 4433 800 64
f 4110
a 4434 6320 16
f 3994
a 4435 20960 16
f 4214
a 4436 21264 256
f 2887
a 4437 1072 64
f 4031
a 4438 2816 64
f 3839
a 4439 5792 256
f 4083
a 4440 3840 16
f 3329
a 4441 512 256
f 1855
a 4442 1952 64
f 3764
a 4443 448 16
f 4306
a 4444 1152 64
f 4148
a 4445 29648 256
f 3797
a 4446 624 64
f 3180
a 4447 304 64
f 3573
a 4448 1280 64
f 4410
a 4449 58160 64
f 4264
a 4450 1792 64
f 4113
a 4451 544 16
f 3030
a 4452 7568 16
f 4383
a 4453 5328 64
f 3422
a 4454 768 256
f 2743
a 4455 3840 16
f 3350
a 4456 4416 256
f 3700
a 4457 7152 64
f 4233
a 4458 26512 16
f 4082
a 4459 1824 256
f 2706
a 4460 528 256
f 4190
a 4461 8688 64
f 3945
a 4462 56880 256
f 3491
a 4463 3168 256
f 4462
a 4464 800 256
f 2869
a 4465 57152 256
f 3902
a 4466 640 16
f 3943
a 4467 1648 16
f 4353
a 4468 63744 256
f 4392
a 4469 432 256
f 3974
a 4470 7440 64
f 3417
a 4471 1808 256
f 3702
a 4472 39856 64
f 3399
a 4473 416 64
f 4245
a 4474 5456 16
f 4358
a 4475 448 16
f 3359
a 4476 13824 64
f 3836
a 4477 416 64
f 2657
a 4478 3056 64
f 4336
a 4479 3216 64
f 4244
a 4480 448 64
f 4437
a 4481 576 16
f 3614
a 4482 1904 64
f 3560
a 4483 4000 64
f 3995
a 4484 960 64
f 4240
a 4485 496 16
f 3387
a 4486 832 256
f 3813
a 4487 7600 16
f 2343
a 4488 448 64
f 3501
a 4489 20736 16
f 4367
a 4490 16576 16
f 4041
a 4491 2448 16
f 4297
a 4492 10576 256
f 3906
a 4493 656 64
f 3663
a 4494 752 16
f 4311
a 4495 8144 16
f 3248
a 4496 432 64
f 3833
a 4497 6336 256
f 4289
a 4498 29856 256
f 2478
a 4499 20368 256
c step-3500
f 3678
a 4500 448 256
f 2813
a 4501 416 16
f 4055
a 4502 59920 64
f 4166
a 4503 28752 16
f 3498
a 4504 512 256
f 3070
a 4505 18896 64
f 3984
a 4506 1488 256
f 4346
a 4507 14112 16
f 4096
a 4508 37008 16
f 3707
a 4509 384 256
f 2863
a 4510 416 64
f 4253
a 4511 9744 64
f 4272
a 4512 704 64
f 2663
a 4513 3088 64
f 3971
a 4514 8240 16
f 4351
a 4515 480 256
f 3854
a 4516 19120 256
f 3243
a 4517 5472 256
f 3919
a 4518 1280 64
f 3637
a 4519 816 256
f 4178
a 4520 64256 64
f 4058
a 4521 18288 16
f 1039
a 4522 880 64
f 4181
a 4523 6896 16
f 4282
a 4524 25472 256
f 4415
a 4525 448 256
f 1490
a 4526 18400 64
f 3582
a 4527 496 256
f 4121
a 4528 14272 256
f 3187
a 4529 6384 64
f 3321
a 4530 1760 16
f 1967
a 4531 976 64
f 4430
a 4532 11600 16
f 3635
a 4533 50512 16
f 4281
a 4534 336 256
f 4478
a 4535 272 64
f 1156
a 4536 400 64
f 3957
a 4537 50960 256
f 4343
a 4538 63136 256
f 4413
a 4539 4496 64
f 4286
a 4540 272 64
f 4422
a 4541 496 256
f 2619
a 4542 22400 64
f 3532
a 4543 27456 256
f 3176
a 4544 15232 16
f 3824
a 4545 304 16
f 4512
a 4546 10688 64
f 4238
a 4547 28896 256
f 3341
a 4548 752 16
f 3876
a 4549 22176 256
f 4022
a 4550 2016 256
f 3653
a 4551 7408 256
f 3760
a 4552 1136 64
f 2402
a 4553 8544 64
f 3842
a 4554 848 256
f 4239
a 4555 6432 16
f 4029
a 4556 26320 16
f 2460
a 4557 3552 256
f 4262
a 4558 4816 256
f 4412
a 4559 8928 64
f 3358
a 4560 3024 64
f 3407
a 4561 9536 256
f 4081
a 4562 3904 64
f 4455
a 4563 11136 16
f 696
a 4564 720 16
f 3347
a 4565 1808 256
f 4073
a 4566 1024 256
f 4047
a 4567 304 16
f 1552
a 4568 1408 64
f 3917
a 4569 3888 16
f 4439
a 4570 272 64
f 3393
a 4571 19952 64
f 2841
a 4572 29744 16
f 2201
a 4573 48592 64
f 4537
a 4574 1792 64
f 3612
a 4575 7696 16
f 4506
a 4576 448 16
f 2057
a 4577 2592 64
f 3886
a 4578 59840 16
f 3470
a 4579 5312 64
f 3899
a 4580 32016 64
f 3253
a 4581 6192 256
f 4443
a 4582 9904 16
f 4088
a 4583 11056 256
f 4483
a 4584 2288 64
f 4444
a 4585 4208 16
f 3259
a 4586 2704 16
f 4134
a 4587 3312 64
f 4270
a 4588 15488 16
f 2591
a 4589 2032 256
f 2894
a 4590 752 256
f 2149
a 4591 2464 16
f 4155
a 4592 19136 16
f 4256
a 4593 800 16
f 4550
a 4594 7936 64
f 4452
a 4595 61424 16
f 4021
a 4596 1744 16
f 2367
a 4597 1904 256
f 3323
a 4598 2880 16
f 4370
a 4599 784 256
f 4192
a 4600 2336 64
f 4152
a 4601 8736 256
f 4528
a 4602 16656 64
f 4025
a 4603 1056 256
f 3987
a 4604 37680 256
f 3858
a 4605 28320 256
f 4470
a 4606 1440 256
f 4285
a 4607 42880 64
f 3629
a 4608 19952 64
f 4438
a 4609 336 16
f 4402
a 4610 10096 64
f 4497
a 4611 544 64
f 3420
a 4612 8992 64
f 4375
a 4613 5888 16
f 1067
a 4614 5808 64
f 4461
a 4615 912 64
f 3604
a 4616 1456 256
f 3953
a 4617 23344 64
f 1997
a 4618 4224 16
f 4481
a 4619 5200 64
f 2096
a 4620 864 16
f 2809
a 4621 30688 16
f 2441
a 4622 18880 16
f 3794
a 4623 3600 16
f 3997
a 4624 2272 16
f 3691
a 4625 944 64
f 3687
a 4626 54944 256
f 4225
a 4627 14768 256
f 1472
a 4628 7808 256
f 3354
a 4629 20496 256
f 3740
a 4630 944 16
f 4534
a 4631 1856 16
f 4628
a 4632 384 16
f 4446
a 4633 5104 256
f 4409
a 4634 7248 64
f 4538
a 4635 2672 256
f 4329
a 4636 3424 16
f 2242
a 4637 60240 256
f 4135
a 4638 12448 64
f 1834
a 4639 864 64
f 3818
a 4640 55312 16
f 2113
a 4641 272 64
f 4077
a 4642 13856 64
f 3844
a 4643 10896 64
f 2904
a 4644 368 256
f 2929
a 4645 656 16
f 4093
a 4646 16016 64
f 4201
a 4647 1920 64
f 3849
a 4648 656 64
f 4291
a 4649 368 64
f 4480
a 4650 9088 16
f 4344
a 4651 2144 16
f 3756
a 4652 47424 256
f 4195
a 4653 2544 256
f 3186
a 4654 512 64
f 2479
a 4655 14912 256
f 4271
a 4656 46928 64
f 4356
a 4657 26240 64
f 3029
a 4658 2848 16
f 4387
a 4659 320 256
f 4590
a 4660 9536 16
f 4000
a 4661 20848 256
f 215
a 4662 6944 64
f 727
a 4663 11712 16
f 3742
a 4664 2608 64
f 2371
a 4665 432 64
f 3620
a 4666 15648 16
f 4436
a 4667 23744 64
f 4667
a 4668 12704 16
f 3340
a 4669 55024 64
f 4071
a 4670 56512 256
f 4441
a 4671 720 16
f 4595
a 4672 29648 16
f 3642
a 4673 49520 16
f 525
a 4674 50464 64
f 3772
a 4675 1552 256
f 3755
a 4676 26352 256
f 4586
a 4677 1840 256
f 3398
a 4678 800 64
f 1442
a 4679 320 64
f 4524
a 4680 3456 64
f 1130
a 4681 28416 64
f 3684
a 4682 1776 64
f 4482
a 4683 14816 64
f 4086
a 4684 848 256
f 1151
a 4685 6032 64
f 3611
a 4686 3840 16
f 3207
a 4687 43024 16
f 2983
a 4688 2576 256
f 3190
a 4689 3232 256
f 3016
a 4690 19888 16
f 1585
a 4691 304 256
f 4015
a 4692 800 16
f 4037
a 4693 1024 16
f 2580
a 4694 18528 64
f 4691
a 4695 29568 256
f 4393
a 4696 496 64
f 4454
a 4697 432 256
f 4261
a 4698 944 16
f 4112
a 4699 8704 64
f 4305
a 4700 11984 16
f 4673
a 4701 4992 16
f 3457
a 4702 464 16
f 2675
a 4703 10304 16
f 4176
a 4704 13888 16
f 1961
a 4705 1920 256
f 2831
a 4706 1520 256
f 2174
a 4707 1888 16
f 159
a 4708 304 256
f 4699
a 4709 30048 16
f 4018
a 4710 512 256
f 3494
a 4711 1280 256
f 2648
a 4712 22192 256
f 1132
a 4713 3456 64
f 4527
a 4714 352 16
f 3773
a 4715 8784 256
f 4362
a 4716 352 64
f 4496
a 4717 288 256
f 4518
a 4718 55280 16
f 4237
a 4719 1408 64
f 3835
a 4720 1584 64
f 4688
a 4721 21968 256
f 4712
a 4722 30880 256
f 4625
a 4723 14128 16
f 1292
a 4724 2048 16
f 3219
a 4725 1280 256
f 4236
a 4726 26352 64
f 3705
a 4727 4096 256
f 3086
a 4728 7152 64
f 2762
a 4729 14272 256
f 3489
a 4730 1120 64
f 3615
a 4731 21136 256
f 4718
a 4732 34816 256
f 3766
a 4733 368 64
f 4382
a 4734 496 16
f 4322
a 4735 656 16
f 3308
a 4736 13760 64
f 4310
a 4737 1312 256
f 4599
a 4738 400 64
f 3558
a 4739 656 16
f 3307
a 4740 27360 16
f 3587
a 4741 6256 64
f 2051
a 4742 16384 16
f 3958
a 4743 5056 256
f 4631
a 4744 1984 64
f 3523
a 4745 1280 256
f 4656
a 4746 14192 16
f 4669
a 4747 44176 256
f 4373
a 4748 36896 256
f 4711
a 4749 1600 256
f 4314
a 4750 10256 16
f 4650
a 4751 624 256
f 4671
a 4752 4976 16
f 4200
a 4753 27760 256
f 4689
a 4754 2960 16
f 2885
a 4755 1440 64
f 3941
a 4756 4784 64
f 3879
a 4757 21792 256
f 3942
a 4758 5920 64
f 4426
a 4759 52768 64
f 2325
a 4760 768 64
f 2457
a 4761 26144 64
f 4316
a 4762 2560 256
f 4049
a 4763 3296 64
f 2957
a 4764 432 256
f 4315
a 4765 8416 16
f 4349
a 4766 5280 256
f 2787
a 4767 5728 64
f 4369
a 4768 23984 16
f 4597
a 4769 7072 64
f 3594
a 4770 368 64
f 4128
a 4771 1952 64
f 1283
a 4772 1552 16
f 4419
a 4773 1024 256
f 4615
a 4774 1936 16
f 4242
a 4775 10432 256
f 4064
a 4776 816 256
f 4357
a 4777 10416 16
f 4777
a 4778 15824 256
f 4161
a 4779 1744 16
f 3515
a 4780 32928 256
f 4460
a 4781 928 256
f 4549
a 4782 928 64
f 4400
a 4783 9568 64
f 2843
a 4784 368 16
f 1417
a 4785 10080 256
f 3383
a 4786 18304 256
f 4429
a 4787 30272 16
f 4546
a 4788 672 256
f 4474
a 4789 768 16
f 4276
a 4790 848 64
f 4432
a 4791 8528 64
f 4290
a 4792 8096 64
f 4629
a 4793 1936 64
f 4275
a 4794 44608 64
f 3327
a 4795 39408 256
f 2387
a 4796 6960 64
f 4760
a 4797 64288 64
f 4602
a 4798 6352 256
f 4701
a 4799 672 16
f 2897
a 4800 4480 16
f 3458
a 4801 29776 64
f 2819
a 4802 54032 256
f 4116
a 4803 528 16
f 4153
a 4804 816 256
f 3811
a 4805 58464 256
f 3639
a 4806 20912 256
f 2835
a 4807 42704 16
f 4142
a 4808 50576 16
f 3004
a 4809 43440 256
f 4713
a 4810 4128 256
f 4678
a 4811 19696 16
f 4643
a 4812 1856 256
f 3992
a 4813 16656 64
f 4075
a 4814 47152 256
f 4748
a 4815 9456 64
f 4198
a 4816 24080 64
f 4639
a 4817 4000 256
f 4764
a 4818 496 256
f 2946
a 4819 3424 64
f 4292
a 4820 24576 256
f 3793
a 4821 49840 64
f 4613
a 4822 512 256
f 1077
a 4823 640 16
f 4672
a 4824 768 16
f 4469
a 4825 7600 16
f 3938
a 4826 7312 64
f 4603
a 4827 4016 256
f 4287
a 4828 6672 16
f 3829
a 4829 20192 16
f 4724
a 4830 7184 256
f 4127
a 4831 1920 256
f 4618
a 4832 352 16
f 4588
a 4833 18448 16
f 4817
a 4834 5008 64
f 3432
a 4835 672 256
f 537
a 4836 1008 64
f 3782
a 4837 656 16
f 4028
a 4838 53552 256
f 3883
a 4839 8208 64
f 4608
a 4840 1552 256
f 4751
a 4841 22704 256
f 4002
a 4842 544 16
f 4620
a 4843 624 256
f 3632
a 4844 816 16
f 4395
a 4845 2928 16
f 2409
a 4846 832 16
f 4843
a 4847 7824 256
f 4728
a 4848 1376 256
f 3297
a 4849 6288 16
f 3852
a 4850 736 64
f 3377
a 4851 30016 16
f 4823
a 4852 464 64
f 4739
a 4853 12128 256
f 3619
a 4854 7776 16
f 4844
a 4855 15200 256
f 4784
a 4856 3904 256
f 4702
a 4857 63248 16
f 2681
a 4858 11728 64
f 1869
a 4859 1136 256
f 3301
a 4860 12384 256
f 2404
a 4861 17632 16
f 3334
a 4862 3280 256
f 3895
a 4863 3232 64
f 4555
a 4864 1680 16
f 4676
a 4865 35200 16
f 4571
a 4866 12320 64
f 4498
a 4867 6304 64
f 4698
a 4868 10272 16
f 3551
a 4869 13728 64
f 4224
a 4870 27344 256
f 3500
a 4871 544 256
f 4046
a 4872 4688 64
f 3211
a 4873 20608 64
f 3819
a 4874 496 256
f 4510
a 4875 46608 256
f 4866
a 4876 3600 16
f 3973
a 4877 544 16
f 2907
a 4878 16336 16
f 4169
a 4879 768 256
f 4500
a 4880 27216 16
f 1773
a 4881 576 16
f 4514
a 4882 640 16
f 3912
a 4883 13104 256
f 4417
a 4884 28576 256
f 4269
a 4885 2288 64
f 3894
a 4886 3136 64
f 3408
a 4887 8960 16
f 3006
a 4888 1376 256
f 3566
a 4889 10416 16
f 4472
a 4890 13520 256
f 4399
a 4891 560 64
f 4806
a 4892 544 64
f 4231
a 4893 1008 64
f 4371
a 4894 928 64
f 3882
a 4895 2896 64
f 4521
a 4896 1808 16
f 4695
a 4897 10704 64
f 4753
a 4898 14592 16
f 4661
a 4899 24432 256
f 4845
a 4900 1440 256
f 3618
a 4901 464 16
f 860
a 4902 50960 256
f 4377
a 4903 65152 16
f 2905
a 4904 816 256
f 3699
a 4905 11728 16
f 2902
a 4906 2352 256
f 3572
a 4907 6720 256
f 4170
a 4908 6624 64
f 2579
a 4909 768 16
f 4825
a 4910 5120 256
f 4533
a 4911 544 256
f 4520
a 4912 7168 256
f 3392
a 4913 22000 16
f 3423
a 4914 6112 16
f 4335
a 4915 1968 256
f 3954
a 4916 23456 64
f 3976
a 4917 28544 64
f 2613
a 4918 1680 64
f 3439
a 4919 720 16
f 4722
a 4920 2416 256
f 4616
a 4921 15744 256
f 3686
a 4922 10016 16
f 4785
a 4923 480 64
f 4839
a 4924 18032 64
f 4644
a 4925 12064 16
f 4320
a 4926 18224 256
f 4535
a 4927 10976 64
f 4841
a 4928 800 256
f 2985
a 4929 25520 16
f 3349
a 4930 11872 64
f 4897
a 4931 4304 256
f 3081
a 4932 2080 16
f 3313
a 4933 560 256
f 3467
a 4934 15824 256
f 4861
a 4935 576 64
f 4726
a 4936 2384 64
f 4137
a 4937 9920 16
f 3820
a 4938 2752 256
f 3843
a 4939 1200 256
f 2914
a 4940 1840 16
f 3051
a 4941 480 16
f 3669
a 4942 944 256
f 4574
a 4943 512 256
f 3567
a 4944 11504 16
f 4331
a 4945 23984 256
f 3069
a 4946 51280 16
f 3247
a 4947 3728 64
f 1990
a 4948 5216 16
f 4563
a 4949 1024 64
f 871
a 4950 57392 64
f 2529
a 4951 35664 64
f 4792
a 4952 16288 256
f 4529
a 4953 6288 64
f 2400
a 4954 39248 256
f 3260
a 4955 59584 16
f 3681
a 4956 1408 16
f 4835
a 4957 3344 256
f 4931
a 4958 17936 256
f 3469
a 4959 5968 64
f 4530
a 4960 15664 64
f 4754
a 4961 5024 256
f 4704
a 4962 60176 256
f 2879
a 4963 736 256
f 4167
a 4964 15232 16
f 4921
a 4965 2192 256
f 4168
a 4966 14000 16
f 4873
a 4967 56912 16
f 4653
a 4968 55632 16
f 4013
a 4969 768 256
f 4359
a 4970 12992 16
f 4379
a 4971 2448 64
f 4293
a 4972 976 16
f 4250
a 4973 976 256
f 3589
a 4974 6320 256
f 4347
a 4975 3968 64
f 4235
a 4976 10480 64
f 4782
a 4977 11120 64
f 4788
a 4978 3904 256
f 803
a 4979 976 16
f 4781
a 4980 576 16
f 3481
a 4981 12112 16
f 4503
a 4982 28784 64
f 3683
a 4983 784 256
f 4635
a 4984 1136 16
f 4294
a 4985 4992 64
f 4813
a 4986 61920 16
f 3860
a 4987 11872 16
f 2425
a 4988 4544 256
f 4257
a 4989 6832 64
f 4254
a 4990 3424 256
f 4115
a 4991 14528 256
f 4051
a 4992 21728 16
f 4302
a 4993 3600 16
f 4993
a 4994 40448 256
f 3527
a 4995 1184 64
f 4883
a 4996 3456 64
f 4494
a 4997 800 64
f 3519
a 4998 3616 16
f 4102
a 4999 400 64
c step-4000
f 4826
a 5000 3152 16
f 3964
a 5001 5136 16
f 4228
a 5002 47072 256
f 4205
a 5003 560 64
f 4140
a 5004 23728 256
f 4222
a 5005 272 64
f 4517
a 5006 2768 256
f 3710
a 5007 3184 256
f 4914
a 5008 8336 256
f 4492
a 5009 768 64
f 3950
a 5010 640 16
f 4423
a 5011 56336 64
f 4332
a 5012 59792 16
f 3196
a 5013 18944 16
f 2032
a 5014 368 64
f 2740
a 5015 28048 256
f 4350
a 5016 1616 16
f 2205
a 5017 1728 64
f 4062
a 5018 6144 64
f 3688
a 5019 480 256
f 2389
a 5020 2096 256
f 4812
a 5021 1664 16
f 3696
a 5022 6560 256
f 3937
a 5023 8816 64
f 2996
a 5024 3680 64
f 4798
a 5025 7904 16
f 1565
a 5026 432 16
f 3685
a 5027 768 16
f 4551
a 5028 7488 16
f 4274
a 5029 1040 16
f 4456
a 5030 10640 64
f 4173
a 5031 8864 64
f 4352
a 5032 57632 256
f 585
a 5033 480 256
f 4651
a 5034 1488 64
f 34
a 5035 2784 256
f 4857
a 5036 352 256
f 326
a 5037 9936 256
f 4189
a 5038 912 16
f 4759
a 5039 2800 64
f 4477
a 5040 640 16
f 2431
a 5041 23952 16
f 4196
a 5042 23776 64
f 4180
a 5043 976 256
f 4947
a 5044 496 256
f 5014
a 5045 54752 256
f 2680
a 5046 54864 16
f 3395
a 5047 1360 16
f 5029
a 5048 848 16
f 4589
a 5049 3344 16
f 5034
a 5050 63232 64
f 4967
a 5051 48976 64
f 4553
a 5052 304 64
f 4946
a 5053 1632 256
f 4070
a 5054 1904 64
f 2503
a 5055 288 64
f 4852
a 5056 28032 64
f 4076
a 5057 5616 64
f 2690
a 5058 672 16
f 3633
a 5059 11504 64
f 4949
a 5060 37584 256
f 4858
a 5061 19296 256
f 4234
a 5062 2320 256
f 3712
a 5063 704 16
f 4732
a 5064 4304 64
f 4598
a 5065 7888 64
f 4893
a 5066 640 256
f 3474
a 5067 1840 16
f 3721
a 5068 26880 16
f 3665
a 5069 800 256
f 1264
a 5070 1024 64
f 4126
a 5071 1216 256
f 3925
a 5072 50672 64
f 3534
a 5073 7552 256
f 5043
a 5074 608 64
f 3412
a 5075 27184 16
f 3264
a 5076 8080 64
f 740
a 5077 496 256
f 1546
a 5078 45488 256
f 2303
a 5079 8592 64
f 5064
a 5080 1408 256
f 3704
a 5081 3696 256
f 4120
a 5082 1856 256
f 4581
a 5083 1280 16
f 398
a 5084 1552 16
f 4048
a 5085 21344 16
f 4775
a 5086 1200 64
f 4495
a 5087 3344 16
f 2773
a 5088 6416 16
f 3926
a 5089 60464 256
f 4647
a 5090 3904 64
f 646
a 5091 16624 256
f 4579
a 5092 26160 16
f 39
a 5093 992 16
f 4213
a 5094 1760 256
f 4298
a 5095 752 256
f 4389
a 5096 992 16
f 4915
a 5097 12112 64
f 3092
a 5098 3424 64
f 3533
a 5099 24416 256
f 4877
a 5100 29136 64
f 4830
a 5101 1904 64
f 4381
a 5102 1712 16
f 4339
a 5103 14624 16
f 5071
a 5104 5664 256
f 2617
a 5105 432 16
f 4227
a 5106 25248 256
f 3590
a 5107 13232 16
f 1814
a 5108 7360 64
f 2535
a 5109 13552 256
f 5076
a 5110 32320 256
f 4220
a 5111 3248 16
f 4519
a 5112 38352 16
f 2314
a 5113 9152 256
f 4266
a 5114 12768 256
f 4531
a 5115 1088 64
f 4658
a 5116 6992 16
f 4131
a 5117 19488 256
f 3720
a 5118 7504 64
f 2599
a 5119 304 256
f 4035
a 5120 816 256
f 4974
a 5121 672 256
f 5030
a 5122 1232 16
f 5079
a 5123 1504 256
f 3711
a 5124 5344 256
f 4612
a 5125 4032 16
f 2644
a 5126 8256 256
f 4606
a 5127 9936 16
f 3462
a 5128 1744 16
f 4685
a 5129 3504 64
f 894
a 5130 496 64
f 4098
a 5131 46288 64
f 4891
a 5132 7920 16
f 4552
a 5133 56752 256
f 5008
a 5134 32384 16
f 4544
a 5135 352 64
f 4317
a 5136 63344 64
f 4660
a 5137 480 64
f 4604
a 5138 7680 256
f 4475
a 5139 384 64
f 4745
a 5140 46000 64
f 4633
a 5141 3120 64
f 3952
a 5142 4640 64
f 2596
a 5143 7744 64
f 3586
a 5144 34400 64
f 4249
a 5145 1824 16
f 2754
a 5146 1856 16
f 4164
a 5147 11440 16
f 4978
a 5148 26672 16
f 4547
a 5149 12336 64
f 3774
a 5150 1968 16
f 2979
a 5151 1168 64
f 4670
a 5152 30064 16
f 2531
a 5153 11712 16
f 4045
a 5154 60576 64
f 4771
a 5155 8784 16
f 3335
a 5156 880 256
f 4617
a 5157 14208 64
f 4821
a 5158 496 64
f 4871
a 5159 12560 64
f 4983
a 5160 3712 16
f 4955
a 5161 496 64
f 3372
a 5162 59520 64
f 5061
a 5163 5504 16
f 4916
a 5164 704 16
f 4807
a 5165 3424 16
f 3966
a 5166 3280 256
f 3780
a 5167 4640 16
f 4345
a 5168 27360 256
f 4091
a 5169 12416 64
f 1485
a 5170 2496 256
f 4365
a 5171 6960 256
f 4881
a 5172 5888 256
f 4129
a 5173 53504 256
f 4427
a 5174 5200 16
f 4386
a 5175 57120 256
f 2920
a 5176 6736 64
f 5009
a 5177 7936 256
f 5070
a 5178 26144 64
f 3299
a 5179 464 64
f 4283
a 5180 576 256
f 5069
a 5181 12320 16
f 2545
a 5182 19008 16
f 1836
a 5183 22336 64
f 3998
a 5184 1008 256
f 4318
a 5185 432 64
f 3875
a 5186 3440 64
f 4406
a 5187 2032 256
f 4596
a 5188 1904 64
f 3093
a 5189 384 256
f 4024
a 5190 1440 256
f 4833
a 5191 1248 64
f 4679
a 5192 928 16
f 5183
a 5193 2288 256
f 4106
a 5194 5488 256
f 4899
a 5195 5840 256
f 4243
a 5196 48896 16
f 5132
a 5197 7200 64
f 5091
a 5198 14384 256
f 5056
a 5199 6608 16
f 4895
a 5200 45376 256
f 2374
a 5201 6688 64
f 4476
a 5202 2240 64
f 5179
a 5203 320 64
f 5110
a 5204 8064 256
f 3524
a 5205 7168 64
f 5151
a 5206 41296 256
f 4341
a 5207 5200 256
f 3110
a 5208 480 64
f 4989
a 5209 592 256
f 4638
a 5210 19360 64
f 4125
a 5211 4496 256
f 5191
a 5212 1984 16
f 4154
a 5213 720 256
f 4582
a 5214 14144 256
f 4779
a 5215 41312 16
f 2528
a 5216 29472 256
f 4199
a 5217 13184 64
f 4985
a 5218 5280 64
f 3014
a 5219 6144 16
f 4860
a 5220 384 256
f 2695
a 5221 2336 256
f 4448
a 5222 848 64
f 4971
a 5223 3920 256
f 4206
a 5224 656 16
f 5002
a 5225 33968 16
f 5099
a 5226 1776 256
f 4804
a 5227 30432 64
f 4421
a 5228 448 16
f 3227
a 5229 7904 16
f 4664
a 5230 6096 64
f 2958
a 5231 9008 256
f 5120
a 5232 12192 16
f 4683
a 5233 34160 256
f 3554
a 5234 29984 256
f 4749
a 5235 4624 16
f 4473
a 5236 3840 256
f 5182
a 5237 4496 256
f 5105
a 5238 4528 64
f 4663
a 5239 14832 256
f 4865
a 5240 44896 256
f 4468
a 5241 4128 16
f 4191
a 5242 624 16
f 3649
a 5243 31072 256
f 4948
a 5244 23216 16
f 3923
a 5245 1184 256
f 3124
a 5246 7200 16
f 4463
a 5247 2800 16
f 4878
a 5248 1504 16
f 2423
a 5249 29952 64
f 4548
a 5250 1008 16
f 4411
a 5251 7632 16
f 3697
a 5252 848 256
f 3911
a 5253 47744 256
f 2697
a 5254 16800 64
f 4687
a 5255 640 256
f 5000
a 5256 44848 16
f 5021
a 5257 960 256
f 4313
a 5258 3440 16
f 3296
a 5259 14896 16
f 3617
a 5260 13408 16
f 4907
a 5261 13488 64
f 5218
a 5262 1904 64
f 4027
a 5263 10512 256
f 2777
a 5264 7296 256
f 4741
a 5265 11360 64
f 3022
a 5266 1216 256
f 1429
a 5267 448 256
f 5126
a 5268 1920 256
f 4509
a 5269 512 16
f 5131
a 5270 3312 256
f 4740
a 5271 1968 256
f 3287
a 5272 1360 16
f 4466
a 5273 8160 64
f 2984
a 5274 23120 64
f 4545
a 5275 304 256
f 4868
a 5276 54160 256
f 4856
a 5277 55616 16
f 4965
a 5278 26736 16
f 4300
a 5279 49600 16
f 3584
a 5280 912 16
f 4727
a 5281 15904 64
f 4559
a 5282 4592 64
f 3903
a 5283 16912 16
f 4450
a 5284 5088 64
f 4657
a 5285 2736 16
f 4600
a 5286 21792 256
f 3731
a 5287 864 16
f 4863
a 5288 3024 256
f 5108
a 5289 2992 256
f 3796
a 5290 400 64
f 3650
a 5291 1824 256
f 4970
a 5292 672 16
f 5138
a 5293 25584 64
f 4827
a 5294 39344 256
f 4706
a 5295 560 16
f 4566
a 5296 608 64
f 5109
a 5297 3792 16
f 3788
a 5298 23216 16
f 4340
a 5299 15760 64
f 4912
a 5300 1424 256
f 4260
a 5301 2448 16
f 2280
a 5302 5680 64
f 4848
a 5303 60240 64
f 3240
a 5304 3024 16
f 4567
a 5305 896 256
f 4309
a 5306 8064 64
f 4610
a 5307 1632 64
f 4133
a 5308 19168 64
f 5017
a 5309 30864 16
f 2108
a 5310 2624 256
f 3433
a 5311 544 64
f 5006
a 5312 4416 256
f 4385
a 5313 12784 256
f 5198
a 5314 7120 64
f 4532
a 5315 432 256
f 4975
a 5316 7456 64
f 4937
a 5317 3664 256
f 3188
a 5318 432 16
f 5313
a 5319 1872 16
f 3784
a 5320 1072 16
f 3677
a 5321 11152 16
f 4714
a 5322 2208 64
f 4925
a 5323 1216 16
f 3513
a 5324 1552 16
f 2421
a 5325 2048 16
f 4941
a 5326 2256 64
f 4820
a 5327 672 16
f 4716
a 5328 4368 16
f 5157
a 5329 512 256
f 4680
a 5330 496 16
f 2898
a 5331 13072 16
f 4738
a 5332 6496 16
f 4557
a 5333 3504 16
f 4763
a 5334 24416 16
f 5187
a 5335 560 64
f 4666
a 5336 1120 16
f 5256
a 5337 2064 16
f 5177
a 5338 12928 16
f 4398
a 5339 2272 64
f 3744
a 5340 10064 16
f 5337
a 5341 944 16
f 5086
a 5342 1824 256
f 4905
a 5343 30688 64
f 1362
a 5344 1760 64
f 5253
a 5345 4368 16
f 5116
a 5346 4144 16
f 4263
a 5347 3968 16
f 4138
a 5348 3984 64
f 5027
a 5349 1040 64
f 5004
a 5350 3760 256
f 4645
a 5351 2496 64
f 2164
a 5352 1520 16
f 1364
a 5353 2768 64
f 5254
a 5354 6848 16
f 2913
a 5355 560 16
f 4425
a 5356 44624 256
f 2524
a 5357 13296 64
f 5134
a 5358 3584 16
f 4786
a 5359 24368 256
f 4717
a 5360 6880 256
f 4565
a 5361 9696 256
f 5269
a 5362 9712 64
f 5146
a 5363 688 16
f 5255
a 5364 16752 256
f 5003
a 5365 36736 256
f 3655
a 5366 288 256
f 1955
a 5367 2704 64
f 1960
a 5368 7968 64
f 5326
a 5369 400 256
f 4913
a 5370 736 16
f 4996
a 5371 61472 256
f 2385
a 5372 544 64
f 5320
a 5373 20256 64
f 3888
a 5374 52768 16
f 4935
a 5375 752 16
f 4491
a 5376 19136 256
f 4747
a 5377 25392 64
f 4486
a 5378 896 256
f 3878
a 5379 6944 256
f 5189
a 5380 21824 64
f 5046
a 5381 13712 16
f 4774
a 5382 12208 64
f 3723
a 5383 784 256
f 4268
a 5384 320 16
f 4942
a 5385 304 256
f 4840
a 5386 1088 16
f 3831
a 5387 640 64
f 4648
a 5388 18544 256
f 5139
a 5389 5792 64
f 4876
a 5390 32768 16
f 4734
a 5391 20432 256
f 3783
a 5392 5296 64
f 4963
a 5393 1104 64
f 157
a 5394 44464 64
f 4319
a 5395 448 256
f 4147
a 5396 6112 64
f 4665
a 5397 752 256
f 3859
a 5398 27296 256
f 5290
a 5399 3376 16
f 4898
a 5400 1408 16
f 5355
a 5401 29280 16
f 3729
a 5402 31168 256
f 5184
a 5403 26160 256
f 4910
a 5404 9920 16
f 5295
a 5405 640 16
f 5248
a 5406 35792 64
f 4962
a 5407 7680 16
f 4979
a 5408 1232 64
f 4778
a 5409 3248 16
f 5040
a 5410 15072 256
f 5364
a 5411 1296 256
f 4919
a 5412 784 256
f 3509
a 5413 5984 256
f 3001
a 5414 19936 256
f 5273
a 5415 64000 16
f 5226
a 5416 24352 16
f 4033
a 5417 24224 16
f 5241
a 5418 12512 16
f 5045
a 5419 448 16
f 4622
a 5420 2240 256
f 1711
a 5421 1472 64
f 2844
a 5422 9984 16
f 4842
a 5423 59216 64
f 5346
a 5424 2000 256
f 5125
a 5425 3520 64
f 5174
a 5426 4416 16
f 1103
a 5427 4576 16
f 3378
a 5428 384 64
f 3771
a 5429 14848 256
f 5274
a 5430 1040 64
f 4705
a 5431 53664 256
f 5150
a 5432 19600 16
f 162
a 5433 12912 64
f 5265
a 5434 7216 256
f 5334
a 5435 608 256
f 4636
a 5436 12208 64
f 5345
a 5437 528 256
f 5396
a 5438 704 16
f 3607
a 5439 784 16
f 4901
a 5440 1712 64
f 3413
a 5441 9472 64
f 4416
a 5442 320 64
f 5089
a 5443 15648 256
f 4428
a 5444 7456 64
f 4892
a 5445 19872 64
f 4601
a 5446 576 16
f 3122
a 5447 3728 256
f 4484
a 5448 38608 256
f 3242
a 5449 63216 64
f 3163
a 5450 35936 64
f 4924
a 5451 2480 256
f 4973
a 5452 10384 64
f 5272
a 5453 3936 256
f 5365
a 5454 368 64
f 3648
a 5455 384 64
f 5277
a 5456 4496 64
f 4522
a 5457 5920 16
f 3490
a 5458 2672 16
f 5104
a 5459 384 64
f 3827
a 5460 3584 64
f 3918
a 5461 7616 64
f 4956
a 5462 416 64
f 4572
a 5463 1104 16
f 5278
a 5464 496 64
f 5321
a 5465 50944 16
f 5359
a 5466 4832 64
f 5054
a 5467 960 64
f 4707
a 5468 27104 64
f 5468
a 5469 24192 16
f 4066
a 5470 1984 16
f 5390
a 5471 59296 256
f 5380
a 5472 4112 16
f 4987
a 5473 768 256
f 2952
a 5474 10576 16
f 5038
a 5475 976 64
f 4303
a 5476 39920 256
f 2467
a 5477 6064 64
f 4397
a 5478 57776 256
f 4834
a 5479 3904 64
f 3553
a 5480 544 64
f 4308
a 5481 8160 16
f 4836
a 5482 1792 64
f 4459
a 5483 1568 256
f 5171
a 5484 14112 16
f 4032
a 5485 2496 64
f 4050
a 5486 31440 16
f 3222
a 5487 3328 16
f 5112
a 5488 3792 16
f 2620
a 5489 5616 16
f 3709
a 5490 976 16
f 4108
a 5491 27600 64
f 5481
a 5492 44672 256
f 4374
a 5493 432 64
f 3605
a 5494 55408 64
f 5347
a 5495 464 256
f 2801
a 5496 51760 256
f 3473
a 5497 736 256
f 4099
a 5498 3184 64
f 4814
a 5499 1744 64
c step-4500
f 4338
a 5500 304 16
f 5330
a 5501 1872 16
f 4505
a 5502 368 64
f 3659
a 5503 1984 64
f 5240
a 5504 4096 64
f 2745
a 5505 1520 16
f 4407
a 5506 54640 16
f 1363
a 5507 9648 16
f 3880
a 5508 432 16
f 4573
a 5509 1648 16
f 2066
a 5510 752 64
f 4642
a 5511 848 64
f 4933
a 5512 28640 64
f 5159
a 5513 1744 16
f 4708
a 5514 800 16
f 5331
a 5515 17904 16
f 4479
a 5516 7648 16
f 4038
a 5517 2848 64
f 5469
a 5518 672 64
f 5490
a 5519 448 16
f 3863
a 5520 448 16
f 4934
a 5521 23424 16
f 5231
a 5522 14880 16
f 5186
a 5523 2704 64
f 4641
a 5524 1376 64
f 5342
a 5525 63056 64
f 5066
a 5526 576 16
f 5525
a 5527 3312 256
f 4649
a 5528 27552 64
f 3792
a 5529 24560 16
f 5228
a 5530 12960 64
f 5349
a 5531 4464 16
f 4918
a 5532 512 16
f 4451
a 5533 1760 256
f 5158
a 5534 1520 256
f 3661
a 5535 13552 16
f 5452
a 5536 8064 64
f 5028
a 5537 2064 64
f 5425
a 5538 26816 64
f 5193
a 5539 3232 256
f 4172
a 5540 20208 16
f 5173
a 5541 432 256
f 3138
a 5542 20208 256
f 4259
a 5543 320 256
f 4654
a 5544 13040 256
f 5432
a 5545 10064 256
f 5489
a 5546 1152 16
f 4560
a 5547 1776 64
f 5507
a 5548 896 16
f 4569
a 5549 784 16
f 4226
a 5550 1104 64
f 3286
a 5551 2816 64
f 3812
a 5552 7312 256
f 4733
a 5553 21760 256
f 4490
a 5554 43312 256
f 5100
a 5555 2880 16
f 5441
a 5556 49232 64
f 1298
a 5557 704 256
f 5268
a 5558 6112 16
f 4542
a 5559 1040 16
f 5453
a 5560 26560 64
f 3640
a 5561 19680 64
f 4578
a 5562 17744 16
f 3497
a 5563 24144 64
f 4508
a 5564 384 16
f 5427
a 5565 4400 16
f 5431
a 5566 336 64
f 5532
a 5567 3808 16
f 5127
a 5568 8304 256
f 3749
a 5569 864 64
f 5382
a 5570 6752 256
f 4330
a 5571 4848 256
f 5011
a 5572 1664 64
f 4501
a 5573 1984 256
f 5190
a 5574 23776 256
f 5311
a 5575 704 256
f 5144
a 5576 29952 256
f 3871
a 5577 5984 16
f 4414
a 5578 480 16
f 5535
a 5579 400 256
f 3164
a 5580 59328 256
f 1732
a 5581 43968 16
f 5205
a 5582 544 16
f 5204
a 5583 576 16
f 4034
a 5584 20304 64
f 5384
a 5585 5776 64
f 3803
a 5586 14368 16
f 4420
a 5587 608 64
f 2945
a 5588 1712 64
f 3067
a 5589 2048 256
f 5224
a 5590 304 256
f 3514
a 5591 1680 16
f 5215
a 5592 63968 256
f 5317
a 5593 416 16
f 5084
a 5594 11616 16
f 5556
a 5595 2048 16
f 4966
a 5596 496 256
f 4928
a 5597 448 16
f 5476
a 5598 7536 64
f 4515
a 5599 3184 16
f 2689
a 5600 2816 256
f 5233
a 5601 1600 64
f 5496
a 5602 448 16
f 5494
a 5603 272 16
f 5558
a 5604 39360 64
f 4637
a 5605 3440 16
f 5101
a 5606 1232 16
f 4445
a 5607 976 64
f 4312
a 5608 400 16
f 5450
a 5609 6592 16
f 5512
a 5610 2768 64
f 4159
a 5611 60944 16
f 5245
a 5612 848 16
f 5258
a 5613 5424 64
f 5235
a 5614 608 16
f 4950
a 5615 15440 16
f 5553
a 5616 656 16
f 5073
a 5617 1056 256
f 301
a 5618 1952 64
f 5408
a 5619 1632 16
f 5041
a 5620 2144 64
f 4710
a 5621 4000 64
f 4163
a 5622 1024 16
f 5501
a 5623 51824 64
f 3986
a 5624 2368 16
f 4735
a 5625 13376 64
f 4390
a 5626 7616 16
f 5037
a 5627 21200 256
f 4212
a 5628 58080 16
f 5075
a 5629 60704 64
f 5102
a 5630 8416 64
f 5039
a 5631 5296 256
f 5482
a 5632 3632 64
f 5605
a 5633 416 64
f 5381
a 5634 25840 64
f 4951
a 5635 1744 64
f 4780
a 5636 30000 16
f 5513
a 5637 5792 64
f 5560
a 5638 496 16
f 4832
a 5639 1376 16
f 4570
a 5640 3808 256
f 5580
a 5641 1088 64
f 5457
a 5642 480 256
f 5623
a 5643 544 256
f 5483
a 5644 41584 64
f 4750
a 5645 688 256
f 4808
a 5646 2768 16
f 3751
a 5647 2704 64
f 4611
a 5648 11360 64
f 5585
a 5649 2368 64
f 5209
a 5650 944 64
f 5434
a 5651 304 256
f 4819
a 5652 672 64
f 5350
a 5653 37728 256
f 3714
a 5654 13200 16
f 5467
a 5655 1456 256
f 5651
a 5656 1424 64
f 5515
a 5657 9776 256
f 5628
a 5658 1392 256
f 5411
a 5659 624 256
f 3695
a 5660 1024 256
f 4791
a 5661 400 16
f 5128
a 5662 6208 256
f 2972
a 5663 3296 256
f 4556
a 5664 5744 256
f 4850
a 5665 35744 64
f 3277
a 5666 44640 64
f 2377
a 5667 9584 256
f 4541
a 5668 2720 16
f 5230
a 5669 2816 256
f 5167
a 5670 8464 64
f 5140
a 5671 448 64
f 5554
a 5672 11936 16
f 4630
a 5673 28192 256
f 5579
a 5674 43136 16
f 5410
a 5675 512 256
f 2319
a 5676 480 256
f 3915
a 5677 4640 16
f 4361
a 5678 1472 64
f 5500
a 5679 22528 16
f 4998
a 5680 40320 256
f 5607
a 5681 43392 16
f 5534
a 5682 3184 64
f 5329
a 5683 2912 16
f 4539
a 5684 19488 16
f 5451
a 5685 9776 64
f 5180
a 5686 54736 64
f 5103
a 5687 3440 64
f 3203
a 5688 368 64
f 5020
a 5689 22032 64
f 5297
a 5690 1936 16
f 5626
a 5691 1248 64
f 5214
a 5692 31872 16
f 4888
a 5693 60640 16
f 5379
a 5694 20224 256
f 5611
a 5695 2176 256
f 5307
a 5696 32032 256
f 5420
a 5697 768 16
f 5454
a 5698 400 64
f 5498
a 5699 58576 64
f 5080
a 5700 960 64
f 4765
a 5701 12080 64
f 4564
a 5702 1136 256
f 5172
a 5703 400 16
f 3841
a 5704 5056 16
f 5552
a 5705 1488 256
f 5164
a 5706 8080 16
f 5234
a 5707 9744 64
f 1948
a 5708 1120 256
f 4087
a 5709 1360 256
f 5082
a 5710 1408 16
f 5672
a 5711 512 16
f 3872
a 5712 25024 256
f 5456
a 5713 16048 256
f 5511
a 5714 34272 256
f 5161
a 5715 416 64
f 4943
a 5716 784 256
f 4984
a 5717 432 16
f 5113
a 5718 11712 16
f 5401
a 5719 400 64
f 5266
a 5720 6320 256
f 5521
a 5721 44592 64
f 5026
a 5722 22528 64
f 4215
a 5723 3216 16
f 4811
a 5724 1104 64
f 5423
a 5725 13744 16
f 4334
a 5726 3888 64
f 4605
a 5727 15600 64
f 5502
a 5728 464 64
f 5175
a 5729 2448 256
f 5216
a 5730 7488 16
f 5681
a 5731 2704 16
f 5550
a 5732 17200 16
f 5413
a 5733 3712 16
f 5559
a 5734 2096 64
f 4800
a 5735 25856 256
f 4562
a 5736 49632 64
f 3868
a 5737 35408 256
f 4040
a 5738 57568 16
f 4100
a 5739 9088 64
f 2891
a 5740 3440 256
f 4939
a 5741 17424 256
f 5477
a 5742 61584 64
f 4057
a 5743 272 16
f 4862
a 5744 53472 16
f 5569
a 5745 50256 16
f 5279
a 5746 2480 64
f 4453
a 5747 12368 256
f 5448
a 5748 11264 64
f 5732
a 5749 5920 16
f 5356
a 5750 7584 16
f 4982
a 5751 3952 16
f 5567
a 5752 336 64
f 5394
a 5753 672 256
f 5333
a 5754 3376 64
f 5367
a 5755 3520 64
f 5704
a 5756 1728 16
f 3892
a 5757 40896 16
f 5747
a 5758 7184 16
f 3455
a 5759 8288 64
f 5418
a 5760 3888 16
f 5122
a 5761 62144 64
f 5309
a 5762 3456 16
f 5137
a 5763 1008 256
f 2506
a 5764 3616 16
f 5409
a 5765 50464 64
f 3057
a 5766 31104 256
f 4875
a 5767 25344 256
f 5123
a 5768 26240 64
f 466
a 5769 10288 256
f 5283
a 5770 38384 256
f 5744
a 5771 3728 16
f 4097
a 5772 1744 16
f 5530
a 5773 45760 64
f 5447
a 5774 912 64
f 5387
a 5775 1872 64
f 5298
a 5776 1712 16
f 4141
a 5777 2240 64
f 3588
a 5778 3808 256
f 5531
a 5779 6928 64
f 5160
a 5780 59856 256
f 5455
a 5781 560 256
f 5478
a 5782 13872 256
f 5518
a 5783 34144 16
f 5566
a 5784 1280 64
f 4342
a 5785 13104 64
f 5547
a 5786 63056 16
f 5371
a 5787 496 256
f 4703
a 5788 52944 64
f 5475
a 5789 47360 256
f 5748
a 5790 9728 16
f 5588
a 5791 1040 16
f 5767
a 5792 912 64
f 5769
a 5793 2864 16
f 5244
a 5794 38640 64
f 5386
a 5795 65424 16
f 3988
a 5796 512 16
f 4403
a 5797 15936 16
f 4805
a 5798 2608 256
f 3861
a 5799 4784 16
f 5142
a 5800 56800 64
f 4162
a 5801 784 256
f 5421
a 5802 592 256
f 4725
a 5803 12272 16
f 4776
a 5804 6864 64
f 5785
a 5805 1440 16
f 4054
a 5806 23888 256
f 5310
a 5807 1664 16
f 4752
a 5808 432 256
f 5652
a 5809 38944 256
f 3798
a 5810 5840 64
f 5650
a 5811 480 256
f 5731
a 5812 608 64
f 5092
a 5813 5312 16
f 5036
a 5814 1632 64
f 3980
a 5815 11968 256
f 4762
a 5816 8256 256
f 3694
a 5817 15280 256
f 4810
a 5818 44816 64
f 5790
a 5819 52352 64
f 4794
a 5820 3312 256
f 5818
a 5821 7984 256
f 4380
a 5822 26704 64
f 5598
a 5823 4976 16
f 4874
a 5824 1776 16
f 4968
a 5825 368 16
f 5820
a 5826 320 256
f 5491
a 5827 2528 64
f 1408
a 5828 320 256
f 4769
a 5829 58384 16
f 4849
a 5830 1952 64
f 4368
a 5831 9520 64
f 5523
a 5832 2432 16
f 4247
a 5833 7536 16
f 4221
a 5834 41600 16
f 1902
a 5835 5776 64
f 5153
a 5836 53856 16
f 4408
a 5837 16864 256
f 4072
a 5838 16032 16
f 4961
a 5839 13744 64
f 4692
a 5840 31072 64
f 4815
a 5841 448 16
f 5627
a 5842 10672 16
f 3201
a 5843 3952 64
f 5261
a 5844 1040 16
f 5220
a 5845 26448 16
f 5799
a 5846 62992 64
f 4755
a 5847 3152 256
f 5661
a 5848 608 64
f 5750
a 5849 304 64
f 5111
a 5850 13792 256
f 5232
a 5851 2144 16
f 3846
a 5852 3552 256
f 5843
a 5853 63776 16
f 5404
a 5854 1024 256
f 5222
a 5855 320 64
f 5749
a 5856 624 16
f 5791
a 5857 2816 64
f 5570
a 5858 3696 64
f 4872
a 5859 480 64
f 5806
a 5860 51376 64
f 4184
a 5861 29952 64
f 5010
a 5862 19872 16
f 4007
a 5863 1424 64
f 4980
a 5864 752 16
f 5823
a 5865 24976 64
f 2039
a 5866 1728 64
f 3275
a 5867 4768 256
f 5557
a 5868 38400 64
f 5595
a 5869 832 64
f 5533
a 5870 5360 16
f 2930
a 5871 59728 256
f 4307
a 5872 7616 256
f 5449
a 5873 12128 16
f 4146
a 5874 1520 16
f 5636
a 5875 336 256
f 4175
a 5876 12272 64
f 4646
a 5877 5040 16
f 5779
a 5878 32608 256
f 5057
a 5879 2272 64
f 3928
a 5880 416 16
f 5551
a 5881 7616 16
f 5788
a 5882 57792 256
f 663
a 5883 5008 256
f 4954
a 5884 1376 64
f 5811
a 5885 14512 256
f 4585
a 5886 49200 64
f 5846
a 5887 2000 256
f 5562
a 5888 59664 64
f 3579
a 5889 640 16
f 2006
a 5890 17664 256
f 5837
a 5891 8224 64
f 3795
a 5892 1808 16
f 5503
a 5893 4096 256
f 5227
a 5894 2128 64
f 2376
a 5895 21424 64
f 4489
a 5896 2640 16
f 4694
a 5897 5408 256
f 5493
a 5898 1520 64
f 4279
a 5899 1792 64
f 5822
a 5900 29872 16
f 5640
a 5901 1872 256
f 4700
a 5902 304 64
f 5859
a 5903 6256 16
f 5728
a 5904 736 16
f 5717
a 5905 3728 256
f 4004
a 5906 14832 256
f 5696
a 5907 4512 16
f 5385
a 5908 8608 64
f 4927
a 5909 19616 16
f 5670
a 5910 52432 16
f 5200
a 5911 15056 256
f 5294
a 5912 50576 256
f 5658
a 5913 26096 64
f 4952
a 5914 13216 64
f 5826
a 5915 14192 256
f 4609
a 5916 3456 64
f 4355
a 5917 624 256
f 5458
a 5918 1072 64
f 4592
a 5919 6176 64
f 5656
a 5920 17856 64
f 5438
a 5921 1072 64
f 5264
a 5922 13904 16
f 5492
a 5923 16816 16
f 5463
a 5924 2416 64
f 5708
a 5925 12896 16
f 5016
a 5926 10576 64
f 4467
a 5927 18000 16
f 4959
a 5928 38208 16
f 5668
a 5929 15456 16
f 5332
a 5930 1392 64
f 2849
a 5931 5008 64
f 4583
a 5932 832 64
f 3545
a 5933 336 256
f 5459
a 5934 912 16
f 5754
a 5935 1760 16
f 4977
a 5936 976 16
f 5885
a 5937 56592 256
f 3967
a 5938 15264 64
f 5857
a 5939 7072 256
f 5871
a 5940 42960 16
f 4464
a 5941 1440 64
f 5377
a 5942 5440 16
f 4906
a 5943 21008 256
f 5892
a 5944 1184 256
f 5778
a 5945 30768 256
f 5574
a 5946 7392 16
f 5894
a 5947 22432 16
f 5933
a 5948 24800 256
f 4958
a 5949 5040 64
f 3375
a 5950 4768 64
f 5881
a 5951 47072 256
f 4458
a 5952 31152 16
f 5051
a 5953 1664 16
f 4730
a 5954 1792 256
f 5921
a 5955 42832 16
f 4217
a 5956 592 64
f 4149
a 5957 14112 64
f 5621
a 5958 432 64
f 5292
a 5959 3232 16
f 4816
a 5960 1120 256
f 5271
a 5961 880 64
f 4885
a 5962 9808 16
f 5590
a 5963 1152 64
f 5485
a 5964 2592 16
f 3165
a 5965 1072 256
f 5908
a 5966 864 256
f 4829
a 5967 4160 16
f 5963
a 5968 4544 16
f 5604
a 5969 59008 256
f 3828
a 5970 800 256
f 4668
a 5971 1760 16
f 5601
a 5972 480 64
f 5370
a 5973 6016 256
f 4229
a 5974 9024 256
f 5149
a 5975 1024 256
f 5168
a 5976 1760 256
f 5700
a 5977 14416 256
f 5691
a 5978 576 256
f 3955
a 5979 1088 64
f 5461
a 5980 12352 64
f 4960
a 5981 10752 64
f 5614
a 5982 51184 64
f 5622
a 5983 37328 16
f 5829
a 5984 768 64
f 5504
a 5985 15552 64
f 5299
a 5986 1104 256
f 4211
a 5987 31072 256
f 5801
a 5988 8640 256
f 4124
a 5989 7424 16
f 5599
a 5990 17952 64
f 4210
a 5991 4608 256
f 5931
a 5992 3872 16
f 5926
a 5993 6816 256
f 3746
a 5994 2000 16
f 5723
a 5995 1008 256
f 4902
a 5996 272 16
f 5542
a 5997 416 256
f 3320
a 5998 560 64
f 5044
a 5999 832 16
c step-5000
