# hetoimasia allocator parity trace, format 1; see README.md
# Synthetic, hypothetical: 100 live buffers of 256 B to 64 KiB, log-uniform, alignments 16, 64 or 256,
# filling 50% of the block, then 5,000 steps of one random free and one allocation.
trace sweep-live-00100-occupancy-50
capacity 2621440
seed 1000
a 0 432 64
a 1 50400 16
a 2 6080 256
a 3 14704 64
a 4 6576 16
a 5 2528 16
a 6 272 16
a 7 576 256
a 8 22560 16
a 9 496 256
a 10 62528 64
a 11 24608 256
a 12 880 16
a 13 592 64
a 14 272 64
a 15 1232 64
a 16 15840 64
a 17 41408 64
a 18 7488 16
a 19 608 256
a 20 7200 16
a 21 272 64
a 22 53872 16
a 23 44320 256
a 24 5248 256
a 25 13312 256
a 26 45520 256
a 27 720 16
a 28 31168 256
a 29 272 256
a 30 12976 64
a 31 720 16
a 32 336 256
a 33 5456 64
a 34 752 256
a 35 61648 16
a 36 1696 16
a 37 3376 256
a 38 4400 256
a 39 25984 256
a 40 11120 64
a 41 7760 16
a 42 8320 64
a 43 36288 16
a 44 12128 16
a 45 52448 256
a 46 14896 16
a 47 2240 256
a 48 1504 64
a 49 768 256
a 50 27392 256
a 51 7376 16
a 52 528 64
a 53 464 16
a 54 1328 64
a 55 2288 64
a 56 1872 64
a 57 7984 64
a 58 23056 16
a 59 46848 16
a 60 49152 256
a 61 336 256
a 62 896 256
a 63 416 16
a 64 288 16
a 65 10304 16
a 66 56896 256
a 67 9776 256
a 68 2576 256
a 69 30000 64
a 70 800 64
a 71 10640 16
a 72 14128 256
a 73 400 256
a 74 432 64
a 75 3952 16
a 76 1296 64
a 77 2240 64
a 78 2048 256
a 79 15856 16
a 80 2272 64
a 81 14272 256
a 82 304 64
a 83 12752 256
a 84 26672 256
a 85 11888 16
a 86 2096 256
a 87 14992 256
a 88 14896 64
a 89 14672 256
a 90 1248 64
a 91 21680 64
a 92 3504 256
a 93 8224 16
a 94 448 16
a 95 10352 64
a 96 4448 16
a 97 3440 64
a 98 2960 16
a 99 63888 64
c filled
f 77
a 100 1776 256
f 9
a 101 29856 16
f 99
a 102 496 64
f 30
a 103 288 64
f 100
a 104 576 256
f 44
a 105 5200 256
f 33
a 106 752 16
f 79
a 107 28672 16
f 66
a 108 784 256
f 69
a 109 624 64
f 42
a 110 272 256
f 89
a 111 13232 64
f 14
a 112 32240 16
f 20
a 113 784 16
f 22
a 114 3216 64
f 65
a 115 12928 64
f 26
a 116 5632 256
f 103
a 117 752 256
f 105
a 118 1936 256
f 93
a 119 2800 16
f 102
a 120 20256 256
f 116
a 121 2048 64
f 117
a 122 23184 64
f 110
a 123 62048 16
f 43
a 124 2336 256
f 25
a 125 480 256
f 11
a 126 1376 64
f 126
a 127 14144 64
f 112
a 128 11744 64
f 96
a 129 5856 64
f 60
a 130 3104 256
f 48
a 131 1600 64
f 18
a 132 1584 64
f 37
a 133 7520 16
f 16
a 134 42128 16
f 39
a 135 320 16
f 8
a 136 5568 16
f 90
a 137 13952 64
f 4
a 138 1872 16
f 123
a 139 40240 64
f 87
a 140 1024 64
f 101
a 141 2304 64
f 72
a 142 1072 16
f 127
a 143 64720 64
f 107
a 144 32912 256
f 27
a 145 16480 64
f 85
a 146 15408 256
f 7
a 147 1312 64
f 130
a 148 1488 16
f 106
a 149 17120 64
f 62
a 150 37920 64
f 113
a 151 63616 16
f 6
a 152 880 16
f 84
a 153 3840 16
f 36
a 154 7216 256
f 21
a 155 11840 16
f 55
a 156 8912 16
f 19
a 157 2288 16
f 147
a 158 384 16
f 97
a 159 1936 64
f 151
a 160 928 16
f 156
a 161 288 16
f 119
a 162 480 16
f 131
a 163 64192 64
f 71
a 164 3040 256
f 135
a 165 8240 64
f 13
a 166 4480 64
f 41
a 167 44112 16
f 12
a 168 2128 256
f 50
a 169 288 16
f 146
a 170 3024 16
f 163
a 171 992 64
f 5
a 172 368 256
f 59
a 173 960 64
f 143
a 174 3504 16
f 17
a 175 9440 16
f 104
a 176 28352 16
f 1
a 177 19824 64
f 121
a 178 1360 16
f 174
a 179 832 256
f 23
a 180 1952 256
f 92
a 181 30464 16
f 83
a 182 11104 16
f 15
a 183 1136 64
f 132
a 184 30848 16
f 134
a 185 1296 64
f 185
a 186 4048 64
f 114
a 187 864 64
f 155
a 188 848 64
f 53
a 189 1264 64
f 158
a 190 512 256
f 173
a 191 15984 64
f 32
a 192 576 64
f 138
a 193 8304 64
f 193
a 194 21856 64
f 40
a 195 1552 16
f 145
a 196 304 16
f 150
a 197 21344 256
f 68
a 198 26160 256
f 56
a 199 1200 256
f 136
a 200 3904 16
f 49
a 201 28752 16
f 170
a 202 5360 256
f 120
a 203 3664 64
f 188
a 204 736 256
f 181
a 205 43568 16
f 165
a 206 2032 256
f 118
a 207 17184 256
f 200
a 208 52128 256
f 115
a 209 368 256
f 196
a 210 3024 64
f 80
a 211 352 16
f 166
a 212 352 64
f 125
a 213 752 256
f 169
a 214 38768 64
f 178
a 215 28496 64
f 157
a 216 464 64
f 34
a 217 864 256
f 168
a 218 288 16
f 64
a 219 1152 256
f 73
a 220 18176 64
f 183
a 221 11872 16
f 195
a 222 11968 256
f 91
a 223 432 64
f 207
a 224 18928 16
f 74
a 225 29360 256
f 109
a 226 288 64
f 203
a 227 7184 16
f 140
a 228 55936 16
f 217
a 229 3728 256
f 63
a 230 5504 256
f 61
a 231 3568 64
f 190
a 232 3872 64
f 3
a 233 3120 64
f 202
a 234 992 256
f 177
a 235 992 64
f 129
a 236 1008 64
f 149
a 237 832 256
f 171
a 238 58096 16
f 159
a 239 2816 16
f 208
a 240 2352 16
f 108
a 241 3744 64
f 153
a 242 1440 16
f 52
a 243 50512 256
f 78
a 244 20240 64
f 144
a 245 3584 16
f 179
a 246 52544 16
f 216
a 247 368 64
f 137
a 248 2496 256
f 213
a 249 11504 256
f 46
a 250 21456 16
f 233
a 251 18176 16
f 238
a 252 1520 16
f 231
a 253 63360 64
f 124
a 254 3936 64
f 142
a 255 1552 256
f 247
a 256 26592 256
f 252
a 257 53104 256
f 237
a 258 576 256
f 184
a 259 43248 64
f 67
a 260 2128 256
f 38
a 261 336 256
f 214
a 262 832 256
f 253
a 263 8368 64
f 260
a 264 29648 256
f 218
a 265 20208 256
f 54
a 266 352 16
f 186
a 267 5136 16
f 221
a 268 352 16
f 47
a 269 480 64
f 162
a 270 3728 64
f 75
a 271 384 16
f 242
a 272 20720 256
f 167
a 273 2704 256
f 263
a 274 672 256
f 176
a 275 6848 256
f 224
a 276 63280 16
f 259
a 277 1632 16
f 198
a 278 4336 16
f 232
a 279 1840 256
f 273
a 280 9984 64
f 234
a 281 4704 64
f 35
a 282 1120 256
f 88
a 283 14192 256
f 276
a 284 2224 64
f 160
a 285 62288 256
f 280
a 286 880 256
f 82
a 287 1360 256
f 58
a 288 2992 64
f 245
a 289 384 16
f 154
a 290 672 256
f 248
a 291 976 64
f 264
a 292 2640 16
f 239
a 293 6080 256
f 236
a 294 2256 16
f 243
a 295 7952 16
f 122
a 296 8912 64
f 225
a 297 432 16
f 215
a 298 2784 64
f 297
a 299 34320 16
f 255
a 300 18032 16
f 299
a 301 928 16
f 285
a 302 336 64
f 187
a 303 672 64
f 267
a 304 2912 64
f 293
a 305 5776 16
f 206
a 306 6192 256
f 289
a 307 40144 16
f 241
a 308 6672 64
f 296
a 309 3424 16
f 277
a 310 944 16
f 258
a 311 1072 16
f 219
a 312 15376 64
f 271
a 313 368 256
f 57
a 314 1520 16
f 254
a 315 1312 256
f 272
a 316 2416 64
f 305
a 317 7968 16
f 94
a 318 35792 64
f 229
a 319 13984 16
f 95
a 320 31808 16
f 10
a 321 672 16
f 251
a 322 880 64
f 321
a 323 28080 256
f 318
a 324 656 64
f 283
a 325 7392 256
f 300
a 326 496 64
f 275
a 327 512 64
f 315
a 328 768 64
f 222
a 329 10304 64
f 303
a 330 864 16
f 324
a 331 57440 256
f 330
a 332 28304 256
f 226
a 333 65376 256
f 51
a 334 54000 64
f 194
a 335 2720 64
f 2
a 336 32320 16
f 323
a 337 3696 64
f 111
a 338 336 64
f 336
a 339 21120 16
f 288
a 340 11744 64
f 161
a 341 544 16
f 334
a 342 9408 256
f 306
a 343 752 16
f 281
a 344 12608 64
f 295
a 345 5584 256
f 235
a 346 2608 256
f 128
a 347 288 64
f 209
a 348 8400 256
f 301
a 349 1504 256
f 261
a 350 18496 64
f 28
a 351 13760 64
f 191
a 352 560 64
f 314
a 353 480 16
f 201
a 354 1088 64
f 133
a 355 1872 256
f 307
a 356 31872 16
f 312
a 357 1888 16
f 319
a 358 2880 256
f 284
a 359 5216 16
f 274
a 360 7200 256
f 345
a 361 416 16
f 265
a 362 320 64
f 332
a 363 4112 64
f 308
a 364 64688 16
f 302
a 365 832 256
f 320
a 366 704 64
f 269
a 367 4848 64
f 367
a 368 1232 64
f 212
a 369 59792 256
f 357
a 370 53872 16
f 182
a 371 7952 256
f 347
a 372 10640 64
f 45
a 373 704 256
f 368
a 374 35584 16
f 325
a 375 17472 16
f 291
a 376 6544 64
f 372
a 377 18864 64
f 329
a 378 2656 16
f 205
a 379 880 16
f 373
a 380 3120 256
f 246
a 381 7808 256
f 278
a 382 55056 64
f 139
a 383 7392 64
f 378
a 384 2576 256
f 86
a 385 26768 256
f 197
a 386 32368 16
f 369
a 387 944 256
f 228
a 388 800 16
f 70
a 389 2512 256
f 339
a 390 1280 256
f 76
a 391 3888 256
f 389
a 392 1424 256
f 210
a 393 592 64
f 322
a 394 1104 16
f 391
a 395 400 64
f 192
a 396 688 64
f 141
a 397 880 16
f 257
a 398 10592 256
f 266
a 399 6672 16
f 374
a 400 6944 64
f 344
a 401 688 256
f 361
a 402 1504 16
f 377
a 403 5664 16
f 387
a 404 3360 16
f 399
a 405 7936 64
f 29
a 406 448 64
f 199
a 407 12656 16
f 204
a 408 28672 16
f 342
a 409 4432 16
f 350
a 410 8528 16
f 349
a 411 16752 16
f 227
a 412 16144 64
f 343
a 413 944 16
f 298
a 414 2368 64
f 353
a 415 6112 64
f 393
a 416 448 64
f 172
a 417 960 256
f 352
a 418 2080 256
f 313
a 419 1808 16
f 385
a 420 2240 16
f 365
a 421 3472 16
f 381
a 422 21536 16
f 244
a 423 368 256
f 249
a 424 416 64
f 164
a 425 61856 16
f 189
a 426 21440 256
f 420
a 427 1456 64
f 240
a 428 14288 64
f 287
a 429 464 64
f 98
a 430 20864 64
f 148
a 431 480 256
f 416
a 432 448 16
f 331
a 433 3104 64
f 423
a 434 2384 256
f 230
a 435 12304 256
f 355
a 436 44288 16
f 408
a 437 4928 256
f 326
a 438 640 16
f 405
a 439 11264 16
f 316
a 440 14272 256
f 436
a 441 976 16
f 375
a 442 16272 16
f 31
a 443 51312 256
f 335
a 444 32752 256
f 437
a 445 27280 64
f 412
a 446 19040 256
f 427
a 447 19472 256
f 309
a 448 14672 64
f 286
a 449 496 256
f 270
a 450 13792 256
f 294
a 451 43152 16
f 395
a 452 13072 256
f 175
a 453 4144 256
f 400
a 454 1936 64
f 311
a 455 14464 256
f 407
a 456 512 64
f 327
a 457 1520 16
f 426
a 458 14176 64
f 419
a 459 2032 256
f 328
a 460 3744 64
f 180
a 461 1488 256
f 279
a 462 9952 256
f 431
a 463 42144 256
f 304
a 464 35184 16
f 310
a 465 5792 256
f 449
a 466 6080 16
f 397
a 467 11424 64
f 354
a 468 31424 256
f 268
a 469 28176 16
f 468
a 470 2224 16
f 348
a 471 33104 64
f 453
a 472 4144 256
f 384
a 473 24544 16
f 290
a 474 27520 64
f 418
a 475 45216 256
f 382
a 476 3552 64
f 380
a 477 24992 64
f 359
a 478 1680 16
f 341
a 479 21472 256
f 476
a 480 12016 256
f 282
a 481 464 256
f 480
a 482 528 256
f 340
a 483 14096 64
f 152
a 484 1424 16
f 398
a 485 15264 64
f 429
a 486 6304 64
f 459
a 487 64368 16
f 417
a 488 6336 64
f 464
a 489 41184 64
f 461
a 490 864 256
f 478
a 491 3040 64
f 434
a 492 32576 64
f 447
a 493 3760 256
f 452
a 494 27632 16
f 469
a 495 56448 256
f 460
a 496 10944 256
f 379
a 497 736 16
f 415
a 498 3840 256
f 495
a 499 13136 64
f 250
a 500 30640 256
f 364
a 501 2784 16
f 481
a 502 26256 256
f 499
a 503 1344 16
f 492
a 504 9968 256
f 441
a 505 10448 64
f 502
a 506 1584 256
f 356
a 507 544 16
f 445
a 508 6912 64
f 406
a 509 5136 64
f 403
a 510 3296 64
f 488
a 511 784 256
f 483
a 512 8912 16
f 424
a 513 2032 16
f 456
a 514 47584 16
f 370
a 515 3728 64
f 496
a 516 288 16
f 505
a 517 23088 64
f 360
a 518 688 64
f 507
a 519 2336 16
f 440
a 520 432 64
f 508
a 521 624 256
f 337
a 522 432 64
f 516
a 523 1968 256
f 433
a 524 2576 64
f 470
a 525 1024 16
f 519
a 526 704 16
f 388
a 527 14656 64
f 465
a 528 672 256
f 366
a 529 1280 256
f 518
a 530 1376 64
f 525
a 531 1648 16
f 512
a 532 320 16
f 523
a 533 18480 256
f 532
a 534 528 16
f 504
a 535 2784 64
f 422
a 536 4112 16
f 466
a 537 1408 64
f 451
a 538 4208 16
f 531
a 539 880 64
f 526
a 540 6512 16
f 455
a 541 14256 64
f 472
a 542 53520 64
f 541
a 543 54368 16
f 530
a 544 288 256
f 539
a 545 2400 16
f 363
a 546 3952 256
f 473
a 547 528 256
f 522
a 548 4656 64
f 410
a 549 7760 256
f 414
a 550 61824 256
f 462
a 551 11920 16
f 513
a 552 26784 256
f 479
a 553 2304 64
f 552
a 554 512 16
f 533
a 555 368 16
f 454
a 556 44400 256
f 556
a 557 336 64
f 401
a 558 2992 16
f 402
a 559 56624 16
f 489
a 560 23712 64
f 220
a 561 2496 16
f 547
a 562 464 256
f 484
a 563 49072 256
f 559
a 564 688 64
f 498
a 565 59200 256
f 443
a 566 3984 16
f 548
a 567 14912 256
f 404
a 568 5936 64
f 411
a 569 7248 256
f 471
a 570 368 256
f 568
a 571 45760 16
f 396
a 572 1312 64
f 540
a 573 3136 64
f 448
a 574 24880 64
f 510
a 575 4640 256
f 394
a 576 9840 16
f 477
a 577 4896 16
f 413
a 578 61392 64
f 553
a 579 448 64
f 390
a 580 8096 64
f 573
a 581 8096 16
f 346
a 582 5408 16
f 362
a 583 53168 256
f 567
a 584 1904 64
f 557
a 585 36144 16
f 503
a 586 1408 16
f 458
a 587 4688 16
f 546
a 588 2672 64
f 333
a 589 3472 64
f 497
a 590 832 16
f 428
a 591 2880 64
f 475
a 592 6576 16
f 534
a 593 1040 16
f 584
a 594 1408 256
f 592
a 595 272 64
f 543
a 596 24608 16
f 521
a 597 2112 16
f 535
a 598 1600 256
f 551
a 599 560 256
c step-500
f 562
a 600 5664 16
f 376
a 601 4288 64
f 571
a 602 52384 16
f 491
a 603 25456 16
f 593
a 604 3392 64
f 256
a 605 6432 16
f 585
a 606 31808 256
f 603
a 607 2256 16
f 594
a 608 37312 256
f 561
a 609 1168 64
f 538
a 610 1280 64
f 501
a 611 64656 256
f 575
a 612 1376 64
f 392
a 613 928 256
f 579
a 614 23344 64
f 605
a 615 512 256
f 536
a 616 336 64
f 425
a 617 59648 64
f 223
a 618 8000 256
f 608
a 619 10432 64
f 581
a 620 2768 64
f 597
a 621 2848 16
f 517
a 622 25680 256
f 574
a 623 6032 64
f 421
a 624 3584 16
f 450
a 625 15744 256
f 617
a 626 12960 16
f 550
a 627 3296 16
f 487
a 628 44912 64
f 619
a 629 704 64
f 566
a 630 1008 256
f 577
a 631 4880 256
f 438
a 632 6928 16
f 626
a 633 3760 256
f 409
a 634 7344 256
f 609
a 635 7392 64
f 565
a 636 1776 256
f 611
a 637 656 64
f 621
a 638 7136 256
f 444
a 639 37664 16
f 485
a 640 2656 64
f 262
a 641 1232 64
f 618
a 642 320 64
f 614
a 643 400 64
f 637
a 644 42272 64
f 589
a 645 304 256
f 623
a 646 560 256
f 549
a 647 7744 16
f 463
a 648 432 64
f 642
a 649 12992 64
f 613
a 650 10000 256
f 599
a 651 2880 16
f 636
a 652 2320 256
f 0
a 653 2608 16
f 520
a 654 7504 256
f 635
a 655 976 16
f 586
a 656 576 16
f 555
a 657 368 64
f 442
a 658 27504 16
f 81
a 659 448 256
f 649
a 660 6224 16
f 467
a 661 3936 256
f 633
a 662 34736 256
f 661
a 663 12704 64
f 634
a 664 10256 64
f 542
a 665 41136 256
f 482
a 666 2816 64
f 580
a 667 3104 256
f 572
a 668 928 256
f 600
a 669 368 256
f 598
a 670 4336 256
f 627
a 671 13344 64
f 651
a 672 336 64
f 544
a 673 26112 256
f 338
a 674 55040 64
f 383
a 675 31984 64
f 665
a 676 432 256
f 666
a 677 30320 16
f 644
a 678 8064 64
f 604
a 679 896 256
f 576
a 680 1008 64
f 317
a 681 1504 64
f 595
a 682 62208 256
f 676
a 683 288 256
f 650
a 684 64160 16
f 435
a 685 6240 256
f 639
a 686 304 16
f 554
a 687 50080 256
f 628
a 688 5712 64
f 688
a 689 5264 64
f 684
a 690 51248 64
f 494
a 691 9312 256
f 607
a 692 1424 64
f 569
a 693 21872 256
f 563
a 694 2400 256
f 669
a 695 5584 64
f 655
a 696 18400 16
f 439
a 697 47392 16
f 681
a 698 9552 256
f 211
a 699 928 64
f 490
a 700 6208 64
f 612
a 701 7072 256
f 537
a 702 46704 256
f 583
a 703 29696 16
f 670
a 704 480 16
f 701
a 705 54896 256
f 528
a 706 1232 256
f 601
a 707 720 16
f 527
a 708 592 256
f 610
a 709 5776 16
f 686
a 710 16064 256
f 515
a 711 13648 64
f 656
a 712 2576 256
f 652
a 713 1824 64
f 351
a 714 3888 64
f 474
a 715 1344 16
f 678
a 716 880 256
f 694
a 717 3216 256
f 705
a 718 12848 256
f 596
a 719 256 64
f 664
a 720 1568 256
f 432
a 721 832 16
f 446
a 722 1184 16
f 622
a 723 1008 16
f 570
a 724 62128 256
f 719
a 725 640 64
f 662
a 726 15872 64
f 672
a 727 60880 16
f 663
a 728 768 256
f 691
a 729 1552 256
f 457
a 730 976 64
f 524
a 731 8080 64
f 668
a 732 1824 256
f 704
a 733 320 256
f 506
a 734 464 256
f 677
a 735 27600 16
f 588
a 736 352 64
f 727
a 737 31376 64
f 643
a 738 2880 256
f 732
a 739 35392 64
f 560
a 740 976 16
f 582
a 741 63280 256
f 733
a 742 31264 16
f 660
a 743 10272 256
f 702
a 744 3568 256
f 712
a 745 624 16
f 24
a 746 4096 64
f 578
a 747 25136 64
f 500
a 748 3392 256
f 386
a 749 61184 16
f 629
a 750 976 256
f 564
a 751 1024 256
f 371
a 752 26672 16
f 620
a 753 2384 256
f 680
a 754 1696 64
f 706
a 755 38272 16
f 529
a 756 59120 64
f 647
a 757 672 16
f 654
a 758 17008 256
f 725
a 759 6928 256
f 653
a 760 1328 64
f 738
a 761 480 64
f 587
a 762 42576 64
f 756
a 763 2400 16
f 749
a 764 1168 64
f 630
a 765 1616 16
f 671
a 766 2720 16
f 292
a 767 8992 256
f 696
a 768 11824 256
f 741
a 769 1280 16
f 358
a 770 3520 64
f 631
a 771 27600 256
f 707
a 772 60688 256
f 695
a 773 23040 16
f 714
a 774 656 16
f 740
a 775 2784 64
f 752
a 776 336 256
f 640
a 777 1568 256
f 715
a 778 352 256
f 744
a 779 784 16
f 771
a 780 10496 16
f 718
a 781 512 64
f 646
a 782 1760 256
f 731
a 783 13696 256
f 736
a 784 768 16
f 759
a 785 2496 256
f 757
a 786 4416 256
f 729
a 787 5520 256
f 766
a 788 2416 16
f 770
a 789 2320 256
f 776
a 790 864 64
f 703
a 791 6592 16
f 742
a 792 42224 64
f 615
a 793 1824 64
f 739
a 794 12784 16
f 767
a 795 2592 64
f 638
a 796 560 16
f 616
a 797 5248 64
f 509
a 798 6464 16
f 710
a 799 8496 16
f 785
a 800 464 64
f 791
a 801 47120 64
f 606
a 802 752 256
f 648
a 803 672 64
f 697
a 804 20912 16
f 779
a 805 1168 16
f 787
a 806 25296 256
f 796
a 807 39392 64
f 641
a 808 4832 16
f 658
a 809 65168 16
f 591
a 810 7072 16
f 758
a 811 6112 16
f 772
a 812 816 64
f 692
a 813 15536 64
f 682
a 814 14272 64
f 486
a 815 336 16
f 773
a 816 48448 256
f 685
a 817 3360 256
f 811
a 818 6176 64
f 699
a 819 27104 16
f 698
a 820 25344 64
f 774
a 821 57024 16
f 803
a 822 1456 256
f 817
a 823 15216 64
f 784
a 824 6352 64
f 765
a 825 2976 256
f 825
a 826 1328 16
f 806
a 827 42976 16
f 816
a 828 432 256
f 792
a 829 35632 256
f 734
a 830 368 256
f 755
a 831 38304 256
f 802
a 832 464 256
f 814
a 833 27712 64
f 832
a 834 9248 256
f 822
a 835 688 16
f 833
a 836 45920 16
f 723
a 837 1408 16
f 810
a 838 3408 16
f 430
a 839 39616 16
f 793
a 840 54368 256
f 545
a 841 49936 16
f 830
a 842 352 64
f 777
a 843 18384 64
f 721
a 844 52304 256
f 726
a 845 368 16
f 689
a 846 28752 16
f 808
a 847 480 256
f 720
a 848 2080 256
f 845
a 849 320 256
f 828
a 850 464 16
f 745
a 851 9616 256
f 813
a 852 2544 64
f 716
a 853 7008 16
f 780
a 854 1520 256
f 826
a 855 6144 256
f 722
a 856 49344 256
f 746
a 857 43472 16
f 815
a 858 496 16
f 748
a 859 1488 256
f 786
a 860 15488 16
f 602
a 861 896 64
f 841
a 862 688 64
f 855
a 863 24192 64
f 804
a 864 14416 64
f 851
a 865 464 256
f 730
a 866 5568 256
f 783
a 867 352 256
f 837
a 868 3392 256
f 625
a 869 1264 64
f 831
a 870 752 16
f 805
a 871 25872 256
f 823
a 872 42608 16
f 858
a 873 15216 16
f 679
a 874 47584 16
f 764
a 875 5104 256
f 674
a 876 6064 16
f 871
a 877 1536 256
f 751
a 878 21408 16
f 878
a 879 19360 64
f 819
a 880 272 64
f 820
a 881 9680 64
f 838
a 882 2928 16
f 782
a 883 26208 256
f 853
a 884 1008 64
f 840
a 885 512 256
f 868
a 886 1600 64
f 645
a 887 2048 16
f 683
a 888 272 64
f 708
a 889 848 16
f 852
a 890 2560 256
f 794
a 891 47984 256
f 590
a 892 688 16
f 877
a 893 58096 64
f 775
a 894 960 64
f 747
a 895 15888 256
f 885
a 896 624 64
f 812
a 897 2528 64
f 514
a 898 3904 256
f 882
a 899 13824 16
f 891
a 900 368 256
f 801
a 901 7856 16
f 896
a 902 46752 256
f 511
a 903 56544 64
f 893
a 904 2000 16
f 866
a 905 29232 16
f 875
a 906 7776 16
f 769
a 907 3568 64
f 844
a 908 2064 64
f 890
a 909 42736 64
f 693
a 910 25792 64
f 902
a 911 1808 256
f 743
a 912 336 64
f 843
a 913 52016 64
f 690
a 914 1872 64
f 673
a 915 368 64
f 735
a 916 1312 16
f 873
a 917 512 256
f 827
a 918 1616 64
f 709
a 919 3552 64
f 711
a 920 15760 64
f 857
a 921 1440 64
f 737
a 922 7168 64
f 842
a 923 2944 64
f 895
a 924 39152 16
f 872
a 925 2864 16
f 717
a 926 448 256
f 821
a 927 1424 64
f 847
a 928 14032 64
f 781
a 929 2672 256
f 905
a 930 944 16
f 728
a 931 368 16
f 753
a 932 13552 256
f 848
a 933 1856 64
f 880
a 934 784 16
f 898
a 935 10784 256
f 818
a 936 1184 64
f 913
a 937 2240 256
f 909
a 938 640 16
f 846
a 939 960 16
f 926
a 940 4336 16
f 869
a 941 1088 16
f 795
a 942 2272 256
f 931
a 943 31008 256
f 892
a 944 2944 16
f 906
a 945 10368 256
f 912
a 946 2496 16
f 907
a 947 8576 256
f 856
a 948 352 16
f 768
a 949 6768 16
f 942
a 950 59760 256
f 760
a 951 1696 256
f 762
a 952 57696 256
f 864
a 953 512 64
f 861
a 954 1568 256
f 798
a 955 720 16
f 874
a 956 25520 64
f 904
a 957 464 64
f 824
a 958 17200 256
f 778
a 959 12736 16
f 897
a 960 6768 256
f 713
a 961 7104 16
f 951
a 962 7744 16
f 916
a 963 5712 16
f 917
a 964 944 256
f 940
a 965 1648 16
f 761
a 966 10960 256
f 963
a 967 944 256
f 934
a 968 7904 16
f 754
a 969 24208 16
f 687
a 970 6848 64
f 953
a 971 4128 256
f 854
a 972 880 64
f 911
a 973 9072 256
f 899
a 974 6160 64
f 933
a 975 63888 256
f 900
a 976 6992 64
f 954
a 977 59776 16
f 884
a 978 2960 256
f 889
a 979 58192 16
f 657
a 980 16256 16
f 915
a 981 57024 64
f 922
a 982 288 256
f 829
a 983 14752 64
f 965
a 984 7872 64
f 632
a 985 15232 16
f 807
a 986 42672 64
f 860
a 987 7120 16
f 867
a 988 15856 64
f 955
a 989 704 64
f 886
a 990 14000 16
f 983
a 991 384 16
f 894
a 992 3216 64
f 790
a 993 14912 16
f 809
a 994 7376 16
f 903
a 995 45008 16
f 972
a 996 5088 64
f 958
a 997 8576 64
f 990
a 998 26512 16
f 836
a 999 400 16
f 937
a 1000 352 256
f 946
a 1001 928 16
f 887
a 1002 26656 256
f 999
a 1003 496 256
f 865
a 1004 12288 64
f 961
a 1005 3440 64
f 949
a 1006 64048 256
f 788
a 1007 3168 256
f 981
a 1008 576 256
f 1004
a 1009 57376 16
f 978
a 1010 1888 16
f 989
a 1011 15888 256
f 800
a 1012 480 256
f 970
a 1013 43040 256
f 932
a 1014 26000 64
f 988
a 1015 15792 64
f 1005
a 1016 800 16
f 948
a 1017 8416 256
f 919
a 1018 4864 64
f 995
a 1019 19552 256
f 883
a 1020 6192 16
f 996
a 1021 432 64
f 938
a 1022 6224 16
f 964
a 1023 1808 256
f 876
a 1024 4368 64
f 881
a 1025 3712 64
f 1025
a 1026 2400 64
f 985
a 1027 5856 16
f 1026
a 1028 12592 256
f 1028
a 1029 384 64
f 945
a 1030 23264 16
f 675
a 1031 752 256
f 957
a 1032 51168 256
f 624
a 1033 42688 16
f 959
a 1034 6448 256
f 936
a 1035 23712 64
f 920
a 1036 2160 16
f 925
a 1037 304 64
f 839
a 1038 19184 16
f 956
a 1039 816 64
f 1033
a 1040 400 16
f 870
a 1041 384 256
f 888
a 1042 6800 256
f 750
a 1043 2832 256
f 929
a 1044 15168 16
f 952
a 1045 384 64
f 1032
a 1046 29008 16
f 835
a 1047 6144 16
f 960
a 1048 352 16
f 1012
a 1049 2192 16
f 977
a 1050 5088 64
f 1013
a 1051 4080 256
f 998
a 1052 5024 256
f 966
a 1053 26208 16
f 659
a 1054 8112 64
f 1037
a 1055 6896 64
f 1020
a 1056 352 64
f 923
a 1057 1760 16
f 1009
a 1058 5760 16
f 962
a 1059 512 16
f 1027
a 1060 20256 16
f 667
a 1061 28240 256
f 1014
a 1062 2064 64
f 700
a 1063 59488 16
f 1036
a 1064 1008 64
f 975
a 1065 288 256
f 1064
a 1066 416 16
f 901
a 1067 3312 16
f 1000
a 1068 13184 16
f 943
a 1069 7536 256
f 850
a 1070 61664 256
f 935
a 1071 5552 16
f 1043
a 1072 464 16
f 947
a 1073 6352 64
f 1073
a 1074 272 64
f 1024
a 1075 1360 16
f 928
a 1076 992 256
f 1011
a 1077 5168 16
f 1010
a 1078 6544 256
f 944
a 1079 2336 256
f 1065
a 1080 16848 256
f 1079
a 1081 720 16
f 1068
a 1082 752 64
f 1053
a 1083 30016 256
f 1030
a 1084 7280 16
f 986
a 1085 64960 16
f 1054
a 1086 4320 16
f 1038
a 1087 4880 16
f 1008
a 1088 40512 256
f 1029
a 1089 19744 256
f 997
a 1090 2016 256
f 1040
a 1091 3456 64
f 910
a 1092 32656 16
f 1002
a 1093 32912 16
f 1051
a 1094 848 64
f 1057
a 1095 31088 16
f 1007
a 1096 37856 16
f 1048
a 1097 47648 64
f 1089
a 1098 31632 256
f 1069
a 1099 44432 16
c step-1000
f 1098
a 1100 5904 256
f 1049
a 1101 1536 256
f 1099
a 1102 1312 16
f 1062
a 1103 37520 64
f 994
a 1104 304 64
f 1044
a 1105 28000 256
f 1094
a 1106 2496 256
f 1100
a 1107 1456 64
f 987
a 1108 46784 16
f 1019
a 1109 15632 64
f 1015
a 1110 320 256
f 976
a 1111 5776 16
f 1046
a 1112 10752 64
f 1067
a 1113 31104 16
f 724
a 1114 4176 64
f 862
a 1115 320 16
f 950
a 1116 8656 64
f 1042
a 1117 320 256
f 941
a 1118 28928 16
f 1050
a 1119 9232 16
f 1039
a 1120 17472 16
f 797
a 1121 336 16
f 918
a 1122 31648 16
f 1110
a 1123 6096 16
f 1016
a 1124 24160 16
f 1091
a 1125 12656 256
f 1061
a 1126 288 256
f 834
a 1127 15776 256
f 927
a 1128 2288 16
f 908
a 1129 54944 64
f 863
a 1130 27968 256
f 1058
a 1131 1808 16
f 967
a 1132 48656 16
f 1102
a 1133 12976 64
f 1103
a 1134 43088 256
f 993
a 1135 1568 16
f 859
a 1136 384 16
f 1056
a 1137 6784 16
f 1088
a 1138 22912 256
f 1122
a 1139 36992 256
f 1112
a 1140 1328 64
f 1119
a 1141 3776 256
f 1109
a 1142 976 256
f 1084
a 1143 9920 16
f 1077
a 1144 13920 256
f 1142
a 1145 5120 64
f 1017
a 1146 2480 16
f 930
a 1147 400 64
f 1145
a 1148 704 16
f 968
a 1149 65200 16
f 1134
a 1150 20064 16
f 1101
a 1151 1360 16
f 991
a 1152 464 64
f 1113
a 1153 432 64
f 924
a 1154 1504 16
f 974
a 1155 3216 64
f 1155
a 1156 4272 256
f 1125
a 1157 1888 16
f 1144
a 1158 10816 16
f 1156
a 1159 1008 16
f 1111
a 1160 7184 64
f 1060
a 1161 6752 16
f 1157
a 1162 12944 256
f 1018
a 1163 47728 16
f 1081
a 1164 672 16
f 1097
a 1165 7104 16
f 1128
a 1166 50688 16
f 1151
a 1167 1696 256
f 969
a 1168 4432 64
f 1126
a 1169 21024 16
f 1047
a 1170 53376 64
f 1023
a 1171 3664 16
f 1168
a 1172 15472 64
f 879
a 1173 62752 256
f 1158
a 1174 6576 16
f 1034
a 1175 688 64
f 1175
a 1176 9312 16
f 1104
a 1177 51328 256
f 1022
a 1178 56448 64
f 1131
a 1179 13808 16
f 1115
a 1180 784 64
f 1133
a 1181 336 16
f 1105
a 1182 8128 64
f 1074
a 1183 2064 64
f 1124
a 1184 336 16
f 1164
a 1185 1344 256
f 1179
a 1186 44896 256
f 1139
a 1187 15600 64
f 1045
a 1188 1232 16
f 1093
a 1189 320 16
f 1120
a 1190 2576 64
f 1071
a 1191 2480 64
f 1141
a 1192 15312 64
f 1143
a 1193 34640 64
f 1106
a 1194 496 256
f 1165
a 1195 2672 64
f 1117
a 1196 4896 64
f 1187
a 1197 61248 16
f 1169
a 1198 448 256
f 982
a 1199 2064 256
f 1180
a 1200 480 256
f 1001
a 1201 768 16
f 980
a 1202 400 16
f 1035
a 1203 6128 256
f 1063
a 1204 9712 64
f 1087
a 1205 18208 64
f 1031
a 1206 3168 16
f 1150
a 1207 720 16
f 1096
a 1208 1008 256
f 1161
a 1209 25824 64
f 1184
a 1210 12688 16
f 1082
a 1211 12816 16
f 789
a 1212 15344 64
f 1202
a 1213 432 256
f 1176
a 1214 44208 64
f 1086
a 1215 15536 64
f 1118
a 1216 53648 256
f 1170
a 1217 784 16
f 1194
a 1218 6992 64
f 1092
a 1219 2400 16
f 1166
a 1220 544 64
f 1159
a 1221 336 256
f 1193
a 1222 50384 64
f 1162
a 1223 432 16
f 1188
a 1224 57024 256
f 1083
a 1225 58400 64
f 493
a 1226 3104 256
f 1146
a 1227 1888 16
f 1108
a 1228 6032 64
f 1186
a 1229 3616 16
f 1174
a 1230 1024 16
f 1149
a 1231 2144 256
f 1085
a 1232 1472 16
f 1114
a 1233 27792 16
f 1070
a 1234 9200 64
f 1181
a 1235 14336 256
f 1147
a 1236 15728 16
f 1220
a 1237 51712 256
f 1173
a 1238 576 64
f 1196
a 1239 752 256
f 1203
a 1240 1648 256
f 1213
a 1241 464 64
f 1052
a 1242 992 256
f 984
a 1243 1248 16
f 1076
a 1244 40608 256
f 1226
a 1245 640 64
f 992
a 1246 5904 16
f 1244
a 1247 1952 64
f 1209
a 1248 416 256
f 1224
a 1249 7520 256
f 1227
a 1250 27360 16
f 1241
a 1251 28160 16
f 1199
a 1252 21904 256
f 1204
a 1253 10928 64
f 1041
a 1254 13584 256
f 1242
a 1255 2752 16
f 921
a 1256 784 256
f 1189
a 1257 320 64
f 1167
a 1258 6816 16
f 1200
a 1259 8784 64
f 1214
a 1260 496 256
f 939
a 1261 18800 64
f 1116
a 1262 14144 64
f 1250
a 1263 58880 64
f 1239
a 1264 5312 16
f 973
a 1265 3600 16
f 1257
a 1266 37296 256
f 1223
a 1267 52704 64
f 1219
a 1268 1024 256
f 1132
a 1269 1808 16
f 1217
a 1270 42016 256
f 1238
a 1271 26160 16
f 1160
a 1272 16944 256
f 1185
a 1273 1504 256
f 1127
a 1274 2448 64
f 1267
a 1275 1632 16
f 1075
a 1276 3808 256
f 971
a 1277 448 64
f 1265
a 1278 1328 256
f 1249
a 1279 352 64
f 1066
a 1280 48848 64
f 1225
a 1281 60080 256
f 1235
a 1282 1264 16
f 1090
a 1283 11360 64
f 1258
a 1284 3776 64
f 1192
a 1285 3840 64
f 1277
a 1286 1200 64
f 1095
a 1287 3456 64
f 1230
a 1288 5056 16
f 1059
a 1289 2464 64
f 1182
a 1290 464 16
f 1201
a 1291 23600 256
f 1273
a 1292 29104 256
f 1259
a 1293 14160 256
f 1233
a 1294 56368 256
f 1291
a 1295 14560 64
f 1236
a 1296 1168 64
f 1107
a 1297 61904 16
f 1276
a 1298 11856 256
f 799
a 1299 4160 16
f 1293
a 1300 464 256
f 1264
a 1301 1504 256
f 1136
a 1302 10320 16
f 1288
a 1303 848 64
f 1271
a 1304 7040 16
f 1135
a 1305 1248 16
f 1163
a 1306 21264 256
f 1272
a 1307 34128 64
f 1190
a 1308 384 256
f 1237
a 1309 912 16
f 1246
a 1310 14624 256
f 1268
a 1311 480 16
f 1281
a 1312 16432 256
f 1304
a 1313 480 64
f 1260
a 1314 1456 16
f 1295
a 1315 28896 16
f 1228
a 1316 272 64
f 1294
a 1317 3920 16
f 849
a 1318 320 64
f 1183
a 1319 3872 64
f 1274
a 1320 54336 16
f 1255
a 1321 400 16
f 1315
a 1322 10464 256
f 979
a 1323 368 64
f 1316
a 1324 656 256
f 1307
a 1325 1056 16
f 1078
a 1326 13008 16
f 1321
a 1327 5120 16
f 1215
a 1328 3888 256
f 1172
a 1329 16672 16
f 1287
a 1330 944 64
f 1283
a 1331 1744 64
f 1221
a 1332 21104 64
f 1218
a 1333 752 256
f 1309
a 1334 51760 16
f 1302
a 1335 4800 256
f 1212
a 1336 1456 16
f 1222
a 1337 4944 256
f 1333
a 1338 1184 64
f 1195
a 1339 26496 64
f 1325
a 1340 41376 64
f 1322
a 1341 10160 16
f 1251
a 1342 752 256
f 1232
a 1343 416 256
f 1292
a 1344 21168 64
f 1177
a 1345 58464 64
f 1310
a 1346 31600 16
f 1282
a 1347 512 256
f 1329
a 1348 8528 16
f 1279
a 1349 2912 16
f 1318
a 1350 36672 256
f 1152
a 1351 25568 256
f 1280
a 1352 1568 64
f 1153
a 1353 3520 16
f 1303
a 1354 32256 64
f 1234
a 1355 17968 256
f 1339
a 1356 1552 64
f 1248
a 1357 400 256
f 1262
a 1358 5472 256
f 1206
a 1359 544 64
f 763
a 1360 2736 256
f 1306
a 1361 3984 256
f 1123
a 1362 7728 64
f 1178
a 1363 29408 16
f 1330
a 1364 61920 256
f 1362
a 1365 20496 256
f 1216
a 1366 44144 64
f 1312
a 1367 352 256
f 1354
a 1368 1408 64
f 1243
a 1369 53920 256
f 1055
a 1370 640 16
f 1369
a 1371 1504 64
f 1253
a 1372 15952 64
f 1363
a 1373 7088 256
f 1129
a 1374 3424 16
f 1205
a 1375 45568 256
f 1275
a 1376 2336 64
f 1006
a 1377 1872 16
f 1377
a 1378 25312 16
f 1367
a 1379 416 64
f 1245
a 1380 3712 256
f 1372
a 1381 512 64
f 1208
a 1382 2592 16
f 1341
a 1383 14528 16
f 1348
a 1384 704 16
f 1256
a 1385 1904 256
f 1374
a 1386 20768 16
f 1021
a 1387 9440 64
f 1328
a 1388 672 256
f 1368
a 1389 25744 64
f 1072
a 1390 14352 16
f 1371
a 1391 45648 64
f 1298
a 1392 336 64
f 1349
a 1393 2000 64
f 1269
a 1394 1520 16
f 1336
a 1395 512 64
f 1380
a 1396 50208 64
f 1384
a 1397 1120 16
f 1395
a 1398 4416 16
f 1351
a 1399 62720 64
f 1171
a 1400 608 256
f 1394
a 1401 12128 16
f 1376
a 1402 26352 64
f 1301
a 1403 14592 16
f 1231
a 1404 5072 16
f 1324
a 1405 1088 256
f 1400
a 1406 304 16
f 1197
a 1407 6400 256
f 1347
a 1408 1216 256
f 1402
a 1409 448 256
f 1364
a 1410 15008 16
f 1296
a 1411 512 256
f 1266
a 1412 24464 16
f 1332
a 1413 352 64
f 1405
a 1414 29232 64
f 1412
a 1415 640 16
f 1290
a 1416 2736 256
f 1358
a 1417 1184 64
f 1137
a 1418 1616 16
f 1254
a 1419 4176 16
f 1308
a 1420 5152 64
f 1359
a 1421 64048 256
f 1240
a 1422 2016 64
f 1130
a 1423 4000 256
f 1420
a 1424 320 256
f 1392
a 1425 736 256
f 1352
a 1426 7712 256
f 1360
a 1427 336 256
f 1327
a 1428 7488 256
f 1375
a 1429 16800 16
f 1270
a 1430 15152 64
f 1418
a 1431 3536 16
f 1378
a 1432 32880 16
f 1403
a 1433 6000 64
f 1263
a 1434 5392 64
f 1408
a 1435 496 16
f 1353
a 1436 1888 64
f 1411
a 1437 752 256
f 1382
a 1438 63504 256
f 1438
a 1439 63392 256
f 1285
a 1440 528 256
f 1387
a 1441 384 16
f 1003
a 1442 5536 64
f 1373
a 1443 42864 64
f 1343
a 1444 416 16
f 1286
a 1445 10064 16
f 1357
a 1446 55776 256
f 1338
a 1447 18368 256
f 1331
a 1448 2256 256
f 1391
a 1449 14320 64
f 1247
a 1450 288 64
f 1397
a 1451 18272 64
f 1406
a 1452 46352 64
f 1440
a 1453 3088 256
f 1445
a 1454 22576 64
f 1207
a 1455 59312 256
f 1344
a 1456 12416 256
f 1138
a 1457 5296 64
f 1410
a 1458 51312 64
f 1444
a 1459 496 16
f 1433
a 1460 39056 256
f 1458
a 1461 1104 16
f 1457
a 1462 28640 64
f 1407
a 1463 2816 256
f 1426
a 1464 28192 64
f 1385
a 1465 384 64
f 1417
a 1466 2672 64
f 1390
a 1467 704 64
f 1210
a 1468 6128 64
f 1381
a 1469 15856 64
f 1337
a 1470 2896 64
f 1198
a 1471 55984 256
f 1456
a 1472 5904 256
f 1314
a 1473 512 256
f 1305
a 1474 13232 64
f 558
a 1475 992 16
f 1148
a 1476 5760 64
f 1361
a 1477 592 16
f 1311
a 1478 1328 64
f 1463
a 1479 1008 64
f 1154
a 1480 2144 64
f 1356
a 1481 31584 256
f 914
a 1482 1568 64
f 1454
a 1483 8176 256
f 1451
a 1484 2832 16
f 1140
a 1485 2944 256
f 1464
a 1486 704 256
f 1393
a 1487 11872 256
f 1447
a 1488 2800 64
f 1434
a 1489 720 256
f 1191
a 1490 1120 64
f 1462
a 1491 480 256
f 1335
a 1492 12160 256
f 1319
a 1493 784 16
f 1370
a 1494 36784 256
f 1448
a 1495 44128 256
f 1489
a 1496 46704 16
f 1470
a 1497 6512 16
f 1404
a 1498 13216 64
f 1229
a 1499 24432 16
f 1472
a 1500 19536 256
f 1428
a 1501 18688 64
f 1415
a 1502 2992 16
f 1453
a 1503 8048 256
f 1466
a 1504 5760 256
f 1484
a 1505 976 16
f 1299
a 1506 7104 64
f 1486
a 1507 896 16
f 1379
a 1508 50464 64
f 1414
a 1509 1680 64
f 1080
a 1510 51040 64
f 1467
a 1511 31616 16
f 1449
a 1512 64112 16
f 1345
a 1513 288 256
f 1252
a 1514 432 64
f 1431
a 1515 272 256
f 1498
a 1516 56880 16
f 1474
a 1517 2400 16
f 1365
a 1518 688 64
f 1515
a 1519 4480 64
f 1389
a 1520 2928 256
f 1429
a 1521 7136 16
f 1401
a 1522 672 256
f 1468
a 1523 30400 64
f 1517
a 1524 7344 16
f 1492
a 1525 1776 256
f 1520
a 1526 400 64
f 1479
a 1527 320 256
f 1524
a 1528 1008 64
f 1514
a 1529 17520 256
f 1499
a 1530 14720 16
f 1487
a 1531 26208 256
f 1437
a 1532 13424 64
f 1465
a 1533 2272 64
f 1501
a 1534 3648 64
f 1485
a 1535 416 64
f 1261
a 1536 15552 64
f 1471
a 1537 58304 16
f 1366
a 1538 11968 256
f 1419
a 1539 2608 16
f 1481
a 1540 52736 64
f 1320
a 1541 2688 256
f 1455
a 1542 288 16
f 1536
a 1543 3456 256
f 1535
a 1544 4688 256
f 1323
a 1545 768 16
f 1469
a 1546 11104 16
f 1398
a 1547 25328 256
f 1529
a 1548 3680 256
f 1519
a 1549 18128 16
f 1211
a 1550 640 256
f 1523
a 1551 29280 16
f 1505
a 1552 25648 64
f 1436
a 1553 352 256
f 1531
a 1554 14896 16
f 1510
a 1555 15040 64
f 1423
a 1556 368 16
f 1443
a 1557 544 256
f 1538
a 1558 50464 256
f 1452
a 1559 288 16
f 1442
a 1560 5616 64
f 1399
a 1561 38960 64
f 1477
a 1562 928 256
f 1541
a 1563 4880 256
f 1548
a 1564 44880 16
f 1546
a 1565 976 16
f 1342
a 1566 944 64
f 1566
a 1567 928 64
f 1521
a 1568 4064 64
f 1507
a 1569 39904 16
f 1478
a 1570 1824 256
f 1494
a 1571 48512 64
f 1549
a 1572 22448 64
f 1545
a 1573 480 64
f 1490
a 1574 14336 64
f 1570
a 1575 35328 16
f 1459
a 1576 13008 16
f 1528
a 1577 448 16
f 1460
a 1578 62944 16
f 1441
a 1579 10192 64
f 1579
a 1580 1184 64
f 1435
a 1581 32912 256
f 1334
a 1582 11808 64
f 1547
a 1583 7312 256
f 1583
a 1584 4368 16
f 1278
a 1585 1776 16
f 1584
a 1586 400 256
f 1530
a 1587 336 16
f 1396
a 1588 8320 256
f 1586
a 1589 3248 16
f 1581
a 1590 4176 64
f 1511
a 1591 9360 16
f 1534
a 1592 35168 16
f 1590
a 1593 4240 16
f 1425
a 1594 3328 16
f 1552
a 1595 880 16
f 1559
a 1596 59024 256
f 1413
a 1597 37648 16
f 1577
a 1598 768 16
f 1483
a 1599 576 16
c step-1500
f 1597
a 1600 768 256
f 1488
a 1601 1632 16
f 1573
a 1602 22800 16
f 1574
a 1603 656 256
f 1439
a 1604 3328 256
f 1575
a 1605 10064 64
f 1540
a 1606 1632 64
f 1496
a 1607 2480 64
f 1592
a 1608 12080 256
f 1526
a 1609 15424 16
f 1600
a 1610 6208 256
f 1289
a 1611 22080 16
f 1587
a 1612 12560 256
f 1461
a 1613 1824 16
f 1613
a 1614 992 16
f 1556
a 1615 42208 64
f 1572
a 1616 4192 16
f 1606
a 1617 432 16
f 1582
a 1618 14096 256
f 1598
a 1619 27984 16
f 1560
a 1620 64016 16
f 1446
a 1621 1920 64
f 1473
a 1622 656 256
f 1424
a 1623 1968 16
f 1563
a 1624 992 16
f 1506
a 1625 1104 256
f 1569
a 1626 1856 16
f 1601
a 1627 6576 16
f 1617
a 1628 2672 256
f 1527
a 1629 5536 64
f 1629
a 1630 3840 64
f 1610
a 1631 48432 64
f 1596
a 1632 5232 16
f 1609
a 1633 8048 16
f 1571
a 1634 272 64
f 1513
a 1635 8704 64
f 1602
a 1636 30752 256
f 1340
a 1637 320 64
f 1616
a 1638 16352 256
f 1558
a 1639 3536 256
f 1605
a 1640 15664 256
f 1421
a 1641 2768 16
f 1504
a 1642 5824 256
f 1539
a 1643 2128 64
f 1591
a 1644 1264 16
f 1631
a 1645 1040 64
f 1422
a 1646 9248 64
f 1350
a 1647 3568 64
f 1383
a 1648 1616 256
f 1648
a 1649 2880 64
f 1642
a 1650 14800 256
f 1544
a 1651 336 16
f 1551
a 1652 6960 16
f 1502
a 1653 1984 16
f 1313
a 1654 10080 16
f 1497
a 1655 752 256
f 1562
a 1656 7248 256
f 1525
a 1657 61168 64
f 1634
a 1658 2960 256
f 1553
a 1659 16048 64
f 1554
a 1660 848 16
f 1593
a 1661 4784 64
f 1657
a 1662 34944 16
f 1537
a 1663 3392 64
f 1649
a 1664 6160 256
f 1594
a 1665 7376 256
f 1346
a 1666 352 64
f 1543
a 1667 288 16
f 1611
a 1668 56640 256
f 1555
a 1669 31120 256
f 1503
a 1670 16320 16
f 1615
a 1671 3808 256
f 1491
a 1672 8160 256
f 1640
a 1673 480 64
f 1614
a 1674 480 256
f 1512
a 1675 3344 16
f 1671
a 1676 976 64
f 1656
a 1677 1264 16
f 1662
a 1678 63296 256
f 1604
a 1679 12224 16
f 1628
a 1680 400 256
f 1618
a 1681 48592 16
f 1655
a 1682 2832 256
f 1663
a 1683 1360 64
f 1679
a 1684 1520 256
f 1643
a 1685 30016 64
f 1622
a 1686 4784 16
f 1625
a 1687 7424 16
f 1595
a 1688 60192 256
f 1297
a 1689 304 256
f 1632
a 1690 5712 16
f 1635
a 1691 25680 256
f 1666
a 1692 592 64
f 1578
a 1693 20784 16
f 1386
a 1694 816 256
f 1565
a 1695 15600 64
f 1522
a 1696 2912 256
f 1564
a 1697 496 16
f 1651
a 1698 3104 64
f 1603
a 1699 33216 64
f 1589
a 1700 656 256
f 1659
a 1701 7008 16
f 1687
a 1702 6784 64
f 1661
a 1703 496 64
f 1416
a 1704 416 16
f 1688
a 1705 20384 64
f 1653
a 1706 5184 256
f 1480
a 1707 432 64
f 1698
a 1708 1360 64
f 1482
a 1709 752 64
f 1326
a 1710 14640 64
f 1409
a 1711 7440 64
f 1677
a 1712 9200 16
f 1639
a 1713 432 256
f 1619
a 1714 57392 16
f 1580
a 1715 528 64
f 1669
a 1716 5184 16
f 1708
a 1717 1968 256
f 1705
a 1718 23408 256
f 1695
a 1719 5232 64
f 1681
a 1720 3408 16
f 1682
a 1721 30064 256
f 1717
a 1722 16336 256
f 1697
a 1723 944 16
f 1624
a 1724 352 256
f 1654
a 1725 35104 256
f 1667
a 1726 4784 256
f 1676
a 1727 6176 16
f 1509
a 1728 784 256
f 1720
a 1729 27040 64
f 1718
a 1730 544 16
f 1683
a 1731 3872 16
f 1450
a 1732 2128 64
f 1355
a 1733 8016 64
f 1684
a 1734 6368 64
f 1665
a 1735 13760 16
f 1716
a 1736 896 16
f 1550
a 1737 56272 64
f 1608
a 1738 4144 16
f 1476
a 1739 4240 16
f 1736
a 1740 464 64
f 1637
a 1741 25200 16
f 1730
a 1742 448 16
f 1630
a 1743 928 16
f 1607
a 1744 2640 64
f 1712
a 1745 19072 64
f 1691
a 1746 1680 256
f 1638
a 1747 336 256
f 1300
a 1748 10880 64
f 1710
a 1749 3952 64
f 1735
a 1750 1696 16
f 1500
a 1751 26432 16
f 1686
a 1752 400 64
f 1568
a 1753 3664 256
f 1430
a 1754 13600 256
f 1672
a 1755 32064 16
f 1696
a 1756 1024 16
f 1744
a 1757 14400 16
f 1576
a 1758 10688 64
f 1675
a 1759 272 64
f 1738
a 1760 1680 64
f 1728
a 1761 832 256
f 1713
a 1762 30928 16
f 1585
a 1763 1824 64
f 1660
a 1764 4960 256
f 1588
a 1765 2480 16
f 1694
a 1766 1552 64
f 1121
a 1767 34064 256
f 1758
a 1768 432 64
f 1623
a 1769 1104 16
f 1690
a 1770 592 256
f 1711
a 1771 480 256
f 1742
a 1772 41504 64
f 1715
a 1773 41696 64
f 1557
a 1774 656 256
f 1673
a 1775 28512 256
f 1700
a 1776 992 16
f 1532
a 1777 56464 16
f 1764
a 1778 41952 256
f 1706
a 1779 480 16
f 1773
a 1780 4832 64
f 1284
a 1781 1088 64
f 1627
a 1782 36768 256
f 1699
a 1783 8416 64
f 1780
a 1784 30448 16
f 1475
a 1785 4032 64
f 1775
a 1786 512 256
f 1772
a 1787 64432 16
f 1768
a 1788 1600 16
f 1766
a 1789 51552 64
f 1721
a 1790 37760 256
f 1567
a 1791 288 64
f 1741
a 1792 480 64
f 1727
a 1793 2864 64
f 1719
a 1794 6816 256
f 1740
a 1795 1760 256
f 1518
a 1796 17472 256
f 1508
a 1797 1424 256
f 1561
a 1798 288 256
f 1650
a 1799 3152 64
f 1751
a 1800 3632 256
f 1798
a 1801 624 256
f 1785
a 1802 2576 256
f 1761
a 1803 10032 256
f 1760
a 1804 5840 64
f 1801
a 1805 2912 64
f 1701
a 1806 928 64
f 1762
a 1807 4656 256
f 1755
a 1808 672 256
f 1733
a 1809 3408 256
f 1678
a 1810 6736 256
f 1746
a 1811 2000 16
f 1799
a 1812 2000 16
f 1745
a 1813 336 16
f 1813
a 1814 1216 16
f 1626
a 1815 36768 256
f 1731
a 1816 672 256
f 1493
a 1817 304 16
f 1752
a 1818 864 64
f 1814
a 1819 1136 256
f 1707
a 1820 400 256
f 1794
a 1821 1808 16
f 1809
a 1822 24464 64
f 1759
a 1823 3360 256
f 1612
a 1824 26304 64
f 1804
a 1825 5216 256
f 1767
a 1826 432 16
f 1787
a 1827 880 16
f 1652
a 1828 34576 256
f 1726
a 1829 15152 64
f 1821
a 1830 4736 16
f 1828
a 1831 51472 64
f 1674
a 1832 62512 16
f 1778
a 1833 26352 16
f 1692
a 1834 11840 64
f 1783
a 1835 3568 16
f 1786
a 1836 30784 64
f 1815
a 1837 15904 64
f 1802
a 1838 10160 64
f 1725
a 1839 3808 64
f 1839
a 1840 45952 64
f 1793
a 1841 26928 256
f 1807
a 1842 24320 16
f 1748
a 1843 4016 64
f 1664
a 1844 29824 64
f 1776
a 1845 1888 16
f 1790
a 1846 18928 256
f 1769
a 1847 62848 256
f 1704
a 1848 7056 16
f 1806
a 1849 2896 64
f 1842
a 1850 36960 64
f 1689
a 1851 25072 16
f 1747
a 1852 48448 256
f 1805
a 1853 1648 256
f 1833
a 1854 1104 16
f 1636
a 1855 352 16
f 1845
a 1856 13584 64
f 1647
a 1857 6912 64
f 1753
a 1858 28000 64
f 1811
a 1859 6400 64
f 1812
a 1860 28464 64
f 1645
a 1861 736 64
f 1388
a 1862 29360 256
f 1644
a 1863 496 64
f 1825
a 1864 896 256
f 1829
a 1865 1424 16
f 1843
a 1866 50928 64
f 1844
a 1867 12912 256
f 1782
a 1868 2688 64
f 1810
a 1869 304 16
f 1771
a 1870 2656 64
f 1827
a 1871 7552 256
f 1729
a 1872 49232 64
f 1703
a 1873 304 256
f 1856
a 1874 288 64
f 1749
a 1875 21520 16
f 1668
a 1876 576 64
f 1853
a 1877 12752 16
f 1872
a 1878 576 16
f 1789
a 1879 384 64
f 1854
a 1880 1104 256
f 1824
a 1881 59504 16
f 1835
a 1882 4400 64
f 1621
a 1883 6768 256
f 1832
a 1884 26528 16
f 1879
a 1885 15424 64
f 1732
a 1886 864 64
f 1820
a 1887 58080 256
f 1756
a 1888 24272 256
f 1633
a 1889 14480 16
f 1646
a 1890 2416 16
f 1867
a 1891 624 256
f 1840
a 1892 14784 64
f 1743
a 1893 432 256
f 1852
a 1894 48544 64
f 1888
a 1895 496 16
f 1670
a 1896 4320 64
f 1848
a 1897 42032 64
f 1865
a 1898 352 256
f 1857
a 1899 656 256
f 1750
a 1900 7808 64
f 1803
a 1901 17488 256
f 1892
a 1902 464 64
f 1757
a 1903 1584 64
f 1855
a 1904 336 16
f 1877
a 1905 384 64
f 1599
a 1906 2000 256
f 1495
a 1907 272 256
f 1819
a 1908 45520 16
f 1906
a 1909 35536 256
f 1870
a 1910 3040 256
f 1822
a 1911 3040 256
f 1777
a 1912 16720 256
f 1831
a 1913 976 16
f 1858
a 1914 2784 16
f 1754
a 1915 16528 16
f 1886
a 1916 3248 256
f 1890
a 1917 8272 16
f 1887
a 1918 288 64
f 1896
a 1919 3648 256
f 1851
a 1920 2000 64
f 1880
a 1921 19904 64
f 1702
a 1922 59296 64
f 1868
a 1923 2272 256
f 1722
a 1924 22240 256
f 1897
a 1925 24480 64
f 1817
a 1926 44640 16
f 1841
a 1927 960 16
f 1926
a 1928 12416 256
f 1923
a 1929 40032 64
f 1907
a 1930 31984 64
f 1902
a 1931 4576 16
f 1784
a 1932 38640 256
f 1850
a 1933 1264 64
f 1680
a 1934 1920 64
f 1917
a 1935 15312 16
f 1919
a 1936 2624 256
f 1432
a 1937 3024 64
f 1866
a 1938 50688 16
f 1920
a 1939 21184 64
f 1882
a 1940 1248 16
f 1899
a 1941 30688 16
f 1779
a 1942 22416 16
f 1932
a 1943 352 64
f 1876
a 1944 768 256
f 1788
a 1945 272 256
f 1838
a 1946 4640 64
f 1800
a 1947 34448 16
f 1884
a 1948 14464 16
f 1925
a 1949 528 256
f 1836
a 1950 1936 16
f 1862
a 1951 46144 16
f 1542
a 1952 60752 256
f 1928
a 1953 1792 256
f 1908
a 1954 39504 64
f 1945
a 1955 1344 16
f 1864
a 1956 1760 16
f 1942
a 1957 1888 16
f 1922
a 1958 21984 64
f 1860
a 1959 1792 16
f 1909
a 1960 25168 256
f 1770
a 1961 34848 64
f 1878
a 1962 3968 256
f 1818
a 1963 320 256
f 1533
a 1964 10320 64
f 1963
a 1965 7392 16
f 1859
a 1966 57952 16
f 1739
a 1967 304 256
f 1946
a 1968 62432 64
f 1947
a 1969 51104 256
f 1791
a 1970 14336 64
f 1940
a 1971 3664 16
f 1881
a 1972 448 64
f 1861
a 1973 11984 256
f 1774
a 1974 448 16
f 1911
a 1975 2736 16
f 1714
a 1976 3008 16
f 1893
a 1977 5696 16
f 1934
a 1978 6064 256
f 1941
a 1979 992 256
f 1959
a 1980 13952 16
f 1952
a 1981 4048 16
f 1935
a 1982 464 256
f 1620
a 1983 14080 64
f 1875
a 1984 14256 64
f 1984
a 1985 3312 64
f 1955
a 1986 2880 16
f 1970
a 1987 15872 64
f 1734
a 1988 8432 256
f 1903
a 1989 9488 16
f 1975
a 1990 52880 64
f 1987
a 1991 16944 256
f 1967
a 1992 31408 64
f 1641
a 1993 1520 64
f 1900
a 1994 38544 16
f 1930
a 1995 1296 64
f 1898
a 1996 16048 64
f 1929
a 1997 368 64
f 1994
a 1998 1504 16
f 1943
a 1999 51504 256
f 1869
a 2000 3328 64
f 1968
a 2001 39248 16
f 1949
a 2002 1152 16
f 1956
a 2003 672 256
f 1885
a 2004 16592 16
f 1980
a 2005 1744 256
f 1916
a 2006 6208 256
f 1693
a 2007 8336 64
f 1913
a 2008 19008 16
f 1871
a 2009 2000 16
f 2008
a 2010 720 256
f 1965
a 2011 25776 64
f 1969
a 2012 24384 64
f 1924
a 2013 1264 256
f 1976
a 2014 416 256
f 1910
a 2015 13456 64
f 2015
a 2016 688 16
f 1991
a 2017 19472 256
f 1796
a 2018 60208 256
f 1891
a 2019 1616 256
f 1997
a 2020 3904 16
f 1985
a 2021 27168 256
f 1317
a 2022 3184 256
f 1939
a 2023 2048 256
f 1966
a 2024 576 64
f 2021
a 2025 576 16
f 2016
a 2026 5952 16
f 1724
a 2027 432 256
f 1830
a 2028 8496 256
f 1863
a 2029 42544 16
f 1995
a 2030 544 16
f 1973
a 2031 29680 64
f 1905
a 2032 912 256
f 1999
a 2033 35792 64
f 2028
a 2034 4080 256
f 2025
a 2035 2528 16
f 1883
a 2036 416 16
f 1964
a 2037 496 64
f 2017
a 2038 3232 16
f 2000
a 2039 992 256
f 1961
a 2040 46400 16
f 2031
a 2041 40480 64
f 1912
a 2042 51136 256
f 1874
a 2043 2416 256
f 2010
a 2044 3040 256
f 1950
a 2045 432 64
f 1737
a 2046 4880 256
f 2043
a 2047 37808 256
f 2005
a 2048 704 16
f 2048
a 2049 448 16
f 1993
a 2050 2672 256
f 2039
a 2051 14672 64
f 1427
a 2052 13760 64
f 2046
a 2053 2192 16
f 1837
a 2054 336 256
f 2052
a 2055 4032 16
f 2007
a 2056 1488 64
f 1953
a 2057 656 16
f 1958
a 2058 432 16
f 1948
a 2059 2352 64
f 2014
a 2060 5296 64
f 2036
a 2061 62512 256
f 2019
a 2062 7696 256
f 2055
a 2063 51712 16
f 2035
a 2064 1840 256
f 1981
a 2065 4864 64
f 2020
a 2066 40272 64
f 1977
a 2067 12272 16
f 2058
a 2068 21856 16
f 1781
a 2069 54032 16
f 2063
a 2070 11440 256
f 1983
a 2071 4624 256
f 2041
a 2072 720 64
f 1951
a 2073 22160 16
f 2060
a 2074 2784 16
f 1915
a 2075 3344 16
f 2033
a 2076 400 16
f 1978
a 2077 576 256
f 1685
a 2078 576 256
f 2030
a 2079 38000 256
f 1990
a 2080 27200 256
f 2034
a 2081 14864 256
f 2073
a 2082 320 256
f 2024
a 2083 18432 256
f 2037
a 2084 976 16
f 2066
a 2085 37776 16
f 2078
a 2086 2992 16
f 1709
a 2087 1264 256
f 2011
a 2088 2016 256
f 2068
a 2089 15376 64
f 2083
a 2090 3072 64
f 2064
a 2091 31088 64
f 1658
a 2092 52400 64
f 1938
a 2093 9440 64
f 2042
a 2094 1296 256
f 1792
a 2095 55728 16
f 2044
a 2096 640 16
f 1765
a 2097 1168 16
f 2069
a 2098 4576 16
f 2095
a 2099 848 16
c step-2000
f 2072
a 2100 912 256
f 1914
a 2101 14000 16
f 2056
a 2102 3120 256
f 2076
a 2103 3840 64
f 2094
a 2104 32320 64
f 2067
a 2105 22224 256
f 2097
a 2106 1680 256
f 2062
a 2107 6784 16
f 1931
a 2108 14896 16
f 2049
a 2109 912 16
f 1998
a 2110 480 256
f 1808
a 2111 20384 256
f 1954
a 2112 62336 64
f 2050
a 2113 6704 64
f 2092
a 2114 8080 16
f 2079
a 2115 29456 64
f 1933
a 2116 3808 256
f 2002
a 2117 1504 16
f 2022
a 2118 29296 64
f 1873
a 2119 3616 256
f 1979
a 2120 7744 16
f 2026
a 2121 4048 16
f 2107
a 2122 352 256
f 2105
a 2123 688 16
f 2070
a 2124 1760 16
f 2082
a 2125 61888 16
f 2086
a 2126 36224 64
f 2085
a 2127 736 16
f 1849
a 2128 3680 256
f 2006
a 2129 5776 64
f 2065
a 2130 4560 16
f 2081
a 2131 58352 64
f 2032
a 2132 1728 256
f 2114
a 2133 8016 256
f 2102
a 2134 16048 256
f 2111
a 2135 512 16
f 2131
a 2136 53600 16
f 2053
a 2137 60416 256
f 2119
a 2138 7456 16
f 1826
a 2139 25648 64
f 1847
a 2140 5648 16
f 2100
a 2141 17696 256
f 2074
a 2142 12944 64
f 1927
a 2143 1344 64
f 2061
a 2144 30528 256
f 2110
a 2145 4384 64
f 2123
a 2146 3504 64
f 1901
a 2147 464 256
f 2089
a 2148 672 256
f 2130
a 2149 29920 64
f 2109
a 2150 4112 64
f 2093
a 2151 304 16
f 2087
a 2152 1008 64
f 2084
a 2153 14176 256
f 1895
a 2154 768 64
f 1936
a 2155 58912 256
f 2099
a 2156 336 256
f 2118
a 2157 464 256
f 2151
a 2158 16320 64
f 2137
a 2159 400 16
f 2003
a 2160 3104 16
f 1944
a 2161 1680 64
f 1971
a 2162 44000 16
f 2116
a 2163 9200 256
f 1834
a 2164 480 256
f 2122
a 2165 6784 64
f 1889
a 2166 832 256
f 2158
a 2167 41232 256
f 2004
a 2168 1760 16
f 1957
a 2169 64944 256
f 2127
a 2170 3664 256
f 1992
a 2171 768 256
f 2155
a 2172 5152 64
f 2126
a 2173 448 64
f 2135
a 2174 49968 16
f 2120
a 2175 44672 16
f 2173
a 2176 40752 16
f 2038
a 2177 304 16
f 2148
a 2178 464 64
f 1795
a 2179 17680 64
f 1797
a 2180 1696 256
f 2103
a 2181 6960 16
f 1960
a 2182 3936 16
f 2167
a 2183 3984 256
f 1986
a 2184 416 64
f 2178
a 2185 3936 256
f 2047
a 2186 15104 16
f 2174
a 2187 4384 16
f 2057
a 2188 15744 64
f 2108
a 2189 32464 64
f 2134
a 2190 7696 16
f 2088
a 2191 10688 64
f 2029
a 2192 4352 16
f 1921
a 2193 33488 16
f 2098
a 2194 592 64
f 2171
a 2195 1968 256
f 2164
a 2196 1488 64
f 2194
a 2197 1216 16
f 2013
a 2198 800 16
f 2183
a 2199 13536 64
f 2175
a 2200 928 16
f 2132
a 2201 672 256
f 1989
a 2202 4928 64
f 1816
a 2203 4224 256
f 2051
a 2204 15216 256
f 2001
a 2205 51792 256
f 2113
a 2206 15264 64
f 2101
a 2207 1840 16
f 2185
a 2208 2240 16
f 2139
a 2209 3664 16
f 2159
a 2210 4944 256
f 2091
a 2211 7808 16
f 2071
a 2212 6928 16
f 2145
a 2213 1136 256
f 2012
a 2214 3024 256
f 1988
a 2215 21472 16
f 2208
a 2216 496 64
f 2196
a 2217 33904 64
f 1937
a 2218 624 16
f 2090
a 2219 56128 64
f 2136
a 2220 32848 256
f 2198
a 2221 368 16
f 2115
a 2222 51328 256
f 2125
a 2223 3600 256
f 2202
a 2224 1152 256
f 2210
a 2225 2176 256
f 2140
a 2226 7488 256
f 2180
a 2227 9280 16
f 2156
a 2228 816 256
f 2141
a 2229 4096 64
f 2040
a 2230 528 256
f 2170
a 2231 896 16
f 2018
a 2232 416 64
f 2124
a 2233 53488 64
f 2172
a 2234 42000 16
f 2200
a 2235 368 256
f 2234
a 2236 8816 16
f 2154
a 2237 61184 64
f 2201
a 2238 3232 256
f 1516
a 2239 25104 64
f 2162
a 2240 29696 16
f 2144
a 2241 768 256
f 2232
a 2242 6992 64
f 2228
a 2243 3680 64
f 2143
a 2244 19744 256
f 2163
a 2245 800 256
f 2080
a 2246 8736 64
f 2203
a 2247 9344 256
f 2205
a 2248 6624 16
f 2211
a 2249 7264 256
f 2186
a 2250 896 16
f 1823
a 2251 368 64
f 2190
a 2252 10448 64
f 2213
a 2253 15232 16
f 2229
a 2254 7408 16
f 2225
a 2255 1104 64
f 2146
a 2256 2032 16
f 2117
a 2257 944 256
f 2160
a 2258 3200 256
f 2193
a 2259 992 256
f 2227
a 2260 6192 256
f 2231
a 2261 7936 256
f 2236
a 2262 6432 256
f 1962
a 2263 1584 64
f 2219
a 2264 13360 16
f 2249
a 2265 2960 64
f 2221
a 2266 61168 256
f 2195
a 2267 288 16
f 2169
a 2268 1648 256
f 2250
a 2269 40176 64
f 2181
a 2270 23104 16
f 2226
a 2271 592 16
f 2106
a 2272 352 16
f 2230
a 2273 1584 256
f 2239
a 2274 6528 64
f 2272
a 2275 3936 64
f 2261
a 2276 912 64
f 2121
a 2277 13424 64
f 2215
a 2278 3472 64
f 2128
a 2279 6688 256
f 2255
a 2280 29600 16
f 2214
a 2281 9760 64
f 2278
a 2282 36336 16
f 2096
a 2283 4016 16
f 2045
a 2284 8704 256
f 2147
a 2285 1008 64
f 2276
a 2286 9248 64
f 2023
a 2287 7376 16
f 2129
a 2288 992 16
f 2138
a 2289 33024 16
f 2168
a 2290 6448 64
f 2217
a 2291 1136 256
f 1723
a 2292 4256 16
f 2271
a 2293 6944 16
f 2224
a 2294 3856 16
f 2274
a 2295 368 256
f 1996
a 2296 6624 16
f 2288
a 2297 18176 16
f 2268
a 2298 24848 16
f 2267
a 2299 1776 256
f 2246
a 2300 33376 16
f 2289
a 2301 496 64
f 2235
a 2302 6416 256
f 2279
a 2303 304 16
f 2204
a 2304 544 64
f 2280
a 2305 2240 16
f 2303
a 2306 48656 16
f 2270
a 2307 30528 256
f 2242
a 2308 896 256
f 2176
a 2309 9760 256
f 1846
a 2310 7344 16
f 2212
a 2311 61648 64
f 2306
a 2312 592 64
f 2298
a 2313 36384 16
f 2243
a 2314 5920 256
f 1763
a 2315 464 16
f 1918
a 2316 736 64
f 1894
a 2317 400 256
f 2301
a 2318 512 16
f 2291
a 2319 12848 16
f 2314
a 2320 1040 256
f 2220
a 2321 42752 64
f 2290
a 2322 9808 256
f 2077
a 2323 320 64
f 2312
a 2324 896 16
f 2237
a 2325 62784 256
f 1974
a 2326 928 16
f 2197
a 2327 50160 16
f 2282
a 2328 3696 16
f 2273
a 2329 1472 256
f 2238
a 2330 19472 256
f 2150
a 2331 416 256
f 2292
a 2332 1424 256
f 2275
a 2333 640 16
f 1982
a 2334 288 16
f 2009
a 2335 2880 16
f 2331
a 2336 19712 256
f 2328
a 2337 31744 64
f 2187
a 2338 30384 64
f 2260
a 2339 3824 16
f 2216
a 2340 2736 64
f 2304
a 2341 304 16
f 1904
a 2342 368 64
f 2182
a 2343 560 16
f 2269
a 2344 28944 64
f 2157
a 2345 3488 64
f 2338
a 2346 272 16
f 2299
a 2347 864 16
f 2335
a 2348 1296 256
f 2133
a 2349 3536 256
f 2166
a 2350 1728 16
f 2324
a 2351 880 64
f 2254
a 2352 4864 64
f 2325
a 2353 5152 16
f 2347
a 2354 608 16
f 2054
a 2355 2784 64
f 2059
a 2356 1536 256
f 2287
a 2357 672 256
f 2356
a 2358 720 256
f 2300
a 2359 2208 256
f 2281
a 2360 1104 64
f 2321
a 2361 720 16
f 2297
a 2362 21008 64
f 2296
a 2363 4048 64
f 2266
a 2364 416 256
f 2334
a 2365 528 64
f 2317
a 2366 16144 256
f 2209
a 2367 2608 64
f 2253
a 2368 15872 64
f 2349
a 2369 61056 256
f 2332
a 2370 15584 256
f 2177
a 2371 464 16
f 2207
a 2372 43888 64
f 2252
a 2373 816 16
f 2248
a 2374 1600 16
f 2283
a 2375 608 16
f 2326
a 2376 18496 256
f 2294
a 2377 8064 16
f 2341
a 2378 6624 64
f 2359
a 2379 592 64
f 2241
a 2380 43728 256
f 2233
a 2381 4800 256
f 2378
a 2382 6112 256
f 2323
a 2383 1632 16
f 2307
a 2384 912 64
f 2365
a 2385 38400 256
f 2374
a 2386 416 64
f 2372
a 2387 352 64
f 2264
a 2388 480 256
f 2258
a 2389 26144 16
f 2179
a 2390 304 64
f 2257
a 2391 848 64
f 2184
a 2392 640 64
f 2340
a 2393 1600 64
f 2247
a 2394 2304 256
f 2385
a 2395 36032 256
f 2262
a 2396 1632 256
f 2318
a 2397 47152 16
f 2397
a 2398 3696 64
f 2368
a 2399 9504 16
f 2199
a 2400 624 64
f 1972
a 2401 26768 256
f 2192
a 2402 1792 256
f 2188
a 2403 65408 16
f 2350
a 2404 672 64
f 2360
a 2405 5808 16
f 2371
a 2406 1424 64
f 2401
a 2407 1136 256
f 2336
a 2408 9968 64
f 2348
a 2409 272 64
f 2345
a 2410 2112 256
f 2379
a 2411 48944 16
f 2390
a 2412 944 64
f 2277
a 2413 38640 64
f 2344
a 2414 6272 64
f 2367
a 2415 1440 256
f 2189
a 2416 5344 256
f 2161
a 2417 13280 16
f 2405
a 2418 20944 64
f 2206
a 2419 1184 16
f 2286
a 2420 1392 256
f 2308
a 2421 3168 256
f 2191
a 2422 61296 16
f 2311
a 2423 5456 16
f 2329
a 2424 28240 64
f 2319
a 2425 3024 16
f 2425
a 2426 24256 64
f 2421
a 2427 14384 256
f 2310
a 2428 13296 64
f 2104
a 2429 6848 256
f 2265
a 2430 2000 64
f 2428
a 2431 8080 256
f 2422
a 2432 4080 256
f 2408
a 2433 2544 16
f 2386
a 2434 24224 256
f 2403
a 2435 1744 16
f 2392
a 2436 480 64
f 2389
a 2437 1280 256
f 2320
a 2438 1936 256
f 2342
a 2439 59024 64
f 2423
a 2440 41632 256
f 2366
a 2441 5824 16
f 2352
a 2442 53616 16
f 2153
a 2443 1120 16
f 2391
a 2444 9184 16
f 2313
a 2445 7584 256
f 2415
a 2446 7472 64
f 2380
a 2447 912 64
f 2424
a 2448 43488 256
f 2447
a 2449 9840 64
f 2431
a 2450 1840 256
f 2343
a 2451 304 64
f 2284
a 2452 2544 256
f 2419
a 2453 1248 16
f 2377
a 2454 15824 64
f 2446
a 2455 12368 64
f 2395
a 2456 752 16
f 2369
a 2457 336 64
f 2327
a 2458 7824 64
f 2393
a 2459 31456 256
f 2149
a 2460 528 16
f 2256
a 2461 1264 16
f 2382
a 2462 560 64
f 2412
a 2463 6048 64
f 2444
a 2464 55088 16
f 2449
a 2465 32624 256
f 2396
a 2466 3472 256
f 2430
a 2467 4736 16
f 2455
a 2468 464 16
f 2383
a 2469 28272 64
f 2466
a 2470 1696 64
f 2375
a 2471 21136 64
f 2337
a 2472 4064 256
f 2387
a 2473 720 64
f 2409
a 2474 33024 64
f 2461
a 2475 8160 64
f 2416
a 2476 5984 64
f 2330
a 2477 61872 64
f 2370
a 2478 336 64
f 2467
a 2479 1584 16
f 2305
a 2480 54688 64
f 2480
a 2481 640 16
f 2407
a 2482 47888 256
f 2426
a 2483 3200 16
f 2452
a 2484 8128 256
f 2404
a 2485 2896 256
f 2075
a 2486 53520 64
f 2445
a 2487 5952 16
f 2453
a 2488 5328 256
f 2373
a 2489 1920 64
f 2339
a 2490 29824 256
f 2358
a 2491 63536 16
f 2487
a 2492 22976 64
f 2482
a 2493 32608 256
f 2486
a 2494 15744 16
f 2440
a 2495 1008 64
f 2410
a 2496 880 16
f 2442
a 2497 1152 64
f 2353
a 2498 23280 64
f 2448
a 2499 31504 64
f 2470
a 2500 656 16
f 2484
a 2501 848 256
f 2427
a 2502 53232 64
f 2481
a 2503 496 16
f 2414
a 2504 1984 256
f 2354
a 2505 1216 64
f 2251
a 2506 6592 16
f 2223
a 2507 656 256
f 2490
a 2508 336 256
f 2459
a 2509 432 16
f 2503
a 2510 1696 64
f 2465
a 2511 13792 64
f 2417
a 2512 4912 256
f 2496
a 2513 41088 256
f 2511
a 2514 24416 64
f 2438
a 2515 28736 256
f 2472
a 2516 5552 16
f 2489
a 2517 336 16
f 2479
a 2518 1952 16
f 2493
a 2519 1168 16
f 2434
a 2520 976 64
f 2475
a 2521 416 16
f 2512
a 2522 3712 64
f 2498
a 2523 1120 64
f 2460
a 2524 14672 16
f 2436
a 2525 8288 256
f 2454
a 2526 1024 16
f 2244
a 2527 960 16
f 2285
a 2528 6656 256
f 2497
a 2529 11168 64
f 2309
a 2530 11664 64
f 2521
a 2531 1360 64
f 2437
a 2532 640 64
f 2333
a 2533 14544 64
f 2485
a 2534 1856 256
f 2519
a 2535 24144 16
f 2520
a 2536 5552 64
f 2302
a 2537 1728 16
f 2364
a 2538 832 16
f 2518
a 2539 3072 16
f 2501
a 2540 57568 16
f 2523
a 2541 1648 64
f 2474
a 2542 31056 64
f 2533
a 2543 22304 64
f 2491
a 2544 2016 16
f 2530
a 2545 864 64
f 2483
a 2546 1520 64
f 2545
a 2547 1968 256
f 2293
a 2548 11328 16
f 2363
a 2549 12112 256
f 2527
a 2550 1744 256
f 2357
a 2551 29104 256
f 2411
a 2552 30768 64
f 2400
a 2553 42432 64
f 2381
a 2554 46800 64
f 2259
a 2555 1248 64
f 2435
a 2556 368 64
f 2439
a 2557 47968 64
f 2526
a 2558 384 16
f 2555
a 2559 3376 256
f 2506
a 2560 352 64
f 2478
a 2561 2400 256
f 2509
a 2562 38112 64
f 2535
a 2563 16032 16
f 2547
a 2564 688 64
f 2554
a 2565 1952 16
f 2532
a 2566 31296 64
f 2502
a 2567 5472 16
f 2463
a 2568 6912 16
f 2322
a 2569 8064 256
f 2394
a 2570 4096 256
f 2524
a 2571 1552 256
f 2398
a 2572 5856 64
f 2538
a 2573 1456 256
f 2531
a 2574 576 256
f 2564
a 2575 432 256
f 2464
a 2576 24576 16
f 2571
a 2577 4880 256
f 2553
a 2578 6176 256
f 2540
a 2579 7200 64
f 2458
a 2580 336 16
f 2550
a 2581 1216 256
f 2492
a 2582 432 64
f 2552
a 2583 4096 64
f 2263
a 2584 976 64
f 2402
a 2585 1744 64
f 2346
a 2586 3632 256
f 2469
a 2587 368 256
f 2586
a 2588 16240 16
f 2536
a 2589 3984 256
f 2585
a 2590 1984 16
f 2549
a 2591 55984 256
f 2576
a 2592 464 64
f 2558
a 2593 61040 64
f 2534
a 2594 448 256
f 2528
a 2595 544 64
f 2245
a 2596 1008 256
f 2376
a 2597 4032 64
f 2525
a 2598 2272 256
f 2587
a 2599 608 64
c step-2500
f 2142
a 2600 38480 16
f 2580
a 2601 2416 256
f 2583
a 2602 8992 256
f 2362
a 2603 288 64
f 2565
a 2604 29840 256
f 2596
a 2605 1312 64
f 2529
a 2606 304 16
f 2494
a 2607 2256 16
f 2165
a 2608 2816 256
f 2406
a 2609 2736 64
f 2568
a 2610 752 16
f 2476
a 2611 3648 256
f 2537
a 2612 4864 64
f 2355
a 2613 23184 256
f 2539
a 2614 368 256
f 2581
a 2615 12560 16
f 2573
a 2616 928 256
f 2507
a 2617 45632 16
f 2504
a 2618 21504 64
f 2584
a 2619 928 256
f 2606
a 2620 12832 64
f 2522
a 2621 24800 64
f 2600
a 2622 43968 64
f 2579
a 2623 736 64
f 2443
a 2624 17504 256
f 2599
a 2625 1392 16
f 2508
a 2626 23264 64
f 2027
a 2627 3008 64
f 2625
a 2628 10624 256
f 2574
a 2629 33280 16
f 2617
a 2630 6208 256
f 2514
a 2631 3072 16
f 2112
a 2632 528 64
f 2546
a 2633 1648 64
f 2575
a 2634 36592 64
f 2295
a 2635 1824 16
f 2399
a 2636 2480 64
f 2605
a 2637 1312 64
f 2567
a 2638 64128 16
f 2619
a 2639 1680 16
f 2218
a 2640 3232 256
f 2598
a 2641 11200 16
f 2451
a 2642 2784 16
f 2563
a 2643 58864 256
f 2557
a 2644 4176 256
f 2608
a 2645 34224 16
f 2643
a 2646 3424 64
f 2499
a 2647 9248 256
f 2450
a 2648 53712 64
f 2560
a 2649 32736 16
f 2604
a 2650 5296 256
f 2626
a 2651 784 64
f 2595
a 2652 5872 16
f 2590
a 2653 8048 64
f 2640
a 2654 2704 256
f 2622
a 2655 8592 16
f 2645
a 2656 23872 256
f 2471
a 2657 400 256
f 2655
a 2658 7168 16
f 2646
a 2659 54704 16
f 2456
a 2660 1488 64
f 2653
a 2661 464 256
f 2612
a 2662 2064 16
f 2572
a 2663 1488 64
f 2613
a 2664 896 256
f 2623
a 2665 4464 16
f 2488
a 2666 9488 256
f 2240
a 2667 2992 256
f 2477
a 2668 1552 256
f 2544
a 2669 2176 16
f 2561
a 2670 432 256
f 2630
a 2671 14848 256
f 2629
a 2672 896 64
f 2602
a 2673 3440 16
f 2669
a 2674 2896 64
f 2652
a 2675 21408 16
f 2618
a 2676 13392 256
f 2651
a 2677 1024 64
f 2666
a 2678 7456 16
f 2418
a 2679 2224 64
f 2388
a 2680 400 16
f 2670
a 2681 24384 256
f 2668
a 2682 5552 256
f 2634
a 2683 39376 16
f 2517
a 2684 62448 64
f 2638
a 2685 6096 64
f 2685
a 2686 2352 256
f 2505
a 2687 320 256
f 2659
a 2688 416 16
f 2548
a 2689 4080 64
f 2649
a 2690 1792 16
f 2683
a 2691 736 64
f 2689
a 2692 1632 256
f 2677
a 2693 736 16
f 2664
a 2694 62432 256
f 2690
a 2695 44896 16
f 2662
a 2696 20000 16
f 2663
a 2697 6720 256
f 2594
a 2698 15904 16
f 2614
a 2699 784 64
f 2633
a 2700 19328 64
f 2588
a 2701 1664 64
f 2441
a 2702 17328 64
f 2644
a 2703 1088 256
f 2589
a 2704 304 256
f 2510
a 2705 6544 16
f 2152
a 2706 816 256
f 2413
a 2707 10560 64
f 2660
a 2708 16736 16
f 2704
a 2709 10368 256
f 2699
a 2710 288 256
f 2624
a 2711 26240 64
f 2696
a 2712 3424 16
f 2703
a 2713 4576 64
f 2566
a 2714 15584 64
f 2676
a 2715 352 16
f 2712
a 2716 3536 16
f 2616
a 2717 432 16
f 2697
a 2718 256 64
f 2665
a 2719 23536 64
f 2628
a 2720 2400 256
f 2719
a 2721 57344 64
f 2597
a 2722 2912 256
f 2695
a 2723 8880 64
f 2706
a 2724 1952 16
f 2559
a 2725 5744 64
f 2688
a 2726 43584 16
f 2611
a 2727 1856 64
f 2687
a 2728 12240 64
f 2543
a 2729 480 256
f 2694
a 2730 1392 256
f 2654
a 2731 13808 64
f 2315
a 2732 352 16
f 2639
a 2733 496 256
f 2680
a 2734 2032 16
f 2420
a 2735 14688 64
f 2728
a 2736 624 256
f 2615
a 2737 704 64
f 2705
a 2738 944 64
f 2637
a 2739 944 16
f 2731
a 2740 63408 16
f 2609
a 2741 480 256
f 2674
a 2742 58640 256
f 2582
a 2743 2784 64
f 2692
a 2744 31120 256
f 2632
a 2745 944 256
f 2578
a 2746 3824 16
f 2384
a 2747 2048 256
f 2222
a 2748 896 256
f 2702
a 2749 12608 256
f 2741
a 2750 368 16
f 2610
a 2751 49088 256
f 2675
a 2752 33920 16
f 2718
a 2753 1920 256
f 2738
a 2754 9200 64
f 2468
a 2755 12640 256
f 2657
a 2756 5184 16
f 2621
a 2757 17776 256
f 2757
a 2758 63840 64
f 2601
a 2759 15424 256
f 2720
a 2760 22560 64
f 2593
a 2761 55424 16
f 2607
a 2762 3008 16
f 2473
a 2763 12208 64
f 2746
a 2764 25248 256
f 2316
a 2765 57200 64
f 2678
a 2766 20368 16
f 2620
a 2767 384 256
f 2721
a 2768 864 64
f 2551
a 2769 352 256
f 2681
a 2770 864 64
f 2710
a 2771 928 256
f 2729
a 2772 10944 256
f 2759
a 2773 1584 64
f 2635
a 2774 3840 64
f 2641
a 2775 352 16
f 2733
a 2776 272 256
f 2541
a 2777 592 64
f 2767
a 2778 26112 256
f 2730
a 2779 23200 256
f 2754
a 2780 368 256
f 2724
a 2781 1952 16
f 2361
a 2782 448 256
f 2631
a 2783 9472 256
f 2661
a 2784 368 16
f 2766
a 2785 7344 16
f 2780
a 2786 1504 256
f 2747
a 2787 29744 256
f 2763
a 2788 3744 256
f 2768
a 2789 1600 256
f 2684
a 2790 464 16
f 2751
a 2791 8512 16
f 2592
a 2792 1952 256
f 2570
a 2793 1408 64
f 2686
a 2794 7376 64
f 2642
a 2795 64464 256
f 2351
a 2796 448 16
f 2758
a 2797 13312 256
f 2785
a 2798 1056 16
f 2495
a 2799 1296 16
f 2682
a 2800 2720 16
f 2693
a 2801 3264 64
f 2771
a 2802 736 16
f 2778
a 2803 11952 64
f 2717
a 2804 5792 16
f 2788
a 2805 26320 16
f 2727
a 2806 2080 64
f 2556
a 2807 11952 64
f 2429
a 2808 2896 16
f 2784
a 2809 1392 64
f 2650
a 2810 896 16
f 2432
a 2811 29328 16
f 2671
a 2812 928 256
f 2787
a 2813 18032 64
f 2792
a 2814 1088 16
f 2715
a 2815 1776 16
f 2802
a 2816 944 256
f 2736
a 2817 384 64
f 2811
a 2818 384 64
f 2698
a 2819 1600 256
f 2658
a 2820 784 256
f 2740
a 2821 27616 64
f 2796
a 2822 608 256
f 2761
a 2823 640 64
f 2760
a 2824 35136 256
f 2752
a 2825 12064 64
f 2462
a 2826 6496 16
f 2513
a 2827 1072 256
f 2791
a 2828 368 64
f 2749
a 2829 1552 16
f 2755
a 2830 1424 256
f 2700
a 2831 1712 16
f 2732
a 2832 20224 16
f 2691
a 2833 54288 16
f 2777
a 2834 7152 64
f 2569
a 2835 23664 64
f 2833
a 2836 62880 16
f 2836
a 2837 48784 16
f 2672
a 2838 896 256
f 2827
a 2839 5760 16
f 2825
a 2840 448 16
f 2603
a 2841 26272 64
f 2786
a 2842 1440 64
f 2656
a 2843 26480 64
f 2800
a 2844 1552 16
f 2828
a 2845 272 64
f 2834
a 2846 864 16
f 2500
a 2847 624 256
f 2726
a 2848 928 64
f 2742
a 2849 2656 64
f 2562
a 2850 3376 256
f 2794
a 2851 7344 64
f 2723
a 2852 464 256
f 2764
a 2853 4528 256
f 2838
a 2854 3312 64
f 2713
a 2855 336 256
f 2847
a 2856 2768 64
f 2818
a 2857 7296 64
f 2577
a 2858 352 64
f 2808
a 2859 6864 256
f 2744
a 2860 12048 64
f 2750
a 2861 800 256
f 2772
a 2862 3600 16
f 2824
a 2863 63952 16
f 2858
a 2864 41344 64
f 2850
a 2865 720 16
f 2854
a 2866 8928 64
f 2823
a 2867 3616 64
f 2725
a 2868 6240 64
f 2667
a 2869 1024 256
f 2813
a 2870 40768 64
f 2737
a 2871 1920 256
f 2857
a 2872 736 16
f 2839
a 2873 26816 64
f 2647
a 2874 8304 64
f 2805
a 2875 624 256
f 2872
a 2876 3600 64
f 2810
a 2877 29824 64
f 2871
a 2878 12672 256
f 2817
a 2879 1040 256
f 2782
a 2880 28720 64
f 2779
a 2881 31632 64
f 2837
a 2882 12096 64
f 2831
a 2883 2720 256
f 2860
a 2884 2288 64
f 2783
a 2885 2192 16
f 2790
a 2886 31936 64
f 2840
a 2887 7488 16
f 2842
a 2888 39056 64
f 2883
a 2889 54432 16
f 2865
a 2890 1840 256
f 2711
a 2891 14656 64
f 2844
a 2892 2832 16
f 2876
a 2893 3856 256
f 2515
a 2894 2368 256
f 2880
a 2895 400 16
f 2859
a 2896 4496 64
f 2889
a 2897 5968 16
f 2890
a 2898 384 16
f 2708
a 2899 1216 256
f 2862
a 2900 2304 64
f 2843
a 2901 752 16
f 2709
a 2902 496 16
f 2851
a 2903 3344 16
f 2867
a 2904 272 64
f 2878
a 2905 1504 64
f 2798
a 2906 10352 64
f 2904
a 2907 944 64
f 2799
a 2908 12896 16
f 2907
a 2909 608 256
f 2636
a 2910 46704 16
f 2856
a 2911 45360 64
f 2793
a 2912 336 256
f 2820
a 2913 5616 16
f 2835
a 2914 6240 64
f 2819
a 2915 26336 16
f 2814
a 2916 512 256
f 2797
a 2917 640 256
f 2901
a 2918 63888 64
f 2795
a 2919 13008 16
f 2894
a 2920 13792 64
f 2920
a 2921 1344 256
f 2909
a 2922 320 64
f 2673
a 2923 29680 16
f 2739
a 2924 1824 64
f 2804
a 2925 4048 64
f 2516
a 2926 288 16
f 2900
a 2927 976 16
f 2915
a 2928 496 256
f 2897
a 2929 1952 64
f 2773
a 2930 10976 256
f 2765
a 2931 14128 64
f 2648
a 2932 416 256
f 2774
a 2933 1696 64
f 2815
a 2934 2400 256
f 2881
a 2935 11168 256
f 2891
a 2936 704 256
f 2877
a 2937 3952 64
f 2925
a 2938 7744 16
f 2895
a 2939 2912 16
f 2869
a 2940 30752 16
f 2916
a 2941 37952 16
f 2926
a 2942 54000 16
f 2781
a 2943 448 64
f 2846
a 2944 272 256
f 2870
a 2945 64864 256
f 2922
a 2946 6992 16
f 2821
a 2947 6704 256
f 2716
a 2948 12064 64
f 2934
a 2949 5312 16
f 2942
a 2950 1008 256
f 2945
a 2951 368 64
f 2714
a 2952 512 16
f 2947
a 2953 8448 16
f 2816
a 2954 16032 256
f 2908
a 2955 48368 64
f 2938
a 2956 5168 64
f 2812
a 2957 512 64
f 2911
a 2958 2240 64
f 2679
a 2959 2336 64
f 2803
a 2960 2976 256
f 2882
a 2961 5744 16
f 2910
a 2962 688 256
f 2748
a 2963 13536 16
f 2701
a 2964 13616 256
f 2958
a 2965 4528 256
f 2874
a 2966 2144 256
f 2960
a 2967 288 16
f 2955
a 2968 1968 16
f 2966
a 2969 7488 16
f 2902
a 2970 512 256
f 2707
a 2971 22800 64
f 2906
a 2972 11776 16
f 2929
a 2973 38608 64
f 2775
a 2974 464 16
f 2868
a 2975 1136 16
f 2848
a 2976 16800 16
f 2887
a 2977 736 256
f 2918
a 2978 1056 256
f 2753
a 2979 6688 64
f 2789
a 2980 768 16
f 2928
a 2981 4288 256
f 2937
a 2982 4080 16
f 2806
a 2983 26016 256
f 2948
a 2984 40624 16
f 2822
a 2985 1920 256
f 2866
a 2986 7136 64
f 2849
a 2987 18720 16
f 2935
a 2988 9104 256
f 2879
a 2989 2464 256
f 2892
a 2990 21552 16
f 2936
a 2991 15600 16
f 2884
a 2992 35072 64
f 2957
a 2993 3232 256
f 2932
a 2994 1680 256
f 2965
a 2995 1264 16
f 2989
a 2996 2048 64
f 2991
a 2997 5136 256
f 2905
a 2998 368 256
f 2982
a 2999 416 16
f 2756
a 3000 4112 256
f 2992
a 3001 60416 16
f 2896
a 3002 6592 256
f 2994
a 3003 432 16
f 2979
a 3004 4064 64
f 2975
a 3005 24960 64
f 2959
a 3006 30576 64
f 2912
a 3007 7472 64
f 2983
a 3008 320 16
f 2940
a 3009 1824 256
f 2988
a 3010 960 64
f 2855
a 3011 30720 16
f 2950
a 3012 37680 16
f 2944
a 3013 23600 16
f 2845
a 3014 33104 16
f 2986
a 3015 1424 256
f 2832
a 3016 1552 64
f 3000
a 3017 9936 16
f 2976
a 3018 3216 16
f 2962
a 3019 960 64
f 2985
a 3020 46912 64
f 2930
a 3021 1616 16
f 3020
a 3022 23648 256
f 2841
a 3023 768 16
f 3014
a 3024 8848 64
f 3003
a 3025 2176 64
f 3001
a 3026 2048 64
f 2873
a 3027 288 64
f 2927
a 3028 36160 256
f 2829
a 3029 2160 256
f 2968
a 3030 1808 256
f 2978
a 3031 42528 256
f 2939
a 3032 368 64
f 2964
a 3033 464 64
f 2433
a 3034 35536 64
f 2899
a 3035 3504 64
f 2984
a 3036 59600 16
f 2807
a 3037 38448 16
f 2952
a 3038 28432 64
f 2917
a 3039 37648 16
f 2956
a 3040 816 64
f 2591
a 3041 2016 16
f 3026
a 3042 35248 64
f 3002
a 3043 656 256
f 2776
a 3044 3504 64
f 2888
a 3045 528 64
f 3021
a 3046 25440 16
f 2961
a 3047 5360 256
f 3030
a 3048 14432 64
f 3006
a 3049 5600 256
f 2542
a 3050 544 256
f 2743
a 3051 4704 64
f 2941
a 3052 30880 256
f 2951
a 3053 2704 64
f 2886
a 3054 9248 16
f 3042
a 3055 31584 64
f 2949
a 3056 41552 64
f 2974
a 3057 13536 256
f 3057
a 3058 2912 256
f 2996
a 3059 1360 64
f 3007
a 3060 3904 16
f 2457
a 3061 35008 16
f 3024
a 3062 1360 16
f 2997
a 3063 2816 64
f 3053
a 3064 27408 256
f 2954
a 3065 992 64
f 2933
a 3066 27808 16
f 3055
a 3067 8528 64
f 3048
a 3068 4208 64
f 2993
a 3069 352 16
f 3059
a 3070 13472 16
f 3056
a 3071 288 16
f 3067
a 3072 9200 256
f 2919
a 3073 6528 256
f 3027
a 3074 1760 256
f 2971
a 3075 720 256
f 3012
a 3076 560 64
f 2924
a 3077 34768 64
f 2987
a 3078 44240 64
f 3076
a 3079 26928 16
f 2769
a 3080 320 64
f 3060
a 3081 1744 64
f 3023
a 3082 49888 16
f 3072
a 3083 1808 64
f 2853
a 3084 30416 256
f 3038
a 3085 9808 256
f 3085
a 3086 59408 256
f 3061
a 3087 47088 256
f 2998
a 3088 56128 256
f 3005
a 3089 2432 16
f 3077
a 3090 448 64
f 2893
a 3091 416 16
f 2923
a 3092 11168 16
f 2977
a 3093 320 16
f 3092
a 3094 27904 64
f 3073
a 3095 42272 256
f 3071
a 3096 3888 64
f 3083
a 3097 28368 256
f 2931
a 3098 30016 16
f 2963
a 3099 3552 256
c step-3000
f 3054
a 3100 576 64
f 3049
a 3101 65296 256
f 3079
a 3102 4656 16
f 3036
a 3103 6832 256
f 3046
a 3104 1984 256
f 2885
a 3105 2976 64
f 2801
a 3106 13200 16
f 2735
a 3107 22832 16
f 2745
a 3108 256 256
f 3051
a 3109 960 256
f 2980
a 3110 432 16
f 3064
a 3111 768 256
f 2734
a 3112 352 16
f 3107
a 3113 6096 64
f 3033
a 3114 56944 64
f 3045
a 3115 3984 64
f 3099
a 3116 1008 16
f 3100
a 3117 48256 256
f 3097
a 3118 2032 256
f 3105
a 3119 38224 256
f 2809
a 3120 736 256
f 2981
a 3121 65392 256
f 3103
a 3122 30384 16
f 3075
a 3123 17168 256
f 3108
a 3124 2832 16
f 2999
a 3125 784 64
f 3080
a 3126 1184 64
f 3050
a 3127 5136 16
f 3031
a 3128 8640 64
f 3062
a 3129 12976 256
f 3109
a 3130 11744 16
f 3118
a 3131 60000 64
f 3039
a 3132 18976 16
f 3091
a 3133 9392 256
f 3010
a 3134 17872 16
f 2990
a 3135 3104 256
f 3017
a 3136 3376 256
f 3133
a 3137 2192 256
f 3032
a 3138 944 64
f 3120
a 3139 272 256
f 3009
a 3140 22896 64
f 3086
a 3141 25920 16
f 3025
a 3142 480 16
f 2943
a 3143 9552 256
f 3124
a 3144 1056 64
f 3074
a 3145 2816 256
f 3135
a 3146 1648 64
f 2970
a 3147 4256 256
f 3082
a 3148 22400 16
f 3087
a 3149 2112 256
f 2762
a 3150 1984 64
f 3035
a 3151 35088 64
f 3145
a 3152 6608 16
f 3008
a 3153 496 64
f 3096
a 3154 3584 64
f 2722
a 3155 2448 256
f 3098
a 3156 2480 64
f 3122
a 3157 27152 64
f 2973
a 3158 960 256
f 3106
a 3159 720 16
f 3065
a 3160 608 256
f 3102
a 3161 608 16
f 3013
a 3162 1952 16
f 3044
a 3163 848 16
f 3119
a 3164 1024 256
f 2863
a 3165 61392 16
f 2830
a 3166 5024 256
f 3129
a 3167 1280 256
f 3116
a 3168 4544 256
f 2826
a 3169 592 16
f 3078
a 3170 8864 64
f 3156
a 3171 2864 256
f 3041
a 3172 2736 256
f 3159
a 3173 61536 16
f 2627
a 3174 1392 16
f 2995
a 3175 6768 16
f 2913
a 3176 48672 256
f 3110
a 3177 30496 64
f 3127
a 3178 1680 256
f 2852
a 3179 64416 256
f 3172
a 3180 976 256
f 2946
a 3181 2000 256
f 2914
a 3182 304 256
f 3093
a 3183 1072 256
f 2875
a 3184 39600 64
f 3141
a 3185 1184 64
f 3125
a 3186 704 64
f 3043
a 3187 432 256
f 3114
a 3188 432 256
f 3157
a 3189 800 16
f 3104
a 3190 32384 64
f 2972
a 3191 7792 256
f 3191
a 3192 3760 16
f 3189
a 3193 720 256
f 2953
a 3194 16112 64
f 3034
a 3195 1344 16
f 3182
a 3196 11280 16
f 3179
a 3197 320 16
f 3180
a 3198 1696 16
f 3058
a 3199 656 16
f 3150
a 3200 1136 16
f 3138
a 3201 4592 256
f 3052
a 3202 1632 64
f 3164
a 3203 10832 16
f 3121
a 3204 624 256
f 3158
a 3205 672 64
f 3203
a 3206 432 256
f 3132
a 3207 57264 64
f 3177
a 3208 32944 64
f 3160
a 3209 45808 16
f 3142
a 3210 32336 256
f 3088
a 3211 7600 64
f 3084
a 3212 5632 256
f 3019
a 3213 15872 64
f 3130
a 3214 6656 256
f 3193
a 3215 29792 16
f 3015
a 3216 768 64
f 3211
a 3217 4656 16
f 3016
a 3218 7552 64
f 3123
a 3219 18832 16
f 3037
a 3220 5168 16
f 3199
a 3221 592 16
f 3181
a 3222 1504 256
f 3195
a 3223 14240 256
f 3140
a 3224 7536 64
f 2898
a 3225 16016 256
f 3187
a 3226 1552 256
f 3154
a 3227 30976 256
f 3068
a 3228 46704 16
f 3011
a 3229 1648 256
f 3169
a 3230 11104 256
f 3022
a 3231 17536 16
f 3047
a 3232 34640 64
f 3131
a 3233 3088 16
f 3197
a 3234 560 16
f 3173
a 3235 784 256
f 3081
a 3236 352 256
f 2921
a 3237 5616 256
f 3237
a 3238 3232 256
f 3225
a 3239 10416 64
f 3018
a 3240 992 256
f 3213
a 3241 8480 256
f 3136
a 3242 43392 64
f 3167
a 3243 7712 256
f 3151
a 3244 496 16
f 3244
a 3245 704 256
f 3217
a 3246 7616 16
f 3162
a 3247 480 64
f 3176
a 3248 20576 16
f 3147
a 3249 3312 16
f 3070
a 3250 4800 16
f 3241
a 3251 31120 64
f 3137
a 3252 25824 64
f 3215
a 3253 448 64
f 3238
a 3254 22496 64
f 3254
a 3255 304 16
f 3214
a 3256 3552 16
f 3216
a 3257 4848 256
f 3168
a 3258 1120 64
f 3251
a 3259 2896 64
f 3253
a 3260 3808 256
f 3069
a 3261 2368 64
f 3260
a 3262 49232 256
f 3259
a 3263 14272 16
f 3207
a 3264 26416 64
f 3236
a 3265 23248 256
f 3257
a 3266 6384 256
f 3126
a 3267 23984 16
f 3218
a 3268 368 64
f 3233
a 3269 448 256
f 3261
a 3270 3664 16
f 3128
a 3271 64672 64
f 3228
a 3272 29632 16
f 3163
a 3273 1648 64
f 3204
a 3274 30832 256
f 3223
a 3275 7168 256
f 2903
a 3276 2032 256
f 3273
a 3277 13824 64
f 3246
a 3278 1456 256
f 3183
a 3279 848 256
f 3192
a 3280 416 16
f 3188
a 3281 19584 64
f 3165
a 3282 64384 64
f 3224
a 3283 10016 16
f 3200
a 3284 32256 16
f 3274
a 3285 7808 16
f 3115
a 3286 13168 16
f 3226
a 3287 35712 256
f 3101
a 3288 4880 64
f 3174
a 3289 400 16
f 3280
a 3290 672 256
f 3148
a 3291 6816 256
f 3220
a 3292 1712 16
f 3266
a 3293 23568 16
f 3028
a 3294 6144 64
f 3278
a 3295 4336 64
f 3262
a 3296 2352 256
f 3209
a 3297 4288 16
f 3264
a 3298 48704 256
f 3297
a 3299 752 16
f 2967
a 3300 2208 64
f 3221
a 3301 704 64
f 3134
a 3302 2224 256
f 3271
a 3303 39648 256
f 3296
a 3304 35616 64
f 3229
a 3305 416 16
f 3265
a 3306 31376 16
f 3286
a 3307 768 16
f 3231
a 3308 1456 256
f 3090
a 3309 63552 64
f 3144
a 3310 22944 256
f 3206
a 3311 6128 256
f 3289
a 3312 23488 64
f 3305
a 3313 32432 256
f 3283
a 3314 1904 64
f 2969
a 3315 7984 256
f 3313
a 3316 1216 64
f 3267
a 3317 496 64
f 3089
a 3318 304 256
f 3281
a 3319 21296 64
f 3117
a 3320 7424 64
f 3139
a 3321 31680 256
f 3094
a 3322 32896 16
f 3222
a 3323 7952 64
f 3210
a 3324 15808 64
f 3320
a 3325 368 64
f 3247
a 3326 21632 16
f 3234
a 3327 33040 64
f 3095
a 3328 960 256
f 3318
a 3329 5520 64
f 3291
a 3330 1024 256
f 3316
a 3331 336 64
f 3243
a 3332 22128 64
f 3240
a 3333 16272 64
f 3329
a 3334 10128 64
f 3170
a 3335 400 64
f 2770
a 3336 11856 16
f 3326
a 3337 6656 64
f 3196
a 3338 16576 256
f 3332
a 3339 2832 256
f 3300
a 3340 12096 64
f 3258
a 3341 8000 64
f 3315
a 3342 960 16
f 3336
a 3343 1936 64
f 3309
a 3344 1520 256
f 3285
a 3345 29216 16
f 3335
a 3346 5968 256
f 3337
a 3347 1904 16
f 3299
a 3348 7104 16
f 3212
a 3349 3296 256
f 3338
a 3350 624 16
f 3270
a 3351 11344 256
f 3004
a 3352 1888 16
f 3293
a 3353 448 16
f 3314
a 3354 8704 64
f 3341
a 3355 3712 256
f 3155
a 3356 720 256
f 3166
a 3357 352 64
f 3252
a 3358 25312 64
f 3323
a 3359 720 64
f 3202
a 3360 1200 64
f 3330
a 3361 464 16
f 3249
a 3362 23296 16
f 3256
a 3363 352 256
f 3340
a 3364 14064 64
f 3287
a 3365 8656 16
f 3268
a 3366 32960 16
f 3066
a 3367 1168 16
f 3184
a 3368 4464 256
f 3357
a 3369 28432 16
f 3352
a 3370 1440 64
f 3367
a 3371 1952 64
f 3146
a 3372 1232 64
f 3208
a 3373 1952 64
f 3294
a 3374 8704 16
f 3301
a 3375 8176 16
f 3356
a 3376 304 256
f 3359
a 3377 12704 16
f 3308
a 3378 20336 256
f 3325
a 3379 7376 256
f 3339
a 3380 1504 256
f 3360
a 3381 496 256
f 3373
a 3382 21632 16
f 3322
a 3383 1248 256
f 3375
a 3384 928 256
f 3063
a 3385 320 16
f 3365
a 3386 2000 256
f 3111
a 3387 13712 256
f 3342
a 3388 3440 16
f 3143
a 3389 1216 16
f 3303
a 3390 46272 16
f 3334
a 3391 2816 64
f 3372
a 3392 304 256
f 3317
a 3393 4016 64
f 3279
a 3394 10384 256
f 3370
a 3395 6592 64
f 3350
a 3396 11232 64
f 3292
a 3397 6976 64
f 3366
a 3398 1008 64
f 3112
a 3399 608 64
f 3349
a 3400 7136 256
f 3227
a 3401 15280 16
f 3232
a 3402 400 16
f 3272
a 3403 52576 64
f 3390
a 3404 62576 256
f 3363
a 3405 14992 64
f 3239
a 3406 5024 16
f 3402
a 3407 42576 256
f 3396
a 3408 400 16
f 3408
a 3409 1824 256
f 3250
a 3410 41728 64
f 3161
a 3411 2848 256
f 3369
a 3412 42848 64
f 3295
a 3413 57744 64
f 3149
a 3414 432 256
f 3353
a 3415 15648 64
f 3397
a 3416 17232 256
f 3235
a 3417 2960 64
f 3384
a 3418 8752 256
f 3377
a 3419 2112 16
f 3417
a 3420 480 256
f 3171
a 3421 1232 256
f 3302
a 3422 3216 64
f 3392
a 3423 10432 64
f 3414
a 3424 26128 256
f 3185
a 3425 16688 16
f 3393
a 3426 25968 16
f 3304
a 3427 54224 16
f 3275
a 3428 7376 64
f 3426
a 3429 36688 16
f 3379
a 3430 1168 64
f 2864
a 3431 1696 64
f 3175
a 3432 432 256
f 3277
a 3433 34896 64
f 3328
a 3434 12560 256
f 3361
a 3435 12784 256
f 3248
a 3436 400 64
f 3364
a 3437 4416 64
f 3407
a 3438 3648 256
f 3347
a 3439 624 256
f 3346
a 3440 5072 16
f 3263
a 3441 336 64
f 3355
a 3442 432 16
f 3432
a 3443 50080 16
f 3380
a 3444 57232 64
f 3152
a 3445 480 256
f 3405
a 3446 3392 64
f 3420
a 3447 17392 256
f 3255
a 3448 1152 64
f 3362
a 3449 28960 64
f 3423
a 3450 2976 16
f 3306
a 3451 928 16
f 3395
a 3452 1072 16
f 3324
a 3453 2880 16
f 3439
a 3454 1264 16
f 3416
a 3455 2784 64
f 3454
a 3456 4880 64
f 3376
a 3457 21296 16
f 3419
a 3458 1984 16
f 3430
a 3459 288 256
f 3290
a 3460 28448 64
f 3354
a 3461 20368 64
f 3425
a 3462 2080 64
f 3205
a 3463 25328 64
f 3401
a 3464 31616 16
f 3288
a 3465 14656 16
f 3427
a 3466 720 64
f 3312
a 3467 50480 16
f 3282
a 3468 752 64
f 3029
a 3469 60144 256
f 3434
a 3470 13008 16
f 3445
a 3471 2160 16
f 3284
a 3472 3536 16
f 3310
a 3473 3456 256
f 3428
a 3474 1376 64
f 3435
a 3475 400 64
f 3333
a 3476 47104 256
f 3331
a 3477 22160 256
f 3386
a 3478 5936 256
f 3443
a 3479 40352 64
f 3344
a 3480 4832 64
f 3040
a 3481 15456 16
f 3351
a 3482 288 64
f 3431
a 3483 416 16
f 3374
a 3484 1200 64
f 3480
a 3485 336 256
f 3343
a 3486 11760 64
f 3463
a 3487 1056 16
f 3190
a 3488 49952 64
f 3153
a 3489 720 16
f 3440
a 3490 560 256
f 3201
a 3491 8496 64
f 3385
a 3492 2816 256
f 3219
a 3493 11504 64
f 3465
a 3494 928 16
f 3358
a 3495 13120 16
f 3464
a 3496 2896 16
f 3311
a 3497 288 16
f 3230
a 3498 16832 64
f 3371
a 3499 928 256
f 3429
a 3500 928 16
f 3468
a 3501 336 16
f 3484
a 3502 51360 16
f 3491
a 3503 1840 64
f 3194
a 3504 816 256
f 3410
a 3505 21408 256
f 3438
a 3506 5888 16
f 3462
a 3507 688 16
f 3483
a 3508 336 256
f 3497
a 3509 22576 64
f 3495
a 3510 1888 256
f 3499
a 3511 45872 256
f 3242
a 3512 2048 64
f 3482
a 3513 20368 64
f 3473
a 3514 2944 16
f 3513
a 3515 20128 16
f 3198
a 3516 560 16
f 3388
a 3517 8352 256
f 3512
a 3518 8128 16
f 3516
a 3519 35760 16
f 3178
a 3520 576 256
f 3383
a 3521 2736 256
f 3327
a 3522 688 16
f 3514
a 3523 2640 256
f 3378
a 3524 480 64
f 3422
a 3525 31312 256
f 3494
a 3526 15248 256
f 3458
a 3527 30992 16
f 3368
a 3528 496 64
f 2861
a 3529 1632 64
f 3466
a 3530 35840 64
f 3470
a 3531 1312 256
f 3455
a 3532 38144 64
f 3490
a 3533 368 256
f 3403
a 3534 3376 16
f 3269
a 3535 4912 256
f 3489
a 3536 2592 256
f 3382
a 3537 3312 64
f 3411
a 3538 768 256
f 3500
a 3539 1024 256
f 3459
a 3540 304 64
f 3535
a 3541 4576 256
f 3453
a 3542 2112 64
f 3522
a 3543 1184 64
f 3536
a 3544 5408 64
f 3451
a 3545 608 256
f 3528
a 3546 31440 64
f 3511
a 3547 3728 256
f 3486
a 3548 4848 64
f 3399
a 3549 1824 256
f 3113
a 3550 3264 256
f 3527
a 3551 49920 256
f 3421
a 3552 320 64
f 3501
a 3553 7680 16
f 3319
a 3554 1440 256
f 3523
a 3555 21888 256
f 3406
a 3556 496 64
f 3545
a 3557 37200 64
f 3412
a 3558 7760 64
f 3476
a 3559 39808 64
f 3424
a 3560 3552 16
f 3555
a 3561 1968 256
f 3433
a 3562 2112 16
f 3400
a 3563 41408 16
f 3530
a 3564 5472 256
f 3496
a 3565 3888 16
f 3563
a 3566 912 64
f 3505
a 3567 58832 64
f 3538
a 3568 21344 64
f 3520
a 3569 44144 256
f 3531
a 3570 4576 256
f 3546
a 3571 16128 256
f 3553
a 3572 11856 64
f 3345
a 3573 13744 64
f 3418
a 3574 736 256
f 3498
a 3575 8208 16
f 3521
a 3576 2368 16
f 3391
a 3577 2320 16
f 3537
a 3578 19392 64
f 3566
a 3579 61152 64
f 3548
a 3580 13584 256
f 3394
a 3581 2384 64
f 3572
a 3582 1616 256
f 3549
a 3583 10224 64
f 3488
a 3584 20496 64
f 3477
a 3585 816 256
f 3474
a 3586 1712 256
f 3586
a 3587 7584 256
f 3579
a 3588 3648 64
f 3469
a 3589 42656 256
f 3529
a 3590 31472 64
f 3487
a 3591 1008 64
f 3589
a 3592 1168 256
f 3298
a 3593 1296 16
f 3578
a 3594 3120 256
f 3519
a 3595 1840 16
f 3559
a 3596 432 64
f 3587
a 3597 1712 64
f 3447
a 3598 50352 16
f 3571
a 3599 5344 256
c step-3500
f 3533
a 3600 1792 64
f 3593
a 3601 1984 256
f 3387
a 3602 21312 256
f 3442
a 3603 448 64
f 3551
a 3604 576 256
f 3558
a 3605 59680 256
f 3518
a 3606 25968 64
f 3525
a 3607 464 64
f 3599
a 3608 23408 256
f 3475
a 3609 47712 16
f 3607
a 3610 2816 256
f 3452
a 3611 10320 16
f 3509
a 3612 1344 64
f 3508
a 3613 17520 64
f 3504
a 3614 1072 256
f 3441
a 3615 7056 16
f 3493
a 3616 5072 16
f 3245
a 3617 5936 64
f 3564
a 3618 576 16
f 3503
a 3619 40240 64
f 3389
a 3620 320 16
f 3604
a 3621 2752 256
f 3321
a 3622 944 64
f 3595
a 3623 5936 256
f 3610
a 3624 48048 64
f 3409
a 3625 912 256
f 3532
a 3626 7888 16
f 3507
a 3627 336 256
f 3569
a 3628 752 64
f 3583
a 3629 10896 64
f 3624
a 3630 62416 64
f 3626
a 3631 3776 16
f 3609
a 3632 57248 64
f 3471
a 3633 3152 16
f 3517
a 3634 1888 16
f 3628
a 3635 624 16
f 3611
a 3636 45520 64
f 3617
a 3637 2832 64
f 3479
a 3638 15072 64
f 3618
a 3639 31200 256
f 3444
a 3640 6176 64
f 3413
a 3641 544 64
f 3573
a 3642 56224 256
f 3613
a 3643 7648 16
f 3580
a 3644 15088 256
f 3581
a 3645 27632 16
f 3565
a 3646 320 64
f 3556
a 3647 3824 64
f 3448
a 3648 432 16
f 3478
a 3649 416 64
f 3472
a 3650 12048 256
f 3276
a 3651 6336 256
f 3560
a 3652 7728 64
f 3636
a 3653 26112 16
f 3623
a 3654 27904 64
f 3622
a 3655 272 256
f 3614
a 3656 41136 64
f 3639
a 3657 1056 64
f 3616
a 3658 1488 64
f 3641
a 3659 12160 16
f 3552
a 3660 3232 16
f 3643
a 3661 896 256
f 3647
a 3662 1232 256
f 3656
a 3663 576 64
f 3561
a 3664 37808 16
f 3570
a 3665 24768 256
f 3550
a 3666 6224 16
f 3608
a 3667 26064 16
f 3646
a 3668 416 64
f 3598
a 3669 19040 16
f 3515
a 3670 3600 16
f 3575
a 3671 13680 16
f 3654
a 3672 10048 16
f 3592
a 3673 2064 16
f 3576
a 3674 18448 16
f 3449
a 3675 736 16
f 3510
a 3676 5088 64
f 3637
a 3677 3312 16
f 3543
a 3678 464 16
f 3640
a 3679 13184 64
f 3457
a 3680 1472 16
f 3600
a 3681 4864 16
f 3562
a 3682 368 16
f 3655
a 3683 1984 256
f 3665
a 3684 1024 16
f 3541
a 3685 368 16
f 3657
a 3686 896 256
f 3547
a 3687 25968 64
f 3658
a 3688 3776 256
f 3681
a 3689 688 16
f 3590
a 3690 2576 256
f 3644
a 3691 4192 16
f 3602
a 3692 3792 64
f 3686
a 3693 1376 64
f 3492
a 3694 7712 16
f 3629
a 3695 27552 16
f 3436
a 3696 27936 64
f 3691
a 3697 352 64
f 3666
a 3698 608 64
f 3540
a 3699 12432 16
f 3651
a 3700 56672 16
f 3615
a 3701 55808 256
f 3627
a 3702 1024 256
f 3660
a 3703 43984 64
f 3635
a 3704 5856 16
f 3584
a 3705 9216 64
f 3702
a 3706 10784 16
f 3706
a 3707 672 256
f 3649
a 3708 2784 256
f 3634
a 3709 10896 64
f 3685
a 3710 1424 64
f 3446
a 3711 320 16
f 3633
a 3712 1664 256
f 3650
a 3713 19776 16
f 3675
a 3714 10272 256
f 3670
a 3715 1424 16
f 3307
a 3716 1136 16
f 3554
a 3717 480 256
f 3404
a 3718 1104 256
f 3632
a 3719 10784 16
f 3715
a 3720 2576 256
f 3456
a 3721 352 16
f 3694
a 3722 5216 64
f 3705
a 3723 320 64
f 3568
a 3724 896 256
f 3672
a 3725 6352 256
f 3437
a 3726 2656 256
f 3662
a 3727 20256 16
f 3603
a 3728 9616 16
f 3582
a 3729 45296 256
f 3669
a 3730 3536 16
f 3661
a 3731 60656 16
f 3621
a 3732 3584 256
f 3588
a 3733 35024 64
f 3652
a 3734 384 256
f 3733
a 3735 384 64
f 3698
a 3736 57328 16
f 3526
a 3737 2080 256
f 3601
a 3738 16064 64
f 3720
a 3739 1648 64
f 3674
a 3740 3584 64
f 3730
a 3741 2896 64
f 3695
a 3742 9536 16
f 3667
a 3743 2752 64
f 3712
a 3744 41888 16
f 3544
a 3745 1344 64
f 3741
a 3746 384 64
f 3737
a 3747 2016 256
f 3542
a 3748 1664 64
f 3696
a 3749 14912 16
f 3738
a 3750 43152 64
f 3460
a 3751 672 256
f 3690
a 3752 24544 256
f 3716
a 3753 8928 256
f 3743
a 3754 30112 256
f 3713
a 3755 288 256
f 3524
a 3756 16800 256
f 3630
a 3757 3808 256
f 3709
a 3758 768 16
f 3693
a 3759 6096 64
f 3186
a 3760 1600 16
f 3506
a 3761 12304 64
f 3747
a 3762 5280 16
f 3348
a 3763 1136 64
f 3606
a 3764 39920 256
f 3678
a 3765 464 256
f 3684
a 3766 1520 16
f 3731
a 3767 496 256
f 3742
a 3768 1296 256
f 3481
a 3769 1600 16
f 3727
a 3770 1680 64
f 3722
a 3771 704 16
f 3567
a 3772 496 256
f 3758
a 3773 50464 64
f 3682
a 3774 19456 256
f 3701
a 3775 272 64
f 3755
a 3776 560 16
f 3746
a 3777 480 64
f 3648
a 3778 896 64
f 3775
a 3779 480 16
f 3736
a 3780 400 256
f 3664
a 3781 52080 16
f 3754
a 3782 3440 64
f 3769
a 3783 1616 64
f 3485
a 3784 496 64
f 3766
a 3785 3648 16
f 3642
a 3786 8032 64
f 3461
a 3787 61552 256
f 3679
a 3788 512 256
f 3708
a 3789 1584 16
f 3450
a 3790 864 64
f 3774
a 3791 3600 256
f 3764
a 3792 2336 16
f 3745
a 3793 9776 64
f 3728
a 3794 49568 256
f 3574
a 3795 15456 256
f 3748
a 3796 46736 16
f 3585
a 3797 41424 64
f 3765
a 3798 9424 16
f 3625
a 3799 512 16
f 3673
a 3800 912 256
f 3718
a 3801 736 256
f 3467
a 3802 7808 16
f 3788
a 3803 63808 16
f 3759
a 3804 20368 16
f 3729
a 3805 368 256
f 3785
a 3806 880 64
f 3415
a 3807 2928 256
f 3398
a 3808 1920 256
f 3794
a 3809 512 16
f 3751
a 3810 1840 256
f 3744
a 3811 1552 64
f 3752
a 3812 5184 256
f 3688
a 3813 58400 256
f 3777
a 3814 42736 256
f 3502
a 3815 46592 16
f 3802
a 3816 24240 64
f 3789
a 3817 1664 16
f 3772
a 3818 5152 64
f 3793
a 3819 7600 64
f 3740
a 3820 1968 256
f 3692
a 3821 60512 256
f 3787
a 3822 12480 16
f 3813
a 3823 912 64
f 3381
a 3824 2768 256
f 3768
a 3825 7808 64
f 3739
a 3826 34720 256
f 3749
a 3827 992 256
f 3803
a 3828 4688 16
f 3653
a 3829 47616 64
f 3594
a 3830 464 16
f 3830
a 3831 2368 64
f 3619
a 3832 24976 256
f 3750
a 3833 3936 256
f 3767
a 3834 1216 16
f 3778
a 3835 416 256
f 3835
a 3836 784 256
f 3703
a 3837 25696 64
f 3836
a 3838 4592 256
f 3837
a 3839 928 64
f 3779
a 3840 2736 256
f 3784
a 3841 448 16
f 3761
a 3842 22704 256
f 3760
a 3843 656 16
f 3828
a 3844 5312 64
f 3683
a 3845 42560 16
f 3808
a 3846 832 256
f 3699
a 3847 5040 16
f 3841
a 3848 9216 64
f 3725
a 3849 5216 256
f 3826
a 3850 53584 64
f 3710
a 3851 1392 64
f 3795
a 3852 45024 256
f 3823
a 3853 7120 16
f 3771
a 3854 1440 16
f 3577
a 3855 1936 16
f 3707
a 3856 18208 256
f 3806
a 3857 5888 64
f 3697
a 3858 1344 256
f 3704
a 3859 7296 64
f 3849
a 3860 1776 16
f 3700
a 3861 5840 16
f 3839
a 3862 19792 256
f 3773
a 3863 1904 16
f 3824
a 3864 45408 16
f 3781
a 3865 3760 64
f 3799
a 3866 57088 16
f 3596
a 3867 400 256
f 3663
a 3868 44752 64
f 3732
a 3869 320 64
f 3834
a 3870 6144 256
f 3776
a 3871 4400 64
f 3817
a 3872 1840 256
f 3668
a 3873 2224 64
f 3763
a 3874 7232 64
f 3867
a 3875 6944 16
f 3612
a 3876 13840 64
f 3782
a 3877 752 64
f 3859
a 3878 304 16
f 3719
a 3879 704 256
f 3873
a 3880 1248 64
f 3597
a 3881 12368 256
f 3631
a 3882 2912 64
f 3827
a 3883 15712 256
f 3848
a 3884 8080 16
f 3797
a 3885 63696 64
f 3868
a 3886 38624 64
f 3809
a 3887 4032 64
f 3790
a 3888 1216 64
f 3858
a 3889 384 16
f 3852
a 3890 432 16
f 3845
a 3891 464 64
f 3770
a 3892 1936 16
f 3591
a 3893 8096 256
f 3783
a 3894 39824 64
f 3810
a 3895 2272 16
f 3846
a 3896 368 256
f 3539
a 3897 14416 256
f 3659
a 3898 1856 16
f 3838
a 3899 1408 64
f 3869
a 3900 10240 16
f 3735
a 3901 1968 256
f 3804
a 3902 464 256
f 3757
a 3903 320 64
f 3875
a 3904 24352 256
f 3724
a 3905 896 16
f 3832
a 3906 3168 256
f 3840
a 3907 15760 64
f 3680
a 3908 880 64
f 3822
a 3909 320 16
f 3815
a 3910 2608 16
f 3884
a 3911 11200 256
f 3907
a 3912 4464 256
f 3818
a 3913 1232 16
f 3906
a 3914 22256 16
f 3908
a 3915 6960 64
f 3816
a 3916 2656 16
f 3885
a 3917 55104 256
f 3796
a 3918 720 16
f 3753
a 3919 1616 16
f 3792
a 3920 24816 16
f 3689
a 3921 960 64
f 3605
a 3922 15488 16
f 3887
a 3923 576 256
f 3734
a 3924 60624 256
f 3831
a 3925 928 256
f 3910
a 3926 35216 256
f 3921
a 3927 2080 64
f 3786
a 3928 29008 16
f 3914
a 3929 384 64
f 3762
a 3930 28304 256
f 3900
a 3931 1168 16
f 3865
a 3932 704 256
f 3814
a 3933 464 64
f 3856
a 3934 496 256
f 3821
a 3935 1232 64
f 3878
a 3936 20176 64
f 3833
a 3937 6992 64
f 3918
a 3938 6064 16
f 3711
a 3939 13456 16
f 3844
a 3940 272 64
f 3862
a 3941 50368 16
f 3902
a 3942 9104 16
f 3888
a 3943 48800 256
f 3898
a 3944 5440 64
f 3872
a 3945 736 64
f 3843
a 3946 23728 64
f 3882
a 3947 41120 64
f 3889
a 3948 1504 64
f 3863
a 3949 1504 16
f 3676
a 3950 304 16
f 3924
a 3951 400 64
f 3850
a 3952 640 16
f 3851
a 3953 720 16
f 3861
a 3954 8688 64
f 3937
a 3955 592 64
f 3909
a 3956 736 256
f 3923
a 3957 3760 256
f 3931
a 3958 6240 256
f 3855
a 3959 11984 256
f 3870
a 3960 35888 16
f 3940
a 3961 800 64
f 3954
a 3962 656 64
f 3874
a 3963 432 256
f 3949
a 3964 23232 64
f 3950
a 3965 464 16
f 3723
a 3966 272 64
f 3960
a 3967 10208 16
f 3820
a 3968 9488 256
f 3811
a 3969 512 64
f 3847
a 3970 31504 256
f 3926
a 3971 9376 16
f 3911
a 3972 2080 256
f 3933
a 3973 464 256
f 3726
a 3974 32144 256
f 3959
a 3975 1568 16
f 3938
a 3976 672 16
f 3687
a 3977 3344 16
f 3677
a 3978 2032 16
f 3857
a 3979 22112 64
f 3966
a 3980 7840 64
f 3881
a 3981 27328 16
f 3975
a 3982 1440 16
f 3899
a 3983 2912 64
f 3977
a 3984 352 16
f 3948
a 3985 10064 256
f 3842
a 3986 1376 16
f 3971
a 3987 576 64
f 3922
a 3988 1264 256
f 3970
a 3989 3856 64
f 3958
a 3990 1088 16
f 3893
a 3991 976 256
f 3901
a 3992 15424 64
f 3883
a 3993 9216 64
f 3892
a 3994 480 16
f 3944
a 3995 12800 64
f 3807
a 3996 560 16
f 3987
a 3997 23712 16
f 3943
a 3998 3424 256
f 3717
a 3999 1696 16
f 3961
a 4000 23312 64
f 3976
a 4001 688 16
f 3980
a 4002 2496 64
f 3997
a 4003 54384 16
f 3853
a 4004 4608 64
f 3620
a 4005 16432 16
f 3825
a 4006 304 16
f 3945
a 4007 9648 64
f 3866
a 4008 3248 256
f 4001
a 4009 37824 256
f 3927
a 4010 29456 256
f 3756
a 4011 58656 256
f 3864
a 4012 3456 256
f 3946
a 4013 1552 16
f 3871
a 4014 14624 16
f 3939
a 4015 2464 64
f 3915
a 4016 4880 16
f 3876
a 4017 42416 256
f 3986
a 4018 17312 16
f 3965
a 4019 912 64
f 3819
a 4020 3488 16
f 3894
a 4021 1440 16
f 3928
a 4022 1792 16
f 3854
a 4023 608 16
f 3903
a 4024 1920 256
f 3801
a 4025 448 16
f 4022
a 4026 49552 16
f 3972
a 4027 496 16
f 4013
a 4028 432 256
f 3798
a 4029 22512 256
f 4005
a 4030 1376 64
f 3891
a 4031 752 16
f 3780
a 4032 6592 256
f 4011
a 4033 3808 256
f 3916
a 4034 24080 64
f 3671
a 4035 272 256
f 4031
a 4036 576 16
f 4014
a 4037 3184 16
f 4019
a 4038 1712 64
f 4021
a 4039 2000 256
f 4030
a 4040 27760 256
f 3992
a 4041 656 64
f 3947
a 4042 2832 256
f 3978
a 4043 3952 16
f 4026
a 4044 1056 16
f 3557
a 4045 12448 64
f 3979
a 4046 51808 16
f 3934
a 4047 11536 256
f 3994
a 4048 24608 16
f 4006
a 4049 14880 64
f 3964
a 4050 22032 256
f 3879
a 4051 2112 256
f 3714
a 4052 304 64
f 3935
a 4053 704 16
f 3995
a 4054 15744 64
f 4048
a 4055 304 64
f 4015
a 4056 848 16
f 3962
a 4057 6368 256
f 4036
a 4058 50176 64
f 4047
a 4059 64880 256
f 3800
a 4060 1840 256
f 3991
a 4061 1088 256
f 4051
a 4062 496 256
f 3990
a 4063 3616 256
f 3993
a 4064 480 256
f 3895
a 4065 448 16
f 3967
a 4066 512 16
f 3941
a 4067 1008 16
f 3983
a 4068 57456 64
f 3645
a 4069 784 256
f 3877
a 4070 384 256
f 3942
a 4071 2032 64
f 4071
a 4072 7392 256
f 3880
a 4073 15312 64
f 3951
a 4074 63808 256
f 4052
a 4075 4720 256
f 3920
a 4076 12576 64
f 4046
a 4077 1152 256
f 4060
a 4078 29712 256
f 3985
a 4079 1440 16
f 3721
a 4080 27408 16
f 4066
a 4081 24704 256
f 4018
a 4082 15376 16
f 4007
a 4083 352 16
f 3638
a 4084 6512 16
f 4017
a 4085 56944 256
f 4002
a 4086 19776 16
f 4033
a 4087 720 256
f 3812
a 4088 3712 256
f 4053
a 4089 1888 256
f 4083
a 4090 17360 64
f 4070
a 4091 16080 64
f 4044
a 4092 400 64
f 3534
a 4093 816 64
f 4034
a 4094 2400 16
f 4074
a 4095 19232 256
f 4035
a 4096 40576 64
f 3912
a 4097 1504 16
f 4042
a 4098 1376 64
f 3988
a 4099 2608 64
c step-4000
f 3805
a 4100 29280 64
f 4097
a 4101 480 16
f 3936
a 4102 2896 16
f 3930
a 4103 3296 16
f 4045
a 4104 13200 64
f 3969
a 4105 272 256
f 3886
a 4106 10432 16
f 4104
a 4107 1008 256
f 3932
a 4108 3456 256
f 4075
a 4109 528 64
f 4106
a 4110 928 64
f 4040
a 4111 704 64
f 3896
a 4112 62480 16
f 3996
a 4113 41392 16
f 4020
a 4114 912 16
f 4091
a 4115 4176 256
f 4038
a 4116 17280 64
f 4050
a 4117 1264 16
f 4107
a 4118 1952 64
f 3904
a 4119 480 64
f 4067
a 4120 2656 256
f 3973
a 4121 1856 16
f 3981
a 4122 58832 256
f 4043
a 4123 592 64
f 4041
a 4124 1328 256
f 4113
a 4125 3616 64
f 3955
a 4126 4048 16
f 4110
a 4127 304 256
f 4023
a 4128 2144 64
f 4115
a 4129 44080 256
f 4010
a 4130 624 16
f 4108
a 4131 992 16
f 4076
a 4132 736 64
f 3982
a 4133 37024 64
f 4120
a 4134 2944 256
f 4056
a 4135 4176 256
f 4095
a 4136 4816 256
f 4131
a 4137 2192 64
f 4101
a 4138 21136 16
f 4004
a 4139 2032 256
f 4138
a 4140 1136 16
f 4032
a 4141 3328 64
f 4092
a 4142 17696 64
f 4118
a 4143 2944 16
f 4029
a 4144 22240 16
f 4061
a 4145 7504 16
f 4105
a 4146 1728 16
f 4094
a 4147 12224 64
f 4087
a 4148 7200 16
f 4140
a 4149 32320 256
f 4099
a 4150 688 256
f 3905
a 4151 1072 256
f 3999
a 4152 15536 64
f 4072
a 4153 960 64
f 4112
a 4154 4896 16
f 4133
a 4155 3552 256
f 3956
a 4156 4816 256
f 3897
a 4157 336 256
f 4144
a 4158 42432 64
f 4027
a 4159 1808 256
f 3963
a 4160 464 256
f 3953
a 4161 288 256
f 4130
a 4162 576 256
f 4143
a 4163 2960 256
f 4151
a 4164 8224 64
f 4063
a 4165 12688 256
f 4135
a 4166 11728 256
f 4124
a 4167 400 64
f 4016
a 4168 5120 256
f 4054
a 4169 12832 64
f 4082
a 4170 2704 64
f 4142
a 4171 3104 256
f 4157
a 4172 32352 16
f 4078
a 4173 560 256
f 3957
a 4174 288 16
f 3890
a 4175 496 16
f 3917
a 4176 29904 16
f 4009
a 4177 512 256
f 4125
a 4178 1872 64
f 3989
a 4179 480 16
f 4064
a 4180 2992 64
f 4166
a 4181 7968 64
f 4059
a 4182 2384 16
f 4178
a 4183 320 64
f 3998
a 4184 3520 256
f 4098
a 4185 3872 64
f 4093
a 4186 46256 64
f 4008
a 4187 11456 256
f 4149
a 4188 1264 256
f 3829
a 4189 5088 16
f 4170
a 4190 23920 256
f 4179
a 4191 10336 256
f 4183
a 4192 976 256
f 4150
a 4193 45312 16
f 4084
a 4194 2832 16
f 4171
a 4195 7040 16
f 3913
a 4196 2864 256
f 4169
a 4197 384 64
f 4197
a 4198 3360 64
f 4037
a 4199 4320 256
f 4055
a 4200 7248 256
f 4069
a 4201 41184 16
f 4195
a 4202 7184 256
f 4148
a 4203 16208 256
f 4121
a 4204 9296 256
f 3860
a 4205 5008 16
f 4189
a 4206 52288 16
f 4088
a 4207 27472 64
f 4132
a 4208 14256 64
f 4185
a 4209 7776 64
f 3925
a 4210 3632 64
f 4175
a 4211 3344 256
f 4123
a 4212 3936 16
f 4003
a 4213 10688 256
f 4028
a 4214 30352 16
f 4205
a 4215 29616 16
f 4161
a 4216 46880 256
f 4117
a 4217 1024 16
f 4080
a 4218 31856 64
f 4173
a 4219 4432 64
f 4025
a 4220 1488 256
f 4000
a 4221 1936 64
f 4065
a 4222 336 256
f 4214
a 4223 3408 64
f 4219
a 4224 816 256
f 4215
a 4225 8784 16
f 4203
a 4226 38912 16
f 4119
a 4227 992 64
f 3984
a 4228 1136 64
f 4114
a 4229 464 256
f 4224
a 4230 544 256
f 4198
a 4231 656 64
f 4116
a 4232 272 16
f 4163
a 4233 832 256
f 4145
a 4234 41104 256
f 4168
a 4235 3904 256
f 4057
a 4236 24560 16
f 4232
a 4237 848 16
f 4156
a 4238 23312 256
f 4141
a 4239 41504 16
f 4153
a 4240 7328 16
f 4202
a 4241 19152 16
f 4201
a 4242 304 256
f 4227
a 4243 56608 64
f 4155
a 4244 2848 64
f 4239
a 4245 13840 64
f 4164
a 4246 864 256
f 4210
a 4247 784 64
f 4204
a 4248 1456 64
f 4146
a 4249 11472 256
f 4109
a 4250 976 256
f 4128
a 4251 24576 16
f 4184
a 4252 20496 16
f 4191
a 4253 784 256
f 3968
a 4254 3744 64
f 4103
a 4255 40944 64
f 4192
a 4256 39104 16
f 4085
a 4257 29648 256
f 4222
a 4258 560 16
f 4249
a 4259 384 16
f 3919
a 4260 40128 256
f 4147
a 4261 5184 64
f 4231
a 4262 14592 256
f 4259
a 4263 3536 16
f 4073
a 4264 7440 64
f 4218
a 4265 1616 16
f 4137
a 4266 7920 64
f 4238
a 4267 10800 256
f 4234
a 4268 2112 16
f 4268
a 4269 6848 16
f 4240
a 4270 336 256
f 4265
a 4271 21408 64
f 4264
a 4272 2544 256
f 4181
a 4273 448 64
f 4228
a 4274 1984 64
f 4127
a 4275 688 64
f 4253
a 4276 60752 64
f 4258
a 4277 1472 16
f 4267
a 4278 22368 256
f 4229
a 4279 61584 256
f 4277
a 4280 1152 256
f 4172
a 4281 41552 64
f 4208
a 4282 736 256
f 4275
a 4283 9008 64
f 4254
a 4284 448 16
f 4213
a 4285 976 16
f 4212
a 4286 20288 256
f 4281
a 4287 23504 256
f 4049
a 4288 4848 256
f 4111
a 4289 688 64
f 4285
a 4290 27888 256
f 4152
a 4291 8096 64
f 4176
a 4292 432 64
f 4287
a 4293 5744 64
f 4292
a 4294 368 64
f 4289
a 4295 40752 64
f 4167
a 4296 1072 16
f 4139
a 4297 4384 64
f 4221
a 4298 6176 256
f 4263
a 4299 27904 64
f 4273
a 4300 3344 64
f 4257
a 4301 6544 256
f 4270
a 4302 560 256
f 4235
a 4303 928 64
f 4209
a 4304 8240 256
f 4260
a 4305 10448 256
f 4079
a 4306 1296 16
f 4297
a 4307 43728 256
f 4102
a 4308 27488 16
f 4126
a 4309 1936 64
f 4304
a 4310 4048 256
f 4077
a 4311 896 256
f 4274
a 4312 40448 16
f 4217
a 4313 880 64
f 4306
a 4314 8864 16
f 4252
a 4315 14496 256
f 4246
a 4316 61056 64
f 4261
a 4317 816 256
f 4290
a 4318 15296 16
f 4266
a 4319 30080 256
f 4307
a 4320 4000 64
f 4243
a 4321 8144 64
f 4298
a 4322 1488 64
f 4180
a 4323 57712 16
f 4165
a 4324 15056 16
f 4286
a 4325 21648 256
f 4312
a 4326 2512 256
f 4211
a 4327 30192 64
f 4196
a 4328 3264 64
f 4250
a 4329 19488 64
f 4320
a 4330 560 256
f 4326
a 4331 688 64
f 3952
a 4332 13136 64
f 4328
a 4333 15040 16
f 4248
a 4334 304 16
f 4300
a 4335 46768 64
f 4295
a 4336 63648 64
f 4187
a 4337 52704 256
f 4294
a 4338 2160 64
f 4284
a 4339 6880 16
f 4162
a 4340 11728 64
f 4134
a 4341 1152 256
f 4190
a 4342 4448 16
f 4269
a 4343 19504 256
f 4336
a 4344 28736 256
f 4244
a 4345 10928 256
f 4345
a 4346 416 16
f 4062
a 4347 6256 256
f 4317
a 4348 1536 256
f 4340
a 4349 45136 256
f 4318
a 4350 5136 64
f 4280
a 4351 2736 64
f 4331
a 4352 18240 16
f 4207
a 4353 22976 16
f 4245
a 4354 20192 64
f 4305
a 4355 480 64
f 3791
a 4356 16864 256
f 4188
a 4357 3920 64
f 4302
a 4358 704 16
f 4346
a 4359 7376 16
f 4199
a 4360 288 64
f 4241
a 4361 1408 64
f 4330
a 4362 9536 64
f 4341
a 4363 4000 64
f 4319
a 4364 14576 256
f 4159
a 4365 2096 256
f 4058
a 4366 2816 16
f 4349
a 4367 3184 64
f 4177
a 4368 14192 16
f 4335
a 4369 1152 256
f 4355
a 4370 56000 256
f 4129
a 4371 2496 256
f 4193
a 4372 4592 256
f 4194
a 4373 288 64
f 4301
a 4374 736 64
f 4247
a 4375 3264 256
f 4367
a 4376 2016 16
f 4291
a 4377 19808 16
f 4206
a 4378 39072 16
f 4357
a 4379 7984 256
f 4371
a 4380 1088 16
f 4322
a 4381 912 16
f 4324
a 4382 432 16
f 4039
a 4383 464 64
f 4354
a 4384 6000 16
f 4323
a 4385 48768 256
f 4081
a 4386 432 256
f 4321
a 4387 23696 256
f 4186
a 4388 1936 16
f 4288
a 4389 11984 256
f 4223
a 4390 32448 64
f 4251
a 4391 42336 64
f 4379
a 4392 544 256
f 4391
a 4393 9648 64
f 4337
a 4394 16464 64
f 4311
a 4395 54784 256
f 4200
a 4396 912 256
f 4225
a 4397 7904 256
f 4089
a 4398 13696 16
f 4390
a 4399 800 256
f 4303
a 4400 1232 16
f 4384
a 4401 19664 16
f 4255
a 4402 400 64
f 4308
a 4403 12736 16
f 4362
a 4404 432 256
f 4237
a 4405 1280 64
f 4090
a 4406 37648 64
f 4283
a 4407 30688 64
f 4387
a 4408 10896 256
f 4122
a 4409 2544 256
f 4262
a 4410 6608 256
f 4233
a 4411 1696 16
f 4136
a 4412 8896 16
f 4399
a 4413 592 16
f 4350
a 4414 352 16
f 4276
a 4415 6640 64
f 4271
a 4416 20064 16
f 4364
a 4417 1136 16
f 4154
a 4418 19616 64
f 4382
a 4419 27328 64
f 4393
a 4420 1168 256
f 4411
a 4421 3504 256
f 4174
a 4422 14352 64
f 4272
a 4423 368 256
f 4096
a 4424 816 256
f 4256
a 4425 320 16
f 4363
a 4426 864 64
f 4351
a 4427 2032 64
f 4299
a 4428 384 16
f 4426
a 4429 51472 256
f 4359
a 4430 17856 256
f 4236
a 4431 6656 256
f 4310
a 4432 880 64
f 4388
a 4433 18448 64
f 4409
a 4434 496 16
f 4392
a 4435 1696 64
f 4358
a 4436 432 16
f 4430
a 4437 832 16
f 4422
a 4438 592 64
f 4383
a 4439 960 64
f 4278
a 4440 928 256
f 4369
a 4441 5920 64
f 4428
a 4442 3872 64
f 4413
a 4443 61264 16
f 4438
a 4444 57264 256
f 4432
a 4445 880 64
f 4316
a 4446 2352 256
f 4436
a 4447 54832 256
f 4361
a 4448 1584 256
f 4375
a 4449 7088 16
f 4327
a 4450 59104 16
f 4356
a 4451 6672 64
f 4429
a 4452 1456 16
f 4410
a 4453 14864 64
f 4439
a 4454 480 16
f 4396
a 4455 880 16
f 4282
a 4456 27632 64
f 4405
a 4457 1920 64
f 3929
a 4458 2624 16
f 4374
a 4459 32832 256
f 4431
a 4460 12816 64
f 4437
a 4461 2096 64
f 4296
a 4462 432 64
f 4449
a 4463 13728 64
f 4333
a 4464 3872 16
f 4314
a 4465 816 256
f 4400
a 4466 9344 64
f 4368
a 4467 20608 64
f 4024
a 4468 2656 64
f 4459
a 4469 3552 16
f 4230
a 4470 3504 64
f 3974
a 4471 31472 64
f 4415
a 4472 2080 64
f 4414
a 4473 3408 64
f 4158
a 4474 2624 256
f 4242
a 4475 5776 256
f 4442
a 4476 2112 256
f 4347
a 4477 47296 256
f 4348
a 4478 4976 256
f 4467
a 4479 496 16
f 4373
a 4480 4960 16
f 4216
a 4481 9600 256
f 4435
a 4482 560 256
f 4100
a 4483 1184 256
f 4360
a 4484 816 16
f 4339
a 4485 448 16
f 4381
a 4486 480 256
f 4473
a 4487 1744 16
f 4462
a 4488 1984 16
f 4454
a 4489 29152 256
f 4398
a 4490 560 256
f 4226
a 4491 880 256
f 4419
a 4492 44288 256
f 4445
a 4493 37024 16
f 4455
a 4494 3168 64
f 4389
a 4495 1872 16
f 4309
a 4496 480 256
f 4385
a 4497 4576 256
f 4160
a 4498 3520 256
f 4486
a 4499 34288 16
f 4488
a 4500 6032 16
f 4490
a 4501 2064 256
f 4343
a 4502 320 64
f 4469
a 4503 2592 16
f 4492
a 4504 24656 256
f 4443
a 4505 7696 256
f 4504
a 4506 14160 16
f 4329
a 4507 15392 64
f 4507
a 4508 10128 16
f 4483
a 4509 7824 16
f 4380
a 4510 832 64
f 4451
a 4511 2768 64
f 4458
a 4512 14608 256
f 4370
a 4513 10848 64
f 4480
a 4514 37840 256
f 4448
a 4515 14592 64
f 4447
a 4516 41136 16
f 4344
a 4517 464 64
f 4412
a 4518 49984 256
f 4463
a 4519 6048 64
f 4424
a 4520 288 256
f 4489
a 4521 272 64
f 4512
a 4522 41296 256
f 4519
a 4523 1392 16
f 4491
a 4524 368 256
f 4366
a 4525 608 16
f 4408
a 4526 3920 64
f 4511
a 4527 7008 16
f 4464
a 4528 23888 16
f 4338
a 4529 31856 256
f 4332
a 4530 37072 16
f 4468
a 4531 62960 256
f 4377
a 4532 1536 256
f 4496
a 4533 688 64
f 4497
a 4534 2944 256
f 4477
a 4535 1232 16
f 4420
a 4536 13168 16
f 4516
a 4537 9456 16
f 4334
a 4538 496 64
f 4465
a 4539 6080 64
f 4530
a 4540 18112 64
f 4012
a 4541 4976 16
f 4457
a 4542 26560 64
f 4474
a 4543 23584 256
f 4406
a 4544 448 64
f 4536
a 4545 55072 64
f 4531
a 4546 2320 64
f 4416
a 4547 448 256
f 4484
a 4548 1312 16
f 4535
a 4549 7728 256
f 4537
a 4550 12080 64
f 4086
a 4551 7152 256
f 4352
a 4552 17424 256
f 4498
a 4553 47792 16
f 4522
a 4554 272 256
f 4540
a 4555 288 256
f 4502
a 4556 8912 256
f 4293
a 4557 3088 256
f 4220
a 4558 7232 64
f 4471
a 4559 16128 256
f 4376
a 4560 288 16
f 4556
a 4561 10688 256
f 4508
a 4562 2064 64
f 4554
a 4563 496 16
f 4452
a 4564 448 16
f 4546
a 4565 51072 64
f 4506
a 4566 992 64
f 4521
a 4567 32288 256
f 4475
a 4568 1632 16
f 4529
a 4569 18288 64
f 4563
a 4570 720 16
f 4543
a 4571 20048 16
f 4557
a 4572 31200 256
f 4562
a 4573 416 256
f 4523
a 4574 4336 16
f 4401
a 4575 1056 64
f 4526
a 4576 512 16
f 4510
a 4577 22688 16
f 4564
a 4578 58352 64
f 4566
a 4579 1184 256
f 4470
a 4580 6032 64
f 4551
a 4581 15744 64
f 4542
a 4582 18832 16
f 4494
a 4583 27248 256
f 4434
a 4584 2528 64
f 4561
a 4585 1072 256
f 4584
a 4586 7552 256
f 4571
a 4587 11408 256
f 4560
a 4588 960 256
f 4403
a 4589 480 64
f 4532
a 4590 1808 16
f 4315
a 4591 5280 16
f 4590
a 4592 26848 256
f 4479
a 4593 26976 64
f 4444
a 4594 4272 64
f 4325
a 4595 3264 16
f 4539
a 4596 4848 256
f 4589
a 4597 8448 16
f 4520
a 4598 832 16
f 4594
a 4599 1504 16
c step-4500
f 4587
a 4600 928 64
f 4549
a 4601 432 16
f 4386
a 4602 288 64
f 4342
a 4603 29056 64
f 4499
a 4604 304 16
f 4493
a 4605 2912 16
f 4570
a 4606 30848 16
f 4495
a 4607 496 64
f 4597
a 4608 4816 16
f 4378
a 4609 1936 16
f 4440
a 4610 59888 64
f 4417
a 4611 2208 16
f 4545
a 4612 8032 64
f 4552
a 4613 11152 64
f 4567
a 4614 512 16
f 4517
a 4615 35168 16
f 4544
a 4616 512 64
f 4575
a 4617 7296 16
f 4572
a 4618 3040 16
f 4525
a 4619 64496 256
f 4313
a 4620 3680 16
f 4372
a 4621 19552 256
f 4605
a 4622 11984 16
f 4603
a 4623 288 64
f 4397
a 4624 13232 64
f 4441
a 4625 6560 16
f 4068
a 4626 1376 64
f 4585
a 4627 8320 256
f 4538
a 4628 544 16
f 4524
a 4629 17328 64
f 4602
a 4630 4208 16
f 4533
a 4631 384 256
f 4614
a 4632 1856 256
f 4527
a 4633 848 256
f 4580
a 4634 5280 256
f 4555
a 4635 3696 16
f 4586
a 4636 35872 64
f 4612
a 4637 1360 64
f 4395
a 4638 4096 64
f 4630
a 4639 1472 16
f 4404
a 4640 1312 64
f 4628
a 4641 6720 64
f 4548
a 4642 20080 256
f 4487
a 4643 2336 64
f 4472
a 4644 19184 64
f 4615
a 4645 912 64
f 4625
a 4646 13712 16
f 4365
a 4647 608 64
f 4427
a 4648 3760 256
f 4569
a 4649 53200 64
f 4534
a 4650 58048 16
f 4606
a 4651 32304 64
f 4591
a 4652 2032 16
f 4608
a 4653 25984 256
f 4402
a 4654 20672 256
f 4505
a 4655 560 256
f 4577
a 4656 496 16
f 4547
a 4657 17760 16
f 4657
a 4658 6944 256
f 4476
a 4659 8240 16
f 4623
a 4660 29136 64
f 4528
a 4661 1088 64
f 4425
a 4662 1136 256
f 4478
a 4663 896 64
f 4629
a 4664 336 16
f 4635
a 4665 1616 64
f 4664
a 4666 6784 256
f 4574
a 4667 61600 256
f 4601
a 4668 480 64
f 4649
a 4669 33072 256
f 4618
a 4670 976 16
f 4622
a 4671 20832 64
f 4619
a 4672 384 256
f 4565
a 4673 720 256
f 4513
a 4674 8400 64
f 4624
a 4675 47072 256
f 4654
a 4676 14624 16
f 4631
a 4677 5456 256
f 4642
a 4678 24368 64
f 4559
a 4679 1040 64
f 4675
a 4680 1808 16
f 4394
a 4681 2720 16
f 4652
a 4682 53056 16
f 4632
a 4683 31200 16
f 4481
a 4684 1664 64
f 4662
a 4685 64128 256
f 4634
a 4686 416 16
f 4418
a 4687 62624 64
f 4466
a 4688 46096 64
f 4509
a 4689 10336 256
f 4638
a 4690 1008 16
f 4636
a 4691 11488 64
f 4672
a 4692 7936 16
f 4599
a 4693 8144 64
f 4453
a 4694 2832 64
f 4668
a 4695 12928 64
f 4501
a 4696 288 256
f 4433
a 4697 13792 16
f 4515
a 4698 28928 16
f 4617
a 4699 1120 256
f 4541
a 4700 5120 256
f 4684
a 4701 704 256
f 4677
a 4702 2352 64
f 4576
a 4703 31776 64
f 4686
a 4704 6464 16
f 4671
a 4705 21104 64
f 4691
a 4706 44752 256
f 4694
a 4707 3184 256
f 4407
a 4708 19184 16
f 4578
a 4709 8336 64
f 4665
a 4710 1632 16
f 4621
a 4711 8000 256
f 4688
a 4712 544 16
f 4596
a 4713 6784 64
f 4660
a 4714 40368 256
f 4446
a 4715 6912 16
f 4705
a 4716 5728 16
f 4702
a 4717 13392 256
f 4616
a 4718 704 64
f 4692
a 4719 1968 64
f 4644
a 4720 20080 256
f 4646
a 4721 1552 16
f 4620
a 4722 3872 64
f 4653
a 4723 3568 16
f 4703
a 4724 13536 64
f 4647
a 4725 1168 16
f 4607
a 4726 720 256
f 4721
a 4727 3120 256
f 4706
a 4728 2560 256
f 4655
a 4729 34768 16
f 4724
a 4730 13776 256
f 4674
a 4731 14768 64
f 4595
a 4732 28080 64
f 4600
a 4733 1744 256
f 4627
a 4734 288 16
f 4720
a 4735 400 64
f 4637
a 4736 57856 16
f 4641
a 4737 8848 64
f 4633
a 4738 2704 16
f 4598
a 4739 18320 16
f 4423
a 4740 2544 256
f 4710
a 4741 44144 64
f 4658
a 4742 7792 256
f 4685
a 4743 3312 16
f 4739
a 4744 16592 16
f 4696
a 4745 640 64
f 4726
a 4746 464 256
f 4568
a 4747 2128 16
f 4613
a 4748 4032 64
f 4656
a 4749 336 256
f 4609
a 4750 7152 64
f 4745
a 4751 57808 256
f 4712
a 4752 1472 256
f 4648
a 4753 12672 16
f 4733
a 4754 928 16
f 4734
a 4755 3680 64
f 4755
a 4756 1488 256
f 4682
a 4757 2576 256
f 4725
a 4758 2576 16
f 4661
a 4759 3376 64
f 4639
a 4760 27360 16
f 4667
a 4761 40192 256
f 4716
a 4762 8720 64
f 4741
a 4763 5584 16
f 4690
a 4764 14384 64
f 4645
a 4765 480 256
f 4756
a 4766 14672 64
f 4581
a 4767 27152 64
f 4746
a 4768 19104 16
f 4592
a 4769 2496 16
f 4732
a 4770 5584 16
f 4769
a 4771 11584 16
f 4736
a 4772 2400 16
f 4456
a 4773 4928 256
f 4747
a 4774 2640 16
f 4673
a 4775 22544 256
f 4583
a 4776 5376 16
f 4765
a 4777 960 256
f 4730
a 4778 32384 16
f 4676
a 4779 1024 64
f 4503
a 4780 1184 64
f 4279
a 4781 6512 16
f 4761
a 4782 672 64
f 4485
a 4783 1040 64
f 4715
a 4784 15088 64
f 4759
a 4785 12448 16
f 4717
a 4786 3232 16
f 4750
a 4787 544 64
f 4461
a 4788 3584 64
f 4650
a 4789 1168 16
f 4680
a 4790 53392 256
f 4776
a 4791 912 16
f 4707
a 4792 768 16
f 4777
a 4793 15904 16
f 4772
a 4794 464 256
f 4729
a 4795 49984 16
f 4582
a 4796 880 16
f 4353
a 4797 9440 64
f 4500
a 4798 19888 64
f 4687
a 4799 3728 64
f 4743
a 4800 26432 16
f 4753
a 4801 960 64
f 4683
a 4802 8848 16
f 4758
a 4803 3472 256
f 4792
a 4804 8368 16
f 4742
a 4805 5456 64
f 4771
a 4806 17360 16
f 4659
a 4807 34752 256
f 4790
a 4808 3184 64
f 4698
a 4809 9168 16
f 4760
a 4810 2960 256
f 4643
a 4811 56912 64
f 4749
a 4812 11824 256
f 4579
a 4813 32320 256
f 4800
a 4814 5424 256
f 4713
a 4815 5360 64
f 4764
a 4816 7408 16
f 4789
a 4817 12224 64
f 4799
a 4818 3376 16
f 4701
a 4819 3360 64
f 4805
a 4820 416 16
f 4751
a 4821 14144 256
f 4695
a 4822 52048 16
f 4786
a 4823 1888 16
f 4773
a 4824 8128 16
f 4819
a 4825 5376 64
f 4550
a 4826 2144 256
f 4778
a 4827 624 256
f 4816
a 4828 320 256
f 4817
a 4829 4352 256
f 4775
a 4830 1488 256
f 4823
a 4831 4736 16
f 4803
a 4832 14208 256
f 4709
a 4833 51232 16
f 4774
a 4834 60752 64
f 4514
a 4835 17392 64
f 4821
a 4836 7200 256
f 4744
a 4837 1776 256
f 4573
a 4838 2272 256
f 4604
a 4839 1792 256
f 4723
a 4840 27232 16
f 4827
a 4841 480 64
f 4767
a 4842 944 256
f 4829
a 4843 336 256
f 4810
a 4844 560 16
f 4651
a 4845 28368 64
f 4666
a 4846 5872 64
f 4737
a 4847 6576 256
f 4728
a 4848 1744 256
f 4752
a 4849 23056 16
f 4847
a 4850 2384 64
f 4812
a 4851 2816 256
f 4846
a 4852 1056 16
f 4770
a 4853 7008 64
f 4815
a 4854 3904 16
f 4809
a 4855 1392 16
f 4670
a 4856 1392 64
f 4748
a 4857 13296 16
f 4840
a 4858 768 64
f 4834
a 4859 11216 64
f 4738
a 4860 22944 16
f 4754
a 4861 2880 256
f 4785
a 4862 46768 256
f 4697
a 4863 6288 16
f 4854
a 4864 3584 256
f 4553
a 4865 2784 64
f 4807
a 4866 55664 16
f 4679
a 4867 59648 256
f 4832
a 4868 784 16
f 4866
a 4869 2944 256
f 4863
a 4870 3760 64
f 4859
a 4871 9904 256
f 4826
a 4872 31360 64
f 4868
a 4873 1024 256
f 4722
a 4874 14400 64
f 4718
a 4875 1056 64
f 4626
a 4876 23952 16
f 4693
a 4877 960 256
f 4870
a 4878 416 64
f 4182
a 4879 896 16
f 4757
a 4880 49648 64
f 4858
a 4881 3904 16
f 4837
a 4882 448 16
f 4873
a 4883 880 16
f 4825
a 4884 64224 64
f 4841
a 4885 63888 64
f 4700
a 4886 1280 256
f 4796
a 4887 6688 64
f 4824
a 4888 58928 16
f 4735
a 4889 19024 16
f 4794
a 4890 784 256
f 4793
a 4891 13920 16
f 4862
a 4892 4032 64
f 4768
a 4893 3760 256
f 4669
a 4894 1168 16
f 4593
a 4895 432 64
f 4663
a 4896 864 16
f 4874
a 4897 704 256
f 4708
a 4898 6832 16
f 4828
a 4899 368 256
f 4711
a 4900 720 64
f 4781
a 4901 7856 16
f 4855
a 4902 55120 256
f 4897
a 4903 880 256
f 4731
a 4904 336 16
f 4865
a 4905 3136 64
f 4820
a 4906 4448 64
f 4857
a 4907 1488 16
f 4842
a 4908 800 64
f 4811
a 4909 5952 64
f 4763
a 4910 60528 64
f 4779
a 4911 2400 64
f 4791
a 4912 2272 64
f 4808
a 4913 12960 256
f 4908
a 4914 6128 256
f 4913
a 4915 3216 64
f 4911
a 4916 31152 64
f 4640
a 4917 32288 256
f 4806
a 4918 512 16
f 4818
a 4919 4144 16
f 4849
a 4920 61120 256
f 4918
a 4921 608 256
f 4727
a 4922 416 64
f 4850
a 4923 912 64
f 4883
a 4924 704 16
f 4907
a 4925 896 256
f 4460
a 4926 10496 256
f 4881
a 4927 32704 256
f 4861
a 4928 13648 64
f 4588
a 4929 7168 256
f 4704
a 4930 3680 16
f 4879
a 4931 384 64
f 4885
a 4932 31600 64
f 4839
a 4933 21568 64
f 4886
a 4934 2576 64
f 4780
a 4935 13552 16
f 4801
a 4936 36800 256
f 4814
a 4937 7792 256
f 4901
a 4938 29312 256
f 4890
a 4939 13344 16
f 4915
a 4940 512 256
f 4928
a 4941 3248 256
f 4795
a 4942 784 64
f 4914
a 4943 11024 16
f 4937
a 4944 1120 64
f 4894
a 4945 1712 64
f 4892
a 4946 7552 64
f 4917
a 4947 43936 16
f 4947
a 4948 928 16
f 4848
a 4949 56992 256
f 4891
a 4950 336 256
f 4898
a 4951 2800 256
f 4941
a 4952 7664 16
f 4856
a 4953 49920 16
f 4699
a 4954 3104 64
f 4880
a 4955 480 16
f 4932
a 4956 5024 256
f 4875
a 4957 10400 64
f 4787
a 4958 1520 16
f 4951
a 4959 688 16
f 4878
a 4960 46608 256
f 4945
a 4961 24528 256
f 4953
a 4962 400 16
f 4681
a 4963 912 16
f 4845
a 4964 384 16
f 4813
a 4965 14816 16
f 4877
a 4966 1632 16
f 4902
a 4967 688 256
f 4910
a 4968 304 64
f 4867
a 4969 784 16
f 4904
a 4970 14896 256
f 4782
a 4971 21536 64
f 4944
a 4972 3008 64
f 4889
a 4973 560 16
f 4610
a 4974 13712 16
f 4924
a 4975 12032 16
f 4935
a 4976 16944 256
f 4950
a 4977 27104 64
f 4762
a 4978 8016 256
f 4939
a 4979 8832 16
f 4783
a 4980 896 64
f 4611
a 4981 9680 64
f 4919
a 4982 35664 16
f 4957
a 4983 18288 16
f 4766
a 4984 13488 16
f 4975
a 4985 1376 256
f 4958
a 4986 14832 16
f 4689
a 4987 15232 64
f 4983
a 4988 21568 64
f 4974
a 4989 27888 16
f 4887
a 4990 464 16
f 4973
a 4991 848 16
f 4871
a 4992 1776 64
f 4991
a 4993 11248 16
f 4960
a 4994 1344 256
f 4970
a 4995 2864 256
f 4922
a 4996 54320 256
f 4995
a 4997 320 16
f 4929
a 4998 752 16
f 4906
a 4999 27200 64
f 4976
a 5000 14528 64
f 4830
a 5001 14784 256
f 4788
a 5002 5840 16
f 4964
a 5003 20432 64
f 4979
a 5004 1600 16
f 4921
a 5005 20352 256
f 4934
a 5006 4352 16
f 4802
a 5007 10912 64
f 4844
a 5008 27552 64
f 4920
a 5009 5312 16
f 4678
a 5010 1728 16
f 5007
a 5011 6224 256
f 4989
a 5012 64336 64
f 5008
a 5013 62224 64
f 4831
a 5014 3760 256
f 4946
a 5015 432 256
f 4969
a 5016 496 16
f 4981
a 5017 432 256
f 5014
a 5018 43968 16
f 4864
a 5019 18480 16
f 5000
a 5020 14000 256
f 4905
a 5021 58672 256
f 4943
a 5022 21296 16
f 4927
a 5023 53472 64
f 5002
a 5024 4672 16
f 4942
a 5025 5920 256
f 5006
a 5026 928 16
f 4948
a 5027 912 256
f 4895
a 5028 1120 16
f 5016
a 5029 2032 64
f 4909
a 5030 288 64
f 4994
a 5031 32736 64
f 5015
a 5032 5136 16
f 4876
a 5033 53184 256
f 4882
a 5034 12304 64
f 5025
a 5035 20208 256
f 4968
a 5036 2384 256
f 4833
a 5037 9312 16
f 5004
a 5038 64976 16
f 5032
a 5039 720 16
f 5009
a 5040 384 16
f 4982
a 5041 8000 64
f 5005
a 5042 752 64
f 4984
a 5043 6944 256
f 4450
a 5044 752 64
f 5020
a 5045 4800 256
f 4956
a 5046 1600 256
f 5012
a 5047 992 64
f 4869
a 5048 6768 16
f 4962
a 5049 56400 64
f 4986
a 5050 30960 64
f 5035
a 5051 3248 16
f 4985
a 5052 14880 256
f 4996
a 5053 2192 256
f 5052
a 5054 2560 256
f 4843
a 5055 22336 16
f 4836
a 5056 3408 16
f 5046
a 5057 9504 16
f 4797
a 5058 640 256
f 4993
a 5059 61888 64
f 4899
a 5060 1872 64
f 4740
a 5061 15344 64
f 5038
a 5062 3296 16
f 4558
a 5063 2144 64
f 5062
a 5064 3792 16
f 4835
a 5065 40128 64
f 5030
a 5066 2816 16
f 5001
a 5067 7728 16
f 4784
a 5068 1888 16
f 5043
a 5069 2416 256
f 4719
a 5070 29664 256
f 5013
a 5071 27552 64
f 4933
a 5072 1104 256
f 4972
a 5073 3072 16
f 4900
a 5074 11072 256
f 4992
a 5075 416 256
f 5071
a 5076 1312 64
f 5058
a 5077 8800 64
f 4838
a 5078 7616 16
f 5069
a 5079 11088 16
f 4936
a 5080 46720 16
f 5068
a 5081 11344 256
f 5055
a 5082 400 64
f 5036
a 5083 1328 64
f 4967
a 5084 848 256
f 4851
a 5085 11904 16
f 5034
a 5086 880 256
f 5082
a 5087 5136 16
f 4998
a 5088 14720 256
f 4959
a 5089 9744 16
f 5079
a 5090 304 16
f 5040
a 5091 15904 64
f 5073
a 5092 1152 256
f 5017
a 5093 15888 16
f 5051
a 5094 47728 256
f 5076
a 5095 464 64
f 5042
a 5096 13984 64
f 4999
a 5097 62480 256
f 5075
a 5098 9280 64
f 5026
a 5099 448 16
c step-5000
