# hetoimasia allocator parity trace, format 1; see README.md
# Synthetic, hypothetical: 10000 live buffers of 256 B to 64 KiB, log-uniform, alignments 16, 64 or 256,
# filling 75% of the block, then 5,000 steps of one random free and one allocation.
trace sweep-live-10000-occupancy-75
capacity 164691968
seed 1007
a 0 13904 256
a 1 1792 64
a 2 1216 64
a 3 864 16
a 4 464 64
a 5 1120 64
a 6 6272 64
a 7 896 16
a 8 25648 256
a 9 57584 64
a 10 3920 256
a 11 1360 64
a 12 41136 64
a 13 432 64
a 14 1216 256
a 15 2224 64
a 16 4192 256
a 17 6240 256
a 18 22944 64
a 19 624 256
a 20 5136 16
a 21 11120 16
a 22 320 256
a 23 416 64
a 24 9184 16
a 25 3840 256
a 26 1152 64
a 27 3104 16
a 28 1808 256
a 29 14992 16
a 30 13600 64
a 31 51376 256
a 32 416 256
a 33 11696 64
a 34 496 16
a 35 5024 64
a 36 528 16
a 37 31440 256
a 38 1680 64
a 39 1728 16
a 40 32896 16
a 41 16384 64
a 42 9424 256
a 43 832 16
a 44 1472 256
a 45 53216 64
a 46 35904 16
a 47 53312 256
a 48 4080 64
a 49 6832 256
a 50 912 16
a 51 15664 256
a 52 2608 64
a 53 31744 64
a 54 432 16
a 55 17936 16
a 56 464 16
a 57 4624 64
a 58 1984 256
a 59 3024 16
a 60 272 256
a 61 45376 16
a 62 752 64
a 63 3472 64
a 64 41616 256
a 65 560 256
a 66 2576 256
a 67 54976 64
a 68 59248 256
a 69 2656 256
a 70 18256 16
a 71 65072 16
a 72 33216 16
a 73 43552 64
a 74 36672 64
a 75 2288 256
a 76 592 256
a 77 22448 64
a 78 26848 256
a 79 304 256
a 80 58240 16
a 81 35648 64
a 82 63200 16
a 83 1328 64
a 84 3312 256
a 85 21984 16
a 86 1520 64
a 87 2320 64
a 88 640 64
a 89 432 256
a 90 24912 16
a 91 432 64
a 92 39520 256
a 93 5856 16
a 94 44672 256
a 95 52288 256
a 96 8512 16
a 97 8848 64
a 98 2416 64
a 99 31936 64
a 100 21872 16
a 101 4064 256
a 102 3424 16
a 103 21792 16
a 104 768 64
a 105 14448 16
a 106 880 64
a 107 6704 64
a 108 53056 16
a 109 7616 16
a 110 17056 16
a 111 40912 64
a 112 272 256
a 113 288 16
a 114 2576 256
a 115 37408 64
a 116 20208 16
a 117 1072 16
a 118 272 256
a 119 12576 16
a 120 31264 64
a 121 15968 16
a 122 960 256
a 123 1008 64
a 124 46448 64
a 125 6992 256
a 126 4016 64
a 127 2352 16
a 128 2848 16
a 129 480 256
a 130 19968 256
a 131 944 64
a 132 2352 256
a 133 8752 256
a 134 34432 256
a 135 8112 16
a 136 25504 256
a 137 48320 16
a 138 5984 256
a 139 14160 64
a 140 58096 256
a 141 304 64
a 142 400 256
a 143 15360 64
a 144 2144 16
a 145 752 256
a 146 304 256
a 147 7056 256
a 148 21600 64
a 149 3328 64
a 150 11712 16
a 151 4656 256
a 152 9152 16
a 153 30352 16
a 154 3872 64
a 155 1264 256
a 156 6816 256
a 157 1952 16
a 158 736 16
a 159 25136 16
a 160 2880 64
a 161 512 256
a 162 22304 16
a 163 368 256
a 164 560 256
a 165 1792 256
a 166 1744 16
a 167 2928 16
a 168 272 16
a 169 30688 64
a 170 1424 64
a 171 1520 16
a 172 4416 256
a 173 24624 64
a 174 1760 256
a 175 4880 256
a 176 4416 64
a 177 4000 16
a 178 23872 16
a 179 1264 16
a 180 2928 256
a 181 1152 64
a 182 432 256
a 183 832 256
a 184 20880 256
a 185 784 256
a 186 416 64
a 187 6928 64
a 188 4048 64
a 189 9136 256
a 190 1408 256
a 191 18112 256
a 192 416 16
a 193 960 16
a 194 1776 256
a 195 576 256
a 196 464 16
a 197 1600 16
a 198 944 256
a 199 20272 64
a 200 336 16
a 201 64928 256
a 202 13152 64
a 203 39184 16
a 204 30272 256
a 205 960 64
a 206 56288 256
a 207 6000 16
a 208 3920 64
a 209 15888 64
a 210 23872 16
a 211 12384 64
a 212 880 64
a 213 3840 64
a 214 36576 16
a 215 592 16
a 216 10656 256
a 217 32704 256
a 218 912 256
a 219 23344 16
a 220 13248 16
a 221 1856 16
a 222 832 16
a 223 63152 16
a 224 2464 64
a 225 320 16
a 226 2128 64
a 227 55872 64
a 228 704 256
a 229 26416 256
a 230 1664 256
a 231 2912 64
a 232 592 16
a 233 784 16
a 234 496 256
a 235 9440 16
a 236 1408 16
a 237 19616 64
a 238 16496 64
a 239 64272 16
a 240 62176 16
a 241 7840 64
a 242 512 64
a 243 2736 64
a 244 1360 16
a 245 11488 64
a 246 2208 256
a 247 384 64
a 248 2432 256
a 249 50112 256
a 250 320 64
a 251 7568 256
a 252 1664 64
a 253 19184 256
a 254 6928 16
a 255 8048 16
a 256 23024 16
a 257 8560 16
a 258 35216 64
a 259 14208 256
a 260 2864 64
a 261 752 16
a 262 4624 64
a 263 26448 256
a 264 28352 16
a 265 3744 256
a 266 896 256
a 267 592 16
a 268 640 64
a 269 27696 64
a 270 944 64
a 271 4704 16
a 272 304 16
a 273 49920 256
a 274 1600 64
a 275 3536 16
a 276 42848 16
a 277 19616 256
a 278 25328 64
a 279 9040 256
a 280 7888 16
a 281 1008 256
a 282 48224 64
a 283 960 64
a 284 34144 16
a 285 55456 16
a 286 1056 16
a 287 816 16
a 288 6432 16
a 289 21568 256
a 290 12848 64
a 291 18656 16
a 292 272 256
a 293 50880 64
a 294 1440 16
a 295 2288 64
a 296 64064 256
a 297 5664 64
a 298 5808 64
a 299 2144 256
a 300 368 64
a 301 21008 64
a 302 2048 64
a 303 400 256
a 304 4768 16
a 305 1680 256
a 306 40688 256
a 307 832 16
a 308 608 64
a 309 944 16
a 310 8752 256
a 311 13792 64
a 312 1888 256
a 313 1008 16
a 314 272 16
a 315 2368 16
a 316 2912 256
a 317 1872 16
a 318 3552 16
a 319 50224 16
a 320 18528 16
a 321 992 16
a 322 5040 16
a 323 448 64
a 324 1232 64
a 325 10912 256
a 326 31136 16
a 327 272 64
a 328 46368 16
a 329 3072 256
a 330 13984 256
a 331 26208 16
a 332 576 64
a 333 1040 16
a 334 864 16
a 335 18720 16
a 336 464 256
a 337 15120 16
a 338 720 256
a 339 4272 64
a 340 3968 256
a 341 37264 16
a 342 1104 256
a 343 37232 256
a 344 480 64
a 345 464 64
a 346 60800 64
a 347 58576 16
a 348 416 16
a 349 1072 64
a 350 28064 64
a 351 2192 16
a 352 1168 64
a 353 2912 256
a 354 464 64
a 355 52640 16
a 356 28432 64
a 357 13536 16
a 358 20544 16
a 359 7648 256
a 360 2224 256
a 361 5376 16
a 362 720 256
a 363 13472 16
a 364 44624 256
a 365 1920 256
a 366 36432 256
a 367 272 256
a 368 2960 64
a 369 560 256
a 370 32320 16
a 371 272 256
a 372 1536 64
a 373 36480 64
a 374 688 64
a 375 20928 64
a 376 800 64
a 377 880 64
a 378 27856 64
a 379 51808 256
a 380 336 64
a 381 1904 64
a 382 20096 64
a 383 13344 256
a 384 30512 256
a 385 2288 16
a 386 3392 16
a 387 880 64
a 388 21920 256
a 389 65264 256
a 390 912 16
a 391 1024 16
a 392 16336 16
a 393 1904 64
a 394 784 64
a 395 496 64
a 396 30944 16
a 397 9040 64
a 398 2240 16
a 399 45760 256
a 400 2368 16
a 401 5488 256
a 402 51408 64
a 403 672 256
a 404 60512 256
a 405 1744 64
a 406 27344 64
a 407 25584 16
a 408 2080 256
a 409 5504 256
a 410 16112 256
a 411 1856 64
a 412 1008 64
a 413 2976 256
a 414 13536 64
a 415 13600 64
a 416 6912 64
a 417 61872 256
a 418 40768 256
a 419 432 64
a 420 3680 16
a 421 736 64
a 422 43552 16
a 423 2096 64
a 424 2880 64
a 425 752 64
a 426 7696 256
a 427 432 64
a 428 1728 16
a 429 59952 16
a 430 7072 16
a 431 10784 16
a 432 1712 16
a 433 4880 256
a 434 12880 16
a 435 16624 64
a 436 944 64
a 437 368 256
a 438 4976 256
a 439 25584 256
a 440 320 64
a 441 352 16
a 442 848 256
a 443 5312 64
a 444 47216 64
a 445 8464 64
a 446 9952 16
a 447 15504 256
a 448 25232 16
a 449 22432 64
a 450 42544 64
a 451 6464 16
a 452 27600 64
a 453 640 64
a 454 304 64
a 455 848 256
a 456 1984 16
a 457 1600 64
a 458 7328 16
a 459 6256 16
a 460 1392 64
a 461 1216 256
a 462 6928 256
a 463 960 256
a 464 17504 16
a 465 1216 16
a 466 47584 64
a 467 12464 16
a 468 12080 16
a 469 3008 64
a 470 1664 256
a 471 16432 16
a 472 6384 64
a 473 6256 64
a 474 8480 64
a 475 1424 256
a 476 23136 256
a 477 400 16
a 478 4448 64
a 479 368 64
a 480 6240 16
a 481 13936 64
a 482 11376 64
a 483 432 256
a 484 57664 256
a 485 52288 64
a 486 9984 16
a 487 1760 64
a 488 3856 16
a 489 688 16
a 490 4096 256
a 491 41568 16
a 492 272 64
a 493 11664 256
a 494 960 256
a 495 448 16
a 496 1776 64
a 497 64624 256
a 498 3232 16
a 499 6912 16
a 500 5376 256
a 501 31920 256
a 502 944 256
a 503 448 64
a 504 2384 64
a 505 40768 16
a 506 2576 64
a 507 5008 64
a 508 3536 16
a 509 1792 64
a 510 14048 256
a 511 43776 256
a 512 63008 256
a 513 2992 16
a 514 384 64
a 515 384 16
a 516 2560 64
a 517 816 256
a 518 18400 64
a 519 1872 16
a 520 11840 256
a 521 34288 64
a 522 3232 16
a 523 63648 16
a 524 23344 16
a 525 39536 256
a 526 896 16
a 527 44208 64
a 528 23392 64
a 529 6928 64
a 530 3840 16
a 531 8368 16
a 532 1232 256
a 533 2320 16
a 534 1600 16
a 535 288 16
a 536 7008 64
a 537 51296 64
a 538 10800 16
a 539 9008 256
a 540 320 64
a 541 44672 256
a 542 4544 16
a 543 1808 16
a 544 11040 16
a 545 2032 64
a 546 432 64
a 547 33168 64
a 548 57808 64
a 549 352 256
a 550 38064 64
a 551 928 256
a 552 8160 64
a 553 368 64
a 554 56128 16
a 555 21984 256
a 556 56832 256
a 557 496 256
a 558 6416 16
a 559 784 16
a 560 1024 256
a 561 22320 16
a 562 57664 256
a 563 50992 256
a 564 784 16
a 565 1296 256
a 566 768 256
a 567 624 256
a 568 1024 256
a 569 19424 64
a 570 3248 16
a 571 2784 16
a 572 12816 16
a 573 3696 64
a 574 720 64
a 575 61408 256
a 576 4096 256
a 577 22928 64
a 578 368 64
a 579 19968 16
a 580 9248 64
a 581 13168 64
a 582 1968 256
a 583 400 256
a 584 336 16
a 585 6688 16
a 586 496 16
a 587 59744 64
a 588 304 16
a 589 1760 16
a 590 5728 256
a 591 656 64
a 592 1648 16
a 593 1568 64
a 594 672 64
a 595 784 16
a 596 32272 16
a 597 55424 64
a 598 944 16
a 599 27712 64
a 600 19056 256
a 601 12368 16
a 602 976 256
a 603 21888 256
a 604 57248 64
a 605 592 256
a 606 26496 256
a 607 672 64
a 608 272 16
a 609 3728 64
a 610 2816 16
a 611 5472 256
a 612 16192 64
a 613 1408 16
a 614 1200 64
a 615 592 16
a 616 848 16
a 617 60880 16
a 618 15680 64
a 619 39872 16
a 620 3904 16
a 621 720 256
a 622 416 256
a 623 3184 256
a 624 5808 256
a 625 12528 16
a 626 720 256
a 627 46048 64
a 628 1664 256
a 629 27872 64
a 630 36576 16
a 631 53792 64
a 632 29776 64
a 633 22320 16
a 634 7120 16
a 635 45408 256
a 636 656 64
a 637 2032 16
a 638 1440 16
a 639 3520 16
a 640 5344 256
a 641 848 16
a 642 49664 64
a 643 61920 16
a 644 25984 256
a 645 25744 256
a 646 320 16
a 647 38256 16
a 648 1504 64
a 649 7152 64
a 650 432 16
a 651 64864 256
a 652 30352 64
a 653 1072 256
a 654 928 256
a 655 400 256
a 656 704 256
a 657 512 64
a 658 368 64
a 659 56768 16
a 660 2624 256
a 661 45872 64
a 662 1120 16
a 663 496 16
a 664 15184 256
a 665 480 256
a 666 464 16
a 667 2720 256
a 668 6224 16
a 669 15792 16
a 670 6624 256
a 671 61216 256
a 672 368 256
a 673 2752 64
a 674 720 16
a 675 1776 16
a 676 768 64
a 677 29248 256
a 678 2464 16
a 679 960 16
a 680 1088 256
a 681 3472 64
a 682 1008 256
a 683 7568 256
a 684 5632 16
a 685 27904 64
a 686 8672 256
a 687 9760 64
a 688 3968 64
a 689 736 256
a 690 62096 64
a 691 58064 256
a 692 3056 64
a 693 336 256
a 694 1552 64
a 695 31424 256
a 696 640 64
a 697 22144 256
a 698 13040 16
a 699 12992 16
a 700 832 16
a 701 352 256
a 702 768 16
a 703 560 16
a 704 944 256
a 705 35792 256
a 706 3488 16
a 707 46416 256
a 708 7744 16
a 709 3168 16
a 710 3312 64
a 711 16496 256
a 712 5856 16
a 713 384 256
a 714 832 256
a 715 480 64
a 716 1232 64
a 717 53072 16
a 718 42928 16
a 719 2000 64
a 720 6416 64
a 721 19440 256
a 722 28400 64
a 723 496 64
a 724 2288 256
a 725 21264 256
a 726 32304 64
a 727 304 256
a 728 5888 64
a 729 720 16
a 730 4048 64
a 731 400 16
a 732 44160 16
a 733 5088 64
a 734 17472 16
a 735 6368 64
a 736 14992 256
a 737 28368 16
a 738 416 16
a 739 8704 256
a 740 31488 64
a 741 2736 256
a 742 31424 16
a 743 1920 16
a 744 58576 16
a 745 9344 256
a 746 23856 16
a 747 11776 64
a 748 448 64
a 749 25104 64
a 750 320 64
a 751 5072 256
a 752 3520 256
a 753 45808 16
a 754 1824 16
a 755 10928 256
a 756 1696 16
a 757 19616 256
a 758 23888 16
a 759 23520 64
a 760 64816 16
a 761 11568 16
a 762 30688 256
a 763 64608 256
a 764 528 16
a 765 512 64
a 766 400 16
a 767 7712 64
a 768 23760 64
a 769 13568 16
a 770 480 256
a 771 1744 16
a 772 62208 64
a 773 1024 64
a 774 2896 64
a 775 704 64
a 776 3600 64
a 777 6688 16
a 778 50016 64
a 779 33456 16
a 780 18080 16
a 781 3520 16
a 782 320 256
a 783 6640 256
a 784 5504 64
a 785 14032 256
a 786 512 256
a 787 26624 16
a 788 6048 64
a 789 1312 64
a 790 512 16
a 791 9344 16
a 792 768 256
a 793 46032 16
a 794 28960 16
a 795 14800 16
a 796 1760 256
a 797 1056 256
a 798 7104 16
a 799 23440 16
a 800 64976 16
a 801 3808 256
a 802 7808 16
a 803 832 16
a 804 1792 16
a 805 2720 64
a 806 480 16
a 807 32400 16
a 808 12576 256
a 809 11280 64
a 810 13120 64
a 811 1680 64
a 812 8016 16
a 813 2976 256
a 814 11760 256
a 815 1520 64
a 816 3296 16
a 817 1872 64
a 818 12416 256
a 819 27760 256
a 820 1136 64
a 821 432 64
a 822 400 64
a 823 7808 256
a 824 7920 256
a 825 624 16
a 826 19440 16
a 827 2976 64
a 828 11168 16
a 829 1568 64
a 830 6800 16
a 831 14320 64
a 832 6848 16
a 833 944 64
a 834 7840 16
a 835 8320 64
a 836 1584 16
a 837 1232 64
a 838 4192 16
a 839 1024 16
a 840 1296 16
a 841 384 64
a 842 4416 64
a 843 14160 64
a 844 448 16
a 845 464 16
a 846 8640 16
a 847 512 64
a 848 6832 16
a 849 5040 256
a 850 1424 256
a 851 57088 16
a 852 5264 64
a 853 54528 16
a 854 31184 16
a 855 2272 16
a 856 512 256
a 857 368 64
a 858 25216 64
a 859 288 64
a 860 464 64
a 861 6112 256
a 862 592 16
a 863 26672 256
a 864 304 256
a 865 13744 16
a 866 1600 64
a 867 304 64
a 868 35136 256
a 869 336 16
a 870 39600 16
a 871 11360 256
a 872 8096 64
a 873 720 16
a 874 39584 64
a 875 544 64
a 876 22976 256
a 877 56384 16
a 878 464 64
a 879 272 16
a 880 1952 16
a 881 45104 16
a 882 6432 16
a 883 3728 64
a 884 816 16
a 885 30736 64
a 886 1328 256
a 887 17376 64
a 888 992 64
a 889 800 16
a 890 56144 256
a 891 1248 256
a 892 448 64
a 893 2048 16
a 894 10848 256
a 895 352 64
a 896 38288 256
a 897 544 16
a 898 15728 64
a 899 7296 64
a 900 4016 256
a 901 2880 64
a 902 400 16
a 903 46704 16
a 904 912 256
a 905 56048 64
a 906 256 64
a 907 4096 256
a 908 15392 64
a 909 976 64
a 910 1008 64
a 911 39888 256
a 912 18352 64
a 913 1856 64
a 914 34976 256
a 915 10480 64
a 916 608 256
a 917 31888 16
a 918 26112 16
a 919 8048 64
a 920 944 64
a 921 640 64
a 922 10864 16
a 923 4048 256
a 924 256 256
a 925 640 16
a 926 960 64
a 927 512 64
a 928 20704 256
a 929 864 256
a 930 38864 64
a 931 39552 16
a 932 44512 16
a 933 9424 256
a 934 384 64
a 935 3152 64
a 936 64384 16
a 937 1920 16
a 938 384 256
a 939 320 256
a 940 752 16
a 941 2368 64
a 942 3680 256
a 943 13360 256
a 944 9168 64
a 945 928 64
a 946 272 16
a 947 29824 64
a 948 35184 16
a 949 848 64
a 950 18528 64
a 951 12096 64
a 952 28752 256
a 953 1120 256
a 954 25856 16
a 955 15728 256
a 956 1280 256
a 957 13344 256
a 958 4112 16
a 959 496 16
a 960 2736 64
a 961 304 16
a 962 848 16
a 963 50016 64
a 964 8816 64
a 965 26416 256
a 966 27744 64
a 967 4544 64
a 968 7040 256
a 969 1792 16
a 970 2816 256
a 971 21664 64
a 972 15136 64
a 973 656 16
a 974 12928 64
a 975 928 256
a 976 16544 16
a 977 3168 256
a 978 1024 64
a 979 44512 64
a 980 880 64
a 981 1888 16
a 982 20592 256
a 983 21936 256
a 984 32560 64
a 985 448 256
a 986 20000 16
a 987 960 64
a 988 1808 64
a 989 5680 256
a 990 3184 64
a 991 400 64
a 992 2544 64
a 993 31392 256
a 994 5840 64
a 995 656 256
a 996 31104 64
a 997 864 16
a 998 29584 256
a 999 11296 256
a 1000 49888 16
a 1001 1296 256
a 1002 336 64
a 1003 2320 64
a 1004 912 64
a 1005 4416 64
a 1006 11104 256
a 1007 61472 256
a 1008 496 64
a 1009 7968 256
a 1010 5376 16
a 1011 4144 256
a 1012 4688 256
a 1013 432 256
a 1014 2352 64
a 1015 384 256
a 1016 4432 256
a 1017 54400 256
a 1018 4160 16
a 1019 56848 256
a 1020 31888 64
a 1021 12416 16
a 1022 44112 16
a 1023 1520 16
a 1024 2240 16
a 1025 880 16
a 1026 416 256
a 1027 6384 16
a 1028 944 256
a 1029 41280 256
a 1030 13312 64
a 1031 6800 256
a 1032 12368 256
a 1033 3744 256
a 1034 1584 16
a 1035 19728 256
a 1036 53456 256
a 1037 1360 256
a 1038 6736 64
a 1039 448 256
a 1040 544 64
a 1041 15936 16
a 1042 928 256
a 1043 8896 64
a 1044 1936 256
a 1045 10256 256
a 1046 12064 64
a 1047 39552 256
a 1048 15376 16
a 1049 40448 64
a 1050 15280 256
a 1051 20112 256
a 1052 3504 256
a 1053 1952 64
a 1054 6960 64
a 1055 24192 16
a 1056 64976 256
a 1057 3936 16
a 1058 3296 256
a 1059 22608 64
a 1060 4320 16
a 1061 1216 16
a 1062 400 256
a 1063 52176 16
a 1064 55504 16
a 1065 4080 64
a 1066 33648 64
a 1067 16848 256
a 1068 60240 64
a 1069 2512 64
a 1070 36176 16
a 1071 7152 256
a 1072 496 16
a 1073 30720 16
a 1074 51056 256
a 1075 448 16
a 1076 1264 64
a 1077 256 64
a 1078 10848 64
a 1079 1200 64
a 1080 784 64
a 1081 11152 256
a 1082 32400 256
a 1083 7472 64
a 1084 6272 16
a 1085 448 64
a 1086 5888 256
a 1087 448 256
a 1088 8128 16
a 1089 37984 16
a 1090 6016 256
a 1091 384 64
a 1092 34560 256
a 1093 20352 64
a 1094 19600 16
a 1095 1232 64
a 1096 656 256
a 1097 1808 256
a 1098 656 64
a 1099 2016 64
a 1100 3904 64
a 1101 944 16
a 1102 928 256
a 1103 15008 64
a 1104 5840 64
a 1105 400 256
a 1106 336 64
a 1107 416 64
a 1108 46400 256
a 1109 8576 64
a 1110 304 64
a 1111 624 64
a 1112 15776 16
a 1113 13104 256
a 1114 56400 256
a 1115 24240 256
a 1116 1952 256
a 1117 45488 64
a 1118 560 64
a 1119 7888 16
a 1120 26944 64
a 1121 48784 256
a 1122 1808 16
a 1123 4592 16
a 1124 7632 16
a 1125 5360 64
a 1126 3600 256
a 1127 10272 16
a 1128 800 64
a 1129 4432 256
a 1130 2256 16
a 1131 368 256
a 1132 1392 64
a 1133 6128 64
a 1134 960 16
a 1135 11680 256
a 1136 9344 16
a 1137 1696 256
a 1138 1136 16
a 1139 20384 64
a 1140 480 64
a 1141 20416 256
a 1142 14704 256
a 1143 6096 64
a 1144 496 256
a 1145 2976 16
a 1146 11808 64
a 1147 38752 16
a 1148 3136 64
a 1149 31568 16
a 1150 576 64
a 1151 9568 16
a 1152 20672 256
a 1153 38496 256
a 1154 2720 16
a 1155 20704 16
a 1156 55792 64
a 1157 320 64
a 1158 13920 64
a 1159 752 64
a 1160 51424 64
a 1161 2464 64
a 1162 656 16
a 1163 30720 64
a 1164 480 64
a 1165 512 256
a 1166 3008 64
a 1167 20304 16
a 1168 416 64
a 1169 432 64
a 1170 1104 64
a 1171 26256 16
a 1172 1040 64
a 1173 62928 256
a 1174 48976 64
a 1175 624 256
a 1176 56960 256
a 1177 54240 16
a 1178 21168 256
a 1179 912 64
a 1180 6384 16
a 1181 304 256
a 1182 5968 16
a 1183 45600 64
a 1184 336 64
a 1185 848 16
a 1186 1568 64
a 1187 5920 256
a 1188 336 64
a 1189 21440 64
a 1190 12032 16
a 1191 656 256
a 1192 15600 256
a 1193 1488 64
a 1194 7888 256
a 1195 14080 16
a 1196 640 64
a 1197 432 64
a 1198 2624 16
a 1199 2528 16
a 1200 45248 16
a 1201 1888 256
a 1202 5328 256
a 1203 6768 64
a 1204 304 16
a 1205 512 64
a 1206 11312 256
a 1207 2784 256
a 1208 32528 256
a 1209 56416 16
a 1210 25824 64
a 1211 63712 256
a 1212 3872 16
a 1213 3840 256
a 1214 4048 16
a 1215 3776 256
a 1216 9136 64
a 1217 5024 256
a 1218 4528 64
a 1219 6320 64
a 1220 14096 64
a 1221 7184 16
a 1222 30544 64
a 1223 1856 64
a 1224 26992 256
a 1225 768 256
a 1226 1456 256
a 1227 26352 64
a 1228 944 16
a 1229 47904 256
a 1230 28112 256
a 1231 480 256
a 1232 688 16
a 1233 12528 16
a 1234 7920 256
a 1235 10416 256
a 1236 10400 256
a 1237 7376 16
a 1238 976 16
a 1239 1152 64
a 1240 52480 256
a 1241 4000 256
a 1242 4288 16
a 1243 58736 256
a 1244 10784 16
a 1245 30960 16
a 1246 7408 16
a 1247 8240 16
a 1248 31264 16
a 1249 19792 16
a 1250 50928 256
a 1251 1600 256
a 1252 592 64
a 1253 45824 64
a 1254 4160 64
a 1255 384 16
a 1256 48624 16
a 1257 336 64
a 1258 32672 64
a 1259 288 256
a 1260 7168 64
a 1261 27824 16
a 1262 8144 256
a 1263 23616 256
a 1264 1984 64
a 1265 39072 16
a 1266 400 64
a 1267 11184 256
a 1268 31616 64
a 1269 5872 256
a 1270 640 64
a 1271 272 16
a 1272 3616 16
a 1273 28768 16
a 1274 1632 16
a 1275 3552 256
a 1276 352 16
a 1277 288 256
a 1278 14720 16
a 1279 1152 16
a 1280 15872 256
a 1281 31424 64
a 1282 1072 16
a 1283 736 256
a 1284 2832 64
a 1285 8912 256
a 1286 3264 64
a 1287 61072 64
a 1288 7040 16
a 1289 13168 64
a 1290 256 256
a 1291 1616 256
a 1292 9024 64
a 1293 43984 64
a 1294 1248 64
a 1295 4832 256
a 1296 928 256
a 1297 384 256
a 1298 12304 64
a 1299 2624 256
a 1300 43760 16
a 1301 11264 64
a 1302 688 256
a 1303 7872 256
a 1304 9088 64
a 1305 6592 256
a 1306 34592 16
a 1307 23248 64
a 1308 38544 64
a 1309 3600 64
a 1310 50832 64
a 1311 55936 64
a 1312 7104 64
a 1313 7584 64
a 1314 4336 256
a 1315 48336 16
a 1316 1072 64
a 1317 57936 16
a 1318 448 64
a 1319 1520 64
a 1320 4880 64
a 1321 3344 64
a 1322 2688 256
a 1323 33440 256
a 1324 11056 16
a 1325 64160 16
a 1326 16464 64
a 1327 288 256
a 1328 53888 64
a 1329 496 64
a 1330 53024 256
a 1331 1024 256
a 1332 13520 256
a 1333 39216 16
a 1334 2784 64
a 1335 5280 256
a 1336 25840 256
a 1337 8368 256
a 1338 4688 256
a 1339 1568 16
a 1340 3344 64
a 1341 61952 64
a 1342 2000 64
a 1343 896 256
a 1344 3984 16
a 1345 31968 16
a 1346 27776 256
a 1347 8624 256
a 1348 14944 256
a 1349 29328 16
a 1350 1648 256
a 1351 2000 256
a 1352 416 64
a 1353 4624 16
a 1354 1360 256
a 1355 352 256
a 1356 26368 16
a 1357 14640 256
a 1358 4272 16
a 1359 1760 256
a 1360 26992 256
a 1361 47264 64
a 1362 1072 64
a 1363 512 64
a 1364 2816 64
a 1365 576 256
a 1366 1152 64
a 1367 41296 64
a 1368 720 64
a 1369 28016 64
a 1370 368 16
a 1371 6736 64
a 1372 448 16
a 1373 20752 64
a 1374 272 64
a 1375 1520 16
a 1376 20960 64
a 1377 5648 64
a 1378 2256 256
a 1379 3712 16
a 1380 528 16
a 1381 496 64
a 1382 18656 64
a 1383 304 64
a 1384 8192 16
a 1385 464 256
a 1386 63840 256
a 1387 1280 16
a 1388 32192 64
a 1389 7744 64
a 1390 432 64
a 1391 416 256
a 1392 3984 16
a 1393 21776 64
a 1394 432 16
a 1395 5856 64
a 1396 848 64
a 1397 992 64
a 1398 21008 16
a 1399 18192 256
a 1400 6816 16
a 1401 26064 64
a 1402 3248 64
a 1403 18992 256
a 1404 480 64
a 1405 7296 16
a 1406 1776 16
a 1407 26944 256
a 1408 39024 64
a 1409 18256 16
a 1410 16336 256
a 1411 1056 256
a 1412 1424 64
a 1413 1840 64
a 1414 20784 16
a 1415 432 256
a 1416 32400 16
a 1417 7664 16
a 1418 2960 64
a 1419 1184 256
a 1420 25520 256
a 1421 3776 16
a 1422 6512 256
a 1423 10672 64
a 1424 768 16
a 1425 7184 256
a 1426 6448 256
a 1427 5328 64
a 1428 62784 64
a 1429 31904 256
a 1430 23600 256
a 1431 688 16
a 1432 6416 256
a 1433 352 64
a 1434 2672 16
a 1435 55088 256
a 1436 352 256
a 1437 61232 256
a 1438 1248 16
a 1439 2336 16
a 1440 59120 16
a 1441 448 16
a 1442 7888 64
a 1443 21984 256
a 1444 30864 16
a 1445 21472 256
a 1446 3056 64
a 1447 1024 256
a 1448 832 256
a 1449 832 16
a 1450 416 256
a 1451 34048 256
a 1452 480 64
a 1453 5872 256
a 1454 16912 16
a 1455 1072 16
a 1456 368 64
a 1457 784 256
a 1458 864 64
a 1459 3424 256
a 1460 2288 16
a 1461 1824 64
a 1462 320 256
a 1463 3168 64
a 1464 64496 256
a 1465 13504 256
a 1466 1568 64
a 1467 28240 16
a 1468 13216 16
a 1469 5712 256
a 1470 1056 256
a 1471 4352 16
a 1472 6736 16
a 1473 1712 64
a 1474 29792 64
a 1475 880 16
a 1476 25872 16
a 1477 848 256
a 1478 1008 64
a 1479 1712 256
a 1480 4944 16
a 1481 8640 16
a 1482 8032 16
a 1483 55024 256
a 1484 61344 64
a 1485 368 64
a 1486 22304 256
a 1487 3536 64
a 1488 6112 64
a 1489 12016 256
a 1490 976 64
a 1491 5280 16
a 1492 20816 16
a 1493 7440 64
a 1494 28816 64
a 1495 1232 256
a 1496 272 16
a 1497 59376 64
a 1498 35552 16
a 1499 832 256
a 1500 3968 256
a 1501 4656 64
a 1502 384 64
a 1503 1040 64
a 1504 16048 16
a 1505 32304 16
a 1506 688 256
a 1507 1216 256
a 1508 464 64
a 1509 4080 64
a 1510 56128 64
a 1511 832 256
a 1512 1936 16
a 1513 400 64
a 1514 4576 64
a 1515 15008 16
a 1516 60928 64
a 1517 464 16
a 1518 1760 16
a 1519 64512 64
a 1520 42256 256
a 1521 2528 16
a 1522 464 256
a 1523 576 64
a 1524 784 64
a 1525 5696 64
a 1526 416 64
a 1527 496 16
a 1528 17120 64
a 1529 1280 16
a 1530 51296 256
a 1531 14848 256
a 1532 1104 256
a 1533 2768 64
a 1534 336 16
a 1535 720 16
a 1536 272 256
a 1537 15520 64
a 1538 6128 256
a 1539 9248 16
a 1540 6864 256
a 1541 1968 64
a 1542 3616 64
a 1543 784 16
a 1544 22304 64
a 1545 2160 64
a 1546 51056 16
a 1547 1840 256
a 1548 49984 16
a 1549 20736 256
a 1550 4432 16
a 1551 448 256
a 1552 25824 16
a 1553 16576 256
a 1554 1216 64
a 1555 736 256
a 1556 15824 64
a 1557 3472 64
a 1558 672 256
a 1559 24496 16
a 1560 320 16
a 1561 432 256
a 1562 11920 64
a 1563 2592 16
a 1564 58384 64
a 1565 19248 16
a 1566 24736 256
a 1567 1168 16
a 1568 12576 16
a 1569 18000 256
a 1570 4976 64
a 1571 928 64
a 1572 38320 64
a 1573 3280 16
a 1574 7216 64
a 1575 13584 64
a 1576 37088 64
a 1577 8144 256
a 1578 15264 64
a 1579 1312 64
a 1580 992 256
a 1581 704 64
a 1582 19824 64
a 1583 3280 64
a 1584 26816 64
a 1585 272 64
a 1586 5248 64
a 1587 31968 64
a 1588 14048 256
a 1589 960 64
a 1590 2592 64
a 1591 672 256
a 1592 17616 16
a 1593 880 256
a 1594 5216 64
a 1595 1056 16
a 1596 7088 256
a 1597 912 256
a 1598 512 64
a 1599 1184 16
a 1600 2256 64
a 1601 45184 256
a 1602 9408 16
a 1603 4416 64
a 1604 2672 256
a 1605 1184 64
a 1606 30096 256
a 1607 52272 64
a 1608 7936 256
a 1609 9072 256
a 1610 1952 64
a 1611 5200 256
a 1612 27328 16
a 1613 496 64
a 1614 2096 16
a 1615 11840 256
a 1616 3152 16
a 1617 15600 16
a 1618 6624 256
a 1619 976 256
a 1620 928 16
a 1621 6160 256
a 1622 1040 16
a 1623 848 64
a 1624 7200 64
a 1625 3888 256
a 1626 5696 64
a 1627 1344 256
a 1628 4032 64
a 1629 384 16
a 1630 1536 256
a 1631 13568 64
a 1632 3424 16
a 1633 752 16
a 1634 17232 256
a 1635 2240 256
a 1636 36240 64
a 1637 12640 16
a 1638 512 64
a 1639 1328 64
a 1640 62064 64
a 1641 1104 256
a 1642 976 16
a 1643 18048 256
a 1644 4880 16
a 1645 352 256
a 1646 1120 64
a 1647 480 16
a 1648 13616 256
a 1649 23776 64
a 1650 3520 16
a 1651 336 64
a 1652 1120 256
a 1653 16512 16
a 1654 15312 256
a 1655 1024 256
a 1656 8912 256
a 1657 1872 64
a 1658 352 16
a 1659 1936 256
a 1660 11088 64
a 1661 49360 64
a 1662 2240 256
a 1663 1104 16
a 1664 10640 64
a 1665 752 64
a 1666 2080 64
a 1667 35920 64
a 1668 48192 64
a 1669 17376 64
a 1670 28480 256
a 1671 6768 256
a 1672 2784 16
a 1673 1056 256
a 1674 912 256
a 1675 560 256
a 1676 30800 64
a 1677 1792 256
a 1678 4800 16
a 1679 384 256
a 1680 4096 256
a 1681 544 64
a 1682 45728 256
a 1683 768 256
a 1684 2480 16
a 1685 14768 64
a 1686 52912 64
a 1687 59664 64
a 1688 2320 256
a 1689 432 16
a 1690 272 64
a 1691 8704 16
a 1692 2000 16
a 1693 23536 64
a 1694 14960 64
a 1695 48320 256
a 1696 6368 256
a 1697 10048 16
a 1698 432 64
a 1699 800 64
a 1700 576 256
a 1701 2144 64
a 1702 3104 16
a 1703 1680 256
a 1704 27440 16
a 1705 28512 256
a 1706 1952 256
a 1707 960 64
a 1708 8608 64
a 1709 18672 16
a 1710 65488 256
a 1711 39024 64
a 1712 57808 256
a 1713 3776 16
a 1714 928 64
a 1715 4336 256
a 1716 1136 64
a 1717 31056 16
a 1718 15760 64
a 1719 896 256
a 1720 464 256
a 1721 11552 64
a 1722 272 64
a 1723 11456 64
a 1724 5328 256
a 1725 1152 256
a 1726 7616 64
a 1727 720 256
a 1728 23504 64
a 1729 912 16
a 1730 1904 16
a 1731 55808 64
a 1732 1920 64
a 1733 27664 64
a 1734 6480 16
a 1735 272 256
a 1736 3456 256
a 1737 43232 256
a 1738 1520 16
a 1739 31648 256
a 1740 42272 64
a 1741 40688 64
a 1742 45072 64
a 1743 34048 16
a 1744 35488 64
a 1745 7824 64
a 1746 432 64
a 1747 480 64
a 1748 18096 16
a 1749 816 256
a 1750 432 64
a 1751 656 256
a 1752 608 16
a 1753 2016 64
a 1754 928 64
a 1755 23392 16
a 1756 1728 16
a 1757 832 256
a 1758 17072 64
a 1759 2816 256
a 1760 2976 16
a 1761 44032 256
a 1762 37600 256
a 1763 41056 16
a 1764 2816 64
a 1765 1712 16
a 1766 52960 64
a 1767 8112 64
a 1768 4016 64
a 1769 10592 16
a 1770 14720 64
a 1771 65488 16
a 1772 384 256
a 1773 3184 256
a 1774 2608 16
a 1775 272 16
a 1776 15728 256
a 1777 57248 16
a 1778 336 64
a 1779 2912 16
a 1780 32144 16
a 1781 31504 64
a 1782 3232 256
a 1783 25616 64
a 1784 320 64
a 1785 3472 64
a 1786 4992 16
a 1787 1552 64
a 1788 496 16
a 1789 61984 16
a 1790 10656 256
a 1791 5488 16
a 1792 1504 16
a 1793 10528 256
a 1794 5072 64
a 1795 704 256
a 1796 6448 256
a 1797 1616 16
a 1798 40448 256
a 1799 3792 16
a 1800 15072 64
a 1801 7696 64
a 1802 608 16
a 1803 24240 64
a 1804 1280 256
a 1805 35808 16
a 1806 22032 16
a 1807 1968 256
a 1808 7296 16
a 1809 55152 16
a 1810 1392 64
a 1811 40800 256
a 1812 3168 16
a 1813 272 64
a 1814 59328 256
a 1815 13472 256
a 1816 4672 64
a 1817 31936 16
a 1818 10048 64
a 1819 16256 64
a 1820 464 16
a 1821 12560 16
a 1822 47280 256
a 1823 1664 256
a 1824 5392 16
a 1825 4640 256
a 1826 62960 16
a 1827 1360 256
a 1828 640 256
a 1829 672 64
a 1830 26368 64
a 1831 512 256
a 1832 16752 64
a 1833 8688 64
a 1834 54560 16
a 1835 37536 16
a 1836 2576 256
a 1837 432 16
a 1838 1008 256
a 1839 10048 64
a 1840 11536 256
a 1841 29168 256
a 1842 34528 16
a 1843 4640 64
a 1844 13024 256
a 1845 17136 64
a 1846 55552 64
a 1847 464 16
a 1848 47280 64
a 1849 15504 256
a 1850 1872 64
a 1851 7616 256
a 1852 2688 256
a 1853 752 256
a 1854 41664 16
a 1855 1808 64
a 1856 624 64
a 1857 1200 16
a 1858 5408 256
a 1859 512 64
a 1860 784 256
a 1861 5616 256
a 1862 13744 256
a 1863 5328 256
a 1864 20032 64
a 1865 352 16
a 1866 7712 16
a 1867 3136 256
a 1868 2208 256
a 1869 17696 256
a 1870 5104 256
a 1871 26272 16
a 1872 32144 16
a 1873 592 16
a 1874 1440 256
a 1875 52720 16
a 1876 7088 64
a 1877 416 64
a 1878 1504 64
a 1879 5376 256
a 1880 1904 64
a 1881 25152 64
a 1882 25024 64
a 1883 19408 256
a 1884 3008 16
a 1885 3696 256
a 1886 5264 64
a 1887 336 64
a 1888 1056 64
a 1889 672 256
a 1890 62256 16
a 1891 816 16
a 1892 34112 256
a 1893 2752 16
a 1894 52912 64
a 1895 7104 16
a 1896 36816 64
a 1897 960 64
a 1898 40480 16
a 1899 9200 256
a 1900 7040 64
a 1901 864 16
a 1902 53984 16
a 1903 21520 16
a 1904 1360 64
a 1905 3984 64
a 1906 784 256
a 1907 3120 64
a 1908 2784 64
a 1909 3760 256
a 1910 6944 256
a 1911 1296 16
a 1912 5520 256
a 1913 8048 64
a 1914 47264 256
a 1915 368 64
a 1916 3168 64
a 1917 50464 16
a 1918 13376 256
a 1919 10816 16
a 1920 2576 64
a 1921 5248 64
a 1922 512 16
a 1923 20192 64
a 1924 288 256
a 1925 704 256
a 1926 3360 256
a 1927 15568 16
a 1928 52224 64
a 1929 496 64
a 1930 4576 256
a 1931 22512 16
a 1932 1792 256
a 1933 27040 64
a 1934 3760 16
a 1935 3408 64
a 1936 3168 256
a 1937 2896 16
a 1938 1808 64
a 1939 8320 64
a 1940 10080 64
a 1941 8704 64
a 1942 368 64
a 1943 3088 16
a 1944 1280 256
a 1945 336 16
a 1946 1664 64
a 1947 22624 64
a 1948 37664 256
a 1949 13296 64
a 1950 3840 16
a 1951 944 16
a 1952 7712 256
a 1953 1824 64
a 1954 5856 16
a 1955 7648 64
a 1956 368 16
a 1957 31792 16
a 1958 4032 256
a 1959 29648 256
a 1960 928 16
a 1961 45120 16
a 1962 1616 16
a 1963 368 16
a 1964 4400 256
a 1965 14720 256
a 1966 51600 64
a 1967 2992 16
a 1968 544 16
a 1969 928 64
a 1970 6496 256
a 1971 51216 256
a 1972 43696 256
a 1973 13760 64
a 1974 21664 64
a 1975 24272 256
a 1976 2656 64
a 1977 42656 16
a 1978 3568 64
a 1979 2000 256
a 1980 896 16
a 1981 816 64
a 1982 53344 256
a 1983 31552 16
a 1984 27616 64
a 1985 26704 64
a 1986 32656 16
a 1987 464 64
a 1988 34736 64
a 1989 31968 16
a 1990 44352 16
a 1991 608 64
a 1992 7072 256
a 1993 1216 64
a 1994 496 16
a 1995 7264 16
a 1996 1216 16
a 1997 3328 64
a 1998 2400 64
a 1999 688 64
a 2000 5952 256
a 2001 464 256
a 2002 63168 16
a 2003 7968 64
a 2004 3312 256
a 2005 11936 16
a 2006 768 16
a 2007 1920 16
a 2008 1600 64
a 2009 944 64
a 2010 416 256
a 2011 50720 256
a 2012 1264 64
a 2013 44288 16
a 2014 2160 64
a 2015 352 16
a 2016 19024 64
a 2017 6528 256
a 2018 464 16
a 2019 3280 256
a 2020 9936 64
a 2021 9856 256
a 2022 544 16
a 2023 40320 64
a 2024 288 16
a 2025 14288 16
a 2026 26944 64
a 2027 544 256
a 2028 7904 64
a 2029 336 256
a 2030 576 256
a 2031 2192 64
a 2032 28672 16
a 2033 14912 256
a 2034 672 16
a 2035 5968 256
a 2036 2000 256
a 2037 6720 64
a 2038 20368 256
a 2039 54592 16
a 2040 1728 64
a 2041 1984 64
a 2042 1952 256
a 2043 496 16
a 2044 6992 16
a 2045 21440 16
a 2046 816 256
a 2047 3312 256
a 2048 3824 256
a 2049 352 256
a 2050 576 64
a 2051 10240 16
a 2052 2256 64
a 2053 6848 256
a 2054 640 256
a 2055 7392 16
a 2056 20096 16
a 2057 3040 16
a 2058 48672 256
a 2059 3472 256
a 2060 992 256
a 2061 9520 16
a 2062 18896 64
a 2063 25392 16
a 2064 320 256
a 2065 21792 64
a 2066 22048 256
a 2067 8912 256
a 2068 384 16
a 2069 8272 256
a 2070 352 16
a 2071 51472 16
a 2072 1040 16
a 2073 2960 16
a 2074 11712 256
a 2075 40528 256
a 2076 416 16
a 2077 544 256
a 2078 2000 16
a 2079 320 256
a 2080 5440 256
a 2081 1312 16
a 2082 4176 16
a 2083 13648 16
a 2084 656 64
a 2085 544 64
a 2086 5936 64
a 2087 23104 16
a 2088 656 64
a 2089 12320 64
a 2090 7072 16
a 2091 400 16
a 2092 1968 256
a 2093 2960 256
a 2094 368 256
a 2095 1392 256
a 2096 1136 256
a 2097 5040 64
a 2098 5424 256
a 2099 2160 256
a 2100 1920 16
a 2101 992 64
a 2102 10800 256
a 2103 2096 16
a 2104 6432 256
a 2105 38064 64
a 2106 9888 16
a 2107 55648 64
a 2108 4848 64
a 2109 1728 64
a 2110 4656 64
a 2111 2432 256
a 2112 12528 256
a 2113 32128 64
a 2114 61552 256
a 2115 15344 256
a 2116 56208 256
a 2117 2768 256
a 2118 816 256
a 2119 1024 256
a 2120 1824 16
a 2121 1360 64
a 2122 33328 16
a 2123 14864 16
a 2124 57472 256
a 2125 16080 256
a 2126 10624 256
a 2127 1920 16
a 2128 6624 16
a 2129 816 16
a 2130 28208 256
a 2131 2160 256
a 2132 35552 64
a 2133 18944 256
a 2134 2496 16
a 2135 62528 16
a 2136 896 64
a 2137 32656 16
a 2138 45888 64
a 2139 960 64
a 2140 976 16
a 2141 3312 16
a 2142 720 64
a 2143 928 64
a 2144 10304 64
a 2145 3712 64
a 2146 12864 16
a 2147 2800 256
a 2148 304 16
a 2149 31456 64
a 2150 7584 16
a 2151 49696 256
a 2152 496 16
a 2153 11440 16
a 2154 7312 256
a 2155 352 16
a 2156 42064 16
a 2157 25872 64
a 2158 27504 16
a 2159 49072 256
a 2160 55296 256
a 2161 2048 256
a 2162 11840 16
a 2163 11872 16
a 2164 576 256
a 2165 3120 256
a 2166 13952 256
a 2167 12000 16
a 2168 368 256
a 2169 4016 64
a 2170 1200 16
a 2171 54720 256
a 2172 24512 64
a 2173 47104 256
a 2174 4848 16
a 2175 10464 16
a 2176 31840 64
a 2177 9760 64
a 2178 45008 256
a 2179 464 256
a 2180 304 256
a 2181 13088 256
a 2182 5312 16
a 2183 640 16
a 2184 38896 256
a 2185 57552 256
a 2186 4720 16
a 2187 13056 64
a 2188 2768 64
a 2189 14960 16
a 2190 656 256
a 2191 54960 64
a 2192 14496 256
a 2193 7056 256
a 2194 9904 64
a 2195 496 64
a 2196 22000 16
a 2197 40672 64
a 2198 13824 256
a 2199 12176 16
a 2200 432 64
a 2201 1536 256
a 2202 432 256
a 2203 1936 16
a 2204 7440 16
a 2205 2784 64
a 2206 608 64
a 2207 2384 64
a 2208 336 256
a 2209 15744 16
a 2210 65280 64
a 2211 14624 64
a 2212 8816 64
a 2213 1248 16
a 2214 2688 64
a 2215 3808 64
a 2216 480 64
a 2217 3408 64
a 2218 22672 16
a 2219 2000 64
a 2220 22144 256
a 2221 40352 256
a 2222 10992 64
a 2223 25808 256
a 2224 320 64
a 2225 26016 64
a 2226 1200 256
a 2227 6944 64
a 2228 2896 16
a 2229 5616 64
a 2230 32336 256
a 2231 22992 256
a 2232 15296 64
a 2233 400 16
a 2234 2080 256
a 2235 464 16
a 2236 864 16
a 2237 50048 256
a 2238 4880 64
a 2239 896 256
a 2240 18704 64
a 2241 1936 16
a 2242 7504 16
a 2243 784 256
a 2244 1904 16
a 2245 1792 64
a 2246 6208 16
a 2247 2672 256
a 2248 1008 256
a 2249 52080 16
a 2250 1856 64
a 2251 3696 256
a 2252 3664 16
a 2253 1920 64
a 2254 320 64
a 2255 20688 16
a 2256 576 64
a 2257 15312 64
a 2258 10736 16
a 2259 27744 256
a 2260 57840 64
a 2261 816 64
a 2262 7584 256
a 2263 26496 64
a 2264 3936 256
a 2265 7728 16
a 2266 1504 16
a 2267 40288 16
a 2268 21440 256
a 2269 1888 64
a 2270 448 16
a 2271 3808 64
a 2272 464 16
a 2273 2096 64
a 2274 5376 64
a 2275 3600 256
a 2276 368 64
a 2277 36208 16
a 2278 5680 256
a 2279 3680 256
a 2280 25968 64
a 2281 400 256
a 2282 3936 16
a 2283 496 256
a 2284 29984 64
a 2285 19616 256
a 2286 1248 256
a 2287 43536 16
a 2288 30512 256
a 2289 2288 16
a 2290 1520 16
a 2291 304 64
a 2292 352 256
a 2293 5696 16
a 2294 49008 64
a 2295 2336 256
a 2296 7152 64
a 2297 14912 16
a 2298 1584 16
a 2299 1712 64
a 2300 560 16
a 2301 48944 256
a 2302 6240 16
a 2303 1872 16
a 2304 416 16
a 2305 57376 64
a 2306 27344 16
a 2307 1488 256
a 2308 10048 64
a 2309 54400 64
a 2310 1584 64
a 2311 1024 16
a 2312 3056 64
a 2313 10688 256
a 2314 1328 16
a 2315 12352 64
a 2316 5024 64
a 2317 23040 64
a 2318 352 256
a 2319 2912 256
a 2320 512 64
a 2321 304 16
a 2322 7424 256
a 2323 544 256
a 2324 20576 16
a 2325 352 64
a 2326 448 256
a 2327 2000 64
a 2328 19424 64
a 2329 11952 16
a 2330 3456 16
a 2331 24256 64
a 2332 4592 64
a 2333 1008 256
a 2334 50048 256
a 2335 832 256
a 2336 9328 256
a 2337 7824 64
a 2338 52000 256
a 2339 1392 16
a 2340 1792 16
a 2341 432 16
a 2342 9824 16
a 2343 51456 64
a 2344 6432 16
a 2345 2528 16
a 2346 368 256
a 2347 2704 64
a 2348 1328 64
a 2349 976 256
a 2350 17584 16
a 2351 19840 256
a 2352 3872 16
a 2353 720 16
a 2354 1840 16
a 2355 1920 256
a 2356 656 16
a 2357 848 16
a 2358 1616 256
a 2359 288 16
a 2360 960 256
a 2361 576 16
a 2362 1488 16
a 2363 368 16
a 2364 56544 16
a 2365 11856 256
a 2366 5104 256
a 2367 5360 64
a 2368 6608 256
a 2369 57072 16
a 2370 11008 16
a 2371 1344 16
a 2372 880 16
a 2373 1648 16
a 2374 10304 64
a 2375 3008 256
a 2376 2480 64
a 2377 1456 16
a 2378 2784 16
a 2379 416 16
a 2380 3296 256
a 2381 880 256
a 2382 10032 256
a 2383 27520 16
a 2384 12064 64
a 2385 752 64
a 2386 3328 16
a 2387 6720 256
a 2388 1808 16
a 2389 640 256
a 2390 64944 256
a 2391 368 16
a 2392 49600 16
a 2393 6640 64
a 2394 2512 64
a 2395 432 256
a 2396 784 64
a 2397 816 256
a 2398 1376 16
a 2399 20944 256
a 2400 1280 16
a 2401 20096 16
a 2402 1728 64
a 2403 49280 64
a 2404 4160 16
a 2405 1888 64
a 2406 304 256
a 2407 2128 256
a 2408 11152 64
a 2409 352 256
a 2410 1648 16
a 2411 288 16
a 2412 15024 64
a 2413 304 256
a 2414 2736 16
a 2415 4240 64
a 2416 5648 64
a 2417 6112 16
a 2418 656 16
a 2419 7792 64
a 2420 480 64
a 2421 18896 64
a 2422 384 256
a 2423 784 256
a 2424 3696 64
a 2425 57488 256
a 2426 368 256
a 2427 20080 256
a 2428 16080 256
a 2429 24944 16
a 2430 53776 16
a 2431 1296 256
a 2432 1312 16
a 2433 1328 16
a 2434 28144 64
a 2435 320 64
a 2436 5888 64
a 2437 27104 256
a 2438 6688 16
a 2439 8032 16
a 2440 13392 256
a 2441 12912 256
a 2442 32480 16
a 2443 1920 16
a 2444 272 64
a 2445 25552 64
a 2446 61936 64
a 2447 11424 16
a 2448 20928 64
a 2449 768 64
a 2450 31152 64
a 2451 1712 16
a 2452 480 64
a 2453 1200 64
a 2454 2304 64
a 2455 5040 64
a 2456 3664 256
a 2457 5024 64
a 2458 14720 64
a 2459 5456 64
a 2460 784 64
a 2461 15056 64
a 2462 7024 64
a 2463 42784 64
a 2464 2944 64
a 2465 4624 16
a 2466 464 16
a 2467 10912 256
a 2468 2256 64
a 2469 912 64
a 2470 464 64
a 2471 25760 16
a 2472 576 256
a 2473 3824 16
a 2474 640 64
a 2475 768 256
a 2476 2912 64
a 2477 16672 16
a 2478 1008 256
a 2479 2672 256
a 2480 9200 256
a 2481 5184 64
a 2482 3920 256
a 2483 1360 64
a 2484 58144 64
a 2485 6400 256
a 2486 7008 64
a 2487 64016 64
a 2488 560 64
a 2489 26432 256
a 2490 6352 64
a 2491 45136 16
a 2492 9408 256
a 2493 528 64
a 2494 2096 64
a 2495 576 64
a 2496 58080 64
a 2497 288 256
a 2498 1872 64
a 2499 416 16
a 2500 17984 256
a 2501 38416 64
a 2502 25968 256
a 2503 2016 16
a 2504 1440 64
a 2505 12832 64
a 2506 304 64
a 2507 2000 64
a 2508 8448 256
a 2509 368 256
a 2510 592 64
a 2511 6336 16
a 2512 1696 64
a 2513 512 256
a 2514 7776 16
a 2515 336 16
a 2516 60720 16
a 2517 2128 16
a 2518 44272 64
a 2519 496 256
a 2520 31952 256
a 2521 928 16
a 2522 880 16
a 2523 9408 64
a 2524 3584 256
a 2525 31360 16
a 2526 12400 64
a 2527 54320 256
a 2528 8816 64
a 2529 976 16
a 2530 272 16
a 2531 1760 16
a 2532 1008 64
a 2533 3088 64
a 2534 944 256
a 2535 12304 16
a 2536 1200 16
a 2537 416 16
a 2538 32400 64
a 2539 14176 256
a 2540 5904 256
a 2541 480 16
a 2542 1088 256
a 2543 400 64
a 2544 288 16
a 2545 60496 64
a 2546 448 16
a 2547 58304 16
a 2548 368 256
a 2549 17360 16
a 2550 31520 64
a 2551 432 256
a 2552 54400 16
a 2553 14672 16
a 2554 272 64
a 2555 7712 16
a 2556 3232 16
a 2557 592 256
a 2558 63104 64
a 2559 1056 256
a 2560 63744 16
a 2561 1904 16
a 2562 8464 16
a 2563 6960 16
a 2564 18144 256
a 2565 22800 64
a 2566 368 16
a 2567 3216 64
a 2568 25856 64
a 2569 45584 64
a 2570 1696 256
a 2571 4064 64
a 2572 3568 256
a 2573 59568 16
a 2574 3168 256
a 2575 29440 64
a 2576 6912 64
a 2577 5088 64
a 2578 5776 256
a 2579 10112 64
a 2580 1120 64
a 2581 384 64
a 2582 13184 256
a 2583 960 16
a 2584 1024 16
a 2585 62832 16
a 2586 9280 64
a 2587 1728 16
a 2588 4048 16
a 2589 304 16
a 2590 14448 64
a 2591 2160 256
a 2592 10176 64
a 2593 3280 256
a 2594 2448 16
a 2595 13856 256
a 2596 9360 256
a 2597 24224 64
a 2598 27088 64
a 2599 13152 64
a 2600 44240 256
a 2601 17920 16
a 2602 13216 64
a 2603 6192 16
a 2604 6688 16
a 2605 32704 16
a 2606 1792 16
a 2607 53872 64
a 2608 9248 256
a 2609 1280 16
a 2610 64016 16
a 2611 480 64
a 2612 7024 256
a 2613 368 16
a 2614 18304 64
a 2615 8128 16
a 2616 528 64
a 2617 4032 64
a 2618 2240 16
a 2619 7216 64
a 2620 16896 64
a 2621 53760 16
a 2622 29376 256
a 2623 2240 256
a 2624 13472 256
a 2625 336 16
a 2626 368 16
a 2627 640 256
a 2628 13200 16
a 2629 28800 64
a 2630 336 256
a 2631 2656 64
a 2632 1312 256
a 2633 21424 64
a 2634 7664 256
a 2635 29072 16
a 2636 53200 16
a 2637 13776 256
a 2638 31296 64
a 2639 1056 256
a 2640 1008 256
a 2641 704 16
a 2642 4128 16
a 2643 384 64
a 2644 4288 64
a 2645 7952 256
a 2646 19632 256
a 2647 8032 64
a 2648 17760 64
a 2649 29040 64
a 2650 30976 64
a 2651 416 256
a 2652 608 256
a 2653 1472 256
a 2654 14608 64
a 2655 352 256
a 2656 2336 256
a 2657 2960 64
a 2658 25136 16
a 2659 912 256
a 2660 29296 64
a 2661 7776 16
a 2662 15584 256
a 2663 1600 64
a 2664 432 16
a 2665 336 64
a 2666 2304 256
a 2667 992 256
a 2668 1872 256
a 2669 2576 64
a 2670 24768 64
a 2671 56096 256
a 2672 2992 64
a 2673 1360 64
a 2674 512 16
a 2675 1744 16
a 2676 6064 64
a 2677 20656 16
a 2678 4736 64
a 2679 928 16
a 2680 40512 64
a 2681 608 16
a 2682 24656 64
a 2683 464 16
a 2684 352 64
a 2685 28096 64
a 2686 8896 256
a 2687 58048 16
a 2688 2464 256
a 2689 816 256
a 2690 16080 64
a 2691 8832 64
a 2692 576 64
a 2693 1248 64
a 2694 3520 16
a 2695 2496 16
a 2696 288 16
a 2697 912 256
a 2698 57680 16
a 2699 35840 64
a 2700 1712 256
a 2701 1776 256
a 2702 17008 256
a 2703 39520 256
a 2704 6656 256
a 2705 944 64
a 2706 4976 256
a 2707 2096 256
a 2708 2032 16
a 2709 14544 16
a 2710 37072 16
a 2711 480 256
a 2712 42592 256
a 2713 7632 64
a 2714 16080 256
a 2715 40048 16
a 2716 3360 64
a 2717 1504 256
a 2718 3696 16
a 2719 19152 64
a 2720 2928 16
a 2721 320 16
a 2722 8320 16
a 2723 2288 256
a 2724 28448 64
a 2725 5232 64
a 2726 57184 64
a 2727 2816 16
a 2728 1536 16
a 2729 496 64
a 2730 1888 256
a 2731 1456 256
a 2732 32048 64
a 2733 3616 64
a 2734 400 256
a 2735 2960 16
a 2736 1072 64
a 2737 28416 256
a 2738 544 64
a 2739 33744 16
a 2740 5248 16
a 2741 832 256
a 2742 3216 256
a 2743 1968 64
a 2744 1664 256
a 2745 3584 16
a 2746 624 64
a 2747 5472 256
a 2748 8432 16
a 2749 1200 16
a 2750 47824 16
a 2751 2288 16
a 2752 2960 16
a 2753 2144 64
a 2754 272 64
a 2755 864 256
a 2756 816 256
a 2757 592 16
a 2758 32400 64
a 2759 6624 64
a 2760 22480 16
a 2761 1088 64
a 2762 5120 16
a 2763 2464 256
a 2764 2320 256
a 2765 7200 16
a 2766 992 64
a 2767 32304 256
a 2768 24208 64
a 2769 59536 256
a 2770 3520 256
a 2771 1584 256
a 2772 23696 64
a 2773 11008 16
a 2774 512 64
a 2775 20080 256
a 2776 15824 256
a 2777 960 16
a 2778 6944 256
a 2779 816 64
a 2780 18720 256
a 2781 352 16
a 2782 1040 64
a 2783 40048 256
a 2784 44592 256
a 2785 2800 16
a 2786 6656 256
a 2787 3376 64
a 2788 26592 64
a 2789 1760 64
a 2790 55920 256
a 2791 26592 256
a 2792 6096 256
a 2793 352 16
a 2794 54736 256
a 2795 27984 16
a 2796 51312 64
a 2797 464 64
a 2798 5296 256
a 2799 304 256
a 2800 4080 256
a 2801 29936 16
a 2802 352 256
a 2803 3152 16
a 2804 51232 64
a 2805 3024 256
a 2806 19504 16
a 2807 2016 256
a 2808 9952 16
a 2809 2560 64
a 2810 47952 256
a 2811 544 16
a 2812 13392 256
a 2813 13296 64
a 2814 1760 16
a 2815 496 64
a 2816 3824 16
a 2817 29120 256
a 2818 6880 64
a 2819 12432 16
a 2820 25744 256
a 2821 63392 16
a 2822 30992 256
a 2823 9104 16
a 2824 1312 64
a 2825 11040 256
a 2826 1344 256
a 2827 6432 64
a 2828 1312 64
a 2829 35136 16
a 2830 272 16
a 2831 624 256
a 2832 1392 64
a 2833 464 256
a 2834 5440 256
a 2835 3376 256
a 2836 1408 256
a 2837 4080 64
a 2838 1840 256
a 2839 5232 64
a 2840 928 64
a 2841 1600 64
a 2842 38144 64
a 2843 15104 64
a 2844 15136 64
a 2845 304 64
a 2846 1136 256
a 2847 12080 64
a 2848 1808 256
a 2849 1392 64
a 2850 3072 16
a 2851 1024 16
a 2852 3040 256
a 2853 22848 64
a 2854 2928 16
a 2855 400 256
a 2856 16608 64
a 2857 46480 16
a 2858 56160 16
a 2859 13344 16
a 2860 36032 16
a 2861 2800 16
a 2862 20992 256
a 2863 512 256
a 2864 576 64
a 2865 1872 64
a 2866 8080 64
a 2867 13856 64
a 2868 7360 256
a 2869 416 16
a 2870 59952 256
a 2871 464 256
a 2872 448 64
a 2873 12016 16
a 2874 704 16
a 2875 464 16
a 2876 1136 16
a 2877 2288 256
a 2878 38608 64
a 2879 50528 16
a 2880 672 16
a 2881 11616 16
a 2882 60288 16
a 2883 7488 16
a 2884 640 256
a 2885 12544 64
a 2886 51776 16
a 2887 18816 64
a 2888 11072 64
a 2889 3424 256
a 2890 62560 64
a 2891 1568 256
a 2892 35360 256
a 2893 576 256
a 2894 4928 16
a 2895 21792 64
a 2896 1392 64
a 2897 992 16
a 2898 1824 16
a 2899 1936 64
a 2900 32256 16
a 2901 25024 256
a 2902 47968 64
a 2903 11712 64
a 2904 4864 64
a 2905 5792 64
a 2906 1792 16
a 2907 992 256
a 2908 640 256
a 2909 19104 16
a 2910 848 256
a 2911 9520 16
a 2912 1792 16
a 2913 3184 64
a 2914 11936 256
a 2915 384 64
a 2916 35280 16
a 2917 16304 16
a 2918 1680 16
a 2919 23648 256
a 2920 8176 16
a 2921 752 64
a 2922 31840 256
a 2923 53008 64
a 2924 11808 256
a 2925 50464 16
a 2926 3472 16
a 2927 2512 64
a 2928 21264 16
a 2929 512 64
a 2930 16512 16
a 2931 432 256
a 2932 17888 256
a 2933 12672 64
a 2934 800 16
a 2935 2048 256
a 2936 3856 16
a 2937 368 64
a 2938 432 16
a 2939 256 256
a 2940 6912 16
a 2941 2576 16
a 2942 272 16
a 2943 512 64
a 2944 960 256
a 2945 32016 256
a 2946 4000 64
a 2947 672 64
a 2948 22368 16
a 2949 608 256
a 2950 9168 256
a 2951 9600 256
a 2952 9632 256
a 2953 1568 64
a 2954 336 64
a 2955 1232 16
a 2956 12768 256
a 2957 13376 64
a 2958 2576 64
a 2959 14928 256
a 2960 4992 16
a 2961 464 256
a 2962 9520 256
a 2963 25664 64
a 2964 30304 16
a 2965 41296 64
a 2966 30384 16
a 2967 10016 256
a 2968 13952 16
a 2969 33968 256
a 2970 2640 16
a 2971 9568 16
a 2972 496 256
a 2973 14704 16
a 2974 10704 256
a 2975 368 16
a 2976 304 64
a 2977 35936 256
a 2978 6240 64
a 2979 19760 16
a 2980 6336 256
a 2981 2816 256
a 2982 28736 64
a 2983 3984 16
a 2984 28672 16
a 2985 368 64
a 2986 32176 256
a 2987 30512 64
a 2988 31840 16
a 2989 6592 256
a 2990 2576 256
a 2991 9088 16
a 2992 3232 16
a 2993 57664 64
a 2994 1888 64
a 2995 3664 64
a 2996 25360 16
a 2997 640 256
a 2998 50960 64
a 2999 19136 64
a 3000 1152 16
a 3001 25216 16
a 3002 57680 256
a 3003 62640 256
a 3004 23840 64
a 3005 320 64
a 3006 32272 16
a 3007 4800 64
a 3008 10928 64
a 3009 41728 64
a 3010 2240 256
a 3011 1504 16
a 3012 10704 16
a 3013 14032 64
a 3014 20960 16
a 3015 3536 16
a 3016 53056 256
a 3017 400 256
a 3018 1952 64
a 3019 6448 64
a 3020 21216 256
a 3021 60672 256
a 3022 53600 64
a 3023 480 16
a 3024 31216 16
a 3025 35648 16
a 3026 15392 64
a 3027 5792 16
a 3028 752 256
a 3029 1040 256
a 3030 992 256
a 3031 432 16
a 3032 31936 64
a 3033 400 256
a 3034 4912 256
a 3035 48672 64
a 3036 44544 64
a 3037 496 16
a 3038 3312 256
a 3039 5520 16
a 3040 16752 64
a 3041 320 256
a 3042 5840 16
a 3043 5872 256
a 3044 5536 64
a 3045 29568 256
a 3046 24848 256
a 3047 19040 64
a 3048 656 256
a 3049 42848 64
a 3050 26608 256
a 3051 1424 16
a 3052 27536 64
a 3053 30976 64
a 3054 46736 64
a 3055 10128 256
a 3056 3616 64
a 3057 976 256
a 3058 30000 16
a 3059 32896 64
a 3060 60624 16
a 3061 3856 64
a 3062 26496 16
a 3063 320 16
a 3064 7456 16
a 3065 560 64
a 3066 6256 256
a 3067 15696 64
a 3068 496 64
a 3069 512 256
a 3070 3104 16
a 3071 1248 256
a 3072 3488 256
a 3073 1568 256
a 3074 24448 16
a 3075 7120 16
a 3076 464 64
a 3077 400 16
a 3078 4096 256
a 3079 5440 16
a 3080 3312 16
a 3081 3168 64
a 3082 4160 256
a 3083 4176 64
a 3084 704 256
a 3085 42096 256
a 3086 26128 64
a 3087 33696 64
a 3088 1824 256
a 3089 896 256
a 3090 15232 64
a 3091 448 256
a 3092 8544 256
a 3093 17232 16
a 3094 32608 16
a 3095 14480 256
a 3096 5264 64
a 3097 5328 16
a 3098 432 16
a 3099 4720 16
a 3100 4288 16
a 3101 3552 256
a 3102 2592 64
a 3103 4080 64
a 3104 7120 16
a 3105 54320 64
a 3106 5536 64
a 3107 576 256
a 3108 3584 16
a 3109 624 16
a 3110 5168 256
a 3111 30800 16
a 3112 61408 64
a 3113 21296 256
a 3114 62032 16
a 3115 576 256
a 3116 768 16
a 3117 7472 64
a 3118 4352 256
a 3119 34992 256
a 3120 928 256
a 3121 48976 256
a 3122 416 16
a 3123 416 64
a 3124 6528 64
a 3125 10512 256
a 3126 816 64
a 3127 480 256
a 3128 2752 16
a 3129 512 64
a 3130 6144 16
a 3131 496 256
a 3132 3632 64
a 3133 2512 64
a 3134 3888 256
a 3135 65328 16
a 3136 6592 256
a 3137 34272 256
a 3138 6736 16
a 3139 18320 16
a 3140 752 256
a 3141 448 64
a 3142 2192 256
a 3143 544 64
a 3144 1792 64
a 3145 11312 16
a 3146 336 256
a 3147 4592 16
a 3148 25280 16
a 3149 960 256
a 3150 1632 64
a 3151 6576 256
a 3152 5152 16
a 3153 14992 16
a 3154 1904 64
a 3155 3984 64
a 3156 2032 64
a 3157 1936 16
a 3158 7648 256
a 3159 21712 64
a 3160 928 256
a 3161 1024 64
a 3162 5312 64
a 3163 46960 16
a 3164 1888 64
a 3165 29856 16
a 3166 288 256
a 3167 57952 16
a 3168 304 16
a 3169 8144 64
a 3170 7040 16
a 3171 1648 256
a 3172 656 256
a 3173 7904 64
a 3174 560 64
a 3175 1120 64
a 3176 4896 256
a 3177 1952 16
a 3178 11024 16
a 3179 9584 16
a 3180 1520 256
a 3181 1424 256
a 3182 15968 256
a 3183 3520 256
a 3184 1744 16
a 3185 784 16
a 3186 35520 16
a 3187 13952 16
a 3188 61616 64
a 3189 7968 64
a 3190 5472 16
a 3191 832 16
a 3192 464 64
a 3193 45264 256
a 3194 464 16
a 3195 6064 256
a 3196 2912 256
a 3197 12352 256
a 3198 6176 256
a 3199 26272 16
a 3200 464 16
a 3201 3664 256
a 3202 33872 16
a 3203 5312 16
a 3204 13040 16
a 3205 704 16
a 3206 51632 16
a 3207 368 256
a 3208 13776 64
a 3209 8688 64
a 3210 3552 64
a 3211 16144 256
a 3212 1520 64
a 3213 12560 64
a 3214 1056 256
a 3215 64208 16
a 3216 11056 256
a 3217 39440 256
a 3218 3616 16
a 3219 1936 64
a 3220 4352 64
a 3221 6784 64
a 3222 45568 256
a 3223 31904 256
a 3224 2048 16
a 3225 832 16
a 3226 12608 256
a 3227 15792 256
a 3228 7776 16
a 3229 1216 256
a 3230 384 64
a 3231 512 64
a 3232 320 64
a 3233 656 256
a 3234 6656 256
a 3235 4112 256
a 3236 544 64
a 3237 352 16
a 3238 992 256
a 3239 15424 64
a 3240 23760 256
a 3241 37984 256
a 3242 50560 16
a 3243 736 256
a 3244 2752 256
a 3245 22048 16
a 3246 8896 64
a 3247 608 256
a 3248 1744 16
a 3249 560 64
a 3250 624 256
a 3251 1472 64
a 3252 2448 64
a 3253 4208 16
a 3254 26432 64
a 3255 20272 64
a 3256 22576 64
a 3257 3584 16
a 3258 34336 16
a 3259 352 64
a 3260 35504 16
a 3261 14352 256
a 3262 912 16
a 3263 7920 16
a 3264 23760 64
a 3265 2928 16
a 3266 992 64
a 3267 43376 64
a 3268 18896 256
a 3269 1520 16
a 3270 4080 16
a 3271 1920 64
a 3272 6352 64
a 3273 816 16
a 3274 3968 256
a 3275 1696 16
a 3276 752 256
a 3277 30912 256
a 3278 1360 64
a 3279 2624 256
a 3280 2112 256
a 3281 1904 16
a 3282 416 16
a 3283 1600 64
a 3284 816 64
a 3285 1632 256
a 3286 1520 256
a 3287 288 64
a 3288 3296 64
a 3289 752 16
a 3290 992 256
a 3291 39984 16
a 3292 784 64
a 3293 960 16
a 3294 8896 16
a 3295 16192 256
a 3296 24832 64
a 3297 21296 256
a 3298 1616 64
a 3299 5616 64
a 3300 35712 16
a 3301 17408 256
a 3302 352 16
a 3303 56336 64
a 3304 60048 64
a 3305 1408 64
a 3306 1840 256
a 3307 26176 64
a 3308 38240 64
a 3309 1616 256
a 3310 61200 64
a 3311 432 64
a 3312 288 64
a 3313 304 64
a 3314 512 64
a 3315 36944 256
a 3316 18112 16
a 3317 960 64
a 3318 1392 64
a 3319 4768 256
a 3320 9760 16
a 3321 1200 256
a 3322 3088 256
a 3323 12432 256
a 3324 3888 16
a 3325 2352 64
a 3326 7920 16
a 3327 11808 256
a 3328 36240 64
a 3329 384 16
a 3330 1680 16
a 3331 16096 256
a 3332 608 16
a 3333 24096 64
a 3334 3040 256
a 3335 62880 256
a 3336 15600 256
a 3337 41120 256
a 3338 416 16
a 3339 14288 256
a 3340 1248 64
a 3341 1952 64
a 3342 15472 16
a 3343 22800 256
a 3344 752 16
a 3345 7760 16
a 3346 30336 16
a 3347 61552 16
a 3348 12352 64
a 3349 34048 16
a 3350 416 64
a 3351 736 256
a 3352 1264 256
a 3353 13120 16
a 3354 6224 64
a 3355 512 256
a 3356 39376 256
a 3357 736 256
a 3358 32912 16
a 3359 11936 64
a 3360 3888 16
a 3361 1376 16
a 3362 1856 256
a 3363 2704 16
a 3364 6480 16
a 3365 23856 16
a 3366 8512 16
a 3367 38880 16
a 3368 60880 16
a 3369 6896 16
a 3370 864 64
a 3371 416 256
a 3372 304 16
a 3373 608 256
a 3374 3984 64
a 3375 560 64
a 3376 12800 64
a 3377 1424 64
a 3378 3856 256
a 3379 2736 64
a 3380 57664 16
a 3381 5728 64
a 3382 2448 16
a 3383 2000 16
a 3384 928 256
a 3385 13568 256
a 3386 53904 64
a 3387 10352 16
a 3388 50256 256
a 3389 23104 256
a 3390 960 256
a 3391 45136 16
a 3392 23296 64
a 3393 832 256
a 3394 23248 16
a 3395 18816 16
a 3396 1344 16
a 3397 6896 16
a 3398 7392 16
a 3399 26368 64
a 3400 4800 16
a 3401 1520 256
a 3402 576 64
a 3403 20416 256
a 3404 33824 64
a 3405 3072 16
a 3406 2304 256
a 3407 7440 16
a 3408 848 256
a 3409 352 256
a 3410 39152 64
a 3411 8656 64
a 3412 576 64
a 3413 736 64
a 3414 2496 64
a 3415 2048 256
a 3416 4096 16
a 3417 3968 16
a 3418 736 16
a 3419 464 64
a 3420 400 256
a 3421 544 256
a 3422 576 16
a 3423 1328 64
a 3424 39280 16
a 3425 9792 256
a 3426 352 64
a 3427 288 64
a 3428 320 256
a 3429 17216 64
a 3430 12704 64
a 3431 3616 64
a 3432 35040 64
a 3433 42240 64
a 3434 464 256
a 3435 384 256
a 3436 784 256
a 3437 3152 64
a 3438 4224 16
a 3439 7856 256
a 3440 4816 64
a 3441 592 64
a 3442 464 256
a 3443 5552 64
a 3444 39056 16
a 3445 16112 256
a 3446 21024 64
a 3447 1328 16
a 3448 416 16
a 3449 27296 64
a 3450 19792 256
a 3451 11200 64
a 3452 928 16
a 3453 1472 16
a 3454 656 256
a 3455 496 64
a 3456 752 16
a 3457 13616 256
a 3458 16752 16
a 3459 352 256
a 3460 5696 64
a 3461 6832 64
a 3462 3952 64
a 3463 816 64
a 3464 1664 256
a 3465 7072 16
a 3466 4544 16
a 3467 16112 256
a 3468 6480 256
a 3469 28592 256
a 3470 14208 256
a 3471 352 256
a 3472 52528 256
a 3473 1136 64
a 3474 16048 16
a 3475 944 64
a 3476 672 16
a 3477 3984 64
a 3478 1712 256
a 3479 1584 64
a 3480 864 256
a 3481 27440 64
a 3482 3632 64
a 3483 944 16
a 3484 3584 16
a 3485 13792 16
a 3486 800 256
a 3487 28624 16
a 3488 15808 64
a 3489 19856 16
a 3490 624 64
a 3491 8960 256
a 3492 14848 16
a 3493 2432 16
a 3494 2800 64
a 3495 16256 16
a 3496 2016 64
a 3497 7568 16
a 3498 26032 16
a 3499 1696 64
a 3500 1184 16
a 3501 640 256
a 3502 4336 64
a 3503 848 16
a 3504 7744 16
a 3505 336 16
a 3506 1456 256
a 3507 5184 16
a 3508 384 256
a 3509 59424 256
a 3510 54912 16
a 3511 4144 64
a 3512 9104 64
a 3513 464 256
a 3514 20000 64
a 3515 1792 16
a 3516 976 256
a 3517 4336 64
a 3518 4112 16
a 3519 11264 256
a 3520 416 256
a 3521 1472 256
a 3522 1696 16
a 3523 1120 16
a 3524 13744 256
a 3525 25152 16
a 3526 12848 16
a 3527 464 64
a 3528 29984 16
a 3529 1664 64
a 3530 38432 256
a 3531 5968 256
a 3532 368 256
a 3533 40192 16
a 3534 560 256
a 3535 320 16
a 3536 11472 64
a 3537 18304 64
a 3538 3536 16
a 3539 28752 256
a 3540 9296 64
a 3541 29808 64
a 3542 1968 64
a 3543 14640 16
a 3544 11344 64
a 3545 14176 64
a 3546 400 256
a 3547 2992 64
a 3548 22960 16
a 3549 2416 16
a 3550 2896 256
a 3551 464 256
a 3552 5376 64
a 3553 10480 16
a 3554 63472 64
a 3555 336 256
a 3556 61536 64
a 3557 1040 256
a 3558 1456 256
a 3559 7232 256
a 3560 15168 256
a 3561 3744 256
a 3562 512 256
a 3563 10832 16
a 3564 11248 64
a 3565 15984 16
a 3566 26016 64
a 3567 3840 16
a 3568 4576 16
a 3569 29632 16
a 3570 1280 256
a 3571 49824 256
a 3572 640 16
a 3573 1952 64
a 3574 42064 256
a 3575 5776 16
a 3576 5920 64
a 3577 3344 256
a 3578 59216 16
a 3579 15104 64
a 3580 944 16
a 3581 16320 256
a 3582 6960 256
a 3583 24288 16
a 3584 800 64
a 3585 928 256
a 3586 480 256
a 3587 31328 256
a 3588 1296 64
a 3589 1600 64
a 3590 3136 64
a 3591 4960 16
a 3592 640 64
a 3593 13840 64
a 3594 60096 256
a 3595 2848 256
a 3596 32208 64
a 3597 7824 16
a 3598 3952 256
a 3599 13808 256
a 3600 4928 16
a 3601 53152 16
a 3602 880 16
a 3603 10464 256
a 3604 14096 256
a 3605 368 256
a 3606 960 64
a 3607 576 16
a 3608 7168 256
a 3609 5168 64
a 3610 14000 64
a 3611 31024 16
a 3612 1216 64
a 3613 29968 64
a 3614 31120 64
a 3615 304 64
a 3616 912 16
a 3617 496 16
a 3618 6880 64
a 3619 2272 256
a 3620 2976 256
a 3621 2544 64
a 3622 1552 256
a 3623 1088 64
a 3624 8208 16
a 3625 2416 16
a 3626 576 256
a 3627 12320 16
a 3628 4384 64
a 3629 3328 16
a 3630 3200 256
a 3631 11392 64
a 3632 7200 64
a 3633 1216 64
a 3634 272 256
a 3635 5456 64
a 3636 304 64
a 3637 768 64
a 3638 7264 256
a 3639 1520 256
a 3640 720 64
a 3641 6080 256
a 3642 720 64
a 3643 800 16
a 3644 6272 256
a 3645 4336 64
a 3646 27664 64
a 3647 14432 64
a 3648 61888 16
a 3649 2000 16
a 3650 34976 16
a 3651 13696 64
a 3652 1392 16
a 3653 6352 64
a 3654 10080 16
a 3655 7776 256
a 3656 42560 256
a 3657 320 64
a 3658 56240 16
a 3659 912 64
a 3660 2512 256
a 3661 1424 16
a 3662 20896 256
a 3663 14464 256
a 3664 25344 16
a 3665 2384 16
a 3666 960 16
a 3667 3184 16
a 3668 48704 256
a 3669 13472 64
a 3670 912 16
a 3671 4672 256
a 3672 23104 16
a 3673 34576 16
a 3674 16912 64
a 3675 11648 64
a 3676 49216 16
a 3677 50848 256
a 3678 432 16
a 3679 656 64
a 3680 20928 256
a 3681 20656 16
a 3682 44240 16
a 3683 624 256
a 3684 1552 256
a 3685 29488 256
a 3686 3504 256
a 3687 2976 16
a 3688 27264 16
a 3689 9152 256
a 3690 4224 16
a 3691 23424 64
a 3692 3808 256
a 3693 37312 64
a 3694 624 16
a 3695 25632 64
a 3696 25104 64
a 3697 12976 256
a 3698 1760 64
a 3699 3104 256
a 3700 2416 64
a 3701 31264 256
a 3702 9040 64
a 3703 1040 256
a 3704 10992 16
a 3705 6816 16
a 3706 2224 256
a 3707 31056 256
a 3708 15088 16
a 3709 5056 16
a 3710 1808 256
a 3711 288 256
a 3712 912 64
a 3713 12832 256
a 3714 15936 64
a 3715 4000 64
a 3716 10624 256
a 3717 52352 64
a 3718 464 64
a 3719 5568 64
a 3720 26224 16
a 3721 9216 256
a 3722 16240 64
a 3723 496 256
a 3724 688 16
a 3725 304 256
a 3726 1088 64
a 3727 18448 256
a 3728 2176 256
a 3729 42288 64
a 3730 528 64
a 3731 1424 64
a 3732 15328 16
a 3733 1744 16
a 3734 752 64
a 3735 17344 64
a 3736 2544 64
a 3737 7568 64
a 3738 24432 64
a 3739 42720 16
a 3740 7248 256
a 3741 41216 64
a 3742 2352 16
a 3743 3456 64
a 3744 23808 256
a 3745 6816 16
a 3746 16672 64
a 3747 1408 64
a 3748 496 16
a 3749 3280 16
a 3750 3440 16
a 3751 3152 256
a 3752 464 256
a 3753 304 16
a 3754 448 16
a 3755 10288 64
a 3756 3952 64
a 3757 1280 64
a 3758 2096 256
a 3759 912 64
a 3760 22048 256
a 3761 848 256
a 3762 37584 16
a 3763 368 256
a 3764 1952 16
a 3765 656 64
a 3766 21680 64
a 3767 19344 16
a 3768 14464 64
a 3769 15584 16
a 3770 57664 64
a 3771 736 64
a 3772 3120 256
a 3773 14016 16
a 3774 13216 256
a 3775 2832 64
a 3776 1152 16
a 3777 2400 64
a 3778 46784 64
a 3779 1280 16
a 3780 2352 16
a 3781 1104 256
a 3782 1920 64
a 3783 320 16
a 3784 30240 64
a 3785 7536 64
a 3786 3600 64
a 3787 41504 256
a 3788 272 64
a 3789 29040 256
a 3790 3504 64
a 3791 416 64
a 3792 800 64
a 3793 22960 16
a 3794 9344 16
a 3795 1856 64
a 3796 19376 64
a 3797 544 16
a 3798 2032 64
a 3799 368 16
a 3800 11312 16
a 3801 1488 256
a 3802 448 16
a 3803 12656 16
a 3804 3424 256
a 3805 9696 256
a 3806 1488 16
a 3807 7392 64
a 3808 336 64
a 3809 544 64
a 3810 592 16
a 3811 496 64
a 3812 36000 16
a 3813 13024 16
a 3814 28880 64
a 3815 1008 16
a 3816 1120 256
a 3817 12656 64
a 3818 528 64
a 3819 11824 16
a 3820 14512 16
a 3821 15040 16
a 3822 63056 16
a 3823 1248 256
a 3824 608 64
a 3825 288 64
a 3826 336 16
a 3827 53312 64
a 3828 352 256
a 3829 27760 64
a 3830 608 256
a 3831 7520 64
a 3832 352 256
a 3833 3664 16
a 3834 480 64
a 3835 26144 64
a 3836 62320 256
a 3837 64240 64
a 3838 17904 64
a 3839 30016 256
a 3840 2832 16
a 3841 26608 64
a 3842 320 64
a 3843 512 256
a 3844 5696 16
a 3845 2256 256
a 3846 3552 16
a 3847 55664 16
a 3848 576 256
a 3849 3552 16
a 3850 5440 256
a 3851 7248 64
a 3852 304 64
a 3853 1472 16
a 3854 24464 64
a 3855 880 16
a 3856 2640 64
a 3857 9680 64
a 3858 2992 16
a 3859 608 64
a 3860 1136 64
a 3861 19808 16
a 3862 288 256
a 3863 8992 256
a 3864 1696 64
a 3865 3648 16
a 3866 720 16
a 3867 5520 64
a 3868 848 256
a 3869 2272 16
a 3870 688 256
a 3871 27120 256
a 3872 56064 64
a 3873 5776 256
a 3874 32480 64
a 3875 800 16
a 3876 6528 16
a 3877 624 256
a 3878 6096 256
a 3879 1808 256
a 3880 1536 256
a 3881 6752 64
a 3882 12304 16
a 3883 13376 16
a 3884 1232 16
a 3885 5872 64
a 3886 1376 64
a 3887 6368 64
a 3888 59120 64
a 3889 11744 64
a 3890 3168 16
a 3891 816 64
a 3892 1680 64
a 3893 6288 64
a 3894 40528 64
a 3895 6816 256
a 3896 11632 256
a 3897 25936 64
a 3898 19552 64
a 3899 1904 16
a 3900 4640 256
a 3901 1216 64
a 3902 1296 256
a 3903 1520 64
a 3904 18352 256
a 3905 3936 16
a 3906 2976 64
a 3907 3312 64
a 3908 8208 16
a 3909 976 16
a 3910 20928 64
a 3911 320 256
a 3912 5088 256
a 3913 1280 64
a 3914 8064 64
a 3915 800 16
a 3916 6384 16
a 3917 3296 16
a 3918 3888 256
a 3919 2064 256
a 3920 26944 16
a 3921 5408 64
a 3922 1104 256
a 3923 14752 16
a 3924 3440 256
a 3925 49152 64
a 3926 2576 16
a 3927 864 256
a 3928 6032 256
a 3929 560 256
a 3930 31952 64
a 3931 16096 64
a 3932 832 256
a 3933 544 16
a 3934 384 16
a 3935 1872 256
a 3936 5824 256
a 3937 28992 64
a 3938 416 256
a 3939 25264 64
a 3940 47024 256
a 3941 20432 256
a 3942 1824 16
a 3943 560 64
a 3944 2944 16
a 3945 9936 16
a 3946 40192 256
a 3947 1808 64
a 3948 28480 16
a 3949 912 16
a 3950 51760 256
a 3951 62384 16
a 3952 64432 64
a 3953 640 64
a 3954 5248 64
a 3955 8640 256
a 3956 4128 64
a 3957 1424 16
a 3958 21264 64
a 3959 1168 16
a 3960 944 256
a 3961 16944 64
a 3962 464 16
a 3963 1024 16
a 3964 496 64
a 3965 8688 64
a 3966 1440 64
a 3967 11248 64
a 3968 28384 256
a 3969 2000 64
a 3970 6352 64
a 3971 1200 16
a 3972 29776 16
a 3973 816 16
a 3974 592 256
a 3975 53584 16
a 3976 8064 256
a 3977 992 256
a 3978 8384 256
a 3979 336 16
a 3980 6816 64
a 3981 13328 16
a 3982 1968 256
a 3983 11248 256
a 3984 8224 64
a 3985 4080 16
a 3986 45664 16
a 3987 13360 256
a 3988 24128 16
a 3989 320 16
a 3990 1984 16
a 3991 1248 16
a 3992 5648 256
a 3993 15504 64
a 3994 19088 64
a 3995 11008 256
a 3996 24064 64
a 3997 41008 64
a 3998 1264 256
a 3999 928 16
a 4000 6976 256
a 4001 528 16
a 4002 25616 256
a 4003 3568 64
a 4004 23376 16
a 4005 4736 64
a 4006 528 64
a 4007 2800 256
a 4008 7632 256
a 4009 320 256
a 4010 41216 256
a 4011 23104 256
a 4012 7408 64
a 4013 3648 16
a 4014 400 64
a 4015 448 256
a 4016 1296 256
a 4017 11984 256
a 4018 1120 256
a 4019 3392 16
a 4020 592 16
a 4021 560 16
a 4022 48832 64
a 4023 7408 16
a 4024 54592 64
a 4025 416 16
a 4026 1344 64
a 4027 12848 64
a 4028 64992 64
a 4029 272 16
a 4030 2928 256
a 4031 2736 16
a 4032 11856 256
a 4033 16336 256
a 4034 42352 256
a 4035 1008 256
a 4036 31216 64
a 4037 5392 256
a 4038 800 16
a 4039 8352 16
a 4040 6080 256
a 4041 57312 256
a 4042 416 256
a 4043 992 64
a 4044 33760 256
a 4045 544 16
a 4046 6448 16
a 4047 480 64
a 4048 3008 256
a 4049 36464 16
a 4050 592 16
a 4051 864 256
a 4052 304 16
a 4053 3552 256
a 4054 3632 16
a 4055 3552 16
a 4056 1616 64
a 4057 58272 16
a 4058 41728 256
a 4059 19168 256
a 4060 1152 64
a 4061 7664 16
a 4062 9728 64
a 4063 3168 256
a 4064 1152 256
a 4065 3696 64
a 4066 1920 64
a 4067 8560 256
a 4068 784 16
a 4069 608 16
a 4070 2208 256
a 4071 464 256
a 4072 1936 256
a 4073 1520 64
a 4074 31488 256
a 4075 3552 64
a 4076 19312 64
a 4077 1008 256
a 4078 29312 256
a 4079 32192 256
a 4080 960 16
a 4081 640 16
a 4082 24560 16
a 4083 5008 64
a 4084 7248 256
a 4085 3648 16
a 4086 4656 16
a 4087 6000 256
a 4088 2960 256
a 4089 60448 16
a 4090 2336 16
a 4091 816 64
a 4092 2032 64
a 4093 48016 16
a 4094 400 16
a 4095 1920 64
a 4096 15008 16
a 4097 2928 64
a 4098 6736 256
a 4099 5472 64
a 4100 62672 16
a 4101 7152 16
a 4102 17904 256
a 4103 4016 64
a 4104 432 64
a 4105 1872 256
a 4106 24080 16
a 4107 12528 256
a 4108 9536 16
a 4109 3632 64
a 4110 56224 64
a 4111 544 256
a 4112 1664 16
a 4113 5824 256
a 4114 3424 16
a 4115 33600 16
a 4116 4752 256
a 4117 13296 256
a 4118 9504 16
a 4119 16944 16
a 4120 1872 256
a 4121 15760 64
a 4122 31920 64
a 4123 928 16
a 4124 656 256
a 4125 15216 16
a 4126 368 256
a 4127 400 64
a 4128 54080 16
a 4129 52080 256
a 4130 1808 16
a 4131 46544 256
a 4132 36224 256
a 4133 9632 16
a 4134 576 256
a 4135 640 16
a 4136 624 16
a 4137 1200 256
a 4138 3248 16
a 4139 688 64
a 4140 2240 256
a 4141 8512 16
a 4142 864 64
a 4143 3360 256
a 4144 320 64
a 4145 60720 256
a 4146 2000 16
a 4147 2176 64
a 4148 1136 16
a 4149 288 64
a 4150 29744 16
a 4151 43344 16
a 4152 2848 16
a 4153 7744 16
a 4154 11024 64
a 4155 2992 64
a 4156 14896 64
a 4157 960 16
a 4158 15232 256
a 4159 38928 16
a 4160 368 256
a 4161 40624 256
a 4162 4576 256
a 4163 3584 256
a 4164 60848 64
a 4165 1440 256
a 4166 1088 256
a 4167 47408 256
a 4168 320 16
a 4169 49072 64
a 4170 54768 16
a 4171 2448 64
a 4172 3424 16
a 4173 15216 256
a 4174 16480 16
a 4175 1824 256
a 4176 4592 16
a 4177 2192 256
a 4178 288 64
a 4179 5008 256
a 4180 336 64
a 4181 480 256
a 4182 1792 16
a 4183 13904 16
a 4184 12608 256
a 4185 9472 64
a 4186 3680 64
a 4187 512 256
a 4188 8672 256
a 4189 14672 64
a 4190 1152 64
a 4191 2688 16
a 4192 10640 256
a 4193 368 16
a 4194 992 256
a 4195 7968 64
a 4196 1904 64
a 4197 12752 256
a 4198 1216 256
a 4199 912 256
a 4200 1312 64
a 4201 13616 16
a 4202 512 256
a 4203 1040 64
a 4204 47424 64
a 4205 53536 64
a 4206 1968 256
a 4207 3328 16
a 4208 304 16
a 4209 1520 64
a 4210 54768 64
a 4211 592 64
a 4212 35520 16
a 4213 10976 64
a 4214 12752 64
a 4215 272 16
a 4216 61904 64
a 4217 10128 16
a 4218 18688 16
a 4219 1952 16
a 4220 49760 64
a 4221 5952 16
a 4222 1232 16
a 4223 464 256
a 4224 12400 16
a 4225 304 64
a 4226 1616 16
a 4227 9360 16
a 4228 3888 256
a 4229 384 64
a 4230 51296 16
a 4231 3744 16
a 4232 656 256
a 4233 768 16
a 4234 1808 64
a 4235 3040 64
a 4236 48464 64
a 4237 2096 256
a 4238 432 64
a 4239 1888 64
a 4240 352 256
a 4241 320 256
a 4242 6336 256
a 4243 4800 64
a 4244 1296 16
a 4245 3152 64
a 4246 432 256
a 4247 14256 256
a 4248 6976 256
a 4249 752 256
a 4250 1312 64
a 4251 736 16
a 4252 15712 64
a 4253 4688 256
a 4254 7552 64
a 4255 2608 64
a 4256 6080 256
a 4257 640 64
a 4258 48288 16
a 4259 416 64
a 4260 432 256
a 4261 8912 16
a 4262 784 256
a 4263 57888 256
a 4264 6368 64
a 4265 1088 256
a 4266 480 16
a 4267 15424 256
a 4268 720 16
a 4269 1440 64
a 4270 2032 64
a 4271 25360 256
a 4272 480 256
a 4273 39184 256
a 4274 7136 256
a 4275 2400 16
a 4276 1440 16
a 4277 960 16
a 4278 336 16
a 4279 50288 16
a 4280 1936 64
a 4281 288 256
a 4282 928 64
a 4283 62352 64
a 4284 12112 64
a 4285 912 64
a 4286 2256 64
a 4287 14976 64
a 4288 3040 64
a 4289 28368 256
a 4290 336 64
a 4291 4320 64
a 4292 19424 64
a 4293 464 16
a 4294 33520 16
a 4295 17088 256
a 4296 4304 64
a 4297 1776 64
a 4298 18944 16
a 4299 25568 64
a 4300 288 64
a 4301 56464 64
a 4302 5408 16
a 4303 12080 64
a 4304 384 256
a 4305 1584 256
a 4306 5616 256
a 4307 400 64
a 4308 6624 64
a 4309 512 64
a 4310 16256 64
a 4311 26768 16
a 4312 928 16
a 4313 320 16
a 4314 12800 16
a 4315 2448 256
a 4316 3600 16
a 4317 4016 64
a 4318 25696 256
a 4319 480 16
a 4320 30112 16
a 4321 2528 16
a 4322 21312 16
a 4323 1472 64
a 4324 832 64
a 4325 5616 256
a 4326 47856 256
a 4327 25616 64
a 4328 688 64
a 4329 1840 16
a 4330 29424 256
a 4331 4048 16
a 4332 15136 16
a 4333 42800 64
a 4334 25536 64
a 4335 22288 16
a 4336 7968 256
a 4337 9584 256
a 4338 22176 256
a 4339 30864 16
a 4340 384 16
a 4341 7712 256
a 4342 38704 256
a 4343 800 64
a 4344 5728 256
a 4345 10640 64
a 4346 13136 64
a 4347 21728 256
a 4348 464 256
a 4349 15808 256
a 4350 992 256
a 4351 304 256
a 4352 31728 256
a 4353 8656 256
a 4354 30400 16
a 4355 14208 16
a 4356 63168 16
a 4357 60304 16
a 4358 63024 16
a 4359 12560 256
a 4360 6288 64
a 4361 1440 64
a 4362 8128 256
a 4363 1632 64
a 4364 6672 16
a 4365 32000 256
a 4366 1232 64
a 4367 7088 256
a 4368 46832 64
a 4369 1520 64
a 4370 2320 256
a 4371 11856 64
a 4372 6480 16
a 4373 368 16
a 4374 23536 16
a 4375 672 64
a 4376 17248 64
a 4377 8704 256
a 4378 3888 16
a 4379 13296 256
a 4380 18272 256
a 4381 6624 16
a 4382 13904 16
a 4383 14048 16
a 4384 400 16
a 4385 1456 16
a 4386 18096 64
a 4387 14176 256
a 4388 400 16
a 4389 432 16
a 4390 5168 16
a 4391 64928 64
a 4392 432 256
a 4393 31136 16
a 4394 1456 64
a 4395 10704 256
a 4396 60704 64
a 4397 9120 256
a 4398 27232 64
a 4399 52256 16
a 4400 15104 16
a 4401 43856 64
a 4402 14976 256
a 4403 736 64
a 4404 1536 64
a 4405 48816 16
a 4406 2080 64
a 4407 672 16
a 4408 496 64
a 4409 32896 16
a 4410 15424 64
a 4411 10672 256
a 4412 57552 64
a 4413 2464 64
a 4414 2816 64
a 4415 1056 256
a 4416 7856 16
a 4417 416 64
a 4418 16416 64
a 4419 26544 256
a 4420 720 64
a 4421 400 256
a 4422 3984 64
a 4423 1120 64
a 4424 12576 64
a 4425 3152 16
a 4426 928 64
a 4427 21840 16
a 4428 19904 64
a 4429 8496 256
a 4430 28992 64
a 4431 400 64
a 4432 4320 16
a 4433 4352 256
a 4434 512 256
a 4435 272 16
a 4436 30544 16
a 4437 464 64
a 4438 25856 256
a 4439 3408 256
a 4440 12000 16
a 4441 368 16
a 4442 2032 64
a 4443 15136 16
a 4444 1344 256
a 4445 688 64
a 4446 304 256
a 4447 4112 16
a 4448 30576 256
a 4449 496 64
a 4450 13520 16
a 4451 44128 16
a 4452 11872 16
a 4453 26368 64
a 4454 6208 256
a 4455 58688 64
a 4456 4832 16
a 4457 1408 16
a 4458 5872 256
a 4459 40704 64
a 4460 11184 16
a 4461 57264 16
a 4462 5872 64
a 4463 2384 16
a 4464 54304 64
a 4465 30768 256
a 4466 1488 16
a 4467 6304 16
a 4468 7776 64
a 4469 64336 64
a 4470 3520 16
a 4471 32272 16
a 4472 13696 256
a 4473 528 256
a 4474 320 16
a 4475 14496 64
a 4476 6192 64
a 4477 59440 16
a 4478 464 256
a 4479 7104 16
a 4480 11488 64
a 4481 336 64
a 4482 41600 64
a 4483 35088 256
a 4484 36896 16
a 4485 23280 64
a 4486 400 256
a 4487 7904 256
a 4488 25040 64
a 4489 1344 16
a 4490 2016 256
a 4491 14432 16
a 4492 55776 16
a 4493 1776 256
a 4494 9824 64
a 4495 3248 64
a 4496 3216 64
a 4497 50496 256
a 4498 5168 64
a 4499 15920 256
a 4500 2400 16
a 4501 2752 16
a 4502 32656 16
a 4503 1712 64
a 4504 19392 64
a 4505 464 16
a 4506 992 64
a 4507 1632 16
a 4508 448 64
a 4509 25728 256
a 4510 30400 256
a 4511 6784 16
a 4512 62432 256
a 4513 10368 256
a 4514 736 64
a 4515 1680 256
a 4516 1968 16
a 4517 752 256
a 4518 416 64
a 4519 1808 16
a 4520 1760 16
a 4521 976 256
a 4522 47248 256
a 4523 8112 256
a 4524 1504 16
a 4525 40080 256
a 4526 512 256
a 4527 9280 64
a 4528 25584 16
a 4529 2768 64
a 4530 55168 64
a 4531 336 16
a 4532 1696 64
a 4533 2016 256
a 4534 1392 64
a 4535 19648 64
a 4536 2224 16
a 4537 3536 16
a 4538 1024 256
a 4539 34096 16
a 4540 5056 16
a 4541 416 256
a 4542 8128 16
a 4543 8176 64
a 4544 1184 256
a 4545 1888 16
a 4546 512 256
a 4547 7696 256
a 4548 7776 16
a 4549 19072 256
a 4550 15248 16
a 4551 24880 16
a 4552 1312 16
a 4553 1840 16
a 4554 52784 16
a 4555 11904 16
a 4556 432 256
a 4557 512 64
a 4558 304 64
a 4559 5152 64
a 4560 3440 256
a 4561 1200 16
a 4562 26080 16
a 4563 1936 256
a 4564 61264 64
a 4565 9392 256
a 4566 336 64
a 4567 6768 64
a 4568 16784 16
a 4569 272 256
a 4570 16384 256
a 4571 4576 256
a 4572 1552 256
a 4573 31520 64
a 4574 1120 64
a 4575 12000 256
a 4576 512 16
a 4577 14176 256
a 4578 704 64
a 4579 26704 64
a 4580 18880 256
a 4581 3856 256
a 4582 36624 16
a 4583 8224 256
a 4584 2272 16
a 4585 384 256
a 4586 1600 16
a 4587 1728 256
a 4588 368 256
a 4589 12096 256
a 4590 1760 64
a 4591 32240 64
a 4592 56832 16
a 4593 6752 64
a 4594 61792 256
a 4595 6176 16
a 4596 26816 64
a 4597 1712 256
a 4598 304 64
a 4599 784 64
a 4600 512 16
a 4601 288 64
a 4602 59040 64
a 4603 30736 256
a 4604 1984 16
a 4605 448 64
a 4606 3680 256
a 4607 5776 256
a 4608 1120 16
a 4609 1184 256
a 4610 49376 16
a 4611 35168 64
a 4612 560 256
a 4613 9664 256
a 4614 5680 256
a 4615 27616 256
a 4616 4240 256
a 4617 47760 64
a 4618 448 64
a 4619 56224 256
a 4620 896 256
a 4621 5568 64
a 4622 7952 256
a 4623 1616 256
a 4624 1616 16
a 4625 1520 64
a 4626 8160 64
a 4627 31984 16
a 4628 3376 16
a 4629 512 256
a 4630 13184 64
a 4631 8448 256
a 4632 4224 256
a 4633 32288 256
a 4634 2896 64
a 4635 9520 16
a 4636 464 256
a 4637 5264 64
a 4638 37456 256
a 4639 34576 64
a 4640 4208 256
a 4641 19792 16
a 4642 3584 16
a 4643 13312 64
a 4644 8976 256
a 4645 3664 256
a 4646 272 16
a 4647 12416 16
a 4648 3680 64
a 4649 6112 256
a 4650 3648 16
a 4651 11168 16
a 4652 4192 16
a 4653 62576 64
a 4654 15968 16
a 4655 512 16
a 4656 704 256
a 4657 288 256
a 4658 31376 64
a 4659 12944 256
a 4660 9120 256
a 4661 352 256
a 4662 38320 256
a 4663 40864 16
a 4664 1168 16
a 4665 16176 64
a 4666 1712 16
a 4667 6384 256
a 4668 2624 16
a 4669 3136 64
a 4670 368 16
a 4671 3008 16
a 4672 23568 64
a 4673 448 256
a 4674 8224 64
a 4675 20912 64
a 4676 4368 64
a 4677 2048 16
a 4678 1680 256
a 4679 448 64
a 4680 35744 16
a 4681 6784 64
a 4682 13536 16
a 4683 6432 64
a 4684 62624 256
a 4685 14560 256
a 4686 23008 256
a 4687 6464 64
a 4688 288 256
a 4689 13024 16
a 4690 3520 16
a 4691 1712 256
a 4692 17824 16
a 4693 4144 256
a 4694 8272 64
a 4695 3984 16
a 4696 2192 64
a 4697 43888 64
a 4698 21344 16
a 4699 928 64
a 4700 9120 64
a 4701 13552 16
a 4702 4480 256
a 4703 3600 256
a 4704 6256 256
a 4705 20016 64
a 4706 272 16
a 4707 8256 256
a 4708 9808 16
a 4709 848 16
a 4710 5456 16
a 4711 2496 16
a 4712 3632 16
a 4713 38880 64
a 4714 768 64
a 4715 35488 16
a 4716 1888 256
a 4717 1984 16
a 4718 640 16
a 4719 1472 64
a 4720 5328 64
a 4721 2752 64
a 4722 8480 256
a 4723 1856 256
a 4724 9088 64
a 4725 1904 64
a 4726 6640 64
a 4727 62144 256
a 4728 20112 256
a 4729 784 16
a 4730 1888 16
a 4731 60176 16
a 4732 11744 64
a 4733 1936 256
a 4734 4064 256
a 4735 10336 16
a 4736 32624 256
a 4737 28496 64
a 4738 288 256
a 4739 21968 64
a 4740 1808 256
a 4741 12832 64
a 4742 14592 64
a 4743 17088 16
a 4744 3456 64
a 4745 3536 64
a 4746 1360 16
a 4747 10544 16
a 4748 3392 64
a 4749 1728 64
a 4750 9872 256
a 4751 38480 64
a 4752 336 64
a 4753 9824 256
a 4754 576 64
a 4755 5072 64
a 4756 4704 256
a 4757 20304 16
a 4758 1312 64
a 4759 7408 16
a 4760 480 64
a 4761 1120 16
a 4762 368 256
a 4763 50976 64
a 4764 1936 64
a 4765 976 64
a 4766 528 256
a 4767 1216 256
a 4768 4496 64
a 4769 944 16
a 4770 56208 256
a 4771 3760 256
a 4772 7552 64
a 4773 3104 16
a 4774 27680 64
a 4775 448 256
a 4776 3056 256
a 4777 2432 16
a 4778 21952 256
a 4779 14240 256
a 4780 1872 16
a 4781 15632 16
a 4782 976 16
a 4783 29872 64
a 4784 2416 256
a 4785 11136 256
a 4786 304 64
a 4787 1104 16
a 4788 23936 16
a 4789 11584 256
a 4790 7888 16
a 4791 13728 64
a 4792 32128 16
a 4793 14336 16
a 4794 17600 256
a 4795 13936 64
a 4796 22160 64
a 4797 1968 64
a 4798 11520 16
a 4799 5728 64
a 4800 3536 64
a 4801 2016 256
a 4802 40112 16
a 4803 304 256
a 4804 15920 256
a 4805 432 16
a 4806 12048 16
a 4807 432 16
a 4808 13568 16
a 4809 3216 16
a 4810 23776 256
a 4811 53568 256
a 4812 976 16
a 4813 46304 16
a 4814 1104 256
a 4815 4080 256
a 4816 352 64
a 4817 37600 16
a 4818 5872 64
a 4819 8128 16
a 4820 5184 256
a 4821 7776 16
a 4822 1488 16
a 4823 5952 256
a 4824 13744 64
a 4825 400 16
a 4826 49504 16
a 4827 1824 16
a 4828 368 64
a 4829 14336 16
a 4830 6176 256
a 4831 480 64
a 4832 320 256
a 4833 848 16
a 4834 1584 16
a 4835 23152 64
a 4836 5648 256
a 4837 59600 256
a 4838 3312 256
a 4839 432 16
a 4840 3408 256
a 4841 1232 64
a 4842 13680 256
a 4843 50608 64
a 4844 10032 64
a 4845 1280 64
a 4846 3952 16
a 4847 8320 64
a 4848 480 256
a 4849 352 64
a 4850 3136 64
a 4851 8976 16
a 4852 31184 64
a 4853 6128 256
a 4854 1008 256
a 4855 57184 16
a 4856 1024 16
a 4857 3968 64
a 4858 496 64
a 4859 1008 64
a 4860 1744 256
a 4861 3872 64
a 4862 8112 64
a 4863 7296 64
a 4864 1120 16
a 4865 8176 256
a 4866 1712 16
a 4867 58048 256
a 4868 28512 256
a 4869 384 64
a 4870 2928 64
a 4871 2560 256
a 4872 11120 64
a 4873 752 16
a 4874 12064 256
a 4875 3792 256
a 4876 6416 16
a 4877 20208 64
a 4878 832 64
a 4879 1488 16
a 4880 41152 16
a 4881 1392 256
a 4882 928 64
a 4883 1456 16
a 4884 1248 64
a 4885 57312 64
a 4886 640 16
a 4887 12192 256
a 4888 1024 256
a 4889 44672 64
a 4890 4688 64
a 4891 2512 64
a 4892 4160 256
a 4893 352 256
a 4894 2800 16
a 4895 512 256
a 4896 400 16
a 4897 16160 256
a 4898 7664 64
a 4899 624 256
a 4900 14656 64
a 4901 2992 256
a 4902 50816 16
a 4903 9232 256
a 4904 1472 256
a 4905 656 16
a 4906 432 256
a 4907 27248 16
a 4908 352 64
a 4909 848 64
a 4910 304 256
a 4911 3632 16
a 4912 60784 256
a 4913 1728 16
a 4914 3744 16
a 4915 7488 64
a 4916 40640 64
a 4917 16320 64
a 4918 7072 64
a 4919 4432 64
a 4920 11424 64
a 4921 28640 64
a 4922 800 256
a 4923 1008 64
a 4924 8112 256
a 4925 32384 64
a 4926 8496 16
a 4927 7472 256
a 4928 960 64
a 4929 13536 64
a 4930 1120 64
a 4931 3552 64
a 4932 5136 256
a 4933 53232 64
a 4934 640 16
a 4935 2048 256
a 4936 512 256
a 4937 9152 16
a 4938 304 16
a 4939 5632 16
a 4940 50544 256
a 4941 3408 64
a 4942 2048 64
a 4943 3296 64
a 4944 8656 64
a 4945 32080 64
a 4946 3056 16
a 4947 752 16
a 4948 1712 256
a 4949 50976 256
a 4950 16992 64
a 4951 544 16
a 4952 14816 64
a 4953 36016 256
a 4954 1232 256
a 4955 30432 16
a 4956 21408 16
a 4957 52832 256
a 4958 1840 16
a 4959 53344 64
a 4960 27040 16
a 4961 496 64
a 4962 31472 64
a 4963 3056 64
a 4964 1952 256
a 4965 13472 16
a 4966 27792 256
a 4967 496 64
a 4968 21824 64
a 4969 1984 256
a 4970 53488 256
a 4971 30752 64
a 4972 2192 16
a 4973 1872 16
a 4974 5952 256
a 4975 16192 16
a 4976 2048 256
a 4977 288 256
a 4978 16160 16
a 4979 1824 256
a 4980 7584 256
a 4981 1840 64
a 4982 592 256
a 4983 61200 64
a 4984 4032 256
a 4985 9440 256
a 4986 27024 256
a 4987 22432 64
a 4988 20928 64
a 4989 1984 256
a 4990 4672 64
a 4991 27952 16
a 4992 5728 16
a 4993 592 64
a 4994 1184 16
a 4995 3904 64
a 4996 384 16
a 4997 58048 256
a 4998 5568 64
a 4999 1040 64
a 5000 752 16
a 5001 5360 16
a 5002 416 16
a 5003 56208 64
a 5004 12800 16
a 5005 3168 64
a 5006 816 16
a 5007 1392 64
a 5008 3952 256
a 5009 23056 64
a 5010 272 16
a 5011 368 256
a 5012 2384 64
a 5013 46224 16
a 5014 8000 256
a 5015 4384 16
a 5016 336 16
a 5017 24400 256
a 5018 61200 16
a 5019 65456 64
a 5020 26224 256
a 5021 544 256
a 5022 4112 64
a 5023 52640 64
a 5024 7520 64
a 5025 976 16
a 5026 3328 64
a 5027 62800 64
a 5028 272 256
a 5029 27280 256
a 5030 640 256
a 5031 1520 64
a 5032 1600 64
a 5033 27040 64
a 5034 3584 256
a 5035 4048 16
a 5036 1248 16
a 5037 1952 64
a 5038 48416 16
a 5039 23456 64
a 5040 22832 16
a 5041 2992 256
a 5042 3840 64
a 5043 3264 256
a 5044 10560 256
a 5045 15664 256
a 5046 3920 256
a 5047 368 64
a 5048 816 256
a 5049 3472 64
a 5050 1664 16
a 5051 25568 64
a 5052 7776 16
a 5053 288 16
a 5054 43008 16
a 5055 832 16
a 5056 448 64
a 5057 320 64
a 5058 11680 256
a 5059 992 64
a 5060 5168 256
a 5061 3760 16
a 5062 672 64
a 5063 12784 64
a 5064 3792 16
a 5065 26384 16
a 5066 29568 64
a 5067 30640 64
a 5068 7488 256
a 5069 352 256
a 5070 11536 256
a 5071 46080 16
a 5072 6048 16
a 5073 928 16
a 5074 1552 16
a 5075 53872 256
a 5076 43200 16
a 5077 464 16
a 5078 13968 256
a 5079 43184 16
a 5080 32416 64
a 5081 2608 64
a 5082 8928 64
a 5083 352 256
a 5084 11168 64
a 5085 384 256
a 5086 880 256
a 5087 5936 256
a 5088 432 256
a 5089 44032 64
a 5090 352 256
a 5091 45056 256
a 5092 29056 16
a 5093 31760 64
a 5094 4880 16
a 5095 8688 16
a 5096 2672 256
a 5097 480 64
a 5098 928 64
a 5099 512 16
a 5100 16560 256
a 5101 16032 16
a 5102 992 64
a 5103 1440 64
a 5104 1504 64
a 5105 384 256
a 5106 7968 256
a 5107 19952 256
a 5108 13712 16
a 5109 2800 256
a 5110 13104 16
a 5111 10048 16
a 5112 30112 64
a 5113 4032 256
a 5114 480 16
a 5115 1568 256
a 5116 3488 256
a 5117 768 16
a 5118 2384 256
a 5119 848 256
a 5120 2320 16
a 5121 8080 64
a 5122 2032 256
a 5123 3360 16
a 5124 1264 256
a 5125 400 64
a 5126 44560 16
a 5127 3936 16
a 5128 9856 256
a 5129 272 256
a 5130 4512 256
a 5131 23712 16
a 5132 416 64
a 5133 7216 256
a 5134 24432 64
a 5135 43664 256
a 5136 64208 16
a 5137 1424 64
a 5138 47168 256
a 5139 3168 256
a 5140 6064 256
a 5141 9600 16
a 5142 784 64
a 5143 31920 256
a 5144 53680 64
a 5145 1280 16
a 5146 720 64
a 5147 7872 64
a 5148 1136 256
a 5149 6784 16
a 5150 480 64
a 5151 2544 16
a 5152 480 64
a 5153 512 16
a 5154 816 256
a 5155 832 64
a 5156 15728 256
a 5157 1184 16
a 5158 7632 64
a 5159 2944 64
a 5160 11536 64
a 5161 544 256
a 5162 2816 16
a 5163 7744 16
a 5164 1168 64
a 5165 320 256
a 5166 432 256
a 5167 3232 64
a 5168 288 16
a 5169 39696 16
a 5170 3200 64
a 5171 288 16
a 5172 5120 256
a 5173 21056 256
a 5174 18704 16
a 5175 368 256
a 5176 36320 16
a 5177 3760 64
a 5178 17968 256
a 5179 1344 256
a 5180 528 256
a 5181 448 16
a 5182 336 64
a 5183 272 64
a 5184 7072 64
a 5185 3712 16
a 5186 2528 16
a 5187 6816 64
a 5188 59280 64
a 5189 11360 16
a 5190 1632 64
a 5191 23296 16
a 5192 448 64
a 5193 58352 16
a 5194 944 64
a 5195 1472 16
a 5196 27008 16
a 5197 384 16
a 5198 8352 256
a 5199 528 16
a 5200 59968 256
a 5201 46480 64
a 5202 480 256
a 5203 29392 256
a 5204 3376 256
a 5205 1200 256
a 5206 3632 16
a 5207 1376 16
a 5208 20256 16
a 5209 688 256
a 5210 11792 16
a 5211 54736 64
a 5212 3600 256
a 5213 27216 16
a 5214 7360 16
a 5215 1360 256
a 5216 752 64
a 5217 1376 256
a 5218 13968 16
a 5219 592 256
a 5220 6240 256
a 5221 44640 16
a 5222 9920 64
a 5223 28400 16
a 5224 32160 16
a 5225 3456 64
a 5226 720 256
a 5227 26336 16
a 5228 15872 256
a 5229 38128 64
a 5230 8288 16
a 5231 720 16
a 5232 26208 64
a 5233 14416 256
a 5234 46256 256
a 5235 13472 64
a 5236 2544 64
a 5237 2560 64
a 5238 1984 64
a 5239 11152 64
a 5240 7696 256
a 5241 1104 16
a 5242 2416 64
a 5243 2960 16
a 5244 14368 16
a 5245 512 64
a 5246 432 256
a 5247 7152 64
a 5248 57632 16
a 5249 8864 256
a 5250 800 64
a 5251 3776 256
a 5252 1488 256
a 5253 13520 64
a 5254 6272 256
a 5255 41472 256
a 5256 57792 256
a 5257 3936 16
a 5258 8208 64
a 5259 2272 16
a 5260 608 256
a 5261 2432 16
a 5262 5040 256
a 5263 800 16
a 5264 6592 64
a 5265 2928 256
a 5266 9840 256
a 5267 14448 256
a 5268 448 64
a 5269 2288 64
a 5270 1136 64
a 5271 2304 16
a 5272 3776 64
a 5273 304 256
a 5274 3440 64
a 5275 1808 16
a 5276 12096 256
a 5277 38464 16
a 5278 880 256
a 5279 5904 64
a 5280 3408 256
a 5281 672 256
a 5282 7760 16
a 5283 27632 256
a 5284 2160 256
a 5285 992 64
a 5286 704 64
a 5287 448 256
a 5288 1568 256
a 5289 1216 64
a 5290 976 256
a 5291 1904 256
a 5292 3568 16
a 5293 1344 16
a 5294 272 16
a 5295 1088 16
a 5296 1088 16
a 5297 1040 16
a 5298 5552 64
a 5299 4032 64
a 5300 34000 64
a 5301 11152 16
a 5302 14864 64
a 5303 41040 16
a 5304 15872 16
a 5305 34160 256
a 5306 63984 16
a 5307 816 64
a 5308 6512 64
a 5309 480 16
a 5310 1520 64
a 5311 45328 256
a 5312 6992 16
a 5313 3600 256
a 5314 464 64
a 5315 2560 64
a 5316 688 64
a 5317 14592 256
a 5318 61568 64
a 5319 1072 256
a 5320 6640 256
a 5321 12336 64
a 5322 47760 16
a 5323 17888 64
a 5324 336 256
a 5325 880 16
a 5326 18192 64
a 5327 52032 256
a 5328 8384 256
a 5329 5680 16
a 5330 16048 64
a 5331 848 16
a 5332 15904 256
a 5333 23648 64
a 5334 59904 64
a 5335 720 256
a 5336 22096 64
a 5337 3200 16
a 5338 20432 256
a 5339 24992 256
a 5340 368 16
a 5341 2048 64
a 5342 1152 64
a 5343 26064 256
a 5344 4096 256
a 5345 4096 256
a 5346 560 256
a 5347 736 256
a 5348 1792 16
a 5349 2000 256
a 5350 1360 64
a 5351 49008 256
a 5352 8800 16
a 5353 34096 64
a 5354 52080 256
a 5355 1664 64
a 5356 2544 16
a 5357 17168 16
a 5358 6528 256
a 5359 37728 256
a 5360 1248 256
a 5361 7600 64
a 5362 1984 256
a 5363 7344 16
a 5364 26064 64
a 5365 768 16
a 5366 2528 64
a 5367 432 16
a 5368 288 256
a 5369 57152 16
a 5370 36736 16
a 5371 61168 64
a 5372 18240 16
a 5373 15072 256
a 5374 480 256
a 5375 56464 256
a 5376 384 256
a 5377 4816 16
a 5378 51168 16
a 5379 5392 64
a 5380 8496 16
a 5381 1264 64
a 5382 48272 64
a 5383 1760 16
a 5384 1328 64
a 5385 32992 64
a 5386 30624 16
a 5387 3584 16
a 5388 2240 256
a 5389 7504 256
a 5390 1712 64
a 5391 2208 64
a 5392 800 256
a 5393 15728 256
a 5394 336 64
a 5395 608 16
a 5396 1552 256
a 5397 20624 64
a 5398 9344 64
a 5399 50864 64
a 5400 496 256
a 5401 1168 64
a 5402 2480 64
a 5403 512 64
a 5404 3824 64
a 5405 6064 16
a 5406 3872 256
a 5407 11520 64
a 5408 608 16
a 5409 272 16
a 5410 1568 16
a 5411 3120 64
a 5412 320 256
a 5413 33520 64
a 5414 34144 64
a 5415 6832 64
a 5416 43808 64
a 5417 34864 64
a 5418 784 64
a 5419 37136 64
a 5420 4976 256
a 5421 63168 256
a 5422 592 16
a 5423 47888 16
a 5424 14848 256
a 5425 15072 256
a 5426 9280 256
a 5427 26320 16
a 5428 736 64
a 5429 1520 16
a 5430 752 64
a 5431 1152 16
a 5432 960 16
a 5433 960 16
a 5434 14288 16
a 5435 27712 64
a 5436 1168 256
a 5437 992 64
a 5438 1248 64
a 5439 3920 256
a 5440 816 16
a 5441 6336 16
a 5442 19680 64
a 5443 848 16
a 5444 512 16
a 5445 13504 64
a 5446 12416 256
a 5447 33648 256
a 5448 8880 64
a 5449 24128 256
a 5450 57488 256
a 5451 7536 64
a 5452 13552 64
a 5453 288 256
a 5454 512 64
a 5455 7168 64
a 5456 272 64
a 5457 1024 64
a 5458 24064 256
a 5459 33984 64
a 5460 2960 64
a 5461 12768 256
a 5462 29232 16
a 5463 9600 16
a 5464 288 16
a 5465 20256 64
a 5466 4048 16
a 5467 41120 16
a 5468 24704 64
a 5469 320 256
a 5470 6592 64
a 5471 2512 16
a 5472 36032 64
a 5473 1232 16
a 5474 25248 16
a 5475 4080 64
a 5476 1456 64
a 5477 3488 256
a 5478 40800 64
a 5479 14304 64
a 5480 27648 256
a 5481 31472 256
a 5482 24144 16
a 5483 27264 256
a 5484 49184 256
a 5485 1312 64
a 5486 4352 256
a 5487 5520 256
a 5488 61968 256
a 5489 1184 256
a 5490 896 256
a 5491 1888 64
a 5492 63056 64
a 5493 22864 256
a 5494 688 64
a 5495 13008 256
a 5496 4928 256
a 5497 1824 256
a 5498 3504 64
a 5499 5744 256
a 5500 35648 16
a 5501 5792 256
a 5502 1392 16
a 5503 32256 16
a 5504 2944 16
a 5505 54544 256
a 5506 496 16
a 5507 13296 64
a 5508 3072 16
a 5509 3648 16
a 5510 3632 16
a 5511 31408 64
a 5512 432 16
a 5513 28016 16
a 5514 2688 64
a 5515 1664 64
a 5516 38400 256
a 5517 10864 16
a 5518 576 16
a 5519 640 16
a 5520 12784 64
a 5521 47232 16
a 5522 944 64
a 5523 8624 16
a 5524 49312 256
a 5525 25136 64
a 5526 1072 64
a 5527 60528 16
a 5528 896 64
a 5529 44704 64
a 5530 496 16
a 5531 38992 16
a 5532 3824 16
a 5533 7856 64
a 5534 7856 16
a 5535 1120 256
a 5536 6832 64
a 5537 1904 256
a 5538 10672 256
a 5539 1072 64
a 5540 1872 256
a 5541 10704 16
a 5542 13984 256
a 5543 22704 64
a 5544 53392 64
a 5545 32352 256
a 5546 688 16
a 5547 43424 16
a 5548 368 256
a 5549 10064 64
a 5550 800 256
a 5551 2016 16
a 5552 320 16
a 5553 20112 64
a 5554 7776 256
a 5555 3936 16
a 5556 3616 64
a 5557 512 256
a 5558 13216 64
a 5559 11936 256
a 5560 44128 16
a 5561 720 256
a 5562 28208 16
a 5563 3296 256
a 5564 448 16
a 5565 26960 256
a 5566 304 256
a 5567 864 16
a 5568 1440 64
a 5569 25552 64
a 5570 49040 16
a 5571 304 256
a 5572 41984 16
a 5573 11472 64
a 5574 34624 256
a 5575 14752 64
a 5576 4384 256
a 5577 368 64
a 5578 528 256
a 5579 10688 16
a 5580 25584 16
a 5581 25264 64
a 5582 656 256
a 5583 7840 64
a 5584 928 256
a 5585 3456 64
a 5586 26352 16
a 5587 7168 256
a 5588 2672 64
a 5589 22784 256
a 5590 3408 256
a 5591 1424 16
a 5592 400 256
a 5593 912 256
a 5594 448 64
a 5595 1056 16
a 5596 11728 16
a 5597 7696 16
a 5598 928 64
a 5599 4800 256
a 5600 19488 256
a 5601 35360 256
a 5602 35312 16
a 5603 10336 16
a 5604 1968 16
a 5605 3472 64
a 5606 3728 16
a 5607 2352 256
a 5608 8544 16
a 5609 944 16
a 5610 54272 256
a 5611 1568 256
a 5612 1552 16
a 5613 1072 64
a 5614 15904 16
a 5615 1424 64
a 5616 304 16
a 5617 19568 256
a 5618 10496 256
a 5619 64000 64
a 5620 14000 256
a 5621 752 64
a 5622 20112 256
a 5623 63040 64
a 5624 1568 16
a 5625 4720 64
a 5626 4064 256
a 5627 3824 64
a 5628 2272 16
a 5629 1648 16
a 5630 4176 256
a 5631 1456 256
a 5632 4768 16
a 5633 2512 64
a 5634 5520 16
a 5635 832 256
a 5636 12064 256
a 5637 54896 256
a 5638 25760 64
a 5639 1200 16
a 5640 272 16
a 5641 58688 256
a 5642 944 16
a 5643 38064 16
a 5644 688 64
a 5645 320 64
a 5646 5712 64
a 5647 736 64
a 5648 496 256
a 5649 336 256
a 5650 54944 64
a 5651 15536 256
a 5652 3472 64
a 5653 432 64
a 5654 7120 64
a 5655 60848 16
a 5656 1488 64
a 5657 14816 16
a 5658 288 16
a 5659 16432 256
a 5660 1632 16
a 5661 2352 16
a 5662 304 16
a 5663 13632 256
a 5664 2608 256
a 5665 10128 16
a 5666 864 64
a 5667 5168 64
a 5668 1760 64
a 5669 688 16
a 5670 18704 16
a 5671 18432 16
a 5672 41872 256
a 5673 304 256
a 5674 11120 16
a 5675 2880 256
a 5676 1520 256
a 5677 3344 64
a 5678 26800 16
a 5679 40560 64
a 5680 1824 64
a 5681 3776 16
a 5682 36848 64
a 5683 1744 256
a 5684 3280 64
a 5685 3680 64
a 5686 15152 256
a 5687 464 256
a 5688 56400 64
a 5689 1488 256
a 5690 48848 16
a 5691 29040 256
a 5692 6496 16
a 5693 1984 16
a 5694 17840 64
a 5695 47952 64
a 5696 2176 256
a 5697 3120 256
a 5698 33008 16
a 5699 5968 16
a 5700 50608 64
a 5701 368 16
a 5702 6512 64
a 5703 624 16
a 5704 5856 64
a 5705 10928 64
a 5706 928 64
a 5707 1264 16
a 5708 480 256
a 5709 960 64
a 5710 5920 256
a 5711 15712 64
a 5712 384 256
a 5713 544 16
a 5714 10976 256
a 5715 54992 64
a 5716 304 64
a 5717 28480 64
a 5718 4544 64
a 5719 1824 16
a 5720 448 16
a 5721 6288 256
a 5722 496 64
a 5723 1184 256
a 5724 6336 256
a 5725 2976 16
a 5726 20192 256
a 5727 528 64
a 5728 288 64
a 5729 12880 64
a 5730 4432 64
a 5731 480 256
a 5732 8144 256
a 5733 6976 16
a 5734 368 64
a 5735 464 16
a 5736 45920 64
a 5737 9040 256
a 5738 928 64
a 5739 32928 64
a 5740 464 64
a 5741 35280 256
a 5742 15344 16
a 5743 12624 16
a 5744 1312 256
a 5745 368 64
a 5746 272 64
a 5747 1248 256
a 5748 2704 16
a 5749 6496 256
a 5750 48880 256
a 5751 24080 64
a 5752 64080 256
a 5753 3008 256
a 5754 928 64
a 5755 35648 256
a 5756 3472 256
a 5757 10432 256
a 5758 2096 16
a 5759 3504 256
a 5760 5264 16
a 5761 976 64
a 5762 1744 64
a 5763 1280 16
a 5764 33648 16
a 5765 22080 64
a 5766 336 16
a 5767 480 256
a 5768 3664 16
a 5769 2928 16
a 5770 1088 256
a 5771 400 16
a 5772 30032 256
a 5773 2224 256
a 5774 1328 64
a 5775 9184 256
a 5776 608 16
a 5777 880 256
a 5778 10752 16
a 5779 1520 16
a 5780 2192 16
a 5781 42736 16
a 5782 7856 64
a 5783 4016 16
a 5784 9168 64
a 5785 1136 16
a 5786 29792 16
a 5787 10048 256
a 5788 30784 16
a 5789 4592 64
a 5790 8768 256
a 5791 7088 16
a 5792 1024 16
a 5793 1680 64
a 5794 7904 64
a 5795 928 16
a 5796 4320 16
a 5797 10064 64
a 5798 16704 256
a 5799 13424 16
a 5800 10736 16
a 5801 6736 64
a 5802 1600 256
a 5803 288 16
a 5804 5104 64
a 5805 816 256
a 5806 1664 256
a 5807 16768 16
a 5808 5376 256
a 5809 23728 64
a 5810 2048 256
a 5811 8064 256
a 5812 416 256
a 5813 48912 64
a 5814 320 64
a 5815 1760 256
a 5816 1904 16
a 5817 27808 64
a 5818 14800 16
a 5819 34688 256
a 5820 4000 64
a 5821 5200 64
a 5822 52464 256
a 5823 25968 64
a 5824 368 256
a 5825 1408 256
a 5826 640 16
a 5827 448 256
a 5828 1760 64
a 5829 2336 16
a 5830 400 16
a 5831 512 256
a 5832 55984 16
a 5833 5152 256
a 5834 17712 16
a 5835 16160 16
a 5836 2304 16
a 5837 8240 16
a 5838 3072 64
a 5839 23536 64
a 5840 49248 16
a 5841 768 64
a 5842 2240 64
a 5843 3296 64
a 5844 1712 64
a 5845 3280 16
a 5846 3296 256
a 5847 2592 256
a 5848 25968 256
a 5849 2928 16
a 5850 416 256
a 5851 2832 64
a 5852 15344 256
a 5853 39440 64
a 5854 1936 256
a 5855 22768 256
a 5856 5888 16
a 5857 304 64
a 5858 62976 256
a 5859 624 64
a 5860 61488 256
a 5861 46176 256
a 5862 32752 256
a 5863 672 256
a 5864 2512 16
a 5865 16720 256
a 5866 2000 64
a 5867 1600 256
a 5868 19616 64
a 5869 6480 64
a 5870 288 16
a 5871 14224 16
a 5872 9440 16
a 5873 25760 16
a 5874 21360 16
a 5875 19440 256
a 5876 320 256
a 5877 576 64
a 5878 544 16
a 5879 2000 16
a 5880 2048 64
a 5881 7888 64
a 5882 1360 64
a 5883 4544 16
a 5884 976 256
a 5885 784 64
a 5886 1456 16
a 5887 336 256
a 5888 14592 256
a 5889 3920 64
a 5890 51600 16
a 5891 1424 256
a 5892 7744 64
a 5893 928 64
a 5894 6256 64
a 5895 4800 256
a 5896 3008 256
a 5897 3232 256
a 5898 1568 64
a 5899 272 256
a 5900 8480 16
a 5901 6528 16
a 5902 4864 16
a 5903 5056 64
a 5904 28496 16
a 5905 464 256
a 5906 6976 256
a 5907 27296 256
a 5908 21504 16
a 5909 2656 256
a 5910 832 64
a 5911 3184 16
a 5912 4288 256
a 5913 1744 64
a 5914 11040 64
a 5915 3456 64
a 5916 1088 64
a 5917 6128 64
a 5918 22368 64
a 5919 784 16
a 5920 5728 256
a 5921 1008 64
a 5922 2544 64
a 5923 10384 64
a 5924 25808 64
a 5925 3296 16
a 5926 864 256
a 5927 9104 64
a 5928 3904 64
a 5929 288 64
a 5930 1856 64
a 5931 992 64
a 5932 864 256
a 5933 464 64
a 5934 55104 256
a 5935 16112 64
a 5936 2080 64
a 5937 608 64
a 5938 592 64
a 5939 896 64
a 5940 656 256
a 5941 32880 16
a 5942 2656 64
a 5943 704 256
a 5944 14032 256
a 5945 46560 64
a 5946 19808 256
a 5947 58384 256
a 5948 8752 64
a 5949 576 256
a 5950 52240 256
a 5951 33856 16
a 5952 832 64
a 5953 12336 16
a 5954 34240 16
a 5955 27296 16
a 5956 12976 16
a 5957 1392 64
a 5958 288 64
a 5959 3728 256
a 5960 2992 256
a 5961 1200 256
a 5962 3904 256
a 5963 480 256
a 5964 46560 256
a 5965 8944 16
a 5966 1120 256
a 5967 13664 16
a 5968 1232 64
a 5969 1792 64
a 5970 6336 256
a 5971 672 256
a 5972 10544 64
a 5973 14016 256
a 5974 3280 256
a 5975 3664 64
a 5976 5808 64
a 5977 880 64
a 5978 3312 64
a 5979 704 256
a 5980 6544 256
a 5981 672 16
a 5982 33552 64
a 5983 10096 16
a 5984 336 64
a 5985 720 16
a 5986 3600 256
a 5987 1312 256
a 5988 2448 64
a 5989 2592 256
a 5990 1424 64
a 5991 8816 16
a 5992 6704 64
a 5993 320 256
a 5994 17104 256
a 5995 13792 64
a 5996 37456 16
a 5997 7328 64
a 5998 9792 256
a 5999 560 16
a 6000 496 16
a 6001 304 256
a 6002 3136 64
a 6003 624 64
a 6004 448 64
a 6005 11008 16
a 6006 1040 64
a 6007 36528 64
a 6008 54960 16
a 6009 4448 16
a 6010 1984 16
a 6011 25712 16
a 6012 33552 16
a 6013 2576 64
a 6014 23904 256
a 6015 5152 64
a 6016 27328 64
a 6017 384 256
a 6018 1744 64
a 6019 29744 16
a 6020 944 16
a 6021 28400 16
a 6022 52368 256
a 6023 2032 64
a 6024 44096 256
a 6025 1408 64
a 6026 26448 16
a 6027 50816 256
a 6028 5776 16
a 6029 1584 64
a 6030 3120 64
a 6031 560 16
a 6032 3488 256
a 6033 928 64
a 6034 1584 64
a 6035 2064 64
a 6036 10528 256
a 6037 3072 16
a 6038 33424 256
a 6039 13824 16
a 6040 26096 256
a 6041 31952 256
a 6042 1808 64
a 6043 43392 16
a 6044 65040 256
a 6045 432 16
a 6046 53088 16
a 6047 8496 64
a 6048 288 64
a 6049 624 256
a 6050 1904 16
a 6051 1440 256
a 6052 496 256
a 6053 400 64
a 6054 55824 16
a 6055 960 16
a 6056 5216 16
a 6057 10608 16
a 6058 336 16
a 6059 35488 64
a 6060 18096 64
a 6061 12848 16
a 6062 3680 64
a 6063 3232 64
a 6064 416 256
a 6065 3408 16
a 6066 7216 64
a 6067 1440 64
a 6068 3568 256
a 6069 336 64
a 6070 1312 256
a 6071 14128 64
a 6072 6256 256
a 6073 1552 16
a 6074 688 16
a 6075 672 64
a 6076 960 64
a 6077 656 64
a 6078 2480 256
a 6079 16176 64
a 6080 1120 256
a 6081 3968 256
a 6082 9920 64
a 6083 1792 256
a 6084 2016 256
a 6085 63552 64
a 6086 2096 256
a 6087 9744 64
a 6088 24480 256
a 6089 8720 16
a 6090 768 16
a 6091 704 256
a 6092 53184 64
a 6093 3664 64
a 6094 7888 64
a 6095 18560 64
a 6096 15584 256
a 6097 2672 256
a 6098 38448 256
a 6099 928 64
a 6100 3344 64
a 6101 304 64
a 6102 5840 64
a 6103 15168 256
a 6104 47536 16
a 6105 24480 16
a 6106 64448 256
a 6107 4496 256
a 6108 1776 64
a 6109 3744 256
a 6110 3664 64
a 6111 11520 16
a 6112 1280 256
a 6113 1136 256
a 6114 49424 256
a 6115 15440 16
a 6116 28896 16
a 6117 13120 256
a 6118 848 16
a 6119 40832 16
a 6120 9904 256
a 6121 704 256
a 6122 15776 256
a 6123 58576 64
a 6124 57744 256
a 6125 8160 256
a 6126 41760 16
a 6127 1920 64
a 6128 1648 256
a 6129 1504 16
a 6130 51328 64
a 6131 13840 16
a 6132 10800 64
a 6133 3104 64
a 6134 31936 64
a 6135 4784 256
a 6136 4912 16
a 6137 22512 64
a 6138 1120 64
a 6139 55440 64
a 6140 55184 64
a 6141 41504 16
a 6142 2480 64
a 6143 11088 64
a 6144 2816 16
a 6145 8720 256
a 6146 3616 16
a 6147 1792 16
a 6148 10592 64
a 6149 23296 256
a 6150 42288 16
a 6151 7728 16
a 6152 12496 64
a 6153 672 64
a 6154 5952 16
a 6155 56192 64
a 6156 30400 256
a 6157 1200 256
a 6158 3200 64
a 6159 1088 256
a 6160 54672 256
a 6161 20112 16
a 6162 26416 256
a 6163 8064 256
a 6164 14240 256
a 6165 8464 256
a 6166 7792 64
a 6167 3936 16
a 6168 448 256
a 6169 64752 256
a 6170 31824 64
a 6171 4096 16
a 6172 624 64
a 6173 272 64
a 6174 24720 16
a 6175 3152 64
a 6176 53744 256
a 6177 448 16
a 6178 28432 16
a 6179 5360 256
a 6180 63600 64
a 6181 23728 256
a 6182 848 256
a 6183 496 64
a 6184 6320 64
a 6185 7584 256
a 6186 2160 64
a 6187 1968 256
a 6188 1648 16
a 6189 55728 16
a 6190 11104 16
a 6191 11472 256
a 6192 21616 64
a 6193 4128 16
a 6194 4608 64
a 6195 2240 16
a 6196 14880 16
a 6197 45872 16
a 6198 1712 256
a 6199 9424 256
a 6200 3056 64
a 6201 2960 16
a 6202 608 256
a 6203 3360 64
a 6204 832 256
a 6205 26032 256
a 6206 14432 16
a 6207 3056 16
a 6208 9200 16
a 6209 3872 256
a 6210 368 256
a 6211 12096 256
a 6212 1984 16
a 6213 2384 16
a 6214 24800 256
a 6215 272 64
a 6216 496 16
a 6217 3888 64
a 6218 6496 16
a 6219 43952 256
a 6220 912 256
a 6221 1584 64
a 6222 1120 64
a 6223 384 256
a 6224 4096 16
a 6225 4240 16
a 6226 880 256
a 6227 944 16
a 6228 1328 16
a 6229 368 16
a 6230 11072 64
a 6231 608 16
a 6232 13232 256
a 6233 27072 16
a 6234 976 16
a 6235 448 16
a 6236 60736 16
a 6237 608 16
a 6238 41728 64
a 6239 2080 64
a 6240 400 16
a 6241 15792 256
a 6242 2624 64
a 6243 5136 256
a 6244 17312 256
a 6245 8048 64
a 6246 2672 64
a 6247 10416 16
a 6248 18608 256
a 6249 272 256
a 6250 59072 64
a 6251 1760 16
a 6252 7184 64
a 6253 27136 16
a 6254 1200 64
a 6255 928 16
a 6256 20960 64
a 6257 1520 256
a 6258 8304 64
a 6259 288 256
a 6260 1216 256
a 6261 1664 64
a 6262 288 256
a 6263 8112 64
a 6264 416 64
a 6265 33168 256
a 6266 3120 16
a 6267 5344 256
a 6268 672 256
a 6269 26976 64
a 6270 544 64
a 6271 1120 16
a 6272 29504 64
a 6273 320 64
a 6274 54288 64
a 6275 8912 64
a 6276 2704 64
a 6277 1696 16
a 6278 41680 256
a 6279 2352 64
a 6280 272 256
a 6281 3200 16
a 6282 3376 256
a 6283 15264 256
a 6284 864 16
a 6285 704 16
a 6286 13904 256
a 6287 19440 256
a 6288 32592 16
a 6289 2288 64
a 6290 44608 256
a 6291 288 16
a 6292 59664 256
a 6293 45456 256
a 6294 26192 256
a 6295 5808 64
a 6296 14528 64
a 6297 3376 16
a 6298 1040 64
a 6299 7536 16
a 6300 1184 256
a 6301 416 64
a 6302 54848 256
a 6303 11152 256
a 6304 512 256
a 6305 2848 256
a 6306 1408 256
a 6307 2832 16
a 6308 4928 64
a 6309 6736 256
a 6310 5408 64
a 6311 2304 16
a 6312 24048 256
a 6313 4944 16
a 6314 736 256
a 6315 2176 256
a 6316 6656 64
a 6317 1136 256
a 6318 2304 16
a 6319 3808 16
a 6320 864 16
a 6321 11152 64
a 6322 272 256
a 6323 2320 256
a 6324 14976 64
a 6325 31600 16
a 6326 18032 256
a 6327 34592 16
a 6328 10304 256
a 6329 416 64
a 6330 272 256
a 6331 19888 256
a 6332 848 64
a 6333 464 16
a 6334 27584 16
a 6335 12512 256
a 6336 864 16
a 6337 11408 64
a 6338 30576 256
a 6339 13056 16
a 6340 800 64
a 6341 816 64
a 6342 49424 256
a 6343 16272 256
a 6344 2016 16
a 6345 3952 64
a 6346 9600 16
a 6347 3008 16
a 6348 944 64
a 6349 47648 64
a 6350 464 256
a 6351 352 256
a 6352 1504 16
a 6353 1376 64
a 6354 704 64
a 6355 39440 16
a 6356 3120 16
a 6357 400 256
a 6358 7536 64
a 6359 6960 64
a 6360 38816 16
a 6361 23936 256
a 6362 10928 16
a 6363 24112 256
a 6364 7792 16
a 6365 3984 16
a 6366 9504 64
a 6367 47952 16
a 6368 4816 256
a 6369 896 16
a 6370 688 64
a 6371 12192 16
a 6372 9920 256
a 6373 336 64
a 6374 1792 64
a 6375 34304 16
a 6376 42928 64
a 6377 7136 16
a 6378 16288 64
a 6379 3600 256
a 6380 16592 16
a 6381 38592 64
a 6382 27472 256
a 6383 10560 256
a 6384 688 256
a 6385 368 256
a 6386 22560 256
a 6387 800 16
a 6388 3248 256
a 6389 19616 16
a 6390 624 64
a 6391 320 64
a 6392 640 16
a 6393 7040 64
a 6394 5952 256
a 6395 960 16
a 6396 30384 256
a 6397 46944 16
a 6398 768 256
a 6399 4816 64
a 6400 34912 16
a 6401 400 16
a 6402 864 256
a 6403 41888 64
a 6404 1584 16
a 6405 2224 64
a 6406 33360 256
a 6407 9152 64
a 6408 29888 256
a 6409 496 256
a 6410 26816 16
a 6411 400 16
a 6412 15136 64
a 6413 2464 64
a 6414 4304 256
a 6415 31872 16
a 6416 496 64
a 6417 384 64
a 6418 50768 256
a 6419 50496 16
a 6420 6256 256
a 6421 4608 16
a 6422 8064 64
a 6423 3872 256
a 6424 272 256
a 6425 976 16
a 6426 30608 16
a 6427 3472 16
a 6428 3072 64
a 6429 992 64
a 6430 12304 256
a 6431 416 64
a 6432 23744 256
a 6433 3856 256
a 6434 3776 16
a 6435 3760 64
a 6436 59328 16
a 6437 880 64
a 6438 18000 16
a 6439 320 16
a 6440 448 256
a 6441 9072 64
a 6442 304 16
a 6443 46592 256
a 6444 4816 16
a 6445 19296 16
a 6446 3696 64
a 6447 31712 16
a 6448 26848 64
a 6449 4976 16
a 6450 7376 16
a 6451 608 64
a 6452 36912 256
a 6453 63312 16
a 6454 23088 256
a 6455 25712 256
a 6456 784 64
a 6457 1712 64
a 6458 19248 64
a 6459 1792 16
a 6460 816 256
a 6461 1040 16
a 6462 816 64
a 6463 3008 256
a 6464 544 16
a 6465 2928 16
a 6466 3824 256
a 6467 2784 64
a 6468 816 64
a 6469 13184 16
a 6470 2000 256
a 6471 52752 256
a 6472 4112 256
a 6473 2448 256
a 6474 832 256
a 6475 47728 64
a 6476 1552 256
a 6477 58608 256
a 6478 416 256
a 6479 15712 16
a 6480 46432 256
a 6481 38736 64
a 6482 1632 16
a 6483 2752 64
a 6484 6112 16
a 6485 10656 16
a 6486 5536 16
a 6487 26112 16
a 6488 960 64
a 6489 1792 64
a 6490 1200 16
a 6491 14880 256
a 6492 12288 256
a 6493 15472 256
a 6494 432 64
a 6495 6768 256
a 6496 432 16
a 6497 10288 64
a 6498 50832 16
a 6499 16496 16
a 6500 832 16
a 6501 4544 16
a 6502 9424 16
a 6503 432 256
a 6504 320 256
a 6505 832 64
a 6506 12240 16
a 6507 560 256
a 6508 880 256
a 6509 49712 256
a 6510 496 256
a 6511 704 16
a 6512 448 64
a 6513 4416 256
a 6514 384 256
a 6515 40176 256
a 6516 1312 16
a 6517 23712 256
a 6518 6048 256
a 6519 912 16
a 6520 12192 64
a 6521 2832 16
a 6522 4784 64
a 6523 320 256
a 6524 512 16
a 6525 18512 256
a 6526 912 16
a 6527 1136 64
a 6528 30528 16
a 6529 896 64
a 6530 5056 256
a 6531 688 64
a 6532 320 256
a 6533 47744 64
a 6534 16816 64
a 6535 19680 256
a 6536 11152 16
a 6537 336 16
a 6538 3552 64
a 6539 3360 16
a 6540 448 256
a 6541 1648 16
a 6542 10352 16
a 6543 496 64
a 6544 1520 64
a 6545 2896 64
a 6546 28496 16
a 6547 37008 256
a 6548 17872 256
a 6549 2176 256
a 6550 672 64
a 6551 6384 64
a 6552 15840 16
a 6553 1248 64
a 6554 43744 256
a 6555 8640 256
a 6556 10864 16
a 6557 4080 16
a 6558 1248 256
a 6559 2080 64
a 6560 32912 256
a 6561 13616 16
a 6562 752 64
a 6563 30832 16
a 6564 20400 64
a 6565 736 16
a 6566 4992 64
a 6567 4352 64
a 6568 15888 256
a 6569 544 16
a 6570 944 256
a 6571 640 64
a 6572 1360 256
a 6573 3296 16
a 6574 1232 256
a 6575 704 256
a 6576 1296 64
a 6577 7328 256
a 6578 512 16
a 6579 27616 64
a 6580 3952 64
a 6581 2144 16
a 6582 9520 64
a 6583 432 16
a 6584 3632 64
a 6585 3152 16
a 6586 3024 256
a 6587 2560 16
a 6588 448 64
a 6589 23968 64
a 6590 7040 16
a 6591 13328 256
a 6592 11072 16
a 6593 1488 16
a 6594 416 256
a 6595 11728 16
a 6596 13200 64
a 6597 12816 16
a 6598 7920 64
a 6599 4048 256
a 6600 1408 256
a 6601 37040 64
a 6602 272 16
a 6603 13824 256
a 6604 992 256
a 6605 3936 16
a 6606 5744 16
a 6607 3504 64
a 6608 19200 16
a 6609 3776 16
a 6610 384 16
a 6611 10512 16
a 6612 4208 16
a 6613 2672 16
a 6614 58832 64
a 6615 61984 16
a 6616 2000 256
a 6617 1712 64
a 6618 432 16
a 6619 448 16
a 6620 3744 256
a 6621 7792 64
a 6622 46272 16
a 6623 7696 256
a 6624 53824 64
a 6625 1984 256
a 6626 1440 16
a 6627 4080 256
a 6628 800 16
a 6629 5536 64
a 6630 23584 64
a 6631 27312 16
a 6632 25712 256
a 6633 2592 16
a 6634 896 64
a 6635 3408 16
a 6636 624 16
a 6637 1024 64
a 6638 44960 256
a 6639 1920 16
a 6640 832 16
a 6641 19184 64
a 6642 24064 64
a 6643 3632 256
a 6644 768 256
a 6645 8416 256
a 6646 3488 16
a 6647 42544 16
a 6648 22240 64
a 6649 7920 256
a 6650 6080 16
a 6651 896 64
a 6652 10208 64
a 6653 512 16
a 6654 3792 64
a 6655 9984 256
a 6656 960 256
a 6657 60208 256
a 6658 10752 256
a 6659 2656 256
a 6660 336 16
a 6661 480 16
a 6662 1536 16
a 6663 896 256
a 6664 7184 64
a 6665 2784 256
a 6666 2688 16
a 6667 43008 16
a 6668 2800 16
a 6669 65264 64
a 6670 1568 64
a 6671 304 256
a 6672 4304 64
a 6673 4128 256
a 6674 22016 256
a 6675 4912 16
a 6676 928 16
a 6677 992 256
a 6678 29168 16
a 6679 29408 16
a 6680 1200 16
a 6681 26400 256
a 6682 11872 16
a 6683 320 256
a 6684 3168 256
a 6685 12336 64
a 6686 47904 64
a 6687 4384 256
a 6688 384 64
a 6689 512 256
a 6690 2400 64
a 6691 400 64
a 6692 19856 64
a 6693 5152 256
a 6694 23936 64
a 6695 1760 256
a 6696 624 256
a 6697 14064 256
a 6698 5888 16
a 6699 3840 64
a 6700 19600 64
a 6701 496 64
a 6702 272 256
a 6703 1328 256
a 6704 512 16
a 6705 31472 64
a 6706 56064 16
a 6707 3104 256
a 6708 13456 64
a 6709 944 256
a 6710 3584 64
a 6711 1136 256
a 6712 10736 16
a 6713 13008 256
a 6714 304 16
a 6715 16576 64
a 6716 3504 64
a 6717 720 16
a 6718 384 16
a 6719 56432 256
a 6720 2432 256
a 6721 336 256
a 6722 1248 256
a 6723 368 16
a 6724 27136 64
a 6725 1200 16
a 6726 288 64
a 6727 864 64
a 6728 624 256
a 6729 1872 64
a 6730 480 16
a 6731 23872 256
a 6732 7936 16
a 6733 288 64
a 6734 448 256
a 6735 2992 16
a 6736 47008 16
a 6737 25648 16
a 6738 4032 16
a 6739 320 256
a 6740 3616 16
a 6741 7616 256
a 6742 5920 64
a 6743 640 256
a 6744 1120 64
a 6745 29664 64
a 6746 27232 256
a 6747 17184 16
a 6748 2496 256
a 6749 11376 16
a 6750 7232 16
a 6751 1968 256
a 6752 13376 16
a 6753 42128 16
a 6754 272 16
a 6755 736 16
a 6756 32832 64
a 6757 62000 16
a 6758 752 256
a 6759 6720 64
a 6760 4528 64
a 6761 9360 64
a 6762 944 64
a 6763 480 64
a 6764 400 64
a 6765 336 64
a 6766 1392 16
a 6767 3440 16
a 6768 800 256
a 6769 1040 16
a 6770 1344 256
a 6771 1456 256
a 6772 53216 16
a 6773 1728 256
a 6774 656 64
a 6775 7824 16
a 6776 656 16
a 6777 8720 64
a 6778 14000 256
a 6779 40128 16
a 6780 1936 16
a 6781 1024 16
a 6782 17792 64
a 6783 336 256
a 6784 30128 16
a 6785 2576 64
a 6786 752 64
a 6787 1888 16
a 6788 1168 256
a 6789 5344 256
a 6790 3728 16
a 6791 17232 16
a 6792 10336 16
a 6793 4224 16
a 6794 704 64
a 6795 2416 64
a 6796 928 16
a 6797 23632 16
a 6798 560 256
a 6799 49568 64
a 6800 5792 64
a 6801 19824 256
a 6802 17008 256
a 6803 8656 64
a 6804 47872 16
a 6805 41856 256
a 6806 1104 16
a 6807 1040 256
a 6808 50656 16
a 6809 44896 16
a 6810 4176 256
a 6811 24112 64
a 6812 29200 16
a 6813 288 256
a 6814 24752 64
a 6815 22704 16
a 6816 18064 64
a 6817 64336 256
a 6818 9360 64
a 6819 656 256
a 6820 1616 64
a 6821 2912 64
a 6822 912 16
a 6823 12400 256
a 6824 9744 256
a 6825 13008 64
a 6826 3792 16
a 6827 20336 256
a 6828 61760 256
a 6829 512 16
a 6830 848 16
a 6831 49184 256
a 6832 416 256
a 6833 12560 64
a 6834 9392 64
a 6835 9984 64
a 6836 43696 256
a 6837 592 256
a 6838 3520 64
a 6839 1520 64
a 6840 8128 64
a 6841 544 16
a 6842 12064 16
a 6843 848 64
a 6844 960 256
a 6845 1232 64
a 6846 288 256
a 6847 18320 16
a 6848 19008 256
a 6849 288 16
a 6850 3536 16
a 6851 5648 256
a 6852 7120 64
a 6853 25312 256
a 6854 39872 64
a 6855 47664 16
a 6856 256 16
a 6857 46128 256
a 6858 21744 256
a 6859 288 16
a 6860 672 64
a 6861 5600 16
a 6862 12064 64
a 6863 624 256
a 6864 416 16
a 6865 480 256
a 6866 848 64
a 6867 384 16
a 6868 656 256
a 6869 1728 64
a 6870 6784 16
a 6871 46688 16
a 6872 3792 16
a 6873 1376 256
a 6874 32544 256
a 6875 22800 64
a 6876 7808 256
a 6877 512 16
a 6878 928 256
a 6879 6192 64
a 6880 880 16
a 6881 12416 16
a 6882 16656 256
a 6883 31952 256
a 6884 1664 256
a 6885 32448 16
a 6886 29584 64
a 6887 7952 256
a 6888 8640 16
a 6889 61776 16
a 6890 3472 64
a 6891 14432 16
a 6892 26256 256
a 6893 56544 64
a 6894 480 16
a 6895 7536 16
a 6896 14512 16
a 6897 20896 256
a 6898 448 16
a 6899 10208 256
a 6900 7584 256
a 6901 352 256
a 6902 1632 64
a 6903 4448 256
a 6904 8304 256
a 6905 7216 256
a 6906 5328 64
a 6907 1744 16
a 6908 1664 256
a 6909 3296 16
a 6910 1648 64
a 6911 36144 64
a 6912 1664 16
a 6913 3104 16
a 6914 1584 64
a 6915 1168 16
a 6916 7616 16
a 6917 1712 16
a 6918 352 64
a 6919 1968 16
a 6920 3552 64
a 6921 1648 64
a 6922 20464 64
a 6923 1056 256
a 6924 5872 16
a 6925 6576 256
a 6926 12256 16
a 6927 25344 256
a 6928 27888 256
a 6929 2160 16
a 6930 1104 64
a 6931 62576 256
a 6932 57904 64
a 6933 752 256
a 6934 8640 16
a 6935 2288 16
a 6936 1488 16
a 6937 7248 256
a 6938 576 256
a 6939 848 64
a 6940 17648 64
a 6941 272 64
a 6942 2048 64
a 6943 3296 16
a 6944 928 256
a 6945 2368 256
a 6946 1920 16
a 6947 4128 16
a 6948 496 64
a 6949 448 256
a 6950 29952 16
a 6951 6624 16
a 6952 5920 64
a 6953 5952 256
a 6954 41344 64
a 6955 33024 16
a 6956 3680 16
a 6957 32720 16
a 6958 11376 64
a 6959 11920 256
a 6960 1552 16
a 6961 8192 256
a 6962 31616 64
a 6963 1376 64
a 6964 3296 16
a 6965 12176 16
a 6966 1696 256
a 6967 704 64
a 6968 352 16
a 6969 896 16
a 6970 432 256
a 6971 1024 16
a 6972 2368 16
a 6973 19888 64
a 6974 57456 16
a 6975 336 256
a 6976 1088 16
a 6977 304 64
a 6978 4496 16
a 6979 480 256
a 6980 1520 64
a 6981 304 16
a 6982 6704 16
a 6983 2800 256
a 6984 18608 16
a 6985 61040 256
a 6986 432 64
a 6987 5312 64
a 6988 16896 256
a 6989 7120 64
a 6990 1584 64
a 6991 39136 16
a 6992 7904 64
a 6993 9584 256
a 6994 5808 64
a 6995 13024 256
a 6996 496 64
a 6997 272 256
a 6998 35152 16
a 6999 5840 256
a 7000 60912 64
a 7001 720 64
a 7002 45120 256
a 7003 272 256
a 7004 9456 16
a 7005 4768 256
a 7006 592 64
a 7007 1872 256
a 7008 9936 16
a 7009 864 256
a 7010 13536 64
a 7011 1472 64
a 7012 49168 256
a 7013 1136 256
a 7014 7024 64
a 7015 12480 64
a 7016 1952 16
a 7017 14848 256
a 7018 9440 16
a 7019 864 64
a 7020 12944 256
a 7021 4592 64
a 7022 42048 16
a 7023 9792 64
a 7024 1920 16
a 7025 18624 64
a 7026 36032 16
a 7027 2704 256
a 7028 17664 64
a 7029 2064 64
a 7030 656 16
a 7031 1824 16
a 7032 1072 256
a 7033 944 16
a 7034 9248 16
a 7035 1664 256
a 7036 6640 256
a 7037 6256 64
a 7038 3520 16
a 7039 8192 16
a 7040 8400 16
a 7041 32096 64
a 7042 8736 256
a 7043 1008 64
a 7044 1168 64
a 7045 1696 16
a 7046 25520 256
a 7047 14704 16
a 7048 5136 64
a 7049 16464 64
a 7050 3280 16
a 7051 3920 16
a 7052 4784 16
a 7053 352 256
a 7054 13024 16
a 7055 12416 16
a 7056 1120 64
a 7057 17776 64
a 7058 1712 64
a 7059 624 64
a 7060 3168 16
a 7061 6736 16
a 7062 832 256
a 7063 4752 16
a 7064 368 256
a 7065 480 64
a 7066 272 64
a 7067 4064 16
a 7068 53104 64
a 7069 1008 64
a 7070 4448 16
a 7071 336 256
a 7072 464 64
a 7073 64944 16
a 7074 1888 16
a 7075 32752 64
a 7076 3632 64
a 7077 42736 256
a 7078 26416 256
a 7079 26624 16
a 7080 3536 64
a 7081 2352 64
a 7082 1792 64
a 7083 816 256
a 7084 1056 16
a 7085 55168 256
a 7086 384 64
a 7087 960 64
a 7088 976 64
a 7089 29776 256
a 7090 2240 64
a 7091 5072 256
a 7092 50384 256
a 7093 7936 256
a 7094 7424 16
a 7095 17184 256
a 7096 1824 64
a 7097 15744 256
a 7098 50704 256
a 7099 55120 16
a 7100 1696 16
a 7101 28544 64
a 7102 10944 64
a 7103 368 256
a 7104 7760 256
a 7105 30864 16
a 7106 336 64
a 7107 1104 256
a 7108 5328 64
a 7109 4016 16
a 7110 33632 256
a 7111 464 16
a 7112 25008 64
a 7113 1072 256
a 7114 18496 256
a 7115 640 256
a 7116 2944 256
a 7117 8080 16
a 7118 3056 16
a 7119 3120 64
a 7120 2000 64
a 7121 16912 16
a 7122 304 64
a 7123 656 64
a 7124 320 16
a 7125 384 256
a 7126 688 64
a 7127 16320 64
a 7128 608 16
a 7129 23744 16
a 7130 10992 16
a 7131 3968 16
a 7132 1664 16
a 7133 1888 64
a 7134 10848 64
a 7135 55264 64
a 7136 15488 16
a 7137 912 256
a 7138 1952 16
a 7139 35888 64
a 7140 6496 16
a 7141 400 256
a 7142 44032 64
a 7143 13296 16
a 7144 432 64
a 7145 832 16
a 7146 960 64
a 7147 944 16
a 7148 5632 64
a 7149 3840 16
a 7150 4704 16
a 7151 384 16
a 7152 21408 64
a 7153 7232 256
a 7154 15056 16
a 7155 15648 64
a 7156 1728 16
a 7157 9504 64
a 7158 6272 64
a 7159 25968 16
a 7160 4000 16
a 7161 64384 256
a 7162 29120 256
a 7163 2944 64
a 7164 17760 16
a 7165 544 64
a 7166 368 64
a 7167 27088 16
a 7168 60240 16
a 7169 46544 64
a 7170 1664 16
a 7171 1440 256
a 7172 976 256
a 7173 5488 16
a 7174 9552 64
a 7175 368 256
a 7176 384 64
a 7177 12176 16
a 7178 14736 64
a 7179 528 16
a 7180 352 16
a 7181 7760 256
a 7182 58784 256
a 7183 7440 64
a 7184 11120 64
a 7185 65120 16
a 7186 31600 64
a 7187 1136 256
a 7188 12656 16
a 7189 19248 64
a 7190 11520 256
a 7191 2448 256
a 7192 2544 256
a 7193 10576 16
a 7194 7712 16
a 7195 7280 16
a 7196 2752 16
a 7197 3504 64
a 7198 1744 64
a 7199 26336 16
a 7200 608 256
a 7201 13024 64
a 7202 640 256
a 7203 6352 256
a 7204 40336 16
a 7205 1968 256
a 7206 3840 64
a 7207 7952 16
a 7208 32368 64
a 7209 6848 64
a 7210 4112 64
a 7211 1808 256
a 7212 7184 256
a 7213 816 16
a 7214 44288 64
a 7215 5360 256
a 7216 5392 64
a 7217 336 256
a 7218 28368 64
a 7219 800 256
a 7220 9744 64
a 7221 19216 64
a 7222 3680 256
a 7223 18208 256
a 7224 64880 256
a 7225 8848 256
a 7226 7248 64
a 7227 864 16
a 7228 2416 64
a 7229 49328 64
a 7230 60816 256
a 7231 45168 64
a 7232 5888 16
a 7233 1360 16
a 7234 15728 256
a 7235 7296 16
a 7236 368 64
a 7237 3120 16
a 7238 1712 256
a 7239 7728 256
a 7240 1920 256
a 7241 976 64
a 7242 864 64
a 7243 56144 64
a 7244 11680 256
a 7245 8784 16
a 7246 18976 16
a 7247 1008 64
a 7248 5552 16
a 7249 1136 64
a 7250 496 16
a 7251 816 64
a 7252 32368 16
a 7253 13696 64
a 7254 2768 16
a 7255 320 256
a 7256 1472 16
a 7257 4048 64
a 7258 400 256
a 7259 29552 64
a 7260 18192 16
a 7261 1136 64
a 7262 2768 16
a 7263 2960 64
a 7264 56032 64
a 7265 912 256
a 7266 3280 64
a 7267 12176 256
a 7268 32976 16
a 7269 9968 16
a 7270 3424 64
a 7271 272 16
a 7272 2336 256
a 7273 32592 64
a 7274 2576 64
a 7275 6320 64
a 7276 53984 64
a 7277 1376 16
a 7278 1632 256
a 7279 5824 64
a 7280 352 64
a 7281 7264 64
a 7282 51472 16
a 7283 15264 256
a 7284 14336 16
a 7285 1248 64
a 7286 42976 16
a 7287 12576 16
a 7288 2096 16
a 7289 19072 16
a 7290 62096 256
a 7291 2672 64
a 7292 3424 256
a 7293 1072 16
a 7294 608 16
a 7295 1072 64
a 7296 3568 256
a 7297 18688 64
a 7298 400 16
a 7299 3280 64
a 7300 10240 16
a 7301 1504 16
a 7302 6160 256
a 7303 35184 256
a 7304 25664 16
a 7305 3584 64
a 7306 26128 256
a 7307 4720 64
a 7308 5072 16
a 7309 60336 256
a 7310 848 256
a 7311 34160 16
a 7312 54864 64
a 7313 43632 16
a 7314 28496 64
a 7315 480 256
a 7316 8016 64
a 7317 19408 16
a 7318 3232 64
a 7319 62320 256
a 7320 2576 64
a 7321 1280 256
a 7322 43360 256
a 7323 4032 64
a 7324 1792 16
a 7325 3984 256
a 7326 2768 16
a 7327 1696 16
a 7328 6320 64
a 7329 880 256
a 7330 704 64
a 7331 1888 16
a 7332 11504 256
a 7333 6000 64
a 7334 3920 256
a 7335 7328 256
a 7336 2032 16
a 7337 2128 256
a 7338 2336 64
a 7339 384 256
a 7340 464 16
a 7341 672 256
a 7342 6096 16
a 7343 52688 256
a 7344 14800 256
a 7345 27408 16
a 7346 3616 64
a 7347 8848 16
a 7348 9328 64
a 7349 32368 256
a 7350 480 256
a 7351 816 256
a 7352 272 256
a 7353 6528 16
a 7354 864 64
a 7355 384 256
a 7356 44208 256
a 7357 3424 64
a 7358 14272 64
a 7359 2672 16
a 7360 3888 16
a 7361 2304 256
a 7362 20048 16
a 7363 752 256
a 7364 1824 64
a 7365 11984 256
a 7366 656 256
a 7367 448 16
a 7368 848 16
a 7369 13120 16
a 7370 1952 256
a 7371 2288 64
a 7372 512 16
a 7373 656 64
a 7374 7104 64
a 7375 12832 16
a 7376 1376 256
a 7377 2112 256
a 7378 55072 64
a 7379 3872 16
a 7380 480 16
a 7381 53024 256
a 7382 31568 256
a 7383 368 256
a 7384 3904 64
a 7385 512 16
a 7386 5744 256
a 7387 14304 16
a 7388 12576 16
a 7389 3648 256
a 7390 22288 256
a 7391 7872 256
a 7392 39296 256
a 7393 2032 64
a 7394 5168 16
a 7395 1952 256
a 7396 1536 64
a 7397 1920 16
a 7398 1568 256
a 7399 3232 256
a 7400 7872 16
a 7401 1856 16
a 7402 7968 256
a 7403 752 256
a 7404 416 16
a 7405 12944 64
a 7406 272 16
a 7407 14064 64
a 7408 5936 256
a 7409 1728 16
a 7410 61504 16
a 7411 64480 16
a 7412 2080 64
a 7413 8896 256
a 7414 592 16
a 7415 23760 256
a 7416 1920 64
a 7417 12896 256
a 7418 7744 256
a 7419 608 256
a 7420 2544 256
a 7421 12288 256
a 7422 48096 256
a 7423 1360 256
a 7424 1376 64
a 7425 384 16
a 7426 512 16
a 7427 480 16
a 7428 44496 16
a 7429 26640 16
a 7430 45744 16
a 7431 3664 256
a 7432 54464 64
a 7433 45136 64
a 7434 3760 256
a 7435 40816 256
a 7436 24272 16
a 7437 352 16
a 7438 24800 16
a 7439 50144 256
a 7440 6416 16
a 7441 31456 64
a 7442 1376 16
a 7443 1584 64
a 7444 10464 16
a 7445 41536 16
a 7446 2304 64
a 7447 1840 64
a 7448 57424 64
a 7449 1344 16
a 7450 45632 64
a 7451 13904 64
a 7452 51504 64
a 7453 63536 256
a 7454 368 64
a 7455 496 16
a 7456 45648 256
a 7457 832 256
a 7458 20320 64
a 7459 5120 64
a 7460 13792 256
a 7461 56800 256
a 7462 11280 64
a 7463 912 16
a 7464 5600 256
a 7465 6016 256
a 7466 29600 16
a 7467 1936 256
a 7468 8256 64
a 7469 512 256
a 7470 6016 16
a 7471 1168 256
a 7472 1872 256
a 7473 368 256
a 7474 3488 64
a 7475 1616 64
a 7476 368 64
a 7477 896 256
a 7478 22784 256
a 7479 24000 256
a 7480 2112 16
a 7481 3024 16
a 7482 432 64
a 7483 35120 16
a 7484 29088 16
a 7485 736 16
a 7486 27888 64
a 7487 59184 64
a 7488 5168 256
a 7489 2096 16
a 7490 1264 64
a 7491 448 64
a 7492 8192 256
a 7493 12496 64
a 7494 50624 64
a 7495 28640 16
a 7496 976 64
a 7497 6624 64
a 7498 624 16
a 7499 528 16
a 7500 848 256
a 7501 19664 64
a 7502 22544 16
a 7503 1232 16
a 7504 3152 64
a 7505 4464 64
a 7506 40512 16
a 7507 7296 64
a 7508 912 64
a 7509 1520 16
a 7510 12320 16
a 7511 1952 64
a 7512 1248 16
a 7513 60752 16
a 7514 2336 64
a 7515 2672 64
a 7516 864 64
a 7517 7328 256
a 7518 59440 256
a 7519 7344 16
a 7520 3200 16
a 7521 9872 256
a 7522 15952 16
a 7523 9712 64
a 7524 352 256
a 7525 32304 16
a 7526 1376 256
a 7527 3792 16
a 7528 320 64
a 7529 400 256
a 7530 1472 256
a 7531 1872 256
a 7532 26032 16
a 7533 15712 16
a 7534 1904 64
a 7535 4976 256
a 7536 4432 64
a 7537 1792 64
a 7538 20288 16
a 7539 40864 256
a 7540 1200 64
a 7541 592 16
a 7542 13856 16
a 7543 1968 256
a 7544 8672 16
a 7545 45376 256
a 7546 400 256
a 7547 35472 256
a 7548 33520 64
a 7549 8208 16
a 7550 1680 64
a 7551 55984 16
a 7552 304 16
a 7553 1328 64
a 7554 65264 256
a 7555 31136 64
a 7556 14896 256
a 7557 272 64
a 7558 29312 16
a 7559 448 64
a 7560 4288 256
a 7561 352 64
a 7562 4000 256
a 7563 432 16
a 7564 1760 256
a 7565 65344 256
a 7566 320 256
a 7567 3344 16
a 7568 2592 64
a 7569 736 256
a 7570 9008 16
a 7571 64784 256
a 7572 16256 16
a 7573 352 64
a 7574 8672 256
a 7575 14080 16
a 7576 352 64
a 7577 13360 16
a 7578 912 256
a 7579 2464 16
a 7580 9904 16
a 7581 1920 16
a 7582 3856 256
a 7583 400 16
a 7584 53376 256
a 7585 5120 16
a 7586 2880 256
a 7587 16352 16
a 7588 320 64
a 7589 5312 64
a 7590 34784 256
a 7591 848 16
a 7592 26208 256
a 7593 42176 16
a 7594 672 256
a 7595 22336 256
a 7596 10496 64
a 7597 1104 16
a 7598 9056 256
a 7599 304 64
a 7600 30256 64
a 7601 3184 64
a 7602 2400 256
a 7603 2224 64
a 7604 1888 256
a 7605 2224 16
a 7606 51408 256
a 7607 416 256
a 7608 880 256
a 7609 992 256
a 7610 59504 16
a 7611 2256 256
a 7612 448 16
a 7613 336 256
a 7614 2544 256
a 7615 1808 256
a 7616 480 256
a 7617 18672 16
a 7618 560 64
a 7619 784 256
a 7620 23056 64
a 7621 2336 256
a 7622 1824 16
a 7623 4416 64
a 7624 464 16
a 7625 10064 64
a 7626 6000 256
a 7627 30032 64
a 7628 400 64
a 7629 672 256
a 7630 368 64
a 7631 3488 64
a 7632 1648 64
a 7633 1584 64
a 7634 3872 256
a 7635 1648 64
a 7636 800 256
a 7637 14432 64
a 7638 1808 16
a 7639 1168 64
a 7640 992 64
a 7641 5632 256
a 7642 384 256
a 7643 15216 64
a 7644 1904 64
a 7645 17712 64
a 7646 512 64
a 7647 976 256
a 7648 17616 16
a 7649 464 64
a 7650 432 256
a 7651 19104 64
a 7652 31952 256
a 7653 16752 64
a 7654 1808 256
a 7655 1936 64
a 7656 3536 64
a 7657 31024 16
a 7658 1504 256
a 7659 1728 256
a 7660 976 256
a 7661 61920 64
a 7662 848 64
a 7663 12416 256
a 7664 464 256
a 7665 6656 64
a 7666 3328 64
a 7667 60064 16
a 7668 4352 64
a 7669 4384 256
a 7670 6896 256
a 7671 57360 256
a 7672 3904 256
a 7673 2032 256
a 7674 3808 256
a 7675 43536 64
a 7676 3312 64
a 7677 48880 64
a 7678 14960 16
a 7679 12768 64
a 7680 13616 256
a 7681 768 16
a 7682 5424 16
a 7683 12752 64
a 7684 6928 64
a 7685 1968 256
a 7686 8160 64
a 7687 3904 256
a 7688 64256 256
a 7689 15072 16
a 7690 13744 16
a 7691 864 16
a 7692 976 256
a 7693 21824 256
a 7694 288 256
a 7695 35968 256
a 7696 400 16
a 7697 18240 256
a 7698 288 64
a 7699 752 16
a 7700 11184 16
a 7701 51072 16
a 7702 3408 256
a 7703 816 256
a 7704 10544 64
a 7705 4400 64
a 7706 272 64
a 7707 16848 16
a 7708 896 256
a 7709 51424 16
a 7710 1552 16
a 7711 5856 64
a 7712 7856 256
a 7713 15184 256
a 7714 12880 256
a 7715 18208 64
a 7716 1728 16
a 7717 304 16
a 7718 5632 256
a 7719 560 256
a 7720 9360 256
a 7721 25856 16
a 7722 800 64
a 7723 9200 64
a 7724 1440 64
a 7725 22512 64
a 7726 30960 64
a 7727 19728 64
a 7728 56816 64
a 7729 1408 64
a 7730 592 256
a 7731 1936 16
a 7732 1168 256
a 7733 1456 64
a 7734 18032 256
a 7735 4016 256
a 7736 5488 256
a 7737 63632 64
a 7738 2496 64
a 7739 51152 256
a 7740 14768 256
a 7741 14816 64
a 7742 31232 16
a 7743 5472 16
a 7744 4736 16
a 7745 656 16
a 7746 432 16
a 7747 3552 16
a 7748 14192 16
a 7749 1024 16
a 7750 23376 16
a 7751 720 64
a 7752 35504 64
a 7753 39408 256
a 7754 288 256
a 7755 464 64
a 7756 7440 64
a 7757 15456 256
a 7758 39488 256
a 7759 39360 16
a 7760 768 256
a 7761 496 16
a 7762 41680 64
a 7763 1248 16
a 7764 1728 64
a 7765 608 64
a 7766 4320 16
a 7767 24272 256
a 7768 352 64
a 7769 6720 256
a 7770 29040 256
a 7771 448 256
a 7772 9552 64
a 7773 4192 16
a 7774 30944 64
a 7775 5056 64
a 7776 1376 64
a 7777 16224 16
a 7778 20160 256
a 7779 432 64
a 7780 384 16
a 7781 29616 64
a 7782 30432 16
a 7783 2368 64
a 7784 368 64
a 7785 752 64
a 7786 1984 64
a 7787 3712 16
a 7788 15152 16
a 7789 18944 16
a 7790 3008 64
a 7791 528 64
a 7792 1808 16
a 7793 19376 256
a 7794 13056 256
a 7795 1824 64
a 7796 1712 256
a 7797 15888 16
a 7798 8640 256
a 7799 27920 64
a 7800 976 64
a 7801 5136 16
a 7802 48880 16
a 7803 11280 64
a 7804 29808 16
a 7805 1216 16
a 7806 64416 256
a 7807 25776 64
a 7808 2928 64
a 7809 47472 256
a 7810 464 64
a 7811 832 256
a 7812 1552 16
a 7813 12960 64
a 7814 336 256
a 7815 24992 16
a 7816 272 16
a 7817 3264 16
a 7818 1152 16
a 7819 35856 256
a 7820 37264 16
a 7821 704 64
a 7822 63424 256
a 7823 24544 64
a 7824 6960 16
a 7825 3152 256
a 7826 2960 16
a 7827 24016 64
a 7828 32768 64
a 7829 1568 64
a 7830 12064 256
a 7831 29232 16
a 7832 11664 64
a 7833 3120 64
a 7834 6464 16
a 7835 3136 256
a 7836 3328 64
a 7837 10736 64
a 7838 1008 64
a 7839 4560 256
a 7840 352 64
a 7841 1296 64
a 7842 6944 64
a 7843 6016 256
a 7844 992 64
a 7845 1296 16
a 7846 816 16
a 7847 8032 256
a 7848 1024 16
a 7849 1440 256
a 7850 11248 16
a 7851 288 256
a 7852 20992 256
a 7853 736 16
a 7854 7936 16
a 7855 592 256
a 7856 58496 16
a 7857 4304 16
a 7858 512 64
a 7859 944 64
a 7860 4592 64
a 7861 48288 16
a 7862 512 256
a 7863 11264 64
a 7864 9088 16
a 7865 6192 16
a 7866 816 256
a 7867 16048 64
a 7868 57856 256
a 7869 23184 16
a 7870 480 256
a 7871 36768 64
a 7872 3312 256
a 7873 3696 64
a 7874 1600 256
a 7875 61024 256
a 7876 28864 256
a 7877 32336 256
a 7878 11072 16
a 7879 56304 64
a 7880 800 256
a 7881 7120 16
a 7882 976 64
a 7883 6912 64
a 7884 4400 64
a 7885 1008 16
a 7886 22400 256
a 7887 656 256
a 7888 1488 16
a 7889 448 256
a 7890 912 64
a 7891 640 64
a 7892 2592 64
a 7893 1184 64
a 7894 656 256
a 7895 19984 256
a 7896 544 16
a 7897 27216 256
a 7898 25328 64
a 7899 6368 16
a 7900 3136 64
a 7901 1360 256
a 7902 39808 256
a 7903 64224 16
a 7904 26672 64
a 7905 32464 64
a 7906 2528 64
a 7907 61568 16
a 7908 17712 16
a 7909 13264 64
a 7910 31936 256
a 7911 15840 256
a 7912 15552 16
a 7913 4080 16
a 7914 13840 16
a 7915 6528 256
a 7916 23488 256
a 7917 33776 64
a 7918 1120 64
a 7919 43904 64
a 7920 2640 256
a 7921 816 16
a 7922 4000 16
a 7923 1424 256
a 7924 13680 16
a 7925 336 16
a 7926 688 16
a 7927 4528 16
a 7928 8016 64
a 7929 17952 16
a 7930 1424 256
a 7931 7600 16
a 7932 34368 16
a 7933 2656 64
a 7934 3248 64
a 7935 3312 64
a 7936 30960 256
a 7937 39888 16
a 7938 1808 256
a 7939 3280 64
a 7940 6672 64
a 7941 304 16
a 7942 9424 256
a 7943 1296 16
a 7944 6528 16
a 7945 2720 64
a 7946 608 64
a 7947 10768 256
a 7948 29408 64
a 7949 31120 16
a 7950 1184 64
a 7951 24624 16
a 7952 17168 16
a 7953 50752 256
a 7954 15376 16
a 7955 1840 64
a 7956 12880 16
a 7957 11232 16
a 7958 1888 16
a 7959 496 16
a 7960 7888 256
a 7961 1440 16
a 7962 2880 16
a 7963 44432 16
a 7964 46576 256
a 7965 5680 16
a 7966 37184 16
a 7967 26960 64
a 7968 31856 16
a 7969 800 16
a 7970 24544 64
a 7971 8928 256
a 7972 11600 64
a 7973 53664 16
a 7974 29824 256
a 7975 1360 16
a 7976 29040 64
a 7977 49232 16
a 7978 368 16
a 7979 54176 64
a 7980 31152 16
a 7981 480 16
a 7982 3792 16
a 7983 2832 256
a 7984 43296 16
a 7985 8320 256
a 7986 16960 16
a 7987 1328 64
a 7988 1936 256
a 7989 400 256
a 7990 704 256
a 7991 28480 64
a 7992 39744 256
a 7993 3536 16
a 7994 4624 16
a 7995 4656 16
a 7996 1888 256
a 7997 1776 16
a 7998 1008 16
a 7999 7008 256
a 8000 56656 256
a 8001 1616 64
a 8002 9072 256
a 8003 3456 64
a 8004 52608 16
a 8005 16720 16
a 8006 46720 64
a 8007 368 256
a 8008 3776 16
a 8009 704 256
a 8010 21520 64
a 8011 1376 256
a 8012 12688 16
a 8013 3424 64
a 8014 656 256
a 8015 4944 64
a 8016 3840 64
a 8017 11040 64
a 8018 2576 16
a 8019 5472 64
a 8020 304 64
a 8021 1712 64
a 8022 464 64
a 8023 10192 16
a 8024 6016 256
a 8025 1952 256
a 8026 1456 256
a 8027 2688 16
a 8028 8768 256
a 8029 62976 16
a 8030 23776 16
a 8031 52592 16
a 8032 61856 16
a 8033 928 16
a 8034 35664 16
a 8035 1824 256
a 8036 8432 64
a 8037 656 16
a 8038 3920 64
a 8039 16112 64
a 8040 11936 64
a 8041 5664 16
a 8042 1344 16
a 8043 11984 16
a 8044 45344 64
a 8045 10400 256
a 8046 736 16
a 8047 18368 64
a 8048 784 64
a 8049 21712 16
a 8050 1744 16
a 8051 3888 16
a 8052 576 256
a 8053 384 64
a 8054 41056 16
a 8055 45008 256
a 8056 3760 256
a 8057 816 256
a 8058 1344 256
a 8059 12032 64
a 8060 320 64
a 8061 22272 256
a 8062 52128 64
a 8063 57008 64
a 8064 4928 64
a 8065 35040 16
a 8066 1920 16
a 8067 928 256
a 8068 3104 256
a 8069 272 64
a 8070 7440 64
a 8071 4928 64
a 8072 432 64
a 8073 12832 16
a 8074 1648 256
a 8075 10208 16
a 8076 3072 256
a 8077 896 256
a 8078 11712 256
a 8079 4832 256
a 8080 8944 16
a 8081 2576 256
a 8082 464 256
a 8083 1840 16
a 8084 384 64
a 8085 4288 64
a 8086 19472 64
a 8087 52624 64
a 8088 27088 256
a 8089 53872 64
a 8090 13824 64
a 8091 47296 16
a 8092 13440 16
a 8093 1424 16
a 8094 960 16
a 8095 7184 64
a 8096 1936 16
a 8097 26576 64
a 8098 320 16
a 8099 13552 256
a 8100 320 16
a 8101 55200 64
a 8102 23008 16
a 8103 688 64
a 8104 992 256
a 8105 41552 64
a 8106 928 16
a 8107 40736 16
a 8108 992 256
a 8109 1568 16
a 8110 12160 16
a 8111 9200 16
a 8112 752 16
a 8113 1120 16
a 8114 1328 64
a 8115 2512 64
a 8116 45184 64
a 8117 15680 64
a 8118 1264 64
a 8119 10976 256
a 8120 8032 16
a 8121 320 256
a 8122 6944 16
a 8123 992 64
a 8124 5296 256
a 8125 3952 256
a 8126 5424 64
a 8127 1680 16
a 8128 2176 256
a 8129 11776 16
a 8130 63168 256
a 8131 64464 16
a 8132 272 256
a 8133 2944 16
a 8134 56000 256
a 8135 6480 16
a 8136 432 64
a 8137 3488 16
a 8138 6208 256
a 8139 4672 64
a 8140 1232 256
a 8141 2048 256
a 8142 29456 256
a 8143 1664 256
a 8144 10080 16
a 8145 1984 16
a 8146 43424 256
a 8147 384 64
a 8148 2624 64
a 8149 15664 64
a 8150 24528 16
a 8151 5536 64
a 8152 46432 256
a 8153 2400 256
a 8154 39648 16
a 8155 7840 16
a 8156 544 64
a 8157 5024 64
a 8158 48976 16
a 8159 55120 64
a 8160 736 256
a 8161 1024 64
a 8162 60544 16
a 8163 1632 16
a 8164 35680 16
a 8165 9104 16
a 8166 1616 16
a 8167 47920 256
a 8168 20752 256
a 8169 848 64
a 8170 45024 16
a 8171 29968 16
a 8172 672 64
a 8173 10016 64
a 8174 8160 64
a 8175 3520 256
a 8176 6320 256
a 8177 1952 16
a 8178 7728 16
a 8179 64912 16
a 8180 1328 256
a 8181 352 64
a 8182 928 64
a 8183 46208 64
a 8184 33056 64
a 8185 6128 64
a 8186 22176 64
a 8187 288 64
a 8188 6352 64
a 8189 58896 64
a 8190 2288 256
a 8191 11104 256
a 8192 21392 256
a 8193 59136 64
a 8194 352 256
a 8195 11632 64
a 8196 1376 16
a 8197 6448 64
a 8198 304 16
a 8199 36096 256
a 8200 3280 256
a 8201 448 256
a 8202 64240 256
a 8203 2128 256
a 8204 752 16
a 8205 1232 16
a 8206 992 256
a 8207 21152 256
a 8208 1808 256
a 8209 54016 16
a 8210 2192 64
a 8211 14000 256
a 8212 14720 16
a 8213 25968 256
a 8214 14528 16
a 8215 1968 256
a 8216 800 256
a 8217 768 64
a 8218 1024 256
a 8219 17568 64
a 8220 432 64
a 8221 15328 256
a 8222 12128 64
a 8223 704 16
a 8224 816 256
a 8225 368 16
a 8226 752 64
a 8227 32544 16
a 8228 720 64
a 8229 1984 16
a 8230 464 256
a 8231 976 16
a 8232 17600 64
a 8233 512 64
a 8234 736 64
a 8235 448 16
a 8236 7776 64
a 8237 15584 16
a 8238 26144 256
a 8239 14672 16
a 8240 54400 256
a 8241 384 16
a 8242 512 64
a 8243 56784 16
a 8244 5024 256
a 8245 2048 64
a 8246 11216 256
a 8247 9968 256
a 8248 336 256
a 8249 3856 64
a 8250 1328 256
a 8251 2048 256
a 8252 3472 64
a 8253 5104 256
a 8254 18144 64
a 8255 304 16
a 8256 1728 256
a 8257 496 16
a 8258 3376 256
a 8259 416 16
a 8260 23024 16
a 8261 53712 64
a 8262 1984 64
a 8263 28944 256
a 8264 4144 64
a 8265 480 64
a 8266 1792 16
a 8267 19344 256
a 8268 60000 256
a 8269 57184 256
a 8270 24592 16
a 8271 1728 16
a 8272 36640 16
a 8273 272 256
a 8274 448 256
a 8275 480 256
a 8276 656 256
a 8277 784 16
a 8278 1760 256
a 8279 608 16
a 8280 1696 64
a 8281 47760 64
a 8282 14720 256
a 8283 1968 64
a 8284 3376 16
a 8285 3360 256
a 8286 1584 256
a 8287 50464 16
a 8288 480 64
a 8289 16144 256
a 8290 12240 16
a 8291 40368 256
a 8292 672 16
a 8293 1136 16
a 8294 15712 256
a 8295 30928 16
a 8296 32128 256
a 8297 60656 64
a 8298 10288 16
a 8299 15888 64
a 8300 3376 256
a 8301 60688 256
a 8302 56496 16
a 8303 13280 256
a 8304 6960 256
a 8305 3776 16
a 8306 7712 64
a 8307 432 256
a 8308 15504 16
a 8309 9856 256
a 8310 2416 256
a 8311 1408 256
a 8312 2848 64
a 8313 4672 256
a 8314 1360 16
a 8315 29488 16
a 8316 704 16
a 8317 992 256
a 8318 14752 256
a 8319 1056 16
a 8320 3984 64
a 8321 544 256
a 8322 592 16
a 8323 31920 256
a 8324 3072 16
a 8325 8336 16
a 8326 7072 16
a 8327 480 256
a 8328 960 64
a 8329 3040 16
a 8330 17312 64
a 8331 1104 16
a 8332 1360 64
a 8333 54912 16
a 8334 3728 16
a 8335 1520 256
a 8336 8096 256
a 8337 17712 16
a 8338 39536 64
a 8339 3152 16
a 8340 672 16
a 8341 37104 16
a 8342 29264 64
a 8343 6736 64
a 8344 46592 16
a 8345 608 256
a 8346 6592 16
a 8347 2992 16
a 8348 1808 256
a 8349 31216 16
a 8350 2544 16
a 8351 1520 16
a 8352 4032 256
a 8353 288 64
a 8354 1616 64
a 8355 432 16
a 8356 13984 16
a 8357 3216 64
a 8358 2368 256
a 8359 5568 256
a 8360 29808 64
a 8361 4608 16
a 8362 10272 16
a 8363 400 16
a 8364 352 16
a 8365 6064 64
a 8366 1296 256
a 8367 22128 16
a 8368 1424 256
a 8369 15744 256
a 8370 1824 64
a 8371 9232 16
a 8372 51840 16
a 8373 25616 64
a 8374 7376 64
a 8375 12416 64
a 8376 28528 256
a 8377 16176 16
a 8378 3504 16
a 8379 912 64
a 8380 4864 256
a 8381 13776 256
a 8382 448 64
a 8383 448 64
a 8384 6064 16
a 8385 3760 64
a 8386 896 256
a 8387 27264 256
a 8388 62672 64
a 8389 976 256
a 8390 1904 16
a 8391 832 16
a 8392 272 16
a 8393 1568 64
a 8394 32144 64
a 8395 64656 16
a 8396 1936 64
a 8397 2400 64
a 8398 25120 256
a 8399 12560 256
a 8400 33984 256
a 8401 11136 256
a 8402 13984 256
a 8403 14720 64
a 8404 59936 256
a 8405 2480 16
a 8406 38368 64
a 8407 34736 256
a 8408 2672 64
a 8409 1392 256
a 8410 752 256
a 8411 49632 64
a 8412 30800 256
a 8413 55792 16
a 8414 1344 64
a 8415 1568 256
a 8416 1104 16
a 8417 16864 64
a 8418 944 64
a 8419 3728 256
a 8420 7328 256
a 8421 33776 64
a 8422 7168 64
a 8423 31280 64
a 8424 496 16
a 8425 17456 256
a 8426 1168 16
a 8427 2784 64
a 8428 4464 64
a 8429 51664 256
a 8430 18864 64
a 8431 6736 16
a 8432 4656 256
a 8433 12096 16
a 8434 2848 64
a 8435 55552 16
a 8436 37344 64
a 8437 16304 16
a 8438 5152 16
a 8439 31920 16
a 8440 1344 16
a 8441 10096 256
a 8442 320 256
a 8443 23648 64
a 8444 17264 64
a 8445 2208 256
a 8446 61408 256
a 8447 5136 16
a 8448 27472 256
a 8449 6480 16
a 8450 416 16
a 8451 32672 256
a 8452 20352 16
a 8453 12080 16
a 8454 7600 16
a 8455 1680 256
a 8456 4992 16
a 8457 46224 256
a 8458 13888 64
a 8459 1152 64
a 8460 21344 256
a 8461 5568 256
a 8462 6240 256
a 8463 2912 256
a 8464 992 64
a 8465 33360 64
a 8466 11248 256
a 8467 1936 64
a 8468 4000 256
a 8469 3648 16
a 8470 4576 64
a 8471 464 64
a 8472 64688 64
a 8473 3456 64
a 8474 14192 16
a 8475 8640 256
a 8476 576 256
a 8477 1488 64
a 8478 19504 16
a 8479 3040 256
a 8480 6800 64
a 8481 3712 256
a 8482 13456 256
a 8483 1728 256
a 8484 12752 64
a 8485 3584 64
a 8486 11712 16
a 8487 1216 256
a 8488 976 16
a 8489 20704 256
a 8490 35376 16
a 8491 272 64
a 8492 7568 16
a 8493 1824 256
a 8494 10960 16
a 8495 912 256
a 8496 576 16
a 8497 13232 16
a 8498 5216 64
a 8499 1712 64
a 8500 992 256
a 8501 1840 256
a 8502 35488 64
a 8503 3120 64
a 8504 2112 16
a 8505 20240 256
a 8506 14720 64
a 8507 15344 64
a 8508 2208 256
a 8509 352 64
a 8510 896 16
a 8511 14176 256
a 8512 29232 256
a 8513 1200 256
a 8514 44688 256
a 8515 6720 64
a 8516 848 16
a 8517 976 16
a 8518 720 256
a 8519 3424 64
a 8520 1632 64
a 8521 384 16
a 8522 19424 64
a 8523 28368 64
a 8524 960 256
a 8525 10368 16
a 8526 21008 64
a 8527 28672 64
a 8528 800 16
a 8529 784 256
a 8530 1888 64
a 8531 31008 16
a 8532 2048 16
a 8533 25552 256
a 8534 1648 256
a 8535 3280 256
a 8536 4656 16
a 8537 5664 64
a 8538 816 64
a 8539 1024 64
a 8540 1504 16
a 8541 64384 256
a 8542 25664 64
a 8543 8000 64
a 8544 41360 256
a 8545 22048 16
a 8546 45408 256
a 8547 36240 16
a 8548 53872 16
a 8549 18160 16
a 8550 336 16
a 8551 13424 16
a 8552 9472 16
a 8553 29840 64
a 8554 46544 16
a 8555 10592 16
a 8556 48224 256
a 8557 13040 64
a 8558 7360 64
a 8559 6544 16
a 8560 6480 64
a 8561 6448 256
a 8562 416 256
a 8563 5120 16
a 8564 1888 256
a 8565 49936 64
a 8566 6720 64
a 8567 512 16
a 8568 1024 64
a 8569 752 64
a 8570 3728 64
a 8571 352 16
a 8572 2256 64
a 8573 1920 16
a 8574 1680 16
a 8575 19088 64
a 8576 2128 16
a 8577 59200 64
a 8578 18528 64
a 8579 5584 64
a 8580 7184 256
a 8581 9744 64
a 8582 1888 256
a 8583 41808 64
a 8584 5168 256
a 8585 36608 256
a 8586 1168 64
a 8587 400 16
a 8588 592 64
a 8589 2704 64
a 8590 1936 16
a 8591 20320 256
a 8592 1888 256
a 8593 64960 16
a 8594 400 16
a 8595 976 16
a 8596 2976 256
a 8597 1536 256
a 8598 11296 64
a 8599 4544 64
a 8600 3408 64
a 8601 6096 64
a 8602 12976 16
a 8603 352 16
a 8604 1088 16
a 8605 58016 64
a 8606 4000 64
a 8607 448 256
a 8608 48896 256
a 8609 272 16
a 8610 3856 256
a 8611 1248 16
a 8612 28304 16
a 8613 21024 64
a 8614 32560 16
a 8615 23408 16
a 8616 7072 16
a 8617 24368 16
a 8618 6304 256
a 8619 5344 256
a 8620 1248 16
a 8621 1616 256
a 8622 496 16
a 8623 27376 16
a 8624 8224 64
a 8625 12336 16
a 8626 26320 16
a 8627 6272 256
a 8628 30608 256
a 8629 1904 256
a 8630 1888 64
a 8631 7232 64
a 8632 2768 64
a 8633 7504 64
a 8634 288 64
a 8635 3872 64
a 8636 752 16
a 8637 368 16
a 8638 27792 256
a 8639 32464 16
a 8640 12592 64
a 8641 336 256
a 8642 704 64
a 8643 1632 256
a 8644 432 64
a 8645 16528 256
a 8646 13648 256
a 8647 1936 256
a 8648 1920 64
a 8649 41584 256
a 8650 42720 64
a 8651 736 64
a 8652 11536 256
a 8653 400 64
a 8654 46496 16
a 8655 848 64
a 8656 304 256
a 8657 704 16
a 8658 19472 64
a 8659 448 16
a 8660 464 64
a 8661 11760 16
a 8662 320 256
a 8663 3296 256
a 8664 3680 64
a 8665 39088 256
a 8666 38608 16
a 8667 2960 16
a 8668 13344 16
a 8669 9856 256
a 8670 14672 64
a 8671 1440 64
a 8672 28544 16
a 8673 3728 16
a 8674 4096 16
a 8675 1456 64
a 8676 560 64
a 8677 25520 16
a 8678 9248 16
a 8679 688 64
a 8680 59904 16
a 8681 5520 64
a 8682 1872 256
a 8683 21616 16
a 8684 3360 256
a 8685 416 256
a 8686 912 256
a 8687 4704 256
a 8688 42496 16
a 8689 2144 256
a 8690 43760 64
a 8691 4960 256
a 8692 3216 64
a 8693 6352 256
a 8694 31104 16
a 8695 832 64
a 8696 496 64
a 8697 4800 64
a 8698 7024 256
a 8699 3968 16
a 8700 1280 64
a 8701 4448 64
a 8702 13920 16
a 8703 19984 64
a 8704 592 256
a 8705 2624 16
a 8706 5872 16
a 8707 17264 16
a 8708 14256 64
a 8709 45296 256
a 8710 816 16
a 8711 1856 256
a 8712 2416 256
a 8713 448 64
a 8714 448 256
a 8715 11232 256
a 8716 304 256
a 8717 2496 256
a 8718 14816 16
a 8719 8080 64
a 8720 4672 64
a 8721 10304 256
a 8722 1808 16
a 8723 6000 16
a 8724 4224 16
a 8725 4016 64
a 8726 448 16
a 8727 2576 256
a 8728 2400 64
a 8729 2912 256
a 8730 2480 16
a 8731 352 256
a 8732 43872 256
a 8733 29520 16
a 8734 32768 256
a 8735 720 256
a 8736 2896 16
a 8737 288 16
a 8738 528 16
a 8739 61600 256
a 8740 736 256
a 8741 1920 16
a 8742 5264 16
a 8743 3440 256
a 8744 44800 256
a 8745 640 16
a 8746 4544 16
a 8747 1360 256
a 8748 8240 16
a 8749 1184 16
a 8750 352 64
a 8751 816 256
a 8752 24048 256
a 8753 6544 64
a 8754 784 64
a 8755 2576 64
a 8756 5296 64
a 8757 3904 64
a 8758 3728 16
a 8759 592 64
a 8760 25424 16
a 8761 1024 64
a 8762 4352 16
a 8763 48128 16
a 8764 432 256
a 8765 2480 256
a 8766 4848 256
a 8767 4336 256
a 8768 288 256
a 8769 35632 64
a 8770 1472 64
a 8771 7440 64
a 8772 61728 64
a 8773 38624 16
a 8774 3776 256
a 8775 2368 64
a 8776 58496 16
a 8777 4032 16
a 8778 4160 16
a 8779 27424 256
a 8780 19600 64
a 8781 22768 16
a 8782 51536 16
a 8783 15904 16
a 8784 18384 64
a 8785 7792 64
a 8786 4624 256
a 8787 2000 64
a 8788 272 256
a 8789 544 16
a 8790 25456 256
a 8791 59632 256
a 8792 10032 256
a 8793 1600 256
a 8794 44752 256
a 8795 368 256
a 8796 11760 256
a 8797 368 256
a 8798 1248 64
a 8799 61120 64
a 8800 38736 64
a 8801 22512 64
a 8802 9344 16
a 8803 3632 256
a 8804 768 64
a 8805 12432 64
a 8806 448 256
a 8807 57408 256
a 8808 976 16
a 8809 3152 64
a 8810 6768 64
a 8811 480 256
a 8812 656 256
a 8813 1744 16
a 8814 1152 256
a 8815 36960 64
a 8816 1568 16
a 8817 2576 256
a 8818 55808 64
a 8819 6256 256
a 8820 14016 64
a 8821 1856 16
a 8822 14256 16
a 8823 272 16
a 8824 272 256
a 8825 4048 256
a 8826 4016 64
a 8827 28960 16
a 8828 7648 256
a 8829 13360 16
a 8830 688 256
a 8831 1728 256
a 8832 480 16
a 8833 36080 64
a 8834 6576 16
a 8835 688 64
a 8836 576 64
a 8837 720 64
a 8838 22784 256
a 8839 4784 16
a 8840 8752 256
a 8841 7456 256
a 8842 1872 64
a 8843 1168 256
a 8844 50096 256
a 8845 3760 256
a 8846 800 16
a 8847 7728 64
a 8848 21632 16
a 8849 2192 64
a 8850 15504 16
a 8851 20528 256
a 8852 30592 16
a 8853 12368 256
a 8854 3968 256
a 8855 56128 64
a 8856 736 64
a 8857 848 16
a 8858 288 64
a 8859 3904 64
a 8860 4192 256
a 8861 1216 16
a 8862 1008 16
a 8863 432 64
a 8864 1984 16
a 8865 5456 64
a 8866 6576 16
a 8867 8256 256
a 8868 5392 64
a 8869 8272 16
a 8870 336 16
a 8871 8080 256
a 8872 20560 64
a 8873 368 256
a 8874 1360 256
a 8875 10000 64
a 8876 2336 16
a 8877 15360 256
a 8878 1520 64
a 8879 1120 256
a 8880 1824 64
a 8881 560 16
a 8882 10576 256
a 8883 560 256
a 8884 64928 256
a 8885 7152 64
a 8886 13904 256
a 8887 14736 64
a 8888 45968 256
a 8889 21184 64
a 8890 12512 256
a 8891 944 256
a 8892 1040 64
a 8893 3664 64
a 8894 1936 256
a 8895 22208 256
a 8896 43568 64
a 8897 448 16
a 8898 4960 256
a 8899 7904 16
a 8900 25232 256
a 8901 512 16
a 8902 2912 64
a 8903 54144 16
a 8904 1104 64
a 8905 11840 64
a 8906 2064 256
a 8907 7536 16
a 8908 512 16
a 8909 2560 16
a 8910 1312 256
a 8911 4640 256
a 8912 2560 16
a 8913 384 64
a 8914 7136 16
a 8915 20320 64
a 8916 6448 64
a 8917 2304 256
a 8918 6224 256
a 8919 2976 256
a 8920 336 64
a 8921 15600 64
a 8922 448 256
a 8923 13984 256
a 8924 400 64
a 8925 37664 256
a 8926 1024 256
a 8927 880 16
a 8928 2208 256
a 8929 8800 16
a 8930 1104 256
a 8931 9920 64
a 8932 4160 64
a 8933 1888 16
a 8934 352 64
a 8935 14128 256
a 8936 304 64
a 8937 3936 16
a 8938 9936 256
a 8939 736 64
a 8940 656 16
a 8941 30624 64
a 8942 1408 16
a 8943 41472 64
a 8944 928 16
a 8945 1456 16
a 8946 7104 256
a 8947 1424 16
a 8948 8048 256
a 8949 43392 64
a 8950 720 256
a 8951 30656 256
a 8952 20352 256
a 8953 23600 64
a 8954 6960 256
a 8955 1008 64
a 8956 2016 16
a 8957 14192 64
a 8958 12240 64
a 8959 15760 16
a 8960 2304 256
a 8961 10144 64
a 8962 37568 64
a 8963 768 64
a 8964 2592 256
a 8965 2704 64
a 8966 19936 256
a 8967 58128 256
a 8968 2656 16
a 8969 1568 16
a 8970 18000 64
a 8971 1648 16
a 8972 12160 256
a 8973 1696 256
a 8974 5296 256
a 8975 2208 64
a 8976 2832 64
a 8977 33856 64
a 8978 16688 256
a 8979 4080 16
a 8980 2464 64
a 8981 640 16
a 8982 26880 16
a 8983 27360 16
a 8984 15744 64
a 8985 12064 256
a 8986 624 256
a 8987 512 256
a 8988 480 256
a 8989 18032 64
a 8990 12032 64
a 8991 272 64
a 8992 19104 256
a 8993 7808 64
a 8994 10640 64
a 8995 480 16
a 8996 736 64
a 8997 3920 64
a 8998 10704 256
a 8999 4336 64
a 9000 1888 64
a 9001 1328 16
a 9002 400 64
a 9003 9184 64
a 9004 30064 16
a 9005 736 256
a 9006 1536 256
a 9007 10432 64
a 9008 656 16
a 9009 33920 16
a 9010 2384 256
a 9011 27968 256
a 9012 26880 256
a 9013 1712 64
a 9014 52624 64
a 9015 5392 64
a 9016 464 64
a 9017 26160 16
a 9018 1216 64
a 9019 496 256
a 9020 8880 64
a 9021 5216 64
a 9022 13776 16
a 9023 9184 64
a 9024 16544 256
a 9025 6016 16
a 9026 288 16
a 9027 31968 16
a 9028 1104 256
a 9029 8112 16
a 9030 624 256
a 9031 8544 64
a 9032 1520 64
a 9033 30896 16
a 9034 320 64
a 9035 16624 256
a 9036 46768 16
a 9037 8400 16
a 9038 1680 64
a 9039 560 64
a 9040 880 64
a 9041 1808 256
a 9042 816 16
a 9043 832 64
a 9044 14752 256
a 9045 15680 16
a 9046 17824 16
a 9047 848 64
a 9048 26896 256
a 9049 336 16
a 9050 1728 64
a 9051 1024 256
a 9052 5136 256
a 9053 896 16
a 9054 512 16
a 9055 16400 64
a 9056 22768 256
a 9057 5472 16
a 9058 6128 256
a 9059 1200 64
a 9060 3024 256
a 9061 688 256
a 9062 11968 256
a 9063 752 256
a 9064 384 16
a 9065 39680 16
a 9066 2400 64
a 9067 47872 64
a 9068 6464 64
a 9069 10080 16
a 9070 10256 16
a 9071 1872 256
a 9072 2048 256
a 9073 1120 256
a 9074 5024 256
a 9075 2800 64
a 9076 1200 256
a 9077 592 16
a 9078 464 16
a 9079 9248 16
a 9080 736 256
a 9081 21504 64
a 9082 768 256
a 9083 46576 64
a 9084 1280 16
a 9085 52768 64
a 9086 20896 64
a 9087 43936 256
a 9088 1616 16
a 9089 288 16
a 9090 37504 64
a 9091 992 16
a 9092 2928 64
a 9093 60608 64
a 9094 880 64
a 9095 16592 64
a 9096 11216 256
a 9097 1296 256
a 9098 880 16
a 9099 27072 16
a 9100 5984 16
a 9101 10160 64
a 9102 1696 16
a 9103 7488 16
a 9104 37632 16
a 9105 2160 16
a 9106 25792 16
a 9107 4512 256
a 9108 28976 16
a 9109 12672 256
a 9110 12000 64
a 9111 8064 16
a 9112 11824 16
a 9113 1440 256
a 9114 544 16
a 9115 2096 256
a 9116 3936 64
a 9117 8704 16
a 9118 57488 256
a 9119 45728 16
a 9120 288 64
a 9121 352 256
a 9122 448 64
a 9123 3920 64
a 9124 11504 16
a 9125 3920 256
a 9126 640 64
a 9127 16224 256
a 9128 8688 64
a 9129 736 64
a 9130 11056 16
a 9131 28720 16
a 9132 976 16
a 9133 1136 16
a 9134 1312 256
a 9135 12304 64
a 9136 320 256
a 9137 48640 16
a 9138 928 16
a 9139 56336 64
a 9140 16048 256
a 9141 720 16
a 9142 464 256
a 9143 288 256
a 9144 352 16
a 9145 576 256
a 9146 17984 16
a 9147 62544 16
a 9148 6256 16
a 9149 592 64
a 9150 432 16
a 9151 416 16
a 9152 1696 16
a 9153 14720 256
a 9154 720 16
a 9155 1520 256
a 9156 2144 256
a 9157 272 16
a 9158 4096 16
a 9159 34624 256
a 9160 384 16
a 9161 48768 16
a 9162 544 64
a 9163 1168 16
a 9164 65264 64
a 9165 25536 64
a 9166 10080 256
a 9167 1168 16
a 9168 6816 64
a 9169 23296 64
a 9170 1520 256
a 9171 1536 256
a 9172 52384 64
a 9173 23072 16
a 9174 512 16
a 9175 272 256
a 9176 400 16
a 9177 23840 256
a 9178 2800 16
a 9179 1408 16
a 9180 752 256
a 9181 20576 64
a 9182 480 16
a 9183 3760 16
a 9184 880 16
a 9185 1488 16
a 9186 14144 64
a 9187 10592 16
a 9188 9104 16
a 9189 11424 16
a 9190 58448 256
a 9191 480 256
a 9192 2368 16
a 9193 3184 64
a 9194 31344 16
a 9195 704 256
a 9196 496 16
a 9197 27504 64
a 9198 12448 256
a 9199 3984 64
a 9200 736 256
a 9201 1120 256
a 9202 9952 16
a 9203 3984 256
a 9204 2096 64
a 9205 5216 64
a 9206 736 256
a 9207 640 16
a 9208 62400 64
a 9209 368 256
a 9210 9408 64
a 9211 368 16
a 9212 416 256
a 9213 384 256
a 9214 27120 256
a 9215 1616 256
a 9216 37296 16
a 9217 6080 64
a 9218 16928 16
a 9219 5600 256
a 9220 336 16
a 9221 272 16
a 9222 960 64
a 9223 19856 16
a 9224 2400 256
a 9225 1184 64
a 9226 832 64
a 9227 19408 16
a 9228 59360 64
a 9229 6400 64
a 9230 1296 64
a 9231 7680 64
a 9232 2752 256
a 9233 3248 64
a 9234 55200 256
a 9235 18032 64
a 9236 1152 16
a 9237 12240 64
a 9238 784 64
a 9239 2048 16
a 9240 13872 16
a 9241 12128 64
a 9242 2752 16
a 9243 18560 64
a 9244 816 16
a 9245 272 256
a 9246 656 64
a 9247 752 64
a 9248 37872 256
a 9249 272 256
a 9250 896 256
a 9251 816 16
a 9252 400 64
a 9253 1504 16
a 9254 20592 16
a 9255 960 64
a 9256 400 256
a 9257 368 256
a 9258 1904 64
a 9259 60000 16
a 9260 1024 16
a 9261 12608 256
a 9262 384 64
a 9263 2048 256
a 9264 45120 16
a 9265 368 64
a 9266 16272 64
a 9267 1248 256
a 9268 1568 64
a 9269 608 64
a 9270 1856 256
a 9271 50688 64
a 9272 512 256
a 9273 848 256
a 9274 768 256
a 9275 21808 256
a 9276 29536 64
a 9277 59648 64
a 9278 44592 256
a 9279 9456 16
a 9280 36816 256
a 9281 336 16
a 9282 1296 16
a 9283 11872 256
a 9284 56160 64
a 9285 304 16
a 9286 624 256
a 9287 22640 256
a 9288 400 16
a 9289 2800 256
a 9290 1424 256
a 9291 18016 16
a 9292 18752 16
a 9293 1296 256
a 9294 7920 16
a 9295 29792 64
a 9296 304 16
a 9297 5376 256
a 9298 9488 16
a 9299 27216 16
a 9300 432 16
a 9301 752 256
a 9302 352 64
a 9303 832 64
a 9304 448 64
a 9305 1408 16
a 9306 2800 16
a 9307 1552 16
a 9308 30384 64
a 9309 5648 256
a 9310 6464 16
a 9311 496 64
a 9312 1008 64
a 9313 3936 16
a 9314 720 64
a 9315 928 16
a 9316 40064 64
a 9317 560 256
a 9318 400 64
a 9319 848 64
a 9320 384 64
a 9321 496 64
a 9322 33872 64
a 9323 576 256
a 9324 31248 16
a 9325 1520 256
a 9326 7184 16
a 9327 1344 256
a 9328 1728 64
a 9329 49952 16
a 9330 9072 256
a 9331 14912 64
a 9332 30608 256
a 9333 4880 256
a 9334 6352 64
a 9335 58112 64
a 9336 13840 256
a 9337 432 256
a 9338 14576 256
a 9339 5632 16
a 9340 15264 256
a 9341 12864 16
a 9342 8416 256
a 9343 3232 16
a 9344 3504 16
a 9345 2448 64
a 9346 21776 64
a 9347 33312 16
a 9348 27600 16
a 9349 2160 256
a 9350 63696 16
a 9351 63248 16
a 9352 3680 64
a 9353 11904 256
a 9354 13824 256
a 9355 41136 256
a 9356 304 64
a 9357 512 256
a 9358 18000 64
a 9359 10240 64
a 9360 1504 16
a 9361 1520 64
a 9362 4048 16
a 9363 4144 16
a 9364 3856 256
a 9365 560 256
a 9366 272 16
a 9367 352 64
a 9368 44032 64
a 9369 19152 64
a 9370 22112 64
a 9371 1168 64
a 9372 12304 256
a 9373 336 16
a 9374 14400 64
a 9375 400 256
a 9376 304 16
a 9377 49616 64
a 9378 2144 256
a 9379 304 256
a 9380 784 64
a 9381 10208 256
a 9382 29840 16
a 9383 17648 64
a 9384 848 256
a 9385 352 64
a 9386 34848 16
a 9387 736 64
a 9388 3296 256
a 9389 54288 64
a 9390 5200 64
a 9391 23904 256
a 9392 59744 256
a 9393 10496 64
a 9394 1664 256
a 9395 32192 256
a 9396 3568 16
a 9397 62976 16
a 9398 11920 16
a 9399 2048 64
a 9400 3008 256
a 9401 28832 64
a 9402 1312 64
a 9403 49488 256
a 9404 688 16
a 9405 9424 16
a 9406 6480 16
a 9407 3760 256
a 9408 6672 64
a 9409 29664 256
a 9410 21088 64
a 9411 464 16
a 9412 1040 64
a 9413 2032 16
a 9414 944 256
a 9415 54368 256
a 9416 3232 64
a 9417 28064 256
a 9418 528 64
a 9419 14304 256
a 9420 1968 64
a 9421 2048 256
a 9422 14192 256
a 9423 4832 64
a 9424 2256 64
a 9425 9568 64
a 9426 2864 16
a 9427 17584 64
a 9428 8256 256
a 9429 2496 64
a 9430 37600 16
a 9431 11632 256
a 9432 976 256
a 9433 5344 64
a 9434 7024 64
a 9435 1024 64
a 9436 1952 256
a 9437 1840 64
a 9438 768 256
a 9439 6384 64
a 9440 3472 64
a 9441 1792 256
a 9442 13104 64
a 9443 3904 64
a 9444 6128 16
a 9445 3760 256
a 9446 1872 256
a 9447 1952 64
a 9448 53744 64
a 9449 18304 16
a 9450 3920 256
a 9451 1936 64
a 9452 18656 64
a 9453 32048 16
a 9454 14960 64
a 9455 1120 64
a 9456 19680 16
a 9457 688 256
a 9458 416 16
a 9459 2160 16
a 9460 63552 256
a 9461 1776 16
a 9462 12416 256
a 9463 20720 16
a 9464 4448 64
a 9465 13616 256
a 9466 480 256
a 9467 59760 64
a 9468 304 64
a 9469 3056 256
a 9470 1776 256
a 9471 880 16
a 9472 5984 16
a 9473 22016 256
a 9474 432 256
a 9475 39280 64
a 9476 56064 256
a 9477 704 16
a 9478 5056 64
a 9479 3568 16
a 9480 784 64
a 9481 4256 256
a 9482 1936 64
a 9483 1392 256
a 9484 50592 64
a 9485 52272 16
a 9486 30784 256
a 9487 1696 16
a 9488 896 16
a 9489 2208 256
a 9490 24416 256
a 9491 464 16
a 9492 48640 16
a 9493 464 64
a 9494 34848 16
a 9495 18480 64
a 9496 48896 16
a 9497 4592 64
a 9498 3168 16
a 9499 12944 256
a 9500 14912 256
a 9501 6752 64
a 9502 7376 256
a 9503 3936 256
a 9504 352 256
a 9505 368 64
a 9506 7776 16
a 9507 1232 64
a 9508 10320 16
a 9509 4576 64
a 9510 288 256
a 9511 24864 16
a 9512 1648 16
a 9513 18400 64
a 9514 11248 64
a 9515 15232 16
a 9516 480 16
a 9517 2960 64
a 9518 1392 64
a 9519 1824 256
a 9520 7424 256
a 9521 49024 16
a 9522 960 64
a 9523 1168 16
a 9524 1920 64
a 9525 2464 16
a 9526 5888 256
a 9527 1392 16
a 9528 5504 256
a 9529 3184 256
a 9530 960 256
a 9531 464 256
a 9532 1136 16
a 9533 52512 16
a 9534 2880 64
a 9535 512 16
a 9536 7024 256
a 9537 288 64
a 9538 1952 16
a 9539 1296 16
a 9540 17520 256
a 9541 6736 16
a 9542 15456 256
a 9543 15744 64
a 9544 6288 64
a 9545 928 64
a 9546 25520 16
a 9547 32240 64
a 9548 3504 16
a 9549 928 64
a 9550 2128 64
a 9551 864 16
a 9552 7808 64
a 9553 416 64
a 9554 5168 16
a 9555 52432 16
a 9556 2016 64
a 9557 5728 16
a 9558 1568 16
a 9559 9680 256
a 9560 65296 64
a 9561 7328 16
a 9562 31424 256
a 9563 1136 256
a 9564 10288 256
a 9565 1120 64
a 9566 3104 64
a 9567 1840 16
a 9568 2224 64
a 9569 2048 256
a 9570 25360 64
a 9571 1600 64
a 9572 544 16
a 9573 14544 256
a 9574 1920 16
a 9575 6480 16
a 9576 19152 256
a 9577 1424 16
a 9578 8032 256
a 9579 17232 16
a 9580 896 16
a 9581 8032 16
a 9582 20736 256
a 9583 41200 64
a 9584 272 64
a 9585 2112 16
a 9586 3968 64
a 9587 960 64
a 9588 15296 64
a 9589 784 256
a 9590 10624 16
a 9591 3136 256
a 9592 320 64
a 9593 1040 64
a 9594 4464 256
a 9595 7184 16
a 9596 1200 64
a 9597 7136 256
a 9598 2992 64
a 9599 28032 256
a 9600 38848 64
a 9601 688 256
a 9602 1216 64
a 9603 448 256
a 9604 768 256
a 9605 336 256
a 9606 7712 64
a 9607 3152 256
a 9608 42656 256
a 9609 58720 64
a 9610 1744 64
a 9611 960 256
a 9612 57424 64
a 9613 1776 16
a 9614 1968 16
a 9615 1232 16
a 9616 1200 256
a 9617 17952 64
a 9618 12960 256
a 9619 592 16
a 9620 17824 16
a 9621 480 64
a 9622 20432 16
a 9623 37552 64
a 9624 816 256
a 9625 30288 16
a 9626 336 16
a 9627 33312 64
a 9628 60240 64
a 9629 1328 256
a 9630 14688 16
a 9631 1744 16
a 9632 20704 16
a 9633 44384 256
a 9634 53392 64
a 9635 15856 256
a 9636 5872 16
a 9637 1568 64
a 9638 6272 256
a 9639 1056 16
a 9640 6048 16
a 9641 480 256
a 9642 25792 64
a 9643 736 256
a 9644 12640 64
a 9645 480 256
a 9646 14768 64
a 9647 16992 64
a 9648 50432 16
a 9649 61936 16
a 9650 304 64
a 9651 13152 64
a 9652 12384 16
a 9653 1776 64
a 9654 768 64
a 9655 28448 16
a 9656 512 256
a 9657 1136 256
a 9658 3488 16
a 9659 2384 16
a 9660 1632 256
a 9661 8400 64
a 9662 432 256
a 9663 40464 16
a 9664 1520 64
a 9665 3168 16
a 9666 55376 256
a 9667 320 256
a 9668 3120 16
a 9669 864 64
a 9670 2400 16
a 9671 336 16
a 9672 34320 256
a 9673 3136 16
a 9674 800 64
a 9675 656 64
a 9676 30672 16
a 9677 61520 16
a 9678 10320 64
a 9679 40656 16
a 9680 8336 256
a 9681 18496 64
a 9682 10896 16
a 9683 336 64
a 9684 13536 16
a 9685 1728 256
a 9686 2528 16
a 9687 9072 256
a 9688 464 256
a 9689 1712 64
a 9690 1024 16
a 9691 624 64
a 9692 4208 16
a 9693 19968 256
a 9694 23536 16
a 9695 34864 64
a 9696 2512 64
a 9697 3424 16
a 9698 480 16
a 9699 2832 256
a 9700 51952 256
a 9701 1120 256
a 9702 432 256
a 9703 896 64
a 9704 29568 16
a 9705 45552 16
a 9706 672 16
a 9707 14672 16
a 9708 32544 64
a 9709 1904 64
a 9710 7952 256
a 9711 2608 64
a 9712 30176 256
a 9713 48256 16
a 9714 464 16
a 9715 720 64
a 9716 976 16
a 9717 9024 16
a 9718 3920 256
a 9719 7168 16
a 9720 4864 256
a 9721 56160 64
a 9722 9088 256
a 9723 432 256
a 9724 2032 256
a 9725 46000 64
a 9726 1360 256
a 9727 800 16
a 9728 3568 16
a 9729 480 64
a 9730 544 16
a 9731 37360 64
a 9732 12480 256
a 9733 29312 256
a 9734 21680 256
a 9735 2912 256
a 9736 52240 16
a 9737 5008 256
a 9738 512 64
a 9739 6992 16
a 9740 28976 16
a 9741 22592 256
a 9742 8432 16
a 9743 4032 64
a 9744 6144 256
a 9745 496 16
a 9746 10576 16
a 9747 9584 256
a 9748 35040 256
a 9749 24208 64
a 9750 63232 16
a 9751 1840 256
a 9752 4688 16
a 9753 3232 256
a 9754 1280 64
a 9755 22208 16
a 9756 272 16
a 9757 400 256
a 9758 49632 64
a 9759 25904 256
a 9760 31584 16
a 9761 7648 16
a 9762 2704 16
a 9763 1824 256
a 9764 11952 16
a 9765 496 64
a 9766 20512 64
a 9767 20416 256
a 9768 4272 16
a 9769 12080 64
a 9770 752 16
a 9771 1232 256
a 9772 800 256
a 9773 3664 256
a 9774 34064 64
a 9775 54768 16
a 9776 2272 256
a 9777 1584 64
a 9778 39136 16
a 9779 368 256
a 9780 3136 64
a 9781 2416 16
a 9782 2352 256
a 9783 1104 256
a 9784 2704 64
a 9785 12352 64
a 9786 1536 256
a 9787 1456 64
a 9788 1456 64
a 9789 1424 64
a 9790 4112 16
a 9791 272 16
a 9792 8160 64
a 9793 560 16
a 9794 7616 16
a 9795 2752 16
a 9796 28768 16
a 9797 4704 16
a 9798 29200 256
a 9799 304 64
a 9800 47520 256
a 9801 624 16
a 9802 7504 16
a 9803 31488 64
a 9804 848 16
a 9805 11744 64
a 9806 59232 16
a 9807 2128 64
a 9808 864 16
a 9809 272 64
a 9810 45824 64
a 9811 21552 256
a 9812 3840 16
a 9813 1840 256
a 9814 752 64
a 9815 43392 16
a 9816 2336 16
a 9817 352 64
a 9818 2096 16
a 9819 31808 256
a 9820 13728 64
a 9821 44944 16
a 9822 16080 256
a 9823 800 64
a 9824 26112 256
a 9825 33872 256
a 9826 544 16
a 9827 496 16
a 9828 336 64
a 9829 2592 16
a 9830 320 256
a 9831 18640 16
a 9832 9216 64
a 9833 49456 16
a 9834 31680 16
a 9835 304 16
a 9836 1536 16
a 9837 18960 256
a 9838 2048 16
a 9839 11120 64
a 9840 304 64
a 9841 1920 16
a 9842 2400 64
a 9843 672 256
a 9844 1296 16
a 9845 11168 256
a 9846 1568 64
a 9847 1296 256
a 9848 416 16
a 9849 56496 64
a 9850 592 64
a 9851 5360 64
a 9852 1760 64
a 9853 4016 64
a 9854 512 16
a 9855 45600 16
a 9856 1008 64
a 9857 8640 64
a 9858 3600 16
a 9859 704 16
a 9860 1264 256
a 9861 9056 64
a 9862 56656 256
a 9863 448 16
a 9864 15840 16
a 9865 34912 16
a 9866 480 64
a 9867 3328 16
a 9868 3600 64
a 9869 4064 256
a 9870 56256 256
a 9871 3008 256
a 9872 15472 64
a 9873 560 16
a 9874 4432 64
a 9875 384 256
a 9876 42448 64
a 9877 21120 64
a 9878 784 256
a 9879 384 64
a 9880 28112 64
a 9881 2256 256
a 9882 26928 64
a 9883 816 16
a 9884 35184 64
a 9885 3856 16
a 9886 7920 64
a 9887 1920 64
a 9888 3392 256
a 9889 528 256
a 9890 3216 256
a 9891 448 64
a 9892 3056 64
a 9893 3088 64
a 9894 464 256
a 9895 36112 16
a 9896 3248 256
a 9897 704 64
a 9898 640 64
a 9899 6096 16
a 9900 3312 256
a 9901 9488 256
a 9902 480 256
a 9903 320 16
a 9904 4864 256
a 9905 1760 256
a 9906 2464 256
a 9907 32976 16
a 9908 560 256
a 9909 1616 64
a 9910 480 256
a 9911 13872 256
a 9912 61616 256
a 9913 11680 64
a 9914 464 64
a 9915 6096 256
a 9916 5744 64
a 9917 5760 64
a 9918 14336 256
a 9919 13184 16
a 9920 2720 64
a 9921 11120 256
a 9922 5584 64
a 9923 368 256
a 9924 10272 256
a 9925 32048 16
a 9926 60704 16
a 9927 41312 16
a 9928 8176 16
a 9929 496 256
a 9930 688 64
a 9931 5952 64
a 9932 320 16
a 9933 2880 256
a 9934 34272 256
a 9935 37056 64
a 9936 2448 64
a 9937 3920 256
a 9938 272 256
a 9939 1344 256
a 9940 3104 256
a 9941 1024 16
a 9942 10720 256
a 9943 19456 256
a 9944 48896 256
a 9945 22448 256
a 9946 3664 256
a 9947 34928 256
a 9948 368 256
a 9949 1200 16
a 9950 1344 256
a 9951 54704 256
a 9952 58640 256
a 9953 336 256
a 9954 2016 16
a 9955 368 64
a 9956 10016 64
a 9957 7632 16
a 9958 1632 16
a 9959 1664 16
a 9960 59776 64
a 9961 23536 256
a 9962 10256 64
a 9963 288 64
a 9964 14672 16
a 9965 2528 64
a 9966 768 64
a 9967 34112 64
a 9968 1472 64
a 9969 608 16
a 9970 3136 64
a 9971 272 256
a 9972 13632 64
a 9973 832 256
a 9974 7472 256
a 9975 432 16
a 9976 3104 64
a 9977 9872 64
a 9978 1552 16
a 9979 48640 256
a 9980 1456 64
a 9981 1184 16
a 9982 432 16
a 9983 7952 16
a 9984 11472 16
a 9985 26880 16
a 9986 16032 64
a 9987 39056 64
a 9988 512 16
a 9989 816 256
a 9990 41712 64
a 9991 3648 64
a 9992 1520 64
a 9993 19072 16
a 9994 31360 16
a 9995 29456 16
a 9996 40176 16
a 9997 272 64
a 9998 1408 256
a 9999 320 16
c filled
f 1122
a 10000 3264 64
f 1152
a 10001 40896 16
f 39
a 10002 1968 256
f 8404
a 10003 496 16
f 7715
a 10004 2528 64
f 7769
a 10005 56704 256
f 8113
a 10006 10016 64
f 4004
a 10007 46880 64
f 4373
a 10008 3568 256
f 558
a 10009 832 16
f 4449
a 10010 704 256
f 4468
a 10011 20464 256
f 1546
a 10012 1216 256
f 8611
a 10013 22640 256
f 4054
a 10014 7248 256
f 5136
a 10015 3968 256
f 9115
a 10016 1584 64
f 9654
a 10017 2960 256
f 6915
a 10018 384 64
f 1250
a 10019 4544 64
f 9450
a 10020 13792 16
f 9714
a 10021 17424 64
f 6982
a 10022 528 16
f 1064
a 10023 27584 16
f 2931
a 10024 26208 64
f 1214
a 10025 12688 256
f 9326
a 10026 3504 64
f 2268
a 10027 27840 64
f 5666
a 10028 58544 64
f 9635
a 10029 1216 256
f 1314
a 10030 672 16
f 7458
a 10031 6144 256
f 6110
a 10032 336 16
f 7278
a 10033 656 16
f 8048
a 10034 1024 256
f 3664
a 10035 720 64
f 8073
a 10036 2592 64
f 1722
a 10037 912 64
f 7734
a 10038 432 256
f 3891
a 10039 3104 256
f 4865
a 10040 25712 16
f 3514
a 10041 3280 256
f 7160
a 10042 9664 16
f 7756
a 10043 15280 16
f 8655
a 10044 6288 256
f 3593
a 10045 512 64
f 9522
a 10046 1632 64
f 1977
a 10047 17616 256
f 4914
a 10048 272 64
f 8490
a 10049 4880 256
f 4924
a 10050 4528 256
f 5584
a 10051 736 16
f 8633
a 10052 17312 16
f 2811
a 10053 1008 16
f 9040
a 10054 1840 64
f 4120
a 10055 24848 256
f 2173
a 10056 1600 256
f 9206
a 10057 61952 256
f 8858
a 10058 1584 64
f 7647
a 10059 51968 16
f 2568
a 10060 6224 16
f 2899
a 10061 1680 16
f 9826
a 10062 13072 256
f 7393
a 10063 5344 16
f 4509
a 10064 2336 256
f 1632
a 10065 480 256
f 6800
a 10066 1104 64
f 6931
a 10067 2576 64
f 1926
a 10068 6464 16
f 3439
a 10069 1568 64
f 1872
a 10070 30560 16
f 2852
a 10071 1312 256
f 2564
a 10072 448 64
f 1796
a 10073 272 64
f 3028
a 10074 3584 16
f 9442
a 10075 464 256
f 321
a 10076 59696 64
f 3423
a 10077 5776 16
f 1843
a 10078 784 64
f 6406
a 10079 4480 16
f 278
a 10080 448 64
f 8374
a 10081 6832 256
f 5016
a 10082 27296 64
f 1759
a 10083 18112 16
f 3162
a 10084 13552 16
f 5529
a 10085 14224 16
f 4090
a 10086 432 256
f 3444
a 10087 24816 16
f 2062
a 10088 19008 16
f 7717
a 10089 800 64
f 2218
a 10090 1104 64
f 627
a 10091 480 256
f 5412
a 10092 272 64
f 8336
a 10093 3568 64
f 113
a 10094 15200 64
f 2275
a 10095 1328 64
f 3521
a 10096 608 16
f 5587
a 10097 512 16
f 1031
a 10098 40096 256
f 378
a 10099 400 64
f 794
a 10100 3872 64
f 4123
a 10101 9792 64
f 7484
a 10102 18160 64
f 3707
a 10103 416 64
f 1011
a 10104 1072 64
f 9638
a 10105 336 16
f 8179
a 10106 1072 64
f 2942
a 10107 9376 256
f 8256
a 10108 20304 16
f 6383
a 10109 2304 256
f 699
a 10110 10416 256
f 3943
a 10111 4992 64
f 4058
a 10112 480 16
f 7916
a 10113 1392 256
f 827
a 10114 432 16
f 2265
a 10115 53376 16
f 7549
a 10116 32224 16
f 9338
a 10117 592 64
f 1554
a 10118 2432 64
f 5066
a 10119 55024 16
f 1174
a 10120 20592 64
f 8477
a 10121 800 64
f 281
a 10122 2512 64
f 3501
a 10123 19616 256
f 4327
a 10124 288 64
f 7528
a 10125 1760 16
f 6143
a 10126 608 16
f 6872
a 10127 1664 256
f 6753
a 10128 65280 16
f 8693
a 10129 864 16
f 5898
a 10130 42544 64
f 9482
a 10131 16832 16
f 3278
a 10132 928 64
f 6827
a 10133 31968 64
f 9681
a 10134 42064 16
f 7221
a 10135 992 256
f 3435
a 10136 13392 256
f 1704
a 10137 656 256
f 2473
a 10138 1872 64
f 6396
a 10139 2208 256
f 9050
a 10140 24320 64
f 2890
a 10141 19984 16
f 2105
a 10142 2624 256
f 3810
a 10143 1024 16
f 4003
a 10144 26432 256
f 922
a 10145 448 256
f 6272
a 10146 640 64
f 876
a 10147 3600 256
f 228
a 10148 512 256
f 3681
a 10149 4672 16
f 5243
a 10150 448 16
f 8122
a 10151 12448 16
f 4498
a 10152 16944 256
f 3555
a 10153 39264 64
f 3668
a 10154 13008 64
f 7930
a 10155 34992 16
f 3963
a 10156 56880 256
f 2760
a 10157 3664 256
f 8914
a 10158 31936 256
f 6780
a 10159 4032 16
f 8191
a 10160 16960 16
f 8891
a 10161 736 256
f 5941
a 10162 1200 256
f 5442
a 10163 9376 16
f 7743
a 10164 272 16
f 1780
a 10165 4512 16
f 6767
a 10166 2848 64
f 6530
a 10167 1904 256
f 8630
a 10168 6912 16
f 3181
a 10169 1520 64
f 8334
a 10170 62864 16
f 3682
a 10171 49536 256
f 6544
a 10172 432 256
f 3283
a 10173 10352 256
f 2179
a 10174 24720 16
f 397
a 10175 42560 64
f 5160
a 10176 29296 256
f 4990
a 10177 1760 256
f 3525
a 10178 2832 16
f 8556
a 10179 912 16
f 4967
a 10180 1168 256
f 4901
a 10181 12864 16
f 4387
a 10182 23680 256
f 287
a 10183 832 16
f 4858
a 10184 3728 64
f 2125
a 10185 37184 256
f 9675
a 10186 1888 256
f 9770
a 10187 1648 256
f 9840
a 10188 2272 64
f 1432
a 10189 2000 16
f 8456
a 10190 592 16
f 3944
a 10191 1184 16
f 9328
a 10192 27584 256
f 4654
a 10193 14640 256
f 8585
a 10194 8704 64
f 1278
a 10195 14624 256
f 570
a 10196 11872 256
f 8988
a 10197 6496 16
f 9374
a 10198 5312 16
f 9135
a 10199 1024 64
f 1775
a 10200 2384 16
f 2108
a 10201 1792 16
f 2114
a 10202 5344 64
f 1194
a 10203 1680 64
f 2896
a 10204 3280 16
f 7014
a 10205 44368 64
f 6056
a 10206 16384 64
f 5490
a 10207 480 256
f 7636
a 10208 640 16
f 9267
a 10209 480 256
f 9259
a 10210 14528 256
f 6741
a 10211 64224 64
f 4221
a 10212 3008 16
f 1228
a 10213 1856 64
f 4245
a 10214 288 64
f 300
a 10215 5744 256
f 9875
a 10216 40592 16
f 7068
a 10217 3024 256
f 571
a 10218 30208 256
f 10111
a 10219 20704 256
f 2870
a 10220 3472 256
f 8848
a 10221 4976 64
f 6778
a 10222 3504 16
f 545
a 10223 6784 16
f 258
a 10224 1408 64
f 8066
a 10225 3280 16
f 8638
a 10226 18032 64
f 1801
a 10227 15120 64
f 7952
a 10228 55616 256
f 6714
a 10229 816 256
f 31
a 10230 5904 64
f 7063
a 10231 368 64
f 7776
a 10232 3888 256
f 8592
a 10233 18096 256
f 6214
a 10234 17808 64
f 90
a 10235 12016 16
f 4357
a 10236 432 16
f 3372
a 10237 60656 64
f 10030
a 10238 3952 16
f 5612
a 10239 34800 256
f 6499
a 10240 4208 256
f 8641
a 10241 2544 64
f 4776
a 10242 2320 64
f 1373
a 10243 16016 256
f 9830
a 10244 944 256
f 2245
a 10245 2688 16
f 1992
a 10246 3040 64
f 502
a 10247 42496 64
f 3198
a 10248 2784 64
f 9915
a 10249 832 64
f 7080
a 10250 368 256
f 5375
a 10251 7424 256
f 4261
a 10252 8688 64
f 7826
a 10253 448 64
f 10033
a 10254 752 16
f 8203
a 10255 2320 256
f 5128
a 10256 12592 256
f 8390
a 10257 36224 64
f 8578
a 10258 24256 16
f 8022
a 10259 912 64
f 2524
a 10260 9984 64
f 2937
a 10261 43152 64
f 5970
a 10262 28640 64
f 4430
a 10263 29488 16
f 3380
a 10264 29952 16
f 5976
a 10265 9088 256
f 4736
a 10266 2912 16
f 6120
a 10267 6256 16
f 2651
a 10268 1232 256
f 1782
a 10269 1200 64
f 7445
a 10270 1056 16
f 4964
a 10271 51184 256
f 4916
a 10272 512 256
f 2906
a 10273 5968 16
f 4815
a 10274 336 256
f 4073
a 10275 336 256
f 2829
a 10276 12128 64
f 2681
a 10277 1472 16
f 2720
a 10278 7424 64
f 2758
a 10279 7728 64
f 5219
a 10280 1952 64
f 8786
a 10281 33200 256
f 6650
a 10282 1088 64
f 6932
a 10283 40112 16
f 2569
a 10284 55280 16
f 1838
a 10285 50000 256
f 5301
a 10286 6288 256
f 3421
a 10287 1344 64
f 3505
a 10288 44384 16
f 7028
a 10289 736 64
f 9458
a 10290 9280 16
f 8670
a 10291 8032 16
f 1269
a 10292 592 16
f 6515
a 10293 32000 256
f 9718
a 10294 7264 64
f 8515
a 10295 3696 256
f 3644
a 10296 24592 256
f 2729
a 10297 10624 16
f 4322
a 10298 56864 256
f 6177
a 10299 976 16
f 7383
a 10300 9584 16
f 6498
a 10301 1696 64
f 9397
a 10302 592 256
f 1145
a 10303 384 16
f 9222
a 10304 18032 16
f 8512
a 10305 7168 64
f 8529
a 10306 42736 64
f 8468
a 10307 3728 256
f 9294
a 10308 464 16
f 4487
a 10309 672 64
f 1530
a 10310 272 256
f 7469
a 10311 15792 256
f 1653
a 10312 35824 256
f 5629
a 10313 1632 16
f 1813
a 10314 1728 64
f 8273
a 10315 20960 16
f 9676
a 10316 336 256
f 8211
a 10317 26112 16
f 5394
a 10318 5616 16
f 9794
a 10319 2208 64
f 979
a 10320 624 64
f 850
a 10321 400 16
f 1286
a 10322 23552 64
f 220
a 10323 14528 256
f 1776
a 10324 6864 64
f 8382
a 10325 52400 256
f 8682
a 10326 368 64
f 3330
a 10327 24416 256
f 7618
a 10328 528 64
f 5164
a 10329 1024 256
f 9928
a 10330 896 64
f 5432
a 10331 14064 256
f 3485
a 10332 47616 256
f 6196
a 10333 304 256
f 2893
a 10334 19520 64
f 1522
a 10335 816 64
f 1054
a 10336 864 16
f 8600
a 10337 1280 64
f 1210
a 10338 1632 16
f 9312
a 10339 2816 16
f 6574
a 10340 8176 64
f 4008
a 10341 9696 64
f 1168
a 10342 7840 64
f 6657
a 10343 7152 16
f 6989
a 10344 6144 256
f 4979
a 10345 6400 256
f 461
a 10346 1632 64
f 9023
a 10347 33344 256
f 7224
a 10348 672 64
f 8176
a 10349 1120 64
f 4790
a 10350 384 16
f 7956
a 10351 30288 64
f 9043
a 10352 19712 256
f 3702
a 10353 6368 64
f 7517
a 10354 1520 256
f 6535
a 10355 16992 16
f 7995
a 10356 50048 64
f 6751
a 10357 40832 64
f 3948
a 10358 5488 16
f 9124
a 10359 65392 64
f 587
a 10360 32352 16
f 1848
a 10361 63872 64
f 8149
a 10362 480 256
f 9787
a 10363 1200 256
f 3220
a 10364 976 16
f 2190
a 10365 2208 256
f 10256
a 10366 3248 16
f 4531
a 10367 3024 16
f 5036
a 10368 57424 64
f 529
a 10369 43872 64
f 2065
a 10370 25328 16
f 1526
a 10371 15552 256
f 6405
a 10372 3520 64
f 3724
a 10373 2544 16
f 7905
a 10374 2000 16
f 3627
a 10375 62736 256
f 2850
a 10376 16080 16
f 3339
a 10377 10048 64
f 9035
a 10378 36000 64
f 7622
a 10379 560 64
f 6332
a 10380 2720 64
f 3286
a 10381 42480 256
f 2832
a 10382 400 64
f 8129
a 10383 6304 256
f 7410
a 10384 35696 64
f 802
a 10385 27920 16
f 6395
a 10386 352 256
f 267
a 10387 352 64
f 9321
a 10388 480 64
f 2672
a 10389 3600 256
f 3894
a 10390 6800 64
f 526
a 10391 63152 16
f 7425
a 10392 18640 256
f 6820
a 10393 336 16
f 8150
a 10394 3216 16
f 3758
a 10395 3600 16
f 7972
a 10396 384 16
f 5882
a 10397 736 64
f 766
a 10398 16528 16
f 9032
a 10399 1824 64
f 8533
a 10400 48064 64
f 2182
a 10401 9696 16
f 10097
a 10402 13104 64
f 5844
a 10403 1968 64
f 6123
a 10404 400 16
f 891
a 10405 736 64
f 6726
a 10406 25888 64
f 8487
a 10407 400 256
f 7712
a 10408 480 64
f 9033
a 10409 13040 16
f 176
a 10410 3120 64
f 6235
a 10411 65296 256
f 2407
a 10412 28176 256
f 5608
a 10413 3840 16
f 3818
a 10414 29968 256
f 5594
a 10415 784 16
f 3729
a 10416 2880 64
f 1611
a 10417 3888 16
f 2992
a 10418 6880 256
f 6232
a 10419 55504 16
f 3105
a 10420 52944 64
f 4888
a 10421 22880 256
f 7799
a 10422 3440 64
f 1494
a 10423 736 64
f 6450
a 10424 304 256
f 8623
a 10425 65248 64
f 4324
a 10426 13104 64
f 864
a 10427 512 256
f 5921
a 10428 14480 256
f 1285
a 10429 592 256
f 8968
a 10430 6752 64
f 2742
a 10431 4064 64
f 2580
a 10432 3552 16
f 425
a 10433 1600 64
f 2653
a 10434 1728 16
f 8388
a 10435 53488 256
f 7738
a 10436 15056 16
f 3235
a 10437 1632 16
f 6007
a 10438 1984 64
f 649
a 10439 35744 16
f 657
a 10440 736 256
f 2542
a 10441 1152 256
f 6400
a 10442 17296 256
f 5525
a 10443 368 64
f 8068
a 10444 13520 256
f 3187
a 10445 2640 256
f 519
a 10446 28000 16
f 7055
a 10447 33392 256
f 1467
a 10448 1264 16
f 7372
a 10449 48560 256
f 3465
a 10450 736 64
f 3603
a 10451 10064 64
f 5674
a 10452 384 16
f 8023
a 10453 11200 256
f 9291
a 10454 2656 64
f 5454
a 10455 50032 256
f 2756
a 10456 1488 64
f 605
a 10457 5696 256
f 3094
a 10458 7232 256
f 6267
a 10459 592 64
f 5198
a 10460 12768 256
f 10434
a 10461 736 64
f 1577
a 10462 2464 256
f 7918
a 10463 400 64
f 2280
a 10464 3408 16
f 4438
a 10465 5040 256
f 1582
a 10466 15792 64
f 4583
a 10467 5984 256
f 4502
a 10468 2704 16
f 8144
a 10469 1088 16
f 6419
a 10470 63216 16
f 4667
a 10471 1360 256
f 6283
a 10472 41568 64
f 7262
a 10473 10208 256
f 2557
a 10474 512 16
f 7427
a 10475 1280 64
f 104
a 10476 3248 64
f 7527
a 10477 1856 64
f 5234
a 10478 11696 16
f 10023
a 10479 560 256
f 9301
a 10480 3952 16
f 961
a 10481 9632 16
f 8035
a 10482 368 16
f 2494
a 10483 400 16
f 8876
a 10484 1856 16
f 2254
a 10485 4688 64
f 10336
a 10486 3136 16
f 10120
a 10487 25952 16
f 1955
a 10488 464 256
f 8010
a 10489 3152 256
f 6351
a 10490 3488 16
f 6855
a 10491 3152 64
f 6941
a 10492 1216 256
f 7904
a 10493 63632 64
f 8386
a 10494 2688 256
f 6445
a 10495 43408 256
f 6105
a 10496 272 64
f 6607
a 10497 3520 16
f 5781
a 10498 1680 64
f 784
a 10499 5408 16
c step-500
f 4205
a 10500 1264 256
f 2558
a 10501 1920 16
f 8090
a 10502 1104 64
f 4397
a 10503 592 64
f 1765
a 10504 14816 64
f 525
a 10505 5584 64
f 7195
a 10506 480 16
f 2781
a 10507 56512 64
f 8864
a 10508 7088 64
f 4985
a 10509 3184 256
f 8800
a 10510 1760 64
f 8497
a 10511 592 16
f 9096
a 10512 944 64
f 9987
a 10513 9024 256
f 83
a 10514 3024 64
f 5063
a 10515 3664 16
f 1564
a 10516 320 64
f 10418
a 10517 15264 16
f 9872
a 10518 2704 256
f 6666
a 10519 43776 256
f 8563
a 10520 5280 64
f 8962
a 10521 30544 256
f 4439
a 10522 2928 256
f 9988
a 10523 23840 64
f 2904
a 10524 1376 256
f 7988
a 10525 1952 256
f 7534
a 10526 2080 16
f 7047
a 10527 30720 64
f 659
a 10528 17616 16
f 5724
a 10529 1216 64
f 7575
a 10530 7696 256
f 4928
a 10531 1104 64
f 4805
a 10532 6976 16
f 9082
a 10533 13440 256
f 3763
a 10534 29712 64
f 2666
a 10535 368 64
f 9414
a 10536 8848 64
f 10245
a 10537 5648 64
f 10407
a 10538 576 64
f 1592
a 10539 384 16
f 52
a 10540 1808 16
f 2792
a 10541 880 16
f 5681
a 10542 704 16
f 7659
a 10543 1072 64
f 7384
a 10544 592 256
f 4609
a 10545 11312 64
f 3951
a 10546 12352 16
f 3534
a 10547 720 256
f 7694
a 10548 13888 256
f 2000
a 10549 432 64
f 8598
a 10550 51744 64
f 2272
a 10551 512 16
f 2523
a 10552 400 64
f 1013
a 10553 3104 16
f 40
a 10554 7280 256
f 5743
a 10555 2512 64
f 9368
a 10556 26448 64
f 3135
a 10557 6816 64
f 1860
a 10558 1904 16
f 14
a 10559 624 64
f 8699
a 10560 1824 256
f 2859
a 10561 416 256
f 7770
a 10562 1664 256
f 7263
a 10563 54752 16
f 6002
a 10564 27376 256
f 1943
a 10565 432 256
f 9077
a 10566 624 64
f 3570
a 10567 1536 16
f 5556
a 10568 12512 256
f 603
a 10569 800 16
f 1738
a 10570 2624 64
f 8423
a 10571 19088 64
f 7461
a 10572 832 16
f 10065
a 10573 1888 16
f 8391
a 10574 448 64
f 872
a 10575 736 16
f 3914
a 10576 4576 64
f 7998
a 10577 2112 16
f 6102
a 10578 2688 256
f 7140
a 10579 38576 64
f 363
a 10580 19088 256
f 3031
a 10581 848 16
f 3059
a 10582 944 64
f 825
a 10583 496 64
f 1790
a 10584 9920 64
f 7746
a 10585 61696 256
f 4684
a 10586 1360 64
f 10518
a 10587 2032 256
f 9765
a 10588 4768 64
f 7646
a 10589 4752 256
f 1816
a 10590 52128 256
f 2968
a 10591 3872 16
f 5619
a 10592 3200 256
f 983
a 10593 448 64
f 628
a 10594 30400 16
f 10075
a 10595 928 256
f 728
a 10596 816 16
f 7053
a 10597 560 64
f 10472
a 10598 9888 64
f 384
a 10599 5680 16
f 581
a 10600 608 16
f 3536
a 10601 960 16
f 2322
a 10602 816 16
f 4022
a 10603 59552 16
f 2099
a 10604 528 256
f 7800
a 10605 304 16
f 10481
a 10606 2832 64
f 10194
a 10607 15392 256
f 3461
a 10608 58752 64
f 8657
a 10609 31088 256
f 2005
a 10610 22784 64
f 4193
a 10611 3136 16
f 1086
a 10612 4688 64
f 1821
a 10613 688 256
f 10131
a 10614 1152 16
f 4445
a 10615 17504 16
f 45
a 10616 944 256
f 402
a 10617 48672 16
f 8375
a 10618 7120 16
f 1861
a 10619 5952 256
f 5468
a 10620 3792 256
f 7932
a 10621 5728 16
f 6084
a 10622 3936 64
f 8350
a 10623 41776 256
f 6925
a 10624 640 64
f 3446
a 10625 29936 64
f 6548
a 10626 1664 256
f 7398
a 10627 7648 64
f 8743
a 10628 1408 256
f 8850
a 10629 3536 64
f 6763
a 10630 880 64
f 9763
a 10631 33088 256
f 9343
a 10632 5904 16
f 7475
a 10633 2144 256
f 8058
a 10634 39616 64
f 7544
a 10635 14960 64
f 8526
a 10636 24832 64
f 1588
a 10637 6416 256
f 5065
a 10638 5696 256
f 7558
a 10639 592 16
f 1726
a 10640 36144 256
f 10635
a 10641 45968 64
f 2889
a 10642 1376 64
f 1336
a 10643 51392 64
f 3839
a 10644 2928 64
f 9102
a 10645 864 256
f 10427
a 10646 304 256
f 3479
a 10647 17360 16
f 6658
a 10648 2336 64
f 5857
a 10649 55056 256
f 6045
a 10650 2480 256
f 491
a 10651 3408 256
f 2109
a 10652 49088 256
f 8663
a 10653 24336 64
f 573
a 10654 416 64
f 6278
a 10655 9040 256
f 10553
a 10656 368 16
f 3018
a 10657 15712 256
f 3665
a 10658 28336 64
f 3622
a 10659 39472 256
f 4372
a 10660 272 256
f 3767
a 10661 432 256
f 9410
a 10662 400 256
f 547
a 10663 1472 256
f 9015
a 10664 51456 256
f 10541
a 10665 5648 16
f 3251
a 10666 64208 256
f 6959
a 10667 768 256
f 3314
a 10668 384 64
f 771
a 10669 19024 256
f 4546
a 10670 448 64
f 2692
a 10671 624 64
f 977
a 10672 52624 64
f 6911
a 10673 272 256
f 8465
a 10674 1024 64
f 9052
a 10675 14768 16
f 7171
a 10676 63792 64
f 8596
a 10677 31920 16
f 9957
a 10678 4768 64
f 5873
a 10679 2368 256
f 7013
a 10680 8160 16
f 10584
a 10681 400 256
f 644
a 10682 2128 256
f 9618
a 10683 22480 64
f 2300
a 10684 62704 256
f 3497
a 10685 1104 256
f 8624
a 10686 6224 64
f 7854
a 10687 976 64
f 5575
a 10688 15776 256
f 4401
a 10689 944 256
f 5291
a 10690 55920 16
f 9105
a 10691 19504 256
f 3568
a 10692 832 256
f 10125
a 10693 13120 16
f 158
a 10694 4656 64
f 936
a 10695 368 64
f 1436
a 10696 288 64
f 7851
a 10697 1312 256
f 10671
a 10698 10496 16
f 6127
a 10699 6368 256
f 2816
a 10700 2592 64
f 10523
a 10701 4688 16
f 3564
a 10702 496 256
f 8314
a 10703 21296 64
f 8567
a 10704 432 64
f 5499
a 10705 528 256
f 4454
a 10706 592 64
f 6035
a 10707 8784 16
f 6712
a 10708 256 256
f 8478
a 10709 4288 16
f 2003
a 10710 15968 16
f 4325
a 10711 41872 16
f 1151
a 10712 10496 64
f 7585
a 10713 400 16
f 453
a 10714 18112 256
f 7208
a 10715 528 64
f 5753
a 10716 6768 256
f 5560
a 10717 19440 256
f 9038
a 10718 23712 256
f 5334
a 10719 5824 16
f 4618
a 10720 17488 16
f 1394
a 10721 31312 16
f 5203
a 10722 2416 256
f 1640
a 10723 19168 16
f 3367
a 10724 36464 64
f 7155
a 10725 384 16
f 2632
a 10726 4096 256
f 2396
a 10727 47408 64
f 9430
a 10728 1392 64
f 8631
a 10729 17264 16
f 195
a 10730 400 256
f 3218
a 10731 1120 64
f 9896
a 10732 5360 16
f 3974
a 10733 27696 256
f 4602
a 10734 14784 256
f 8438
a 10735 20192 16
f 6610
a 10736 29728 64
f 3238
a 10737 1792 64
f 2622
a 10738 400 64
f 4568
a 10739 720 16
f 1051
a 10740 36304 16
f 269
a 10741 29936 16
f 7997
a 10742 11120 16
f 10460
a 10743 19424 64
f 944
a 10744 16880 64
f 1426
a 10745 10864 64
f 5492
a 10746 8896 256
f 4252
a 10747 7808 256
f 8168
a 10748 44368 64
f 3337
a 10749 59888 16
f 10539
a 10750 1904 64
f 6976
a 10751 304 64
f 9813
a 10752 48192 256
f 9205
a 10753 14496 64
f 5180
a 10754 1936 256
f 8721
a 10755 56704 256
f 2786
a 10756 4096 16
f 10145
a 10757 33536 256
f 10533
a 10758 2128 16
f 1150
a 10759 5216 64
f 383
a 10760 816 16
f 2039
a 10761 2320 256
f 8285
a 10762 2704 64
f 10251
a 10763 28816 16
f 8397
a 10764 6192 16
f 10136
a 10765 336 64
f 3006
a 10766 848 16
f 3214
a 10767 46080 64
f 5280
a 10768 44640 64
f 10337
a 10769 33328 256
f 5159
a 10770 22464 16
f 6505
a 10771 7920 256
f 796
a 10772 2784 64
f 707
a 10773 3536 256
f 4769
a 10774 960 256
f 10316
a 10775 14880 256
f 380
a 10776 7632 64
f 2249
a 10777 27728 64
f 5899
a 10778 44736 16
f 1451
a 10779 688 64
f 2920
a 10780 14112 64
f 2141
a 10781 1040 256
f 5464
a 10782 27824 64
f 5110
a 10783 42432 64
f 4608
a 10784 17920 64
f 8015
a 10785 20720 64
f 6857
a 10786 3856 256
f 9829
a 10787 2928 64
f 1238
a 10788 49744 64
f 1222
a 10789 6144 64
f 3368
a 10790 11072 64
f 7362
a 10791 544 16
f 7132
a 10792 3168 16
f 5431
a 10793 5200 256
f 2468
a 10794 336 256
f 6963
a 10795 30384 64
f 9330
a 10796 14080 256
f 8395
a 10797 1200 256
f 8983
a 10798 576 64
f 10529
a 10799 2688 256
f 1308
a 10800 2576 64
f 7052
a 10801 6176 64
f 4832
a 10802 47760 64
f 3124
a 10803 57584 256
f 3294
a 10804 464 256
f 6670
a 10805 30592 16
f 868
a 10806 29504 256
f 5505
a 10807 65488 64
f 696
a 10808 16160 64
f 6155
a 10809 4928 64
f 8422
a 10810 3888 256
f 1994
a 10811 8704 16
f 6471
a 10812 960 64
f 5897
a 10813 58480 64
f 1268
a 10814 608 64
f 1618
a 10815 35280 16
f 5704
a 10816 29808 256
f 6956
a 10817 31216 64
f 8799
a 10818 736 16
f 4586
a 10819 560 256
f 2965
a 10820 26896 256
f 9261
a 10821 480 16
f 8145
a 10822 400 64
f 4377
a 10823 15408 64
f 9533
a 10824 35744 64
f 4072
a 10825 36896 256
f 6413
a 10826 23712 64
f 518
a 10827 384 256
f 2986
a 10828 47616 256
f 5731
a 10829 1168 16
f 1809
a 10830 704 16
f 9265
a 10831 2480 256
f 3410
a 10832 24608 16
f 5531
a 10833 448 16
f 10390
a 10834 5648 16
f 5577
a 10835 3568 16
f 9067
a 10836 21904 64
f 1277
a 10837 27024 256
f 3562
a 10838 57312 16
f 10240
a 10839 10672 256
f 6874
a 10840 864 256
f 9920
a 10841 6992 16
f 1771
a 10842 800 64
f 9473
a 10843 2704 16
f 2642
a 10844 36096 256
f 9817
a 10845 496 64
f 6137
a 10846 24432 16
f 4656
a 10847 11696 256
f 5944
a 10848 13776 256
f 8890
a 10849 13248 64
f 3741
a 10850 944 16
f 2748
a 10851 2608 256
f 829
a 10852 880 256
f 2479
a 10853 432 64
f 2441
a 10854 33952 16
f 2313
a 10855 24768 16
f 5170
a 10856 19248 64
f 884
a 10857 32848 256
f 5439
a 10858 29600 256
f 6326
a 10859 7184 256
f 272
a 10860 58224 16
f 4486
a 10861 2000 256
f 7720
a 10862 19200 256
f 2958
a 10863 320 256
f 1400
a 10864 3376 64
f 2189
a 10865 2464 256
f 10845
a 10866 21168 16
f 5858
a 10867 37440 16
f 10632
a 10868 12384 64
f 6310
a 10869 33280 16
f 1764
a 10870 5904 16
f 1153
a 10871 3968 16
f 4491
a 10872 41312 64
f 7899
a 10873 4080 256
f 3909
a 10874 272 256
f 2248
a 10875 48272 16
f 4949
a 10876 2064 64
f 4555
a 10877 1888 256
f 10091
a 10878 5552 256
f 4107
a 10879 28432 16
f 1171
a 10880 6256 256
f 6996
a 10881 3728 16
f 1316
a 10882 1904 256
f 3487
a 10883 2576 64
f 7206
a 10884 2816 256
f 3717
a 10885 56272 256
f 1303
a 10886 400 16
f 4497
a 10887 480 64
f 9953
a 10888 23216 64
f 3051
a 10889 23584 64
f 898
a 10890 688 16
f 10135
a 10891 976 256
f 1115
a 10892 46640 16
f 9507
a 10893 400 16
f 1689
a 10894 1200 256
f 6390
a 10895 30368 256
f 4418
a 10896 31056 256
f 889
a 10897 736 16
f 9549
a 10898 12480 256
f 3299
a 10899 10544 256
f 9311
a 10900 1120 16
f 3107
a 10901 1856 16
f 895
a 10902 1008 16
f 8846
a 10903 15424 16
f 4512
a 10904 1760 64
f 8193
a 10905 30080 256
f 7418
a 10906 656 16
f 6919
a 10907 720 16
f 10143
a 10908 17392 16
f 7075
a 10909 1328 16
f 4734
a 10910 29440 256
f 8985
a 10911 2160 256
f 8629
a 10912 1536 256
f 10219
a 10913 416 64
f 8452
a 10914 18064 64
f 4535
a 10915 27664 16
f 8735
a 10916 9216 64
f 6760
a 10917 3680 64
f 9508
a 10918 52448 16
f 6718
a 10919 272 64
f 2241
a 10920 2160 64
f 5551
a 10921 20368 16
f 8708
a 10922 51008 64
f 3907
a 10923 13344 16
f 10152
a 10924 3808 256
f 5772
a 10925 26944 256
f 1001
a 10926 1248 64
f 5218
a 10927 1056 64
f 9564
a 10928 27472 16
f 9524
a 10929 368 256
f 1743
a 10930 18832 64
f 2605
a 10931 1792 16
f 2646
a 10932 29408 256
f 10836
a 10933 496 64
f 941
a 10934 1856 64
f 7866
a 10935 64832 256
f 4963
a 10936 13280 64
f 2236
a 10937 9664 16
f 676
a 10938 10480 16
f 3869
a 10939 16336 64
f 4288
a 10940 8880 256
f 6746
a 10941 21536 64
f 5225
a 10942 2768 16
f 1327
a 10943 6448 256
f 4183
a 10944 1824 16
f 4856
a 10945 4480 256
f 7962
a 10946 9968 64
f 9544
a 10947 27136 256
f 7110
a 10948 480 256
f 1112
a 10949 672 64
f 5250
a 10950 53088 256
f 10114
a 10951 9264 256
f 7981
a 10952 1264 16
f 797
a 10953 22464 16
f 4965
a 10954 21376 64
f 9916
a 10955 31008 64
f 2215
a 10956 3520 16
f 9670
a 10957 43504 64
f 6320
a 10958 63920 64
f 5058
a 10959 60560 16
f 2504
a 10960 3344 16
f 2749
a 10961 6800 64
f 3753
a 10962 6992 64
f 8322
a 10963 16080 64
f 6940
a 10964 1712 16
f 3304
a 10965 1696 16
f 7060
a 10966 15760 64
f 4479
a 10967 4416 256
f 8934
a 10968 1216 256
f 10822
a 10969 896 256
f 2081
a 10970 15392 16
f 7163
a 10971 39584 64
f 4405
a 10972 39024 16
f 5359
a 10973 29696 256
f 223
a 10974 736 16
f 3916
a 10975 704 64
f 2370
a 10976 1872 16
f 3953
a 10977 336 64
f 2271
a 10978 32016 64
f 8198
a 10979 3168 256
f 7269
a 10980 25216 16
f 5161
a 10981 1072 256
f 7594
a 10982 2208 16
f 3837
a 10983 7136 16
f 8159
a 10984 688 16
f 7176
a 10985 384 16
f 6422
a 10986 7680 16
f 6211
a 10987 1440 256
f 5415
a 10988 7840 64
f 3080
a 10989 36960 256
f 9572
a 10990 22448 64
f 9574
a 10991 55632 256
f 6150
a 10992 13216 256
f 4788
a 10993 4160 256
f 5449
a 10994 45424 256
f 8667
a 10995 30192 16
f 1386
a 10996 1344 16
f 6871
a 10997 2032 64
f 4115
a 10998 9552 64
f 6093
a 10999 50672 256
c step-1000
f 7200
a 11000 12240 256
f 2053
a 11001 2224 16
f 533
a 11002 416 16
f 429
a 11003 272 256
f 4936
a 11004 1568 256
f 7126
a 11005 9424 64
f 5416
a 11006 4128 16
f 9260
a 11007 496 64
f 4666
a 11008 7872 64
f 1876
a 11009 1232 16
f 9843
a 11010 816 256
f 2963
a 11011 20128 256
f 6269
a 11012 7792 64
f 7514
a 11013 31760 64
f 9879
a 11014 1664 256
f 7390
a 11015 304 256
f 3035
a 11016 5696 64
f 1030
a 11017 12720 64
f 5768
a 11018 8144 64
f 10972
a 11019 6576 64
f 10664
a 11020 62112 64
f 7064
a 11021 6544 64
f 3530
a 11022 3696 16
f 6497
a 11023 1152 256
f 1550
a 11024 288 256
f 789
a 11025 29968 256
f 8349
a 11026 3456 256
f 8857
a 11027 3632 16
f 9629
a 11028 1040 64
f 6071
a 11029 464 16
f 7991
a 11030 4080 16
f 3532
a 11031 1856 16
f 6073
a 11032 352 256
f 7591
a 11033 464 16
f 6799
a 11034 26448 16
f 1531
a 11035 384 256
f 9941
a 11036 1856 64
f 5114
a 11037 35312 256
f 9249
a 11038 368 16
f 6784
a 11039 2208 16
f 9253
a 11040 3424 64
f 7147
a 11041 24832 256
f 5624
a 11042 1664 64
f 4556
a 11043 43696 256
f 6734
a 11044 18064 256
f 2752
a 11045 800 16
f 8355
a 11046 8608 256
f 2805
a 11047 4416 256
f 8953
a 11048 2400 256
f 7311
a 11049 752 64
f 4127
a 11050 62800 64
f 3320
a 11051 15008 16
f 1805
a 11052 3760 64
f 5501
a 11053 12192 64
f 4754
a 11054 3392 64
f 8982
a 11055 37360 16
f 444
a 11056 336 64
f 1649
a 11057 7472 256
f 693
a 11058 3584 64
f 9300
a 11059 448 256
f 8255
a 11060 32336 64
f 10344
a 11061 352 16
f 472
a 11062 1056 256
f 6652
a 11063 5040 16
f 5553
a 11064 22512 16
f 2579
a 11065 432 16
f 10926
a 11066 30784 256
f 9167
a 11067 47088 64
f 3037
a 11068 3728 64
f 6050
a 11069 880 64
f 8965
a 11070 368 256
f 1900
a 11071 656 64
f 3096
a 11072 1840 256
f 8064
a 11073 6816 16
f 3467
a 11074 5456 256
f 10685
a 11075 19536 64
f 8444
a 11076 46512 64
f 9850
a 11077 896 256
f 10549
a 11078 944 16
f 3517
a 11079 1696 16
f 5304
a 11080 2016 64
f 10659
a 11081 52160 64
f 6952
a 11082 5952 64
f 2650
a 11083 320 256
f 8448
a 11084 11680 256
f 3110
a 11085 1232 256
f 8407
a 11086 1184 64
f 9984
a 11087 272 64
f 7423
a 11088 3216 64
f 4212
a 11089 496 64
f 7832
a 11090 19696 16
f 4035
a 11091 1008 64
f 9170
a 11092 5376 16
f 3740
a 11093 23104 16
f 506
a 11094 784 16
f 888
a 11095 896 256
f 5621
a 11096 5216 64
f 6431
a 11097 20736 64
f 5422
a 11098 896 256
f 2387
a 11099 23440 16
f 6675
a 11100 320 16
f 9228
a 11101 3104 256
f 1263
a 11102 272 256
f 3150
a 11103 16160 64
f 8546
a 11104 6608 16
f 4579
a 11105 15904 16
f 74
a 11106 960 16
f 4771
a 11107 2880 16
f 7019
a 11108 5120 64
f 9983
a 11109 10464 64
f 151
a 11110 864 64
f 5718
a 11111 496 16
f 10648
a 11112 11776 256
f 10896
a 11113 64256 256
f 478
a 11114 2656 256
f 6374
a 11115 1888 256
f 9596
a 11116 50592 64
f 921
a 11117 2000 64
f 4890
a 11118 25440 64
f 3265
a 11119 17648 64
f 3838
a 11120 1264 16
f 7207
a 11121 1344 256
f 140
a 11122 1664 64
f 608
a 11123 22816 256
f 3625
a 11124 21360 64
f 9835
a 11125 480 64
f 6451
a 11126 7152 16
f 290
a 11127 2752 256
f 4064
a 11128 912 256
f 6850
a 11129 10160 256
f 10766
a 11130 4064 256
f 6330
a 11131 47360 256
f 1830
a 11132 3408 16
f 2204
a 11133 352 16
f 1638
a 11134 9264 256
f 10032
a 11135 768 256
f 812
a 11136 4272 16
f 9863
a 11137 816 64
f 4495
a 11138 976 256
f 4839
a 11139 1648 64
f 9531
a 11140 45552 16
f 3165
a 11141 896 64
f 7277
a 11142 45408 64
f 8865
a 11143 60560 256
f 2699
a 11144 4048 16
f 6583
a 11145 496 256
f 5346
a 11146 3472 256
f 6227
a 11147 30544 64
f 5663
a 11148 6288 256
f 2831
a 11149 15360 64
f 6362
a 11150 34672 256
f 5920
a 11151 45472 16
f 2256
a 11152 20544 256
f 8661
a 11153 15264 256
f 9995
a 11154 62480 256
f 2381
a 11155 27312 16
f 10398
a 11156 1184 16
f 3696
a 11157 3456 64
f 3496
a 11158 6992 16
f 11064
a 11159 3312 64
f 10206
a 11160 1984 256
f 1294
a 11161 336 64
f 3450
a 11162 3104 256
f 1883
a 11163 30528 16
f 8922
a 11164 32160 16
f 5391
a 11165 1568 16
f 4390
a 11166 5904 64
f 8712
a 11167 1376 16
f 5336
a 11168 50272 16
f 2518
a 11169 61456 64
f 293
a 11170 43696 256
f 6099
a 11171 10272 16
f 8275
a 11172 4096 16
f 614
a 11173 4000 256
f 2825
a 11174 3456 16
f 2351
a 11175 1440 16
f 10225
a 11176 6720 256
f 9340
a 11177 320 64
f 8427
a 11178 976 16
f 1612
a 11179 6736 256
f 8230
a 11180 7056 16
f 10770
a 11181 4624 16
f 5533
a 11182 1200 16
f 9527
a 11183 496 64
f 9685
a 11184 624 256
f 765
a 11185 14224 16
f 10990
a 11186 1840 256
f 5868
a 11187 400 256
f 2725
a 11188 1184 64
f 8267
a 11189 7264 16
f 1078
a 11190 672 256
f 3541
a 11191 2032 64
f 1666
a 11192 384 16
f 4533
a 11193 4080 16
f 10866
a 11194 4064 64
f 1552
a 11195 20368 64
f 1016
a 11196 16624 16
f 10279
a 11197 14224 64
f 641
a 11198 19472 16
f 10348
a 11199 6528 256
f 405
a 11200 6640 64
f 7166
a 11201 384 64
f 8005
a 11202 1504 16
f 9626
a 11203 1984 64
f 8264
a 11204 5392 256
f 2465
a 11205 704 64
f 2345
a 11206 12784 64
f 2055
a 11207 1600 16
f 8387
a 11208 3600 16
f 5134
a 11209 432 64
f 976
a 11210 7120 16
f 4785
a 11211 2672 256
f 7250
a 11212 2160 64
f 9337
a 11213 1504 64
f 7805
a 11214 3424 64
f 9730
a 11215 3984 256
f 4391
a 11216 480 16
f 4665
a 11217 27664 16
f 4882
a 11218 272 64
f 3915
a 11219 50704 16
f 5408
a 11220 736 256
f 4733
a 11221 9008 16
f 9619
a 11222 12192 256
f 6968
a 11223 2352 256
f 720
a 11224 5168 256
f 8288
a 11225 2640 64
f 6149
a 11226 51152 64
f 4705
a 11227 4144 256
f 9149
a 11228 544 16
f 7385
a 11229 52560 16
f 1937
a 11230 8288 16
f 3850
a 11231 13824 64
f 340
a 11232 9072 256
f 10043
a 11233 3376 16
f 1375
a 11234 33584 64
f 11223
a 11235 20080 16
f 721
a 11236 1168 256
f 482
a 11237 52032 64
f 9501
a 11238 3680 256
f 3147
a 11239 19024 256
f 9085
a 11240 8256 64
f 1332
a 11241 448 64
f 10049
a 11242 1584 16
f 6620
a 11243 640 256
f 8417
a 11244 13808 64
f 4012
a 11245 544 256
f 8553
a 11246 3824 256
f 6369
a 11247 15168 64
f 3905
a 11248 1056 16
f 690
a 11249 34464 256
f 8367
a 11250 64208 64
f 10794
a 11251 688 16
f 8006
a 11252 39168 16
f 3863
a 11253 31536 256
f 1117
a 11254 31648 256
f 9662
a 11255 3888 64
f 55
a 11256 4800 256
f 5752
a 11257 24704 64
f 10959
a 11258 60288 256
f 3032
a 11259 24000 64
f 3733
a 11260 288 256
f 5118
a 11261 1728 16
f 2902
a 11262 4752 256
f 6783
a 11263 944 256
f 3363
a 11264 3952 256
f 8642
a 11265 336 256
f 3747
a 11266 22672 256
f 10417
a 11267 880 16
f 8300
a 11268 3776 16
f 1868
a 11269 784 64
f 484
a 11270 7600 64
f 5366
a 11271 992 256
f 9575
a 11272 1600 64
f 3557
a 11273 2000 64
f 7089
a 11274 6288 256
f 459
a 11275 896 16
f 6449
a 11276 59792 16
f 6188
a 11277 1488 16
f 7368
a 11278 6720 16
f 458
a 11279 30000 64
f 7940
a 11280 23504 256
f 9062
a 11281 10928 64
f 438
a 11282 336 64
f 352
a 11283 32688 16
f 8182
a 11284 2560 64
f 3700
a 11285 20752 16
f 5803
a 11286 320 256
f 6049
a 11287 39024 256
f 10969
a 11288 400 16
f 11284
a 11289 8064 256
f 1443
a 11290 288 16
f 11124
a 11291 368 256
f 1541
a 11292 1440 64
f 9866
a 11293 19696 256
f 3183
a 11294 1744 64
f 11248
a 11295 3472 16
f 3422
a 11296 272 64
f 9888
a 11297 43408 64
f 4084
a 11298 64576 256
f 10929
a 11299 3648 256
f 2774
a 11300 576 16
f 11144
a 11301 54288 256
f 209
a 11302 1888 64
f 2482
a 11303 3856 256
f 8927
a 11304 62384 16
f 2826
a 11305 2640 64
f 8320
a 11306 12624 256
f 1170
a 11307 3632 256
f 9144
a 11308 2256 64
f 6461
a 11309 3760 64
f 10567
a 11310 1008 256
f 1967
a 11311 56432 64
f 6824
a 11312 1840 16
f 7633
a 11313 2720 256
f 11312
a 11314 1568 64
f 2391
a 11315 704 64
f 2283
a 11316 1072 64
f 6740
a 11317 7712 256
f 6463
a 11318 4720 64
f 11126
a 11319 7856 64
f 4156
a 11320 1184 64
f 9446
a 11321 54800 16
f 2383
a 11322 336 16
f 9333
a 11323 864 256
f 9612
a 11324 20752 256
f 11236
a 11325 5664 16
f 6160
a 11326 1568 256
f 697
a 11327 1616 64
f 11006
a 11328 1232 16
f 5563
a 11329 27824 64
f 3229
a 11330 368 256
f 8447
a 11331 880 256
f 9735
a 11332 272 16
f 1067
a 11333 44576 64
f 584
a 11334 12432 256
f 3419
a 11335 832 256
f 2894
a 11336 512 16
f 747
a 11337 24496 256
f 11108
a 11338 6832 16
f 6988
a 11339 2672 256
f 10660
a 11340 4560 256
f 1648
a 11341 368 64
f 3903
a 11342 4000 256
f 7386
a 11343 1552 256
f 2315
a 11344 30032 64
f 221
a 11345 448 64
f 9402
a 11346 1424 16
f 8310
a 11347 992 256
f 5240
a 11348 4736 16
f 9632
a 11349 2560 16
f 7197
a 11350 3280 64
f 8692
a 11351 8048 16
f 2123
a 11352 496 64
f 4516
a 11353 2736 16
f 562
a 11354 51760 16
f 212
a 11355 1984 16
f 5955
a 11356 3360 64
f 3155
a 11357 8112 64
f 154
a 11358 2896 256
f 1282
a 11359 45680 64
f 4696
a 11360 38224 256
f 4234
a 11361 1056 256
f 4079
a 11362 52640 256
f 4703
a 11363 11152 16
f 7312
a 11364 1392 256
f 5326
a 11365 464 16
f 8254
a 11366 19072 64
f 3383
a 11367 2560 256
f 1981
a 11368 416 64
f 7771
a 11369 400 256
f 11132
a 11370 1040 16
f 11294
a 11371 40976 16
f 5201
a 11372 976 256
f 9923
a 11373 864 16
f 5739
a 11374 384 16
f 11150
a 11375 6112 64
f 1725
a 11376 57600 256
f 1172
a 11377 9888 256
f 7326
a 11378 5456 16
f 5727
a 11379 992 256
f 11318
a 11380 1840 256
f 6626
a 11381 672 16
f 6828
a 11382 34080 256
f 5462
a 11383 368 64
f 3946
a 11384 2512 64
f 9656
a 11385 1504 16
f 917
a 11386 44896 64
f 9021
a 11387 624 64
f 5649
a 11388 1984 64
f 6446
a 11389 2080 64
f 6928
a 11390 1136 64
f 663
a 11391 464 16
f 6041
a 11392 384 256
f 9400
a 11393 32128 256
f 2572
a 11394 1200 256
f 557
a 11395 1424 256
f 327
a 11396 5872 16
f 443
a 11397 60224 256
f 7036
a 11398 672 64
f 3455
a 11399 35200 16
f 3855
a 11400 38624 64
f 10864
a 11401 17536 256
f 2662
a 11402 50736 256
f 4542
a 11403 2400 256
f 3016
a 11404 1808 16
f 6980
a 11405 62192 16
f 7865
a 11406 2256 64
f 8102
a 11407 1088 16
f 9799
a 11408 1872 64
f 8187
a 11409 7408 16
f 8826
a 11410 2544 256
f 6066
a 11411 320 64
f 3877
a 11412 480 16
f 9281
a 11413 2192 256
f 7121
a 11414 3840 16
f 8370
a 11415 1840 256
f 4383
a 11416 42256 16
f 7546
a 11417 7136 64
f 9092
a 11418 752 16
f 11408
a 11419 8528 16
f 427
a 11420 1856 256
f 7993
a 11421 448 16
f 8777
a 11422 16320 64
f 9037
a 11423 15936 16
f 8328
a 11424 816 256
f 7601
a 11425 288 16
f 929
a 11426 23296 16
f 5809
a 11427 23808 64
f 6298
a 11428 61488 16
f 10907
a 11429 592 256
f 1963
a 11430 608 16
f 11214
a 11431 10192 256
f 6573
a 11432 640 16
f 11101
a 11433 1584 64
f 4285
a 11434 38048 256
f 441
a 11435 3568 16
f 5471
a 11436 6448 64
f 7328
a 11437 64736 256
f 5127
a 11438 1776 16
f 505
a 11439 1600 16
f 6210
a 11440 29792 64
f 10444
a 11441 2720 256
f 8503
a 11442 5648 16
f 8445
a 11443 304 256
f 9745
a 11444 624 256
f 2587
a 11445 41760 256
f 417
a 11446 2496 256
f 9463
a 11447 464 64
f 7541
a 11448 368 64
f 11274
a 11449 1664 64
f 5950
a 11450 1296 16
f 5726
a 11451 608 256
f 7092
a 11452 52816 64
f 6595
a 11453 1712 256
f 11383
a 11454 1360 16
f 3878
a 11455 1008 256
f 8312
a 11456 9984 16
f 4455
a 11457 4848 16
f 3014
a 11458 13792 256
f 94
a 11459 29152 16
f 7929
a 11460 47200 64
f 9703
a 11461 8752 16
f 4521
a 11462 14656 64
f 1646
a 11463 3184 256
f 3324
a 11464 25952 16
f 5680
a 11465 10192 256
f 8475
a 11466 45936 16
f 479
a 11467 30400 16
f 6075
a 11468 12656 64
f 6379
a 11469 52368 16
f 3883
a 11470 22960 16
f 6381
a 11471 9968 64
f 3874
a 11472 2816 16
f 2638
a 11473 9248 16
f 6604
a 11474 960 64
f 3927
a 11475 13776 16
f 11241
a 11476 2912 64
f 5393
a 11477 656 16
f 5455
a 11478 4448 64
f 6685
a 11479 384 256
f 7684
a 11480 27040 256
f 8615
a 11481 3472 64
f 1562
a 11482 800 64
f 7450
a 11483 27952 256
f 2022
a 11484 61648 256
f 85
a 11485 640 64
f 8170
a 11486 6464 64
f 4409
a 11487 464 64
f 8493
a 11488 1648 64
f 8464
a 11489 2336 64
f 6148
a 11490 6736 64
f 9250
a 11491 18432 16
f 10534
a 11492 50544 64
f 1589
a 11493 9248 64
f 8619
a 11494 13776 64
f 6971
a 11495 336 16
f 6612
a 11496 640 16
f 8964
a 11497 848 64
f 3896
a 11498 12768 16
f 7794
a 11499 3312 16
c step-1500
f 719
a 11500 60352 64
f 10697
a 11501 368 64
f 4577
a 11502 864 256
f 586
a 11503 25456 64
f 6427
a 11504 10000 256
f 3575
a 11505 64800 64
f 8437
a 11506 752 256
f 8656
a 11507 1008 64
f 11159
a 11508 54512 64
f 495
a 11509 10704 64
f 11153
a 11510 8272 64
f 3209
a 11511 12752 16
f 1344
a 11512 13632 64
f 11447
a 11513 3552 16
f 8441
a 11514 3392 256
f 5964
a 11515 6960 256
f 3820
a 11516 9648 256
f 3745
a 11517 45392 16
f 8292
a 11518 5120 256
f 1598
a 11519 4320 16
f 3868
a 11520 1024 64
f 1321
a 11521 20624 256
f 5932
a 11522 352 64
f 6295
a 11523 528 256
f 11235
a 11524 784 16
f 11000
a 11525 13520 16
f 7989
a 11526 832 256
f 3939
a 11527 1392 64
f 1850
a 11528 1024 64
f 6993
a 11529 304 16
f 3298
a 11530 1872 64
f 264
a 11531 3680 256
f 3612
a 11532 12896 256
f 3437
a 11533 528 64
f 1130
a 11534 39232 16
f 7011
a 11535 14720 16
f 6553
a 11536 63616 16
f 1334
a 11537 1600 64
f 7374
a 11538 368 16
f 386
a 11539 5520 256
f 10369
a 11540 43440 16
f 471
a 11541 17440 16
f 5509
a 11542 10000 256
f 5783
a 11543 2272 64
f 10689
a 11544 1008 64
f 6106
a 11545 864 16
f 6837
a 11546 48208 16
f 7668
a 11547 7552 16
f 7903
a 11548 44224 256
f 3904
a 11549 13680 16
f 9855
a 11550 8240 64
f 779
a 11551 37904 64
f 9726
a 11552 52064 64
f 5283
a 11553 304 256
f 3742
a 11554 65248 16
f 5223
a 11555 41120 16
f 1695
a 11556 50848 16
f 6255
a 11557 15280 64
f 1094
a 11558 18800 16
f 2293
a 11559 720 64
f 5105
a 11560 14544 64
f 5103
a 11561 6784 64
f 8884
a 11562 57680 16
f 10805
a 11563 464 16
f 2432
a 11564 7504 64
f 8371
a 11565 1552 16
f 8413
a 11566 5424 256
f 6889
a 11567 480 256
f 9461
a 11568 3408 64
f 1441
a 11569 3456 64
f 6493
a 11570 352 16
f 11073
a 11571 1152 256
f 8745
a 11572 336 256
f 3141
a 11573 928 256
f 10824
a 11574 20624 16
f 460
a 11575 9888 256
f 11252
a 11576 9712 64
f 2070
a 11577 20256 256
f 4974
a 11578 29120 16
f 6366
a 11579 9776 64
f 11209
a 11580 1728 16
f 7239
a 11581 3584 64
f 2147
a 11582 1488 16
f 2443
a 11583 5552 16
f 2548
a 11584 512 256
f 5766
a 11585 1392 16
f 2276
a 11586 3040 64
f 65
a 11587 1376 64
f 8688
a 11588 4832 256
f 735
a 11589 5104 64
f 1342
a 11590 55600 256
f 2959
a 11591 1888 256
f 10752
a 11592 32032 64
f 9190
a 11593 30432 64
f 8555
a 11594 5536 16
f 8820
a 11595 48288 16
f 3811
a 11596 736 64
f 11476
a 11597 896 64
f 2620
a 11598 1840 16
f 6808
a 11599 7120 256
f 8249
a 11600 1792 16
f 5572
a 11601 3584 16
f 2393
a 11602 12480 256
f 2096
a 11603 3584 256
f 9316
a 11604 16016 64
f 4224
a 11605 48656 16
f 8224
a 11606 2416 64
f 6985
a 11607 4336 16
f 902
a 11608 656 256
f 7190
a 11609 13536 64
f 7359
a 11610 2160 16
f 8860
a 11611 3552 16
f 1475
a 11612 64112 256
f 6503
a 11613 29968 256
f 5133
a 11614 65440 256
f 4657
a 11615 592 64
f 7032
a 11616 16352 64
f 3025
a 11617 6432 16
f 8462
a 11618 3760 64
f 4581
a 11619 22544 16
f 858
a 11620 1008 16
f 10975
a 11621 512 64
f 3965
a 11622 320 64
f 4399
a 11623 17648 16
f 2761
a 11624 6864 64
f 7332
a 11625 3920 256
f 7202
a 11626 5904 16
f 8883
a 11627 880 64
f 3476
a 11628 6976 64
f 8545
a 11629 11312 256
f 5263
a 11630 2944 64
f 10015
a 11631 17680 64
f 8978
a 11632 848 16
f 4343
a 11633 6176 64
f 7902
a 11634 288 256
f 10041
a 11635 61648 64
f 5642
a 11636 608 16
f 2839
a 11637 368 16
f 6389
a 11638 272 16
f 111
a 11639 61808 64
f 1781
a 11640 37216 256
f 8446
a 11641 11104 64
f 2614
a 11642 10704 16
f 10722
a 11643 4336 64
f 4499
a 11644 336 256
f 5805
a 11645 528 256
f 413
a 11646 4496 16
f 2763
a 11647 656 256
f 9530
a 11648 2160 256
f 9954
a 11649 960 16
f 10310
a 11650 1936 16
f 725
a 11651 1792 16
f 2077
a 11652 336 64
f 1656
a 11653 6608 16
f 9960
a 11654 25408 256
f 10582
a 11655 768 64
f 3890
a 11656 20064 64
f 1715
a 11657 1904 64
f 8482
a 11658 6176 16
f 5260
a 11659 368 64
f 5436
a 11660 2176 16
f 8695
a 11661 22064 16
f 6727
a 11662 27072 16
f 940
a 11663 45776 16
f 214
a 11664 4000 256
f 9600
a 11665 1136 64
f 9188
a 11666 21312 64
f 4118
a 11667 3872 64
f 923
a 11668 29760 256
f 4027
a 11669 1184 256
f 4101
a 11670 41840 256
f 2644
a 11671 2736 256
f 6973
a 11672 6480 256
f 4825
a 11673 32000 256
f 6026
a 11674 8416 256
f 3507
a 11675 4768 16
f 4275
a 11676 10640 64
f 8373
a 11677 5648 256
f 7835
a 11678 1008 16
f 9120
a 11679 1232 256
f 3098
a 11680 6384 16
f 552
a 11681 13072 64
f 8114
a 11682 1024 256
f 7787
a 11683 61456 64
f 2796
a 11684 336 256
f 8472
a 11685 37664 64
f 538
a 11686 62224 16
f 9039
a 11687 400 256
f 2012
a 11688 368 64
f 9633
a 11689 1360 256
f 8809
a 11690 9136 16
f 4596
a 11691 63760 16
f 9555
a 11692 2560 256
f 2995
a 11693 1456 16
f 9112
a 11694 288 256
f 1558
a 11695 1072 64
f 5407
a 11696 7568 256
f 10526
a 11697 56272 256
f 9386
a 11698 336 256
f 11419
a 11699 8240 256
f 8660
a 11700 3424 64
f 8714
a 11701 45872 256
f 4976
a 11702 496 16
f 9755
a 11703 29744 256
f 1673
a 11704 2544 64
f 11278
a 11705 53936 16
f 6723
a 11706 5712 64
f 3242
a 11707 26512 16
f 3571
a 11708 51040 16
f 7897
a 11709 57264 16
f 9089
a 11710 976 16
f 759
a 11711 368 64
f 9126
a 11712 14304 256
f 11705
a 11713 320 64
f 10550
a 11714 912 16
f 1698
a 11715 1024 256
f 3263
a 11716 640 64
f 5979
a 11717 2848 256
f 2765
a 11718 2512 256
f 8590
a 11719 464 16
f 454
a 11720 4016 64
f 204
a 11721 22688 256
f 10909
a 11722 15584 64
f 3112
a 11723 896 16
f 3971
a 11724 288 16
f 5915
a 11725 5088 16
f 2058
a 11726 352 16
f 4746
a 11727 5584 64
f 2751
a 11728 4704 16
f 10589
a 11729 2608 16
f 6053
a 11730 464 64
f 6977
a 11731 10752 256
f 4915
a 11732 5456 16
f 11529
a 11733 18800 64
f 1497
a 11734 688 256
f 1503
a 11735 448 64
f 2017
a 11736 784 64
f 2226
a 11737 28992 256
f 8270
a 11738 27840 256
f 9054
a 11739 27200 64
f 3351
a 11740 12128 64
f 1468
a 11741 3792 16
f 890
a 11742 2240 256
f 10970
a 11743 3712 64
f 9583
a 11744 1232 64
f 1199
a 11745 320 16
f 2186
a 11746 60848 16
f 11407
a 11747 10576 64
f 1079
a 11748 63120 16
f 3281
a 11749 880 16
f 9029
a 11750 4448 16
f 5388
a 11751 8880 256
f 2193
a 11752 1376 64
f 11231
a 11753 1152 64
f 532
a 11754 41488 16
f 4910
a 11755 33584 64
f 2954
a 11756 11056 64
f 11663
a 11757 3280 16
f 2585
a 11758 1920 64
f 8135
a 11759 10288 16
f 372
a 11760 11584 16
f 8920
a 11761 448 16
f 6713
a 11762 3936 16
f 11576
a 11763 29888 64
f 7112
a 11764 15808 16
f 8431
a 11765 2432 64
f 9008
a 11766 432 16
f 3097
a 11767 4016 256
f 6739
a 11768 768 16
f 1395
a 11769 3136 16
f 8086
a 11770 19840 256
f 6411
a 11771 27376 64
f 6217
a 11772 2016 16
f 7066
a 11773 15920 64
f 2255
a 11774 7616 16
f 11544
a 11775 464 16
f 800
a 11776 400 64
f 3408
a 11777 14944 64
f 9472
a 11778 288 16
f 7948
a 11779 48016 256
f 11550
a 11780 7728 64
f 4104
a 11781 816 16
f 7945
a 11782 24720 256
f 7260
a 11783 1024 256
f 11001
a 11784 560 16
f 10764
a 11785 320 64
f 181
a 11786 1632 256
f 10840
a 11787 992 64
f 5489
a 11788 28400 64
f 8762
a 11789 20864 16
f 1667
a 11790 58752 64
f 7161
a 11791 29248 64
f 9086
a 11792 14800 16
f 9934
a 11793 448 64
f 5484
a 11794 6064 256
f 4085
a 11795 5600 16
f 4017
a 11796 21952 16
f 6178
a 11797 288 64
f 3332
a 11798 10912 64
f 5749
a 11799 13936 256
f 2220
a 11800 384 64
f 1275
a 11801 1328 256
f 11575
a 11802 31920 256
f 10676
a 11803 7984 256
f 6541
a 11804 736 256
f 2428
a 11805 304 256
f 9457
a 11806 688 256
f 3451
a 11807 3920 256
f 3154
a 11808 22496 16
f 11444
a 11809 656 16
f 10828
a 11810 1056 16
f 369
a 11811 15664 64
f 5005
a 11812 7344 64
f 2939
a 11813 1184 256
f 1106
a 11814 63408 64
f 9425
a 11815 2800 16
f 2329
a 11816 384 64
f 8286
a 11817 880 256
f 6716
a 11818 3904 64
f 1163
a 11819 25408 16
f 10058
a 11820 10928 64
f 814
a 11821 7088 16
f 164
a 11822 30032 256
f 10832
a 11823 336 16
f 873
a 11824 1664 16
f 4958
a 11825 11936 64
f 7128
a 11826 62352 16
f 10394
a 11827 59168 256
f 9342
a 11828 1600 64
f 2865
a 11829 768 16
f 10774
a 11830 3520 64
f 8989
a 11831 39808 16
f 1874
a 11832 896 64
f 1537
a 11833 5248 256
f 11742
a 11834 592 256
f 8781
a 11835 13136 64
f 10628
a 11836 1568 64
f 5172
a 11837 15792 64
f 1784
a 11838 12352 256
f 6683
a 11839 7312 64
f 2464
a 11840 10960 64
f 11614
a 11841 288 64
f 2057
a 11842 656 256
f 8797
a 11843 6240 16
f 2388
a 11844 368 16
f 927
a 11845 11200 16
f 3642
a 11846 49424 16
f 5909
a 11847 816 256
f 9905
a 11848 41872 16
f 915
a 11849 288 16
f 9269
a 11850 624 64
f 1918
a 11851 592 16
f 7797
a 11852 58720 64
f 5167
a 11853 36384 64
f 11220
a 11854 5040 256
f 9648
a 11855 24768 64
f 3307
a 11856 320 64
f 9095
a 11857 17808 256
f 11673
a 11858 25552 256
f 7377
a 11859 59664 256
f 3928
a 11860 1376 256
f 10479
a 11861 784 256
f 9217
a 11862 28928 16
f 5764
a 11863 29056 16
f 957
a 11864 432 64
f 6893
a 11865 784 256
f 5548
a 11866 7952 64
f 4051
a 11867 1360 256
f 1084
a 11868 54464 64
f 1469
a 11869 6752 64
f 3650
a 11870 1408 64
f 1742
a 11871 1888 16
f 8056
a 11872 4480 64
f 3100
a 11873 13872 256
f 9466
a 11874 64720 64
f 10353
a 11875 448 256
f 9557
a 11876 896 256
f 1705
a 11877 2832 16
f 6091
a 11878 43664 64
f 7858
a 11879 16256 16
f 10382
a 11880 2384 64
f 2124
a 11881 3968 256
f 6236
a 11882 5312 64
f 4956
a 11883 448 64
f 2244
a 11884 272 16
f 5264
a 11885 31088 16
f 7849
a 11886 14128 64
f 7313
a 11887 16112 64
f 11080
a 11888 4032 16
f 1628
a 11889 304 64
f 2773
a 11890 54096 64
f 11242
a 11891 640 256
f 10556
a 11892 288 16
f 8928
a 11893 976 16
f 1548
a 11894 1152 64
f 11048
a 11895 29088 64
f 10298
a 11896 33392 64
f 4131
a 11897 25984 64
f 5420
a 11898 544 16
f 8819
a 11899 16160 64
f 2949
a 11900 352 16
f 11075
a 11901 42752 16
f 3834
a 11902 912 16
f 3762
a 11903 1312 16
f 10951
a 11904 2704 256
f 4406
a 11905 416 64
f 3743
a 11906 2944 64
f 7091
a 11907 29952 256
f 4559
a 11908 61792 256
f 576
a 11909 25424 16
f 1574
a 11910 432 64
f 9036
a 11911 47616 16
f 10414
a 11912 15024 256
f 4711
a 11913 56928 16
f 5330
a 11914 13760 16
f 11896
a 11915 2448 256
f 5773
a 11916 992 64
f 9048
a 11917 624 64
f 4719
a 11918 464 256
f 9465
a 11919 21488 16
f 11437
a 11920 1168 16
f 4267
a 11921 608 256
f 382
a 11922 1344 256
f 6377
a 11923 1056 16
f 7107
a 11924 52704 16
f 1604
a 11925 432 256
f 1284
a 11926 272 64
f 2684
a 11927 4640 256
f 8148
a 11928 720 256
f 2449
a 11929 7952 64
f 2382
a 11930 17440 256
f 5284
a 11931 336 16
f 6472
a 11932 5248 64
f 10522
a 11933 7872 16
f 6991
a 11934 7984 256
f 5345
a 11935 1536 64
f 10897
a 11936 62112 64
f 1224
a 11937 816 256
f 5294
a 11938 8880 64
f 10258
a 11939 496 64
f 6201
a 11940 12064 16
f 9601
a 11941 5456 256
f 6677
a 11942 1328 64
f 8622
a 11943 13472 16
f 409
a 11944 5568 64
f 7555
a 11945 496 16
f 7146
a 11946 1888 16
f 10286
a 11947 1312 256
f 8105
a 11948 3520 64
f 10079
a 11949 1872 16
f 4800
a 11950 28480 256
f 5259
a 11951 800 16
f 7306
a 11952 15600 16
f 3477
a 11953 1712 64
f 11148
a 11954 28400 16
f 10965
a 11955 288 16
f 3003
a 11956 400 64
f 7652
a 11957 464 16
f 4997
a 11958 1472 16
f 9496
a 11959 1920 256
f 8544
a 11960 39424 16
f 3313
a 11961 2736 16
f 8551
a 11962 3568 64
f 9275
a 11963 15264 256
f 1301
a 11964 15072 64
f 3182
a 11965 3456 16
f 11717
a 11966 640 256
f 3211
a 11967 52464 16
f 10497
a 11968 1136 64
f 840
a 11969 1344 256
f 3030
a 11970 272 64
f 9195
a 11971 45872 16
f 3086
a 11972 15216 64
f 8219
a 11973 3344 64
f 11187
a 11974 1024 64
f 1688
a 11975 56960 16
f 4532
a 11976 3024 16
f 7247
a 11977 1424 256
f 11975
a 11978 912 64
f 6922
a 11979 46928 64
f 2266
a 11980 848 64
f 4923
a 11981 16128 16
f 3074
a 11982 768 256
f 1875
a 11983 464 256
f 10191
a 11984 5744 64
f 1865
a 11985 624 64
f 718
a 11986 896 16
f 10964
a 11987 752 256
f 9196
a 11988 1024 64
f 10724
a 11989 368 256
f 9961
a 11990 50400 256
f 6969
a 11991 1968 16
f 8931
a 11992 58688 256
f 2319
a 11993 52800 256
f 9332
a 11994 624 64
f 6782
a 11995 3264 256
f 2983
a 11996 368 16
f 10509
a 11997 2016 256
f 1000
a 11998 8144 16
f 6599
a 11999 50592 256
c step-2000
f 11683
a 12000 448 16
f 11151
a 12001 15776 64
f 6759
a 12002 256 16
f 2817
a 12003 23392 16
f 11980
a 12004 52688 16
f 5252
a 12005 12000 16
f 7587
a 12006 18784 64
f 9642
a 12007 54608 256
f 1407
a 12008 12976 256
f 6943
a 12009 15984 16
f 2919
a 12010 592 256
f 6388
a 12011 2912 256
f 1999
a 12012 7872 64
f 3173
a 12013 16944 16
f 5085
a 12014 9216 256
f 6921
a 12015 6528 16
f 11338
a 12016 49488 256
f 7749
a 12017 4064 64
f 2429
a 12018 26080 256
f 9378
a 12019 15248 16
f 6684
a 12020 352 64
f 10252
a 12021 2976 256
f 2446
a 12022 1072 64
f 6163
a 12023 16848 16
f 11019
a 12024 4512 16
f 6966
a 12025 7904 256
f 1105
a 12026 14912 256
f 9356
a 12027 44512 256
f 5911
a 12028 272 16
f 3186
a 12029 12496 64
f 9091
a 12030 2528 256
f 6047
a 12031 12112 16
f 7644
a 12032 3152 64
f 3549
a 12033 36272 64
f 11906
a 12034 3808 256
f 7626
a 12035 304 16
f 9381
a 12036 33968 64
f 11454
a 12037 38496 256
f 2540
a 12038 1376 64
f 4813
a 12039 496 256
f 4619
a 12040 432 16
f 516
a 12041 2848 256
f 1310
a 12042 1008 16
f 4425
a 12043 1984 64
f 1826
a 12044 1728 16
f 2607
a 12045 23888 16
f 10436
a 12046 12880 64
f 7497
a 12047 25952 16
f 1528
a 12048 21968 64
f 9949
a 12049 5936 256
f 256
a 12050 53056 16
f 11741
a 12051 3104 64
f 6144
a 12052 928 256
f 1593
a 12053 2496 256
f 7104
a 12054 56768 16
f 10185
a 12055 720 256
f 7113
a 12056 336 16
f 8694
a 12057 1808 256
f 5890
a 12058 2416 256
f 826
a 12059 3728 256
f 5708
a 12060 7152 256
f 4264
a 12061 52672 16
f 9529
a 12062 512 64
f 3754
a 12063 13632 16
f 9732
a 12064 2752 64
f 11269
a 12065 23504 16
f 2595
a 12066 2832 64
f 11555
a 12067 10672 16
f 4827
a 12068 432 16
f 11724
a 12069 18576 64
f 11276
a 12070 53472 16
f 5765
a 12071 31104 256
f 2461
a 12072 2832 16
f 6333
a 12073 352 256
f 3054
a 12074 1280 64
f 6342
a 12075 3120 256
f 9406
a 12076 25584 256
f 1917
a 12077 32144 16
f 7722
a 12078 9376 256
f 3738
a 12079 608 64
f 10457
a 12080 9472 256
f 3677
a 12081 944 64
f 2252
a 12082 24032 64
f 6622
a 12083 624 16
f 5162
a 12084 17616 256
f 4182
a 12085 9152 64
f 4770
a 12086 1568 64
f 6460
a 12087 1296 64
f 6621
a 12088 656 256
f 6398
a 12089 7472 256
f 8172
a 12090 59936 256
f 11727
a 12091 768 256
f 4197
a 12092 32320 64
f 8543
a 12093 16944 16
f 4900
a 12094 576 64
f 1319
a 12095 8208 256
f 5212
a 12096 384 256
f 1256
a 12097 3280 64
f 9349
a 12098 6720 16
f 8483
a 12099 1920 64
f 10795
a 12100 25104 16
f 2979
a 12101 416 16
f 12096
a 12102 32944 64
f 11666
a 12103 3504 16
f 167
a 12104 27664 16
f 904
a 12105 27664 256
f 6785
a 12106 6288 64
f 10267
a 12107 41104 256
f 11087
a 12108 17664 16
f 1035
a 12109 1968 16
f 5440
a 12110 46464 16
f 7397
a 12111 19232 64
f 11123
a 12112 6496 64
f 1668
a 12113 11728 256
f 6465
a 12114 6656 16
f 2801
a 12115 7936 64
f 7551
a 12116 1024 256
f 1148
a 12117 480 16
f 8272
a 12118 1264 256
f 4277
a 12119 4000 16
f 4078
a 12120 4960 256
f 1622
a 12121 38352 256
f 4100
a 12122 352 16
f 60
a 12123 496 256
f 6678
a 12124 23968 64
f 11788
a 12125 1632 16
f 4565
a 12126 7040 16
f 9429
a 12127 15040 64
f 1691
a 12128 5984 16
f 4162
a 12129 3280 256
f 11808
a 12130 2048 256
f 2239
a 12131 5632 64
f 222
a 12132 1408 16
f 4201
a 12133 2624 16
f 11810
a 12134 16272 64
f 9503
a 12135 1024 256
f 8405
a 12136 784 16
f 7237
a 12137 14928 16
f 5515
a 12138 704 256
f 2866
a 12139 2320 16
f 5014
a 12140 63712 64
f 919
a 12141 4288 256
f 2912
a 12142 8192 16
f 6225
a 12143 43888 16
f 9432
a 12144 10144 16
f 1102
a 12145 1072 64
f 10010
a 12146 23792 256
f 11388
a 12147 368 64
f 8844
a 12148 1920 256
f 8026
a 12149 60064 16
f 2433
a 12150 38032 256
f 7976
a 12151 46896 64
f 5536
a 12152 912 256
f 3482
a 12153 4688 64
f 10710
a 12154 20800 64
f 10020
a 12155 58496 16
f 1542
a 12156 928 256
f 3721
a 12157 1856 256
f 11675
a 12158 1424 64
f 2516
a 12159 3088 256
f 11546
a 12160 7872 256
f 4519
a 12161 3264 16
f 10080
a 12162 5008 16
f 10341
a 12163 5248 256
f 754
a 12164 1184 64
f 1245
a 12165 65376 64
f 9383
a 12166 2496 64
f 9931
a 12167 55344 16
f 5269
a 12168 1648 256
f 10698
a 12169 6896 64
f 5656
a 12170 1584 64
f 4302
a 12171 912 256
f 11110
a 12172 29696 256
f 6798
a 12173 34112 16
f 6154
a 12174 624 256
f 63
a 12175 1776 16
f 1650
a 12176 1904 256
f 3716
a 12177 61632 16
f 2974
a 12178 912 16
f 1734
a 12179 1280 16
f 5733
a 12180 20848 64
f 5541
a 12181 832 16
f 7516
a 12182 15072 16
f 3919
a 12183 30416 64
f 3816
a 12184 3184 16
f 5268
a 12185 6304 256
f 12092
a 12186 1968 256
f 7810
a 12187 640 256
f 1745
a 12188 3008 16
f 2327
a 12189 4576 256
f 8202
a 12190 9712 64
f 11452
a 12191 1472 256
f 7468
a 12192 1744 16
f 7611
a 12193 28608 256
f 7740
a 12194 3376 16
f 6062
a 12195 45008 16
f 11807
a 12196 23552 16
f 5349
a 12197 19056 256
f 10478
a 12198 31184 256
f 4081
a 12199 15344 16
f 8654
a 12200 1072 16
f 5053
a 12201 9632 64
f 3354
a 12202 7232 256
f 9717
a 12203 432 16
f 8595
a 12204 37504 256
f 1077
a 12205 17824 64
f 7037
a 12206 3920 64
f 11145
a 12207 24736 16
f 8379
a 12208 896 256
f 4146
a 12209 4320 256
f 10229
a 12210 6752 256
f 9786
a 12211 2624 16
f 7873
a 12212 25696 256
f 8075
a 12213 560 256
f 5582
a 12214 1664 256
f 6194
a 12215 11936 16
f 11879
a 12216 1024 64
f 5186
a 12217 28560 16
f 9694
a 12218 5360 64
f 11078
a 12219 624 256
f 10814
a 12220 59984 256
f 9899
a 12221 4752 256
f 1458
a 12222 10720 64
f 3503
a 12223 5904 256
f 537
a 12224 46288 256
f 1202
a 12225 1872 64
f 11821
a 12226 2880 16
f 1437
a 12227 9440 64
f 187
a 12228 4752 64
f 5540
a 12229 2992 16
f 5811
a 12230 896 256
f 3306
a 12231 912 64
f 11044
a 12232 320 256
f 10039
a 12233 44112 64
f 3109
a 12234 14368 64
f 10149
a 12235 13472 16
f 10438
a 12236 29088 64
f 8993
a 12237 31136 64
f 9498
a 12238 14272 16
f 1107
a 12239 608 64
f 1810
a 12240 4816 16
f 2873
a 12241 16800 64
f 3580
a 12242 47968 64
f 6848
a 12243 400 64
f 180
a 12244 60464 16
f 11397
a 12245 7008 64
f 1678
a 12246 832 256
f 10933
a 12247 304 256
f 1532
a 12248 1744 64
f 1644
a 12249 26048 64
f 8674
a 12250 800 16
f 11237
a 12251 960 64
f 7015
a 12252 2688 64
f 5378
a 12253 3360 64
f 907
a 12254 17680 64
f 978
a 12255 432 64
f 9806
a 12256 6352 256
f 8971
a 12257 6832 16
f 4710
a 12258 6800 16
f 4694
a 12259 2656 64
f 5480
a 12260 12864 64
f 6259
a 12261 8048 16
f 11296
a 12262 17296 256
f 7273
a 12263 2256 256
f 4606
a 12264 1520 256
f 11504
a 12265 304 256
f 7058
a 12266 7008 256
f 10792
a 12267 9552 16
f 11261
a 12268 1376 64
f 11205
a 12269 2240 16
f 5774
a 12270 1072 16
f 2172
a 12271 20608 16
f 4326
a 12272 3168 16
f 8181
a 12273 5936 256
f 1844
a 12274 6928 64
f 11527
a 12275 3104 64
f 6522
a 12276 48896 16
f 1006
a 12277 1472 64
f 5585
a 12278 12096 64
f 6063
a 12279 15232 64
f 8293
a 12280 63552 256
f 1836
a 12281 6288 16
f 4028
a 12282 20224 256
f 3159
a 12283 26704 256
f 9063
a 12284 10144 16
f 8101
a 12285 1472 256
f 10282
a 12286 368 64
f 11543
a 12287 2688 64
f 11396
a 12288 35440 64
f 678
a 12289 37696 256
f 4641
a 12290 1360 64
f 7970
a 12291 13648 16
f 8626
a 12292 3568 16
f 10769
a 12293 896 256
f 9551
a 12294 688 64
f 6891
a 12295 1008 16
f 3136
a 12296 560 64
f 5456
a 12297 592 256
f 10123
a 12298 3536 16
f 3308
a 12299 22528 256
f 11259
a 12300 30720 16
f 8517
a 12301 36880 64
f 1096
a 12302 2816 64
f 2586
a 12303 320 64
f 9106
a 12304 8624 16
f 8481
a 12305 11712 16
f 3334
a 12306 20800 256
f 4106
a 12307 7792 256
f 4419
a 12308 1696 16
f 8994
a 12309 56224 64
f 5285
a 12310 3552 16
f 30
a 12311 2688 64
f 2318
a 12312 13104 256
f 5561
a 12313 59984 64
f 681
a 12314 14864 16
f 2221
a 12315 512 64
f 9360
a 12316 41552 16
f 11131
a 12317 9536 64
f 5852
a 12318 38032 64
f 4905
a 12319 1136 256
f 6108
a 12320 560 64
f 3510
a 12321 62544 16
f 510
a 12322 272 256
f 972
a 12323 3872 64
f 5763
a 12324 23008 256
f 1631
a 12325 5424 16
f 4750
a 12326 784 256
f 11486
a 12327 1904 256
f 3344
a 12328 1824 256
f 11298
a 12329 976 16
f 11564
a 12330 368 16
f 11989
a 12331 512 64
f 1014
a 12332 4096 256
f 5364
a 12333 3392 16
f 9277
a 12334 20064 16
f 938
a 12335 1152 16
f 3303
a 12336 2384 256
f 12023
a 12337 1744 256
f 6478
a 12338 17120 64
f 10960
a 12339 1408 64
f 2247
a 12340 1552 64
f 9809
a 12341 1936 16
f 11958
a 12342 3600 16
f 7282
a 12343 31744 256
f 11644
a 12344 2512 64
f 1120
a 12345 3616 16
f 7420
a 12346 3792 256
f 10579
a 12347 304 16
f 3427
a 12348 59248 256
f 3875
a 12349 1968 256
f 6100
a 12350 7968 64
f 7821
a 12351 2256 16
f 1949
a 12352 4000 256
f 79
a 12353 1984 16
f 10456
a 12354 2224 16
f 680
a 12355 864 16
f 11067
a 12356 288 64
f 324
a 12357 57296 256
f 10726
a 12358 12112 256
f 4743
a 12359 400 256
f 2308
a 12360 512 256
f 4789
a 12361 2832 256
f 8134
a 12362 1456 16
f 4148
a 12363 24192 16
f 11310
a 12364 608 256
f 11901
a 12365 29552 16
f 4873
a 12366 3488 256
f 1207
a 12367 5040 256
f 5230
a 12368 2432 256
f 8383
a 12369 496 16
f 1296
a 12370 22592 16
f 5675
a 12371 13040 256
f 8218
a 12372 7456 256
f 11561
a 12373 53760 256
f 1711
a 12374 1776 16
f 9838
a 12375 496 64
f 4481
a 12376 7520 256
f 10732
a 12377 736 64
f 10393
a 12378 256 64
f 5504
a 12379 20416 64
f 2049
a 12380 4976 64
f 4575
a 12381 60320 256
f 11171
a 12382 4448 16
f 2091
a 12383 14192 256
f 3906
a 12384 976 256
f 6949
a 12385 11280 64
f 4268
a 12386 6192 64
f 3127
a 12387 592 256
f 8054
a 12388 23840 16
f 316
a 12389 6400 64
f 11681
a 12390 2032 16
f 7793
a 12391 6704 256
f 8736
a 12392 368 64
f 9587
a 12393 15200 256
f 7180
a 12394 1056 64
f 10956
a 12395 1648 64
f 7616
a 12396 12768 16
f 8279
a 12397 336 16
f 10639
a 12398 6976 256
f 7572
a 12399 5152 16
f 11037
a 12400 12176 256
f 7027
a 12401 7568 64
f 6231
a 12402 704 64
f 7466
a 12403 704 16
f 6265
a 12404 48336 64
f 781
a 12405 944 16
f 5323
a 12406 56832 64
f 9861
a 12407 23088 256
f 1241
a 12408 42864 16
f 374
a 12409 448 16
f 11470
a 12410 8192 16
f 595
a 12411 2032 16
f 1634
a 12412 544 16
f 10994
a 12413 44656 16
f 7909
a 12414 672 256
f 3415
a 12415 464 64
f 9359
a 12416 22336 16
f 3424
a 12417 8960 16
f 11456
a 12418 7968 16
f 10563
a 12419 1920 64
f 8664
a 12420 3328 16
f 1496
a 12421 736 64
f 11914
a 12422 20768 16
f 9637
a 12423 9536 16
f 11347
a 12424 1120 16
f 3151
a 12425 6576 64
f 9684
a 12426 4720 16
f 11503
a 12427 5008 64
f 11074
a 12428 784 16
f 4571
a 12429 704 64
f 1100
a 12430 736 256
f 12306
a 12431 45920 256
f 6425
a 12432 3024 64
f 9116
a 12433 464 64
f 2508
a 12434 12576 256
f 8575
a 12435 22576 256
f 700
a 12436 560 256
f 7961
a 12437 592 16
f 3630
a 12438 384 256
f 4426
a 12439 23136 64
f 12178
a 12440 976 256
f 3882
a 12441 2912 256
f 7577
a 12442 1680 16
f 1452
a 12443 800 16
f 9305
a 12444 11856 256
f 5813
a 12445 14592 256
f 4172
a 12446 896 64
f 11930
a 12447 3952 256
f 1289
a 12448 20736 256
f 3376
a 12449 640 256
f 9002
a 12450 1056 16
f 7896
a 12451 3120 64
f 3475
a 12452 3264 256
f 4056
a 12453 512 16
f 10650
a 12454 61232 256
f 10262
a 12455 4320 256
f 11405
a 12456 512 256
f 4228
a 12457 1056 64
f 310
a 12458 2416 256
f 9568
a 12459 64880 16
f 2230
a 12460 25712 256
f 9731
a 12461 2688 256
f 5208
a 12462 3280 16
f 9138
a 12463 37184 256
f 9585
a 12464 432 64
f 5892
a 12465 960 256
f 7855
a 12466 7760 64
f 142
a 12467 15536 256
f 7792
a 12468 10128 16
f 4590
a 12469 31456 256
f 5946
a 12470 384 256
f 3417
a 12471 448 64
f 11877
a 12472 1056 16
f 5395
a 12473 32912 64
f 9595
a 12474 64736 256
f 4140
a 12475 784 16
f 11792
a 12476 6592 16
f 7532
a 12477 1088 256
f 2818
a 12478 28432 64
f 8532
a 12479 8016 256
f 10406
a 12480 688 256
f 10908
a 12481 7040 64
f 2972
a 12482 11568 64
f 1534
a 12483 46736 256
f 5837
a 12484 1168 64
f 9932
a 12485 7456 16
f 6651
a 12486 8992 256
f 650
a 12487 1888 256
f 11446
a 12488 1312 64
f 5067
a 12489 896 64
f 121
a 12490 2736 16
f 5072
a 12491 688 64
f 11498
a 12492 40768 64
f 2170
a 12493 4512 256
f 7213
a 12494 48800 16
f 8885
a 12495 640 64
f 3491
a 12496 480 64
f 4421
a 12497 816 64
f 1961
a 12498 384 16
f 10672
a 12499 2304 16
c step-2500
f 3929
a 12500 3168 256
f 6547
a 12501 12448 64
f 8372
a 12502 43504 64
f 8208
a 12503 6016 64
f 2454
a 12504 992 64
f 1831
a 12505 10304 64
f 10486
a 12506 15232 256
f 7879
a 12507 28640 64
f 9373
a 12508 2752 16
f 10838
a 12509 464 64
f 4707
a 12510 4640 64
f 2625
a 12511 4512 16
f 11247
a 12512 2912 256
f 3573
a 12513 960 256
f 7773
a 12514 640 256
f 885
a 12515 6464 16
f 11969
a 12516 16288 16
f 11528
a 12517 19328 64
f 6647
a 12518 960 16
f 3386
a 12519 832 64
f 2868
a 12520 18560 256
f 6551
a 12521 54064 16
f 593
a 12522 336 16
f 9797
a 12523 288 64
f 4122
a 12524 51008 256
f 5586
a 12525 24432 16
f 2895
a 12526 416 16
f 11367
a 12527 15328 16
f 11169
a 12528 1104 16
f 11134
a 12529 480 64
f 9141
a 12530 15520 256
f 5639
a 12531 64480 64
f 10311
a 12532 640 256
f 3930
a 12533 576 64
f 309
a 12534 39408 16
f 12327
a 12535 56800 256
f 9720
a 12536 464 256
f 4806
a 12537 384 64
f 3274
a 12538 4208 256
f 1536
a 12539 1632 256
f 10978
a 12540 52352 256
f 3180
a 12541 13216 64
f 6077
a 12542 7600 64
f 2159
a 12543 7232 256
f 4507
a 12544 14864 16
f 9319
a 12545 12320 256
f 11505
a 12546 3152 256
f 7424
a 12547 912 256
f 6708
a 12548 320 256
f 7586
a 12549 2560 64
f 7344
a 12550 3696 16
f 157
a 12551 896 64
f 10768
a 12552 12736 16
f 910
a 12553 3056 64
f 11380
a 12554 1280 256
f 1835
a 12555 24688 16
f 11532
a 12556 13216 256
f 853
a 12557 912 256
f 7886
a 12558 416 64
f 2336
a 12559 22688 256
f 5008
a 12560 29872 16
f 2130
a 12561 31584 16
f 8730
a 12562 10384 256
f 4170
a 12563 2976 16
f 8580
a 12564 11536 16
f 7319
a 12565 60080 64
f 11102
a 12566 58336 16
f 9841
a 12567 688 16
f 10734
a 12568 21968 64
f 12421
a 12569 1104 256
f 4718
a 12570 8368 16
f 3029
a 12571 352 256
f 5041
a 12572 8976 64
f 4178
a 12573 48880 256
f 11482
a 12574 9344 16
f 10021
a 12575 1120 64
f 4778
a 12576 13344 16
f 9857
a 12577 6880 64
f 4504
a 12578 21680 64
f 112
a 12579 28720 16
f 12030
a 12580 15840 16
f 1119
a 12581 14352 16
f 6373
a 12582 3984 64
f 6646
a 12583 32656 64
f 4490
a 12584 6096 256
f 1298
a 12585 20608 64
f 4189
a 12586 13504 256
f 12350
a 12587 4416 256
f 11987
a 12588 6880 16
f 5961
a 12589 38560 16
f 8057
a 12590 6592 16
f 12026
a 12591 528 256
f 2361
a 12592 1520 256
f 12451
a 12593 1456 64
f 5003
a 12594 880 16
f 7210
a 12595 31680 64
f 4265
a 12596 32496 64
f 7650
a 12597 61520 16
f 7640
a 12598 13504 64
f 8924
a 12599 5712 64
f 1370
a 12600 4176 16
f 3371
a 12601 3648 64
f 7376
a 12602 5616 16
f 10094
a 12603 23248 16
f 8959
a 12604 12160 256
f 10540
a 12605 688 256
f 7340
a 12606 16016 16
f 6042
a 12607 1888 256
f 4284
a 12608 976 256
f 11414
a 12609 20400 256
f 5580
a 12610 49488 64
f 1948
a 12611 46464 256
f 2673
a 12612 1040 64
f 7955
a 12613 2832 256
f 11286
a 12614 29904 256
f 5295
a 12615 432 16
f 12036
a 12616 880 256
f 9236
a 12617 944 256
f 8489
a 12618 640 256
f 8007
a 12619 3232 16
f 11624
a 12620 752 16
f 11136
a 12621 464 256
f 11912
a 12622 2208 64
f 5154
a 12623 25568 16
f 6877
a 12624 464 16
f 1819
a 12625 15856 64
f 1445
a 12626 31456 256
f 10852
a 12627 38080 64
f 10130
a 12628 20352 64
f 7768
a 12629 1984 16
f 10876
a 12630 1152 16
f 7152
a 12631 1920 256
f 12233
a 12632 1600 256
f 5534
a 12633 30288 16
f 6474
a 12634 16208 64
f 9620
a 12635 1856 64
f 6107
a 12636 288 16
f 12307
a 12637 21040 64
f 3340
a 12638 30976 16
f 8455
a 12639 9488 16
f 3197
a 12640 14416 64
f 8038
a 12641 11856 256
f 7877
a 12642 31632 256
f 12457
a 12643 688 256
f 4801
a 12644 11888 64
f 3203
a 12645 1120 64
f 737
a 12646 12384 256
f 2661
a 12647 3024 64
f 5747
a 12648 26784 64
f 4363
a 12649 1328 256
f 5266
a 12650 11168 16
f 4768
a 12651 5232 256
f 317
a 12652 608 16
f 263
a 12653 43504 64
f 2356
a 12654 2288 16
f 8866
a 12655 9744 256
f 3624
a 12656 336 256
f 9614
a 12657 608 64
f 12399
a 12658 42064 16
f 9659
a 12659 9440 256
f 11018
a 12660 304 16
f 5956
a 12661 416 16
f 10171
a 12662 5104 64
f 4651
a 12663 53488 16
f 10364
a 12664 9920 64
f 268
a 12665 5120 64
f 4207
a 12666 13200 64
f 3449
a 12667 1904 64
f 10572
a 12668 19360 64
f 2144
a 12669 18848 64
f 8559
a 12670 11920 16
f 2188
a 12671 2464 64
f 4534
a 12672 1408 64
f 1068
a 12673 22176 256
f 5737
a 12674 1680 16
f 11302
a 12675 272 16
f 9186
a 12676 1008 64
f 6126
a 12677 576 64
f 12065
a 12678 768 256
f 6157
a 12679 31520 256
f 2876
a 12680 784 64
f 2695
a 12681 34080 256
f 4701
a 12682 464 16
f 989
a 12683 320 256
f 3815
a 12684 20176 16
f 10515
a 12685 912 16
f 1714
a 12686 8160 256
f 11442
a 12687 35968 16
f 12162
a 12688 10768 256
f 10806
a 12689 2480 64
f 3216
a 12690 992 64
f 6737
a 12691 34320 256
f 6986
a 12692 7152 16
f 11559
a 12693 58048 64
f 3364
a 12694 9488 64
f 8460
a 12695 37024 64
f 7834
a 12696 496 256
f 9658
a 12697 944 256
f 714
a 12698 4912 16
f 210
a 12699 13904 256
f 4175
a 12700 46304 256
f 11913
a 12701 784 256
f 4781
a 12702 37632 64
f 11525
a 12703 768 64
f 6841
a 12704 2528 256
f 8204
a 12705 560 16
f 11769
a 12706 4672 64
f 10046
a 12707 3072 64
f 3456
a 12708 36384 64
f 10005
a 12709 1008 256
f 1478
a 12710 304 16
f 2347
a 12711 54480 16
f 8360
a 12712 20432 256
f 5093
a 12713 2128 256
f 6765
a 12714 2992 256
f 3563
a 12715 3696 256
f 7645
a 12716 304 64
f 3756
a 12717 44032 16
f 7754
a 12718 5616 64
f 11852
a 12719 2064 256
f 943
a 12720 592 64
f 2431
a 12721 5072 256
f 11100
a 12722 624 16
f 10658
a 12723 54512 16
f 11728
a 12724 4784 256
f 11139
a 12725 512 64
f 580
a 12726 7696 256
f 8802
a 12727 27904 16
f 2020
a 12728 1376 64
f 9204
a 12729 272 16
f 10919
a 12730 63680 256
f 8601
a 12731 5168 64
f 2380
a 12732 13024 256
f 10587
a 12733 5552 16
f 3978
a 12734 752 16
f 4677
a 12735 4832 256
f 3103
a 12736 272 16
f 11623
a 12737 1552 16
f 803
a 12738 63616 64
f 11954
a 12739 384 64
f 8636
a 12740 3728 256
f 5329
a 12741 1296 64
f 9978
a 12742 3776 16
f 12215
a 12743 15296 64
f 12571
a 12744 1360 16
f 2412
a 12745 2304 64
f 10204
a 12746 640 64
f 1374
a 12747 5552 256
f 4808
a 12748 448 256
f 4318
a 12749 576 256
f 9719
a 12750 55616 256
f 5292
a 12751 3296 64
f 9123
a 12752 30816 16
f 3378
a 12753 1296 256
f 10666
a 12754 3168 256
f 377
a 12755 14432 256
f 146
a 12756 9792 16
f 7526
a 12757 7056 16
f 12567
a 12758 928 64
f 2385
a 12759 62992 64
f 10238
a 12760 14352 16
f 4379
a 12761 6224 16
f 6953
a 12762 65136 64
f 10339
a 12763 1984 16
f 2046
a 12764 2080 16
f 4500
a 12765 16624 64
f 98
a 12766 384 16
f 5769
a 12767 1312 16
f 10314
a 12768 464 16
f 8140
a 12769 19040 64
f 9593
a 12770 4208 16
f 1626
a 12771 55088 16
f 5226
a 12772 2000 16
f 12333
a 12773 32752 256
f 6337
a 12774 61696 64
f 2847
a 12775 400 16
f 11946
a 12776 528 16
f 3873
a 12777 7808 64
f 5693
a 12778 19744 256
f 8570
a 12779 1168 64
f 5876
a 12780 12912 64
f 4427
a 12781 45584 16
f 11161
a 12782 1104 256
f 8119
a 12783 1488 64
f 8785
a 12784 33776 16
f 6033
a 12785 23936 64
f 6003
a 12786 7200 64
f 9246
a 12787 1824 64
f 7436
a 12788 7200 256
f 4738
a 12789 47424 16
f 8752
a 12790 2960 64
f 5958
a 12791 4384 256
f 10948
a 12792 816 64
f 3782
a 12793 416 64
f 3075
a 12794 29536 16
f 4909
a 12795 8656 64
f 6470
a 12796 49024 256
f 5865
a 12797 32272 16
f 51
a 12798 8448 256
f 7274
a 12799 36528 64
f 6025
a 12800 12832 64
f 1039
a 12801 1440 64
f 3039
a 12802 8480 256
f 303
a 12803 1888 16
f 6795
a 12804 57216 64
f 4474
a 12805 6208 16
f 6048
a 12806 16240 256
f 7375
a 12807 3584 256
f 12390
a 12808 17568 16
f 12142
a 12809 10176 64
f 10604
a 12810 480 16
f 10401
a 12811 432 64
f 5113
a 12812 18784 16
f 1359
a 12813 28352 256
f 2184
a 12814 512 16
f 1565
a 12815 28064 64
f 11765
a 12816 368 16
f 3271
a 12817 7936 64
f 3033
a 12818 28192 256
f 731
a 12819 4336 256
f 792
a 12820 3088 64
f 8333
a 12821 4656 16
f 8651
a 12822 1072 16
f 1304
a 12823 320 256
f 11317
a 12824 37616 64
f 4024
a 12825 8512 64
f 3670
a 12826 19072 256
f 12411
a 12827 736 64
f 882
a 12828 2848 64
f 12005
a 12829 1024 16
f 6072
a 12830 9840 64
f 5221
a 12831 3072 16
f 2703
a 12832 320 64
f 6568
a 12833 11184 256
f 1583
a 12834 26688 64
f 4059
a 12835 2016 64
f 6566
a 12836 3008 16
f 524
a 12837 11328 256
f 12325
a 12838 3680 256
f 7218
a 12839 29456 256
f 4032
a 12840 352 256
f 2807
a 12841 688 16
f 5111
a 12842 58400 64
f 12756
a 12843 992 64
f 2854
a 12844 400 16
f 10402
a 12845 1424 16
f 12615
a 12846 928 64
f 4232
a 12847 272 256
f 3566
a 12848 896 256
f 6868
a 12849 5328 16
f 5691
a 12850 8624 64
f 10165
a 12851 336 256
f 7463
a 12852 2816 256
f 10139
a 12853 592 16
f 3374
a 12854 54032 64
f 3027
a 12855 1152 64
f 11316
a 12856 4880 256
f 3257
a 12857 2048 256
f 2592
a 12858 30912 16
f 8644
a 12859 40784 64
f 3089
a 12860 1968 16
f 2863
a 12861 1248 16
f 7172
a 12862 752 256
f 11522
a 12863 6560 16
f 8450
a 12864 8592 16
f 4496
a 12865 864 16
f 4835
a 12866 1984 256
f 12776
a 12867 1920 256
f 2549
a 12868 24704 64
f 1118
a 12869 1600 256
f 11838
a 12870 368 16
f 10817
a 12871 22720 16
f 3104
a 12872 14992 64
f 5549
a 12873 352 64
f 6803
a 12874 29360 16
f 10241
a 12875 64752 16
f 277
a 12876 22688 256
f 8200
a 12877 14720 256
f 3453
a 12878 8224 256
f 190
a 12879 336 256
f 4176
a 12880 26736 16
f 6104
a 12881 54128 64
f 2685
a 12882 2320 16
f 4821
a 12883 18032 64
f 9819
a 12884 960 16
f 11752
a 12885 18880 64
f 2069
a 12886 30576 16
f 3360
a 12887 7920 64
f 5902
a 12888 2832 16
f 5044
a 12889 17552 256
f 8298
a 12890 7536 16
f 5482
a 12891 1984 16
f 6916
a 12892 368 16
f 4735
a 12893 2048 256
f 254
a 12894 34176 64
f 871
a 12895 608 256
f 5147
a 12896 2624 256
f 4829
a 12897 1744 256
f 3652
a 12898 39872 256
f 4772
a 12899 1808 64
f 12181
a 12900 16432 256
f 12188
a 12901 8832 16
f 7710
a 12902 5216 64
f 1412
a 12903 352 64
f 9329
a 12904 2048 256
f 5889
a 12905 4048 256
f 7470
a 12906 14784 64
f 5820
a 12907 288 64
f 7504
a 12908 1824 64
f 4971
a 12909 1504 64
f 421
a 12910 400 64
f 4895
a 12911 480 64
f 1302
a 12912 320 64
f 1680
a 12913 1536 256
f 8957
a 12914 2720 256
f 2555
a 12915 1408 16
f 2100
a 12916 3520 256
f 1663
a 12917 6624 256
f 5886
a 12918 2320 64
f 633
a 12919 51488 256
f 7693
a 12920 30048 16
f 4335
a 12921 1312 16
f 1057
a 12922 2752 16
f 10068
a 12923 480 64
f 4355
a 12924 11184 256
f 8917
a 12925 2128 64
f 9599
a 12926 3920 256
f 12073
a 12927 25488 64
f 7256
a 12928 1488 256
f 9065
a 12929 4016 16
f 10040
a 12930 512 256
f 6430
a 12931 21952 64
f 3685
a 12932 2128 16
f 4557
a 12933 4096 256
f 11016
a 12934 1504 256
f 12725
a 12935 2800 64
f 2721
a 12936 14288 64
f 12887
a 12937 29504 256
f 5428
a 12938 400 256
f 2301
a 12939 1376 16
f 6905
a 12940 12768 64
f 5912
a 12941 7888 16
f 1034
a 12942 8032 16
f 7648
a 12943 944 256
f 6096
a 12944 57072 16
f 7125
a 12945 928 256
f 12321
a 12946 1488 16
f 5112
a 12947 12896 64
f 12426
a 12948 51776 16
f 12618
a 12949 1184 64
f 9087
a 12950 448 64
f 5483
a 12951 480 64
f 8829
a 12952 12000 16
f 12739
a 12953 16752 16
f 2861
a 12954 336 256
f 2355
a 12955 15248 256
f 11189
a 12956 9616 16
f 1069
a 12957 320 16
f 11863
a 12958 33440 64
f 9152
a 12959 1168 16
f 12874
a 12960 672 16
f 9121
a 12961 416 16
f 5120
a 12962 12672 64
f 11770
a 12963 25392 16
f 12364
a 12964 480 256
f 7093
a 12965 1392 16
f 11771
a 12966 1648 256
f 4870
a 12967 12768 16
f 2772
a 12968 58976 256
f 5760
a 12969 5952 64
f 10086
a 12970 8576 16
f 11857
a 12971 496 256
f 9462
a 12972 928 256
f 11441
a 12973 12256 256
f 5356
a 12974 3216 256
f 12831
a 12975 8000 64
f 1858
a 12976 1792 256
f 1971
a 12977 22304 256
f 1515
a 12978 4496 256
f 744
a 12979 6400 64
f 4764
a 12980 35376 256
f 7915
a 12981 15328 64
f 1246
a 12982 448 256
f 12164
a 12983 7296 64
f 1730
a 12984 17312 256
f 1110
a 12985 368 64
f 5632
a 12986 4176 16
f 6429
a 12987 1488 256
f 5248
a 12988 864 16
f 5088
a 12989 44352 64
f 11723
a 12990 944 64
f 4149
a 12991 37696 256
f 4748
a 12992 25872 16
f 11181
a 12993 26128 64
f 1512
a 12994 496 16
f 2552
a 12995 14528 256
f 8843
a 12996 800 256
f 12747
a 12997 21920 64
f 12537
a 12998 464 16
f 5665
a 12999 5600 256
c step-3000
f 3672
a 13000 768 64
f 7606
a 13001 13792 64
f 7258
a 13002 272 16
f 10452
a 13003 400 16
f 2427
a 13004 12848 256
f 8834
a 13005 54224 64
f 11425
a 13006 864 16
f 11089
a 13007 60656 64
f 11604
a 13008 560 16
f 951
a 13009 3696 16
f 5064
a 13010 1344 256
f 6681
a 13011 43008 16
f 9331
a 13012 464 256
f 10703
a 13013 63040 256
f 7095
a 13014 320 64
f 5603
a 13015 432 64
f 9836
a 13016 15856 16
f 2791
a 13017 47584 16
f 2828
a 13018 3872 256
f 7394
a 13019 4768 256
f 12532
a 13020 528 64
f 8845
a 13021 26464 64
f 9258
a 13022 448 256
f 2278
a 13023 4784 64
f 9117
a 13024 1696 256
f 7733
a 13025 6992 16
f 9441
a 13026 4064 64
f 8901
a 13027 384 256
f 1940
a 13028 38912 64
f 5975
a 13029 3792 256
f 6479
a 13030 720 16
f 9825
a 13031 1888 64
f 1692
a 13032 35728 64
f 1701
a 13033 608 64
f 3277
a 13034 4544 256
f 11381
a 13035 62544 256
f 1987
a 13036 8896 16
f 11188
a 13037 4384 16
f 3474
a 13038 736 64
f 5874
a 13039 9824 256
f 10721
a 13040 5696 64
f 9867
a 13041 6912 64
f 4904
a 13042 10928 16
f 3831
a 13043 336 64
f 10184
a 13044 47536 16
f 5094
a 13045 480 256
f 3253
a 13046 42112 16
f 8408
a 13047 37232 16
f 9516
a 13048 6976 256
f 8519
a 13049 2544 64
f 4587
a 13050 1328 16
f 8916
a 13051 624 64
f 13029
a 13052 400 256
f 12969
a 13053 528 16
f 6181
a 13054 17600 256
f 8879
a 13055 432 256
f 9318
a 13056 21408 256
f 6015
a 13057 656 16
f 1828
a 13058 49264 256
f 6282
a 13059 624 16
f 10221
a 13060 20032 256
f 3145
a 13061 2784 64
f 6571
a 13062 480 64
f 10712
a 13063 1696 64
f 5745
a 13064 2256 256
f 11686
a 13065 832 16
f 5426
a 13066 560 256
f 8352
a 13067 1136 16
f 1529
a 13068 14768 256
f 12937
a 13069 7360 64
f 8742
a 13070 1296 64
f 6371
a 13071 13520 64
f 10404
a 13072 672 64
f 2688
a 13073 10336 64
f 1664
a 13074 4128 64
f 9851
a 13075 22032 16
f 12894
a 13076 16224 256
f 5116
a 13077 14240 256
f 7290
a 13078 1936 16
f 7990
a 13079 1008 64
f 2253
a 13080 496 64
f 6444
a 13081 20384 64
f 12679
a 13082 2336 256
f 8956
a 13083 28656 256
f 12920
a 13084 1760 16
f 1164
a 13085 448 16
f 11113
a 13086 9168 16
f 8700
a 13087 22624 64
f 1859
a 13088 47312 64
f 7957
a 13089 1984 256
f 8892
a 13090 816 16
f 12486
a 13091 6560 64
f 4930
a 13092 57920 64
f 12478
a 13093 8320 16
f 8807
a 13094 736 64
f 6164
a 13095 14512 64
f 1847
a 13096 336 16
f 120
a 13097 544 256
f 9401
a 13098 8320 16
f 3174
a 13099 1344 256
f 8825
a 13100 656 256
f 11496
a 13101 13360 256
f 12004
a 13102 12496 256
f 6166
a 13103 576 16
f 3840
a 13104 19520 64
f 4699
a 13105 6576 256
f 2879
a 13106 56560 256
f 11083
a 13107 4720 16
f 4798
a 13108 1936 16
f 6368
a 13109 848 64
f 12974
a 13110 10992 64
f 1404
a 13111 1120 64
f 1939
a 13112 3360 64
f 9668
a 13113 880 16
f 4857
a 13114 7168 16
f 9779
a 13115 1504 64
f 3425
a 13116 1104 64
f 764
a 13117 4096 64
f 2208
a 13118 2800 64
f 10643
a 13119 1040 256
f 11451
a 13120 58768 16
f 12316
a 13121 464 64
f 6103
a 13122 320 256
f 8196
a 13123 304 256
f 12947
a 13124 47488 16
f 131
a 13125 55776 16
f 2312
a 13126 44512 64
f 1539
a 13127 6800 64
f 3970
a 13128 35968 256
f 6442
a 13129 40704 16
f 10133
a 13130 27504 64
f 7540
a 13131 29184 256
f 5048
a 13132 44032 16
f 11107
a 13133 7744 256
f 7178
a 13134 2784 256
f 3352
a 13135 20256 256
f 9020
a 13136 52784 64
f 2475
a 13137 592 16
f 3520
a 13138 1808 16
f 1193
a 13139 13696 64
f 9990
a 13140 7840 256
f 1276
a 13141 10096 256
f 11707
a 13142 592 256
f 3692
a 13143 1104 16
f 3347
a 13144 12016 256
f 3647
a 13145 1136 16
f 7169
a 13146 608 64
f 905
a 13147 2032 256
f 599
a 13148 1328 16
f 10300
a 13149 53632 16
f 11307
a 13150 54704 64
f 10158
a 13151 46400 16
f 2647
a 13152 640 16
f 3402
a 13153 8432 256
f 7308
a 13154 1488 256
f 27
a 13155 12112 256
f 3254
a 13156 23072 256
f 8975
a 13157 864 64
f 9655
a 13158 3184 16
f 8868
a 13159 14592 256
f 2367
a 13160 1712 256
f 9010
a 13161 448 256
f 69
a 13162 13664 64
f 4566
a 13163 20688 256
f 6248
a 13164 8352 64
f 2384
a 13165 26784 256
f 7561
a 13166 384 64
f 12336
a 13167 4240 256
f 7699
a 13168 2480 64
f 3326
a 13169 560 256
f 2480
a 13170 33600 16
f 7856
a 13171 7664 256
f 2768
a 13172 3008 256
f 6554
a 13173 592 16
f 3628
a 13174 55200 64
f 4165
a 13175 2992 16
f 10396
a 13176 22928 256
f 3728
a 13177 15920 16
f 1306
a 13178 52448 256
f 7827
a 13179 33200 256
f 5516
a 13180 1152 64
f 12878
a 13181 880 64
f 3585
a 13182 13408 64
f 8895
a 13183 11936 16
f 4545
a 13184 576 256
f 560
a 13185 3904 64
f 7310
a 13186 352 16
f 5790
a 13187 8144 16
f 5433
a 13188 3568 16
f 691
a 13189 720 16
f 2945
a 13190 23264 16
f 11670
a 13191 8176 256
f 5578
a 13192 384 256
f 8084
a 13193 15792 256
f 10857
a 13194 27888 16
f 12640
a 13195 3696 64
f 7184
a 13196 3152 16
f 12623
a 13197 45392 16
f 6288
a 13198 1728 256
f 6788
a 13199 3600 16
f 5236
a 13200 1232 64
f 9404
a 13201 27824 64
f 2386
a 13202 5040 64
f 12934
a 13203 1968 16
f 11070
a 13204 21248 256
f 4231
a 13205 2880 64
f 10260
a 13206 10544 16
f 2015
a 13207 10080 64
f 7731
a 13208 13584 16
f 7750
a 13209 320 16
f 1773
a 13210 8304 64
f 2626
a 13211 6464 16
f 8111
a 13212 4016 64
f 11138
a 13213 28128 64
f 10138
a 13214 3984 64
f 12415
a 13215 62704 16
f 12463
a 13216 1872 256
f 9490
a 13217 1008 64
f 11311
a 13218 6320 256
f 11632
a 13219 672 16
f 10980
a 13220 624 16
f 8389
a 13221 15936 16
f 1184
a 13222 656 256
f 4906
a 13223 13376 256
f 8242
a 13224 736 256
f 12317
a 13225 1200 256
f 1983
a 13226 2336 256
f 13064
a 13227 672 256
f 5521
a 13228 32592 16
f 9016
a 13229 576 16
f 10066
a 13230 6032 256
f 9212
a 13231 288 256
f 11376
a 13232 272 64
f 7564
a 13233 272 64
f 9698
a 13234 23760 256
f 8726
a 13235 12224 64
f 11009
a 13236 6304 256
f 12295
a 13237 15920 16
f 6271
a 13238 24448 256
f 3523
a 13239 1840 16
f 12131
a 13240 26096 16
f 9994
a 13241 480 16
f 11515
a 13242 9168 256
f 9251
a 13243 3040 256
f 2547
a 13244 1776 64
f 7370
a 13245 37888 64
f 6193
a 13246 272 256
f 8640
a 13247 6080 64
f 7762
a 13248 1088 16
f 291
a 13249 15632 256
f 3798
a 13250 7712 64
f 7884
a 13251 21024 64
f 11238
a 13252 29264 64
f 2323
a 13253 41200 64
f 4591
a 13254 40976 256
f 1760
a 13255 15936 16
f 8280
a 13256 848 256
f 11140
a 13257 3440 16
f 12345
a 13258 2832 64
f 12391
a 13259 2416 64
f 13215
a 13260 4256 64
f 1960
a 13261 3056 256
f 4203
a 13262 2768 16
f 4142
a 13263 17424 64
f 7711
a 13264 1104 256
f 3880
a 13265 17664 64
f 5441
a 13266 288 16
f 6169
a 13267 45072 64
f 946
a 13268 57216 64
f 12404
a 13269 27616 256
f 11229
a 13270 14992 64
f 4767
a 13271 3744 16
f 5472
a 13272 2512 64
f 1675
a 13273 688 256
f 5385
a 13274 34096 16
f 2800
a 13275 13152 256
f 9324
a 13276 8128 64
f 7076
a 13277 6224 256
f 1399
a 13278 5216 64
f 7624
a 13279 3232 256
f 9550
a 13280 13056 256
f 6121
a 13281 2640 64
f 4041
a 13282 1040 256
f 2326
a 13283 1040 256
f 3509
a 13284 22912 64
f 4457
a 13285 57776 256
f 12986
a 13286 54864 16
f 9781
a 13287 7328 256
f 3933
a 13288 31984 256
f 8078
a 13289 19296 256
f 9589
a 13290 352 16
f 12156
a 13291 320 256
f 5034
a 13292 288 256
f 4529
a 13293 41072 64
f 4885
a 13294 352 64
f 6951
a 13295 624 16
f 3321
a 13296 11088 16
f 366
a 13297 1376 16
f 6672
a 13298 51680 256
f 12090
a 13299 1792 256
f 4783
a 13300 1088 256
f 7685
a 13301 1488 16
f 598
a 13302 17504 256
f 12213
a 13303 5472 64
f 11400
a 13304 1216 16
f 3950
a 13305 432 64
f 11239
a 13306 3248 64
f 11834
a 13307 3904 16
f 10930
a 13308 17616 256
f 2630
a 13309 7088 256
f 12849
a 13310 416 256
f 7158
a 13311 28400 256
f 6477
a 13312 496 16
f 4173
a 13313 5296 64
f 11179
a 13314 928 256
f 8704
a 13315 1888 64
f 10059
a 13316 13584 16
f 8157
a 13317 2656 64
f 604
a 13318 22208 64
f 12804
a 13319 384 256
f 2071
a 13320 1728 64
f 10044
a 13321 10064 16
f 12796
a 13322 3840 64
f 8301
a 13323 1504 256
f 3792
a 13324 8064 256
f 2834
a 13325 64848 16
f 10454
a 13326 752 256
f 1059
a 13327 7872 256
f 8138
a 13328 768 64
f 9882
a 13329 320 256
f 10410
a 13330 352 64
f 488
a 13331 5536 16
f 13153
a 13332 44592 16
f 7266
a 13333 54016 64
f 5827
a 13334 23280 64
f 5741
a 13335 8080 64
f 6202
a 13336 6288 64
f 8997
a 13337 3152 64
f 11645
a 13338 6320 16
f 8780
a 13339 57904 16
f 3660
a 13340 29232 256
f 4414
a 13341 14800 64
f 3493
a 13342 656 64
f 12626
a 13343 8032 256
f 2006
a 13344 1760 256
f 843
a 13345 2048 16
f 13332
a 13346 816 64
f 10868
a 13347 1232 16
f 10881
a 13348 7840 16
f 12773
a 13349 12768 16
f 1791
a 13350 1584 16
f 7844
a 13351 480 64
f 12612
a 13352 31312 256
f 4558
a 13353 272 256
f 12276
a 13354 57344 16
f 8935
a 13355 7072 256
f 10616
a 13356 7200 64
f 4648
a 13357 288 16
f 9567
a 13358 1072 256
f 3148
a 13359 32272 16
f 11129
a 13360 10016 16
f 5209
a 13361 1424 16
f 7388
a 13362 10368 64
f 9394
a 13363 384 256
f 12429
a 13364 26480 16
f 2727
a 13365 16160 16
f 4600
a 13366 512 256
f 12858
a 13367 6272 16
f 10771
a 13368 2656 16
f 13165
a 13369 6688 256
f 6109
a 13370 7568 256
f 2085
a 13371 1392 256
f 13263
a 13372 368 256
f 11472
a 13373 20432 16
f 12577
a 13374 3824 256
f 13103
a 13375 272 256
f 3208
a 13376 1088 16
f 3683
a 13377 4800 256
f 856
a 13378 65472 16
f 9409
a 13379 4576 256
f 147
a 13380 352 16
f 12180
a 13381 12240 64
f 226
a 13382 6224 16
f 906
a 13383 960 64
f 769
a 13384 944 16
f 2736
a 13385 10320 64
f 4093
a 13386 1760 16
f 10329
a 13387 1392 256
f 11199
a 13388 5232 64
f 3133
a 13389 8544 256
f 1293
a 13390 480 64
f 8715
a 13391 2928 16
f 692
a 13392 560 256
f 1580
a 13393 3952 16
f 8368
a 13394 10240 64
f 2910
a 13395 9360 64
f 3958
a 13396 5728 64
f 6491
a 13397 49168 64
f 2171
a 13398 304 64
f 13111
a 13399 800 256
f 11990
a 13400 1232 16
f 8608
a 13401 25712 16
f 5607
a 13402 1792 64
f 5076
a 13403 784 64
f 1101
a 13404 768 16
f 5119
a 13405 1440 256
f 12338
a 13406 784 256
f 5791
a 13407 27296 256
f 6215
a 13408 22448 16
f 9937
a 13409 57936 16
f 5417
a 13410 37248 256
f 8573
a 13411 2832 256
f 8262
a 13412 1152 16
f 10056
a 13413 656 256
f 2018
a 13414 17376 64
f 5115
a 13415 13280 16
f 12071
a 13416 16192 64
f 11337
a 13417 28784 256
f 3582
a 13418 2816 256
f 6028
a 13419 54032 256
f 7057
a 13420 13360 64
f 1392
a 13421 2032 16
f 12551
a 13422 1568 64
f 7808
a 13423 27936 16
f 12705
a 13424 480 64
f 8788
a 13425 37664 16
f 11986
a 13426 31728 256
f 1533
a 13427 464 64
f 12296
a 13428 2032 64
f 5900
a 13429 320 16
f 9846
a 13430 64624 256
f 7002
a 13431 1744 256
f 9663
a 13432 3984 256
f 12045
a 13433 2096 64
f 13200
a 13434 352 64
f 612
a 13435 7936 16
f 9303
a 13436 4976 64
f 3042
a 13437 928 256
f 3495
a 13438 11008 256
f 11175
a 13439 2768 16
f 12690
a 13440 528 16
f 6787
a 13441 288 64
f 12115
a 13442 1696 256
f 11847
a 13443 1168 256
f 8121
a 13444 19072 16
f 5353
a 13445 3408 64
f 4144
a 13446 768 64
f 2158
a 13447 480 64
f 11685
a 13448 3920 256
f 11246
a 13449 9392 16
f 847
a 13450 8912 16
f 11735
a 13451 5760 64
f 11718
a 13452 22944 16
f 13136
a 13453 46912 256
f 1879
a 13454 1280 64
f 5306
a 13455 13088 16
f 1620
a 13456 3136 256
f 9147
a 13457 496 16
f 4614
a 13458 3056 64
f 1161
a 13459 1776 16
f 3757
a 13460 3968 64
f 7245
a 13461 496 64
f 12140
a 13462 768 256
f 5507
a 13463 2768 16
f 1766
a 13464 1568 256
f 3537
a 13465 48208 256
f 9422
a 13466 2112 256
f 11866
a 13467 1824 16
f 7411
a 13468 976 64
f 8184
a 13469 9520 256
f 5256
a 13470 1760 16
f 5169
a 13471 2848 16
f 11951
a 13472 8144 16
f 13109
a 13473 2944 64
f 7123
a 13474 28720 256
f 1092
a 13475 432 256
f 13363
a 13476 3952 16
f 8507
a 13477 8688 64
f 9272
a 13478 624 64
f 7829
a 13479 960 16
f 7837
a 13480 3584 256
f 1195
a 13481 21488 64
f 12611
a 13482 1120 16
f 1257
a 13483 1680 16
f 10134
a 13484 6544 16
f 2643
a 13485 11392 64
f 6729
a 13486 10864 256
f 5513
a 13487 3632 16
f 2923
a 13488 368 16
f 5194
a 13489 2896 256
f 5626
a 13490 15760 16
f 12654
a 13491 4704 64
f 8649
a 13492 54960 16
f 1956
a 13493 2064 256
f 3611
a 13494 432 64
f 13297
a 13495 7904 16
f 11465
a 13496 4032 16
f 7960
a 13497 22672 64
f 3441
a 13498 768 256
f 9955
a 13499 3600 256
c step-3500
f 12177
a 13500 9552 16
f 9140
a 13501 960 256
f 13140
a 13502 4544 256
f 12786
a 13503 1648 16
f 9687
a 13504 32416 64
f 3936
a 13505 26480 256
f 4458
a 13506 2928 256
f 658
a 13507 62576 64
f 4503
a 13508 18064 16
f 336
a 13509 704 256
f 117
a 13510 59216 64
f 13046
a 13511 3664 16
f 1179
a 13512 320 256
f 13454
a 13513 12896 256
f 73
a 13514 1968 16
f 4672
a 13515 3552 64
f 2604
a 13516 6912 16
f 7426
a 13517 3968 64
f 12638
a 13518 49120 64
f 10462
a 13519 15824 16
f 4752
a 13520 10784 256
f 7115
a 13521 16176 256
f 5498
a 13522 35920 256
f 5571
a 13523 4096 256
f 7380
a 13524 976 16
f 13232
a 13525 31616 16
f 7853
a 13526 13312 16
f 10651
a 13527 12384 64
f 10011
a 13528 688 16
f 7911
a 13529 736 16
f 9478
a 13530 1856 256
f 10916
a 13531 29440 64
f 13277
a 13532 1312 256
f 11218
a 13533 3248 16
f 1438
a 13534 27360 256
f 12219
a 13535 288 16
f 10062
a 13536 2976 16
f 4011
a 13537 736 16
f 7509
a 13538 27248 256
f 7223
a 13539 4080 16
f 10778
a 13540 1616 256
f 6455
a 13541 14224 256
f 13311
a 13542 14864 256
f 2510
a 13543 8240 256
f 1986
a 13544 16160 256
f 13435
a 13545 7776 16
f 227
a 13546 272 16
f 53
a 13547 10432 64
f 9615
a 13548 7712 16
f 8004
a 13549 720 16
f 8696
a 13550 896 256
f 5270
a 13551 6304 16
f 12057
a 13552 2480 64
f 4751
a 13553 7728 16
f 10729
a 13554 45168 256
f 12495
a 13555 1440 256
f 2202
a 13556 1536 64
f 7408
a 13557 64496 64
f 3770
a 13558 992 256
f 2261
a 13559 3008 256
f 1713
a 13560 25888 16
f 6483
a 13561 432 16
f 6719
a 13562 624 64
f 10048
a 13563 368 16
f 2571
a 13564 1072 16
f 348
a 13565 272 64
f 6529
a 13566 24720 256
f 11582
a 13567 7488 16
f 4103
a 13568 320 64
f 665
a 13569 272 64
f 6285
a 13570 21920 16
f 6686
a 13571 2160 256
f 13062
a 13572 704 16
f 10217
a 13573 9312 256
f 2573
a 13574 48688 256
f 9243
a 13575 26624 256
f 12643
a 13576 384 16
f 10873
a 13577 2192 256
f 8042
a 13578 912 256
f 9007
a 13579 10144 256
f 7908
a 13580 656 16
f 28
a 13581 58240 16
f 2754
a 13582 19696 64
f 13150
a 13583 288 16
f 1783
a 13584 25904 256
f 4982
a 13585 432 64
f 5465
a 13586 13888 16
f 8429
a 13587 800 64
f 12170
a 13588 496 64
f 1
a 13589 35504 16
f 6069
a 13590 14512 64
f 3195
a 13591 560 64
f 11994
a 13592 1968 64
f 3430
a 13593 7392 256
f 9918
a 13594 592 16
f 5404
a 13595 22464 64
f 480
a 13596 6000 16
f 565
a 13597 544 256
f 3695
a 13598 2896 64
f 8025
a 13599 1088 256
f 10683
a 13600 3472 16
f 6122
a 13601 1328 256
f 13071
a 13602 53024 64
f 1248
a 13603 30016 256
f 7144
a 13604 32960 256
f 9500
a 13605 7488 64
f 2156
a 13606 3168 16
f 9379
a 13607 45376 64
f 3623
a 13608 1488 256
f 4984
a 13609 2432 256
f 3638
a 13610 6432 256
f 8987
a 13611 27216 16
f 7697
a 13612 32192 256
f 7352
a 13613 800 16
f 2195
a 13614 1056 16
f 7779
a 13615 6208 64
f 8572
a 13616 35936 16
f 4689
a 13617 832 256
f 11118
a 13618 25568 64
f 6057
a 13619 11152 16
f 13361
a 13620 384 16
f 12259
a 13621 16384 64
f 4506
a 13622 20720 16
f 7105
a 13623 24672 256
f 3691
a 13624 24912 256
f 10276
a 13625 30688 256
f 12987
a 13626 7264 64
f 6303
a 13627 1904 64
f 8897
a 13628 3072 16
f 13579
a 13629 5808 64
f 13506
a 13630 6800 16
f 896
a 13631 51312 64
f 4309
a 13632 3552 256
f 5481
a 13633 30320 256
f 9739
a 13634 2656 256
f 2521
a 13635 1088 64
f 12662
a 13636 6992 16
f 375
a 13637 1456 64
f 9382
a 13638 10464 64
f 11659
a 13639 6496 64
f 6920
a 13640 912 16
f 13121
a 13641 12896 64
f 3569
a 13642 52368 16
f 6690
a 13643 1136 16
f 1660
a 13644 6640 256
f 6239
a 13645 560 64
f 5771
a 13646 3456 16
f 7050
a 13647 2176 16
f 9226
a 13648 15056 256
f 5122
a 13649 336 64
f 12658
a 13650 63168 16
f 13014
a 13651 57408 16
f 6501
a 13652 2048 64
f 12485
a 13653 336 64
f 12939
a 13654 3008 64
f 3085
a 13655 15632 16
f 13341
a 13656 3392 256
f 5396
a 13657 19872 256
f 10047
a 13658 1952 256
f 6945
a 13659 27760 64
f 4159
a 13660 15744 16
f 13233
a 13661 4704 256
f 2611
a 13662 41456 256
f 1053
a 13663 51808 256
f 9742
a 13664 288 16
f 2515
a 13665 14576 16
f 3655
a 13666 368 16
f 1944
a 13667 11712 64
f 13101
a 13668 17120 256
f 10571
a 13669 15584 64
f 3597
a 13670 32128 64
f 1965
a 13671 400 64
f 886
a 13672 12624 64
f 11679
a 13673 1904 64
f 8869
a 13674 10608 64
f 4029
a 13675 4144 64
f 2167
a 13676 304 16
f 8430
a 13677 2144 256
f 11039
a 13678 480 64
f 11002
a 13679 384 64
f 8606
a 13680 8528 16
f 12893
a 13681 25408 64
f 6539
a 13682 20576 16
f 6588
a 13683 7360 16
f 4793
a 13684 3504 16
f 5651
a 13685 2048 256
f 8425
a 13686 5040 64
f 2362
a 13687 480 256
f 5325
a 13688 432 64
f 13545
a 13689 4080 64
f 25
a 13690 13360 16
f 11539
a 13691 768 256
f 10780
a 13692 1104 256
f 6914
a 13693 1600 256
f 9012
a 13694 25856 256
f 6297
a 13695 30320 64
f 13518
a 13696 12448 256
f 4253
a 13697 16240 16
f 6508
a 13698 832 16
f 4382
a 13699 848 256
f 11845
a 13700 2480 256
f 12332
a 13701 816 64
f 3694
a 13702 17248 64
f 12601
a 13703 4320 64
f 1772
a 13704 47216 64
f 7597
a 13705 2592 256
f 319
a 13706 1952 16
f 3634
a 13707 2144 64
f 2134
a 13708 1744 64
f 1133
a 13709 4000 16
f 2149
a 13710 608 256
f 13485
a 13711 928 16
f 435
a 13712 544 64
f 5429
a 13713 42688 16
f 5917
a 13714 1808 256
f 493
a 13715 27536 16
f 10915
a 13716 3584 64
f 3769
a 13717 2096 256
f 1364
a 13718 3696 256
f 4978
a 13719 784 64
f 8565
a 13720 26688 16
f 9497
a 13721 10352 64
f 6869
a 13722 7680 256
f 7571
a 13723 3792 16
f 6207
a 13724 15472 64
f 3529
a 13725 6240 64
f 783
a 13726 800 256
f 5052
a 13727 5952 256
f 8470
a 13728 34816 256
f 5758
a 13729 29824 16
f 8707
a 13730 2240 256
f 3005
a 13731 720 64
f 10379
a 13732 384 16
f 203
a 13733 848 16
f 13011
a 13734 15840 16
f 8092
a 13735 53616 256
f 8671
a 13736 63840 16
f 368
a 13737 55616 64
f 7757
a 13738 60608 64
f 13716
a 13739 9264 64
f 8274
a 13740 15376 256
f 12173
a 13741 4080 256
f 13243
a 13742 656 64
f 11668
a 13743 960 256
f 6064
a 13744 432 16
f 7816
a 13745 432 256
f 9768
a 13746 2336 16
f 1584
a 13747 480 256
f 6464
a 13748 28592 256
f 3142
a 13749 1152 64
f 10273
a 13750 288 64
f 2492
a 13751 9616 256
f 12198
a 13752 736 64
f 10235
a 13753 432 64
f 12204
a 13754 39152 16
f 5918
a 13755 55200 256
f 11586
a 13756 12192 256
f 12916
a 13757 4896 256
f 4757
a 13758 11440 16
f 8874
a 13759 7760 16
f 2423
a 13760 14880 16
f 1114
a 13761 16576 64
f 11050
a 13762 14304 16
f 11244
a 13763 4880 16
f 870
a 13764 14544 64
f 5994
a 13765 688 256
f 13444
a 13766 4032 16
f 7595
a 13767 1024 256
f 13658
a 13768 672 64
f 5215
a 13769 1872 16
f 12473
a 13770 1520 16
f 2790
a 13771 1008 64
f 6834
a 13772 28944 16
f 1693
a 13773 976 16
f 2994
a 13774 928 16
f 10150
a 13775 368 64
f 8486
a 13776 288 16
f 7831
a 13777 2736 64
f 11204
a 13778 1056 16
f 10183
a 13779 5136 256
f 8706
a 13780 15520 256
f 10182
a 13781 10160 256
f 5024
a 13782 672 64
f 9631
a 13783 544 64
f 3207
a 13784 816 256
f 1390
a 13785 15744 16
f 7927
a 13786 2448 16
f 5015
a 13787 1264 16
f 12380
a 13788 464 64
f 5707
a 13789 38272 16
f 2706
a 13790 45888 256
f 3193
a 13791 2256 64
f 9108
a 13792 784 64
f 4861
a 13793 63216 256
f 12262
a 13794 53760 16
f 8509
a 13795 31376 16
f 10480
a 13796 8848 64
f 1553
a 13797 400 16
f 6156
a 13798 1184 64
f 7545
a 13799 3520 64
f 1935
a 13800 20432 16
f 2775
a 13801 2800 16
f 3064
a 13802 1296 64
f 9369
a 13803 5760 64
f 1003
a 13804 23904 64
f 10265
a 13805 9520 64
f 10892
a 13806 10960 64
f 12328
a 13807 2384 16
f 10301
a 13808 64320 256
f 3844
a 13809 2000 256
f 6088
a 13810 2352 16
f 5106
a 13811 14544 16
f 3861
a 13812 12752 256
f 9270
a 13813 1536 16
f 13327
a 13814 816 64
f 4592
a 13815 8464 256
f 12394
a 13816 13984 256
f 2867
a 13817 5376 64
f 12309
a 13818 28464 256
f 9376
a 13819 19600 256
f 1176
a 13820 7360 64
f 1219
a 13821 16144 256
f 10268
a 13822 1888 16
f 4353
a 13823 18288 16
f 1980
a 13824 3360 256
f 8702
a 13825 304 16
f 3704
a 13826 14096 64
f 3524
a 13827 608 64
f 2416
a 13828 640 64
f 6696
a 13829 5360 16
f 6051
a 13830 400 256
f 13747
a 13831 4016 16
f 2460
a 13832 800 16
f 6016
a 13833 5504 16
f 2941
a 13834 672 64
f 9232
a 13835 624 16
f 6923
a 13836 26896 64
f 4880
a 13837 496 64
f 11891
a 13838 480 64
f 7942
a 13839 22976 64
f 5374
a 13840 416 64
f 5840
a 13841 53776 16
f 5923
a 13842 3504 256
f 3577
a 13843 416 16
f 8323
a 13844 11536 64
f 12265
a 13845 528 64
f 11362
a 13846 7696 64
f 4194
a 13847 1952 16
f 12921
a 13848 336 16
f 1363
a 13849 48032 256
f 7018
a 13850 25792 256
f 10383
a 13851 13856 256
f 13499
a 13852 608 64
f 11791
a 13853 368 256
f 4962
a 13854 5456 256
f 6423
a 13855 54368 256
f 477
a 13856 1264 256
f 5601
a 13857 7296 256
f 8106
a 13858 20672 64
f 1509
a 13859 720 16
f 13187
a 13860 18000 256
f 3979
a 13861 464 64
f 8153
a 13862 56752 16
f 9488
a 13863 16752 64
f 4040
a 13864 720 256
f 9892
a 13865 43200 64
f 12743
a 13866 3424 64
f 914
a 13867 368 256
f 10307
a 13868 704 256
f 8524
a 13869 1616 16
f 9447
a 13870 432 256
f 7203
a 13871 656 256
f 5823
a 13872 7488 256
f 10782
a 13873 2256 64
f 8639
a 13874 4128 16
f 1561
a 13875 2800 64
f 11823
a 13876 16240 16
f 8774
a 13877 5856 64
f 12119
a 13878 10464 64
f 9976
a 13879 27312 64
f 13493
a 13880 288 16
f 1183
a 13881 656 256
f 897
a 13882 27408 64
f 6195
a 13883 31936 64
f 8837
a 13884 3392 64
f 717
a 13885 47728 16
f 639
a 13886 24512 256
f 10646
a 13887 928 256
f 11898
a 13888 1008 64
f 8505
a 13889 288 256
f 5667
a 13890 1840 16
f 13231
a 13891 32448 16
f 9979
a 13892 944 16
f 5467
a 13893 432 64
f 8245
a 13894 336 256
f 12821
a 13895 3008 64
f 4934
a 13896 864 64
f 10551
a 13897 2848 16
f 9584
a 13898 32832 64
f 6412
a 13899 1168 256
f 487
a 13900 288 16
f 1081
a 13901 1376 16
f 9111
a 13902 8672 64
f 13763
a 13903 6304 256
f 4461
a 13904 512 16
f 13800
a 13905 5680 64
f 11702
a 13906 2768 256
f 5013
a 13907 512 64
f 11740
a 13908 13376 64
f 7788
a 13909 24032 16
f 5443
a 13910 6560 64
f 4536
a 13911 27888 64
f 1045
a 13912 14544 256
f 12128
a 13913 2480 256
f 2118
a 13914 496 16
f 10735
a 13915 1152 16
f 12402
a 13916 15344 16
f 12220
a 13917 54976 16
f 9538
a 13918 512 64
f 7678
a 13919 12416 16
f 9377
a 13920 1456 64
f 9902
a 13921 3232 16
f 9151
a 13922 736 256
f 5204
a 13923 816 256
f 5157
a 13924 1392 16
f 3010
a 13925 1024 64
f 13076
a 13926 352 64
f 4416
a 13927 3936 256
f 10716
a 13928 768 256
f 6197
a 13929 704 256
f 10405
a 13930 304 256
f 3833
a 13931 20752 64
f 9298
a 13932 3296 16
f 12686
a 13933 2512 64
f 10905
a 13934 1568 64
f 7480
a 13935 13440 256
f 13389
a 13936 608 64
f 13678
a 13937 39296 64
f 6140
a 13938 3936 256
f 4862
a 13939 15056 64
f 5445
a 13940 528 256
f 10202
a 13941 1088 16
f 5562
a 13942 21184 64
f 11122
a 13943 29424 64
f 2250
a 13944 10944 16
f 4188
a 13945 2992 64
f 3295
a 13946 31680 16
f 5176
a 13947 16336 16
f 12584
a 13948 800 64
f 11328
a 13949 34000 256
f 5988
a 13950 560 16
f 12997
a 13951 592 16
f 3073
a 13952 992 16
f 208
a 13953 7040 64
f 12193
a 13954 7376 16
f 12027
a 13955 29936 64
f 2601
a 13956 368 16
f 101
a 13957 7008 16
f 5303
a 13958 55168 64
f 11588
a 13959 35920 16
f 4349
a 13960 656 64
f 12596
a 13961 496 16
f 3431
a 13962 3632 256
f 9419
a 13963 21184 16
f 9602
a 13964 736 64
f 13757
a 13965 304 256
f 7656
a 13966 27888 256
f 11733
a 13967 2528 64
f 9771
a 13968 13184 256
f 107
a 13969 36224 16
f 4731
a 13970 928 64
f 13480
a 13971 288 64
f 963
a 13972 63440 16
f 12726
a 13973 592 16
f 10887
a 13974 8160 16
f 9061
a 13975 25712 64
f 13382
a 13976 34912 256
f 3942
a 13977 18592 16
f 3860
a 13978 19072 64
f 5437
a 13979 1072 64
f 6372
a 13980 336 256
f 11840
a 13981 272 64
f 10247
a 13982 544 256
f 2689
a 13983 368 64
f 410
a 13984 10944 64
f 9534
a 13985 4768 16
f 10029
a 13986 6016 16
f 9485
a 13987 672 256
f 7421
a 13988 480 64
f 10731
a 13989 1040 16
f 6276
a 13990 368 256
f 9982
a 13991 272 256
f 5828
a 13992 1424 16
f 11809
a 13993 8672 16
f 2649
a 13994 42768 256
f 13100
a 13995 1616 64
f 1749
a 13996 816 64
f 4091
a 13997 7872 16
f 2024
a 13998 272 64
f 933
a 13999 51936 64
c step-4000
f 7318
a 14000 16064 256
f 1524
a 14001 50624 16
f 4553
a 14002 48656 256
f 6527
a 14003 8192 256
f 1389
a 14004 40816 16
f 12538
a 14005 784 64
f 7139
a 14006 16784 64
f 12586
a 14007 880 16
f 7452
a 14008 656 16
f 11263
a 14009 14576 16
f 12525
a 14010 400 16
f 11357
a 14011 1248 64
f 10186
a 14012 23168 256
f 9908
a 14013 8832 64
f 7330
a 14014 5872 256
f 2505
a 14015 11856 64
f 5376
a 14016 3840 256
f 8849
a 14017 1808 64
f 13434
a 14018 7200 256
f 3111
a 14019 10592 256
f 2470
a 14020 55216 16
f 9306
a 14021 1632 256
f 7448
a 14022 32400 256
f 10468
a 14023 7056 64
f 6731
a 14024 7808 64
f 4518
a 14025 512 64
f 5261
a 14026 480 64
f 11998
a 14027 4672 256
f 4492
a 14028 496 16
f 2511
a 14029 15488 16
f 918
a 14030 15744 256
f 11931
a 14031 3024 64
f 7293
a 14032 496 256
f 6182
a 14033 1120 16
f 9871
a 14034 15040 256
f 8237
a 14035 3328 16
f 2660
a 14036 20912 64
f 13456
a 14037 432 16
f 12145
a 14038 38800 256
f 2102
a 14039 1936 256
f 1581
a 14040 3360 16
f 4623
a 14041 3072 16
f 6625
a 14042 1456 16
f 3019
a 14043 11936 16
f 16
a 14044 4480 16
f 6280
a 14045 8848 64
f 4937
a 14046 27264 256
f 945
a 14047 25344 16
f 11600
a 14048 800 64
f 5557
a 14049 5776 16
f 5716
a 14050 2176 256
f 12718
a 14051 3312 64
f 12744
a 14052 832 16
f 1290
a 14053 608 64
f 3420
a 14054 8992 16
f 8034
a 14055 384 64
f 777
a 14056 1136 16
f 12704
a 14057 784 64
f 9697
a 14058 24752 64
f 11033
a 14059 3936 64
f 13421
a 14060 18640 16
f 8886
a 14061 2416 16
f 4867
a 14062 1616 16
f 12968
a 14063 14256 256
f 8471
a 14064 5968 64
f 182
a 14065 31472 64
f 591
a 14066 22080 256
f 12447
a 14067 432 64
f 13119
a 14068 22608 16
f 6627
a 14069 2496 256
f 13044
a 14070 10832 256
f 8072
a 14071 7840 64
f 132
a 14072 47568 64
f 9640
a 14073 6912 256
f 7189
a 14074 2672 16
f 1794
a 14075 14400 16
f 2369
a 14076 1824 16
f 335
a 14077 1616 256
f 14035
a 14078 7824 64
f 11557
a 14079 640 64
f 2366
a 14080 6704 256
f 4616
a 14081 2064 64
f 10831
a 14082 656 64
f 4359
a 14083 64928 256
f 1788
a 14084 3232 64
f 14041
a 14085 2016 16
f 13098
a 14086 400 16
f 5357
a 14087 7584 256
f 6250
a 14088 16000 16
f 11176
a 14089 960 256
f 7630
a 14090 15296 16
f 14061
a 14091 6512 64
f 4237
a 14092 14256 256
f 687
a 14093 1872 256
f 6901
a 14094 4848 64
f 8716
a 14095 3360 16
f 11180
a 14096 3872 256
f 1309
a 14097 59696 256
f 6258
a 14098 15760 64
f 4480
a 14099 40480 16
f 3224
a 14100 50176 16
f 5518
a 14101 14160 16
f 10800
a 14102 16032 64
f 13564
a 14103 560 256
f 9996
a 14104 320 256
f 2373
a 14105 1504 256
f 656
a 14106 288 64
f 12901
a 14107 11328 16
f 13227
a 14108 34704 256
f 11152
a 14109 6416 64
f 3899
a 14110 29568 64
f 13010
a 14111 52192 256
f 8047
a 14112 48608 256
f 10411
a 14113 784 256
f 13797
a 14114 4624 256
f 1609
a 14115 2576 256
f 8051
a 14116 3872 16
f 767
a 14117 784 16
f 3190
a 14118 736 16
f 12825
a 14119 14496 64
f 13211
a 14120 1760 16
f 3631
a 14121 816 64
f 3171
a 14122 13328 64
f 9692
a 14123 4560 64
f 3812
a 14124 15056 16
f 9769
a 14125 768 256
f 10187
a 14126 352 64
f 122
a 14127 480 64
f 13458
a 14128 8448 256
f 11744
a 14129 272 16
f 12000
a 14130 352 256
f 5682
a 14131 1504 16
f 13684
a 14132 11232 16
f 13670
a 14133 352 16
f 216
a 14134 2880 64
f 5235
a 14135 1088 64
f 12124
a 14136 368 64
f 8980
a 14137 528 64
f 3452
a 14138 496 64
f 7508
a 14139 384 64
f 2935
a 14140 31200 256
f 5998
a 14141 15184 16
f 2246
a 14142 3360 256
f 554
a 14143 58832 256
f 7696
a 14144 3280 256
f 1329
a 14145 1904 256
f 1008
a 14146 58736 16
f 4274
a 14147 3600 64
f 13226
a 14148 464 256
f 13565
a 14149 16048 64
f 11704
a 14150 39856 16
f 11399
a 14151 1568 16
f 420
a 14152 36144 64
f 2980
a 14153 496 256
f 2734
a 14154 2016 16
f 6697
a 14155 30992 64
f 7790
a 14156 19488 256
f 3067
a 14157 10736 256
f 4794
a 14158 1200 64
f 3982
a 14159 6032 256
f 10542
a 14160 64928 64
f 10119
a 14161 30736 16
f 8535
a 14162 65536 64
f 4020
a 14163 18416 64
f 5461
a 14164 8016 16
f 1231
a 14165 14848 64
f 4075
a 14166 43008 64
f 7925
a 14167 2768 64
f 2973
a 14168 12704 16
f 5696
a 14169 464 16
f 13595
a 14170 3728 64
f 12593
a 14171 24320 16
f 2045
a 14172 1744 64
f 452
a 14173 368 16
f 12396
a 14174 2880 64
f 6447
a 14175 384 64
f 12928
a 14176 1152 16
f 4742
a 14177 416 256
f 9159
a 14178 960 16
f 13690
a 14179 544 64
f 12319
a 14180 15664 16
f 1709
a 14181 58512 256
f 14003
a 14182 31296 64
f 8103
a 14183 15392 256
f 3586
a 14184 464 64
f 4551
a 14185 6176 64
f 12479
a 14186 3296 64
f 5957
a 14187 992 256
f 4941
a 14188 272 256
f 6817
a 14189 61824 256
f 2550
a 14190 8144 256
f 13201
a 14191 10176 64
f 14110
a 14192 864 64
f 3341
a 14193 10208 16
f 9142
a 14194 2560 16
f 1480
a 14195 15792 64
f 7802
a 14196 34528 16
f 8060
a 14197 58160 64
f 6317
a 14198 400 64
f 4065
a 14199 22160 256
f 12058
a 14200 672 16
f 6052
a 14201 10368 16
f 3460
a 14202 704 64
f 2214
a 14203 1264 64
f 7649
a 14204 4672 64
f 10568
a 14205 7728 256
f 3688
a 14206 24880 16
f 2664
a 14207 656 16
f 12416
a 14208 976 16
f 10200
a 14209 11328 64
f 11217
a 14210 24192 64
f 7774
a 14211 47328 16
f 1431
a 14212 25520 64
f 8302
a 14213 704 16
f 6950
a 14214 44576 256
f 2477
a 14215 368 16
f 1845
a 14216 496 16
f 11907
a 14217 8208 256
f 2411
a 14218 1040 16
f 10894
a 14219 848 16
f 8433
a 14220 6288 16
f 1969
a 14221 11440 16
f 2835
a 14222 848 64
f 6270
a 14223 47456 256
f 12494
a 14224 23776 256
f 13694
a 14225 29472 64
f 11085
a 14226 576 256
f 12167
a 14227 896 64
f 205
a 14228 4288 256
f 7910
a 14229 16032 64
f 12051
a 14230 928 64
f 1197
a 14231 528 256
f 2624
a 14232 2800 64
f 10914
a 14233 4080 256
f 6597
a 14234 10816 16
f 4919
a 14235 448 256
f 10931
a 14236 5792 16
f 9493
a 14237 688 16
f 3843
a 14238 800 256
f 5981
a 14239 288 64
f 4348
a 14240 960 256
f 13855
a 14241 864 256
f 8852
a 14242 29440 64
f 10750
a 14243 51184 256
f 9193
a 14244 20960 256
f 13779
a 14245 336 256
f 3648
a 14246 30624 256
f 12926
a 14247 496 256
f 6606
a 14248 944 256
f 3600
a 14249 1360 16
f 9049
a 14250 2288 256
f 12371
a 14251 13696 64
f 3968
a 14252 35472 256
f 3384
a 14253 27360 64
f 11375
a 14254 9856 16
f 7963
a 14255 624 16
f 1989
a 14256 864 16
f 7737
a 14257 4560 16
f 13548
a 14258 22416 64
f 5685
a 14259 26336 256
f 8952
a 14260 21552 256
f 2713
a 14261 960 64
f 7199
a 14262 7008 64
f 10188
a 14263 5952 64
f 3804
a 14264 11728 64
f 11811
a 14265 3072 64
f 12366
a 14266 4176 256
f 6773
a 14267 34368 64
f 13296
a 14268 368 256
f 10623
a 14269 26976 256
f 9146
a 14270 832 256
f 4854
a 14271 60320 64
f 2535
a 14272 944 16
f 6454
a 14273 12960 16
f 12770
a 14274 5152 16
f 10519
a 14275 32576 256
f 1510
a 14276 8144 16
f 13591
a 14277 448 64
f 424
a 14278 1648 16
f 3007
a 14279 15136 64
f 12127
a 14280 7040 16
f 4307
a 14281 400 256
f 757
a 14282 3312 16
f 5091
a 14283 7952 256
f 11761
a 14284 736 16
f 10506
a 14285 31392 256
f 8765
a 14286 8912 16
f 7923
a 14287 2720 64
f 1925
a 14288 9280 64
f 59
a 14289 1584 256
f 12335
a 14290 27552 16
f 7489
a 14291 1936 256
f 11374
a 14292 61952 16
f 1023
a 14293 20560 64
f 1444
a 14294 16336 256
f 8646
a 14295 1648 16
f 3788
a 14296 1008 64
f 9230
a 14297 10656 64
f 10620
a 14298 496 256
f 3489
a 14299 8976 16
f 4068
a 14300 19488 64
f 7967
a 14301 448 64
f 12257
a 14302 6064 256
f 3356
a 14303 656 16
f 6789
a 14304 1856 256
f 2716
a 14305 624 64
f 10958
a 14306 7360 64
f 13703
a 14307 21712 16
f 4912
a 14308 7760 16
f 12842
a 14309 3312 64
f 13301
a 14310 7792 16
f 10028
a 14311 1248 64
f 4950
a 14312 46544 256
f 12414
a 14313 33392 256
f 7453
a 14314 22672 64
f 2467
a 14315 320 16
f 2627
a 14316 992 256
f 7211
a 14317 1008 64
f 292
a 14318 14128 64
f 18
a 14319 800 256
f 6826
a 14320 13456 256
f 6273
a 14321 1392 16
f 14141
a 14322 1696 64
f 4917
a 14323 3728 64
f 7209
a 14324 1648 16
f 682
a 14325 6144 16
f 2374
a 14326 960 256
f 7315
a 14327 34672 16
f 5061
a 14328 11776 16
f 8252
a 14329 336 64
f 10042
a 14330 1248 64
f 8806
a 14331 55600 64
f 9148
a 14332 35456 64
f 11054
a 14333 3056 256
f 12052
a 14334 400 16
f 5996
a 14335 11232 16
f 2286
a 14336 52736 64
f 320
a 14337 784 256
f 11637
a 14338 10176 64
f 13048
a 14339 1232 256
f 13599
a 14340 10112 256
f 10083
a 14341 3040 16
f 13144
a 14342 3008 16
f 2237
a 14343 9056 64
f 12555
a 14344 19792 256
f 2394
a 14345 58016 16
f 8839
a 14346 3952 16
f 1902
a 14347 1728 256
f 4423
a 14348 29200 64
f 4617
a 14349 816 256
f 10627
a 14350 7216 64
f 10446
a 14351 3232 256
f 9443
a 14352 400 64
f 247
a 14353 2656 16
f 9137
a 14354 54240 64
f 2617
a 14355 1888 16
f 10815
a 14356 1392 256
f 4887
a 14357 3856 64
f 13937
a 14358 14032 64
f 1046
a 14359 12816 64
f 12553
a 14360 9648 16
f 9590
a 14361 8160 16
f 1732
a 14362 29920 64
f 8392
a 14363 13552 16
f 144
a 14364 3056 64
f 9803
a 14365 37232 64
f 14282
a 14366 16960 256
f 4604
a 14367 3264 64
f 5821
a 14368 59312 64
f 1601
a 14369 880 64
f 7
a 14370 12000 256
f 3077
a 14371 2288 256
f 3272
a 14372 27936 64
f 12828
a 14373 1088 64
f 4177
a 14374 272 256
f 7261
a 14375 4608 64
f 10597
a 14376 480 64
f 7537
a 14377 28016 64
f 5299
a 14378 45840 64
f 11722
a 14379 19040 256
f 582
a 14380 672 256
f 924
a 14381 35008 256
f 4134
a 14382 4672 16
f 4092
a 14383 15376 256
f 8722
a 14384 23104 16
f 11326
a 14385 52192 256
f 8167
a 14386 3056 16
f 668
a 14387 12768 16
f 13204
a 14388 10032 256
f 8903
a 14389 784 16
f 10218
a 14390 1936 64
f 6129
a 14391 1344 16
f 2295
a 14392 2240 64
f 13366
a 14393 44992 64
f 1017
a 14394 61376 256
f 12452
a 14395 3856 256
f 7244
a 14396 1008 256
f 12387
a 14397 528 64
f 12406
a 14398 15200 64
f 7550
a 14399 27104 256
f 11983
a 14400 30080 16
f 13315
a 14401 10160 256
f 4478
a 14402 11536 64
f 8904
a 14403 10160 64
f 10742
a 14404 58080 16
f 8796
a 14405 13680 16
f 5435
a 14406 1520 16
f 3126
a 14407 6080 256
f 12507
a 14408 432 64
f 8851
a 14409 17392 16
f 2054
a 14410 2480 16
f 4803
a 14411 34016 16
f 9408
a 14412 42848 64
f 10842
a 14413 5760 64
f 1083
a 14414 928 256
f 7467
a 14415 32672 256
f 13198
a 14416 14816 16
f 4922
a 14417 3472 256
f 5606
a 14418 10432 16
f 3259
a 14419 4288 64
f 5609
a 14420 864 16
f 8698
a 14421 10720 256
f 2918
a 14422 704 256
f 1806
a 14423 51328 64
f 11692
a 14424 2016 16
f 10250
a 14425 832 16
f 2849
a 14426 656 16
f 1880
a 14427 6448 64
f 3957
a 14428 12960 256
f 1822
a 14429 56576 64
f 11149
a 14430 5488 16
f 6034
a 14431 13696 16
f 6009
a 14432 1456 64
f 12146
a 14433 14448 256
f 10110
a 14434 800 64
f 6162
a 14435 15056 64
f 11440
a 14436 6800 64
f 5592
a 14437 880 64
f 12801
a 14438 45008 64
f 8504
a 14439 3232 256
f 2732
a 14440 720 64
f 11438
a 14441 62656 256
f 13306
a 14442 1184 64
f 8251
a 14443 12880 16
f 6488
a 14444 5488 16
f 5895
a 14445 4800 64
f 1134
a 14446 15488 64
f 8094
a 14447 3808 64
f 8798
a 14448 31056 64
f 4660
a 14449 28320 64
f 588
a 14450 19664 64
f 129
a 14451 816 256
f 1599
a 14452 15776 256
f 4168
a 14453 384 16
f 8166
a 14454 1408 64
f 11020
a 14455 368 64
f 14316
a 14456 3824 16
f 13664
a 14457 38208 64
f 5712
a 14458 1104 256
f 7148
a 14459 14864 16
f 6079
a 14460 6368 256
f 14339
a 14461 13184 64
f 3781
a 14462 1904 16
f 4983
a 14463 7280 64
f 11801
a 14464 4272 16
f 14461
a 14465 6688 64
f 996
a 14466 1136 256
f 6531
a 14467 816 256
f 12041
a 14468 63664 16
f 10577
a 14469 10080 16
f 2883
a 14470 8144 64
f 13143
a 14471 23984 16
f 4951
a 14472 912 16
f 2925
a 14473 2080 16
f 3551
a 14474 3360 256
f 8514
a 14475 54560 256
f 9417
a 14476 61328 256
f 12616
a 14477 1168 64
f 12911
a 14478 31936 64
f 6226
a 14479 31904 16
f 3699
a 14480 272 64
f 6083
a 14481 4656 256
f 7781
a 14482 12384 16
f 10050
a 14483 2144 256
f 10223
a 14484 11664 16
f 4400
a 14485 3904 256
f 12883
a 14486 55184 256
f 3470
a 14487 4064 256
f 4698
a 14488 368 64
f 8840
a 14489 14032 64
f 6256
a 14490 64944 256
f 9278
a 14491 45856 256
f 3766
a 14492 4608 16
f 13782
a 14493 1200 16
f 10736
a 14494 45024 64
f 10599
a 14495 1392 16
f 6254
a 14496 5376 16
f 3616
a 14497 5456 16
f 10765
a 14498 14960 16
f 8771
a 14499 2016 256
c step-4500
f 8318
a 14500 50352 256
f 9860
a 14501 1008 16
f 5943
a 14502 36704 256
f 6000
a 14503 13008 16
f 13135
a 14504 12272 256
f 3511
a 14505 1568 16
f 3406
a 14506 800 256
f 14389
a 14507 1920 256
f 10109
a 14508 52928 256
f 3678
a 14509 10832 256
f 10416
a 14510 992 64
f 1578
a 14511 784 64
f 10137
a 14512 28496 64
f 13632
a 14513 20320 16
f 6484
a 14514 64592 16
f 11868
a 14515 6320 16
f 6006
a 14516 19840 16
f 14497
a 14517 24256 16
f 470
a 14518 3008 64
f 6676
a 14519 8928 256
f 14260
a 14520 21696 16
f 12261
a 14521 33040 16
f 12757
a 14522 3600 64
f 8278
a 14523 2080 16
f 3213
a 14524 43408 64
f 4633
a 14525 1024 16
f 2697
a 14526 9808 64
f 2771
a 14527 56464 256
f 1815
a 14528 2928 64
f 201
a 14529 3840 16
f 1403
a 14530 6576 256
f 12670
a 14531 10240 16
f 2634
a 14532 1808 64
f 13952
a 14533 3200 256
f 12761
a 14534 400 256
f 13373
a 14535 12352 64
f 8142
a 14536 496 64
f 9263
a 14537 33264 256
f 9476
a 14538 6688 16
f 1402
a 14539 688 256
f 1495
a 14540 3744 64
f 8033
a 14541 63984 256
f 5654
a 14542 5984 256
f 9699
a 14543 9584 256
f 5856
a 14544 63040 16
f 5598
a 14545 656 256
f 5273
a 14546 1984 16
f 12815
a 14547 9888 64
f 8747
a 14548 7760 16
f 13776
a 14549 61200 256
f 12458
a 14550 768 256
f 4314
a 14551 7776 16
f 7511
a 14552 2944 256
f 11988
a 14553 960 16
f 4824
a 14554 1008 64
f 12118
a 14555 512 64
f 5982
a 14556 46912 16
f 5311
a 14557 672 16
f 6490
a 14558 15168 256
f 2299
a 14559 3360 64
f 1127
a 14560 3744 256
f 7869
a 14561 1664 64
f 8325
a 14562 13664 256
f 5397
a 14563 480 256
f 8243
a 14564 65408 256
f 10510
a 14565 2000 256
f 762
a 14566 11152 256
f 14306
a 14567 56928 16
f 10197
a 14568 48320 256
f 8824
a 14569 14592 256
f 11475
a 14570 352 256
f 8999
a 14571 29760 64
f 7581
a 14572 13312 16
f 4464
a 14573 3376 64
f 8501
a 14574 896 64
f 14482
a 14575 32240 16
f 14411
a 14576 9504 64
f 8666
a 14577 944 64
f 2417
a 14578 2704 64
f 13960
a 14579 3344 16
f 4129
a 14580 9872 256
f 3732
a 14581 1248 64
f 12089
a 14582 384 16
f 11281
a 14583 816 256
f 3666
a 14584 1008 64
f 8599
a 14585 41040 64
f 13653
a 14586 336 16
f 13319
a 14587 4576 16
f 1457
a 14588 13760 64
f 13067
a 14589 448 256
f 5734
a 14590 6144 16
f 10634
a 14591 11088 64
f 5992
a 14592 8896 16
f 14430
a 14593 2000 64
f 14583
a 14594 496 256
f 5151
a 14595 15808 64
f 2675
a 14596 3728 16
f 7926
a 14597 448 64
f 10952
a 14598 1008 16
f 7798
a 14599 36192 64
f 988
a 14600 15552 64
f 6564
a 14601 1104 256
f 2419
a 14602 16768 256
f 1929
a 14603 50944 64
f 14521
a 14604 1248 64
f 12897
a 14605 2880 64
f 9852
a 14606 544 16
f 857
a 14607 10464 64
f 8872
a 14608 57968 64
f 920
a 14609 16832 64
f 6085
a 14610 1920 64
f 8020
a 14611 2768 256
f 11186
a 14612 336 16
f 3156
a 14613 24608 256
f 5711
a 14614 22768 16
f 1339
a 14615 1680 16
f 2088
a 14616 2128 16
f 8069
a 14617 336 64
f 1093
a 14618 2320 64
f 3787
a 14619 1248 64
f 11097
a 14620 21104 256
f 13848
a 14621 34384 16
f 4548
a 14622 21488 16
f 13549
a 14623 512 64
f 12197
a 14624 720 256
f 13682
a 14625 304 256
f 7732
a 14626 7280 256
f 8479
a 14627 9648 64
f 1317
a 14628 1040 64
f 11349
a 14629 304 16
f 11611
a 14630 400 64
f 12957
a 14631 448 16
f 9849
a 14632 5872 16
f 14194
a 14633 1856 256
f 8214
a 14634 3568 256
f 3245
a 14635 4880 16
f 11096
a 14636 55120 256
f 9948
a 14637 20256 256
f 2052
a 14638 36592 16
f 625
a 14639 6960 64
f 7151
a 14640 3904 16
f 12923
a 14641 1248 256
f 6345
a 14642 2624 256
f 139
a 14643 49984 16
f 3498
a 14644 28576 256
f 1862
a 14645 1472 256
f 4683
a 14646 320 64
f 5962
a 14647 2416 16
f 13697
a 14648 4960 16
f 311
a 14649 4256 256
f 12606
a 14650 1392 256
f 12112
a 14651 7984 256
f 8766
a 14652 6624 256
f 2821
a 14653 64832 256
f 7082
a 14654 8672 64
f 179
a 14655 5472 256
f 14644
a 14656 8832 16
f 376
a 14657 896 256
f 8080
a 14658 1808 256
f 3985
a 14659 20880 64
f 1555
a 14660 4272 64
f 2296
a 14661 400 16
f 10860
a 14662 48304 64
f 4398
a 14663 41120 16
f 1824
a 14664 1536 16
f 13578
a 14665 19536 16
f 1623
a 14666 7104 64
f 14245
a 14667 5504 16
f 13985
a 14668 1824 16
f 12225
a 14669 51936 16
f 5247
a 14670 1840 64
f 11985
a 14671 9584 64
f 7507
a 14672 15168 256
f 13953
a 14673 336 16
f 6757
a 14674 1552 16
f 323
a 14675 25216 256
f 2502
a 14676 1264 16
f 4338
a 14677 10240 256
f 6771
a 14678 3264 256
f 2459
a 14679 7360 16
f 4473
a 14680 3904 16
f 9518
a 14681 2688 16
f 4016
a 14682 11472 256
f 12149
a 14683 6544 16
f 5310
a 14684 16896 256
f 1643
a 14685 576 64
f 8351
a 14686 13472 256
f 13092
a 14687 15152 256
f 5770
a 14688 13760 16
f 4645
a 14689 13120 64
f 13266
a 14690 784 16
f 14336
a 14691 1696 64
f 13719
a 14692 2272 64
f 6183
a 14693 320 64
f 9617
a 14694 3856 64
f 2534
a 14695 10960 16
f 13099
a 14696 1472 16
f 513
a 14697 272 256
f 4378
a 14698 480 16
f 10884
a 14699 4032 16
f 11378
a 14700 304 256
f 5570
a 14701 14800 64
f 8213
a 14702 8768 256
f 673
a 14703 7824 16
f 3034
a 14704 31376 16
f 7500
a 14705 624 64
f 14699
a 14706 672 256
f 1559
a 14707 1328 16
f 6410
a 14708 1104 16
f 9876
a 14709 3312 64
f 8233
a 14710 464 16
f 10007
a 14711 1392 16
f 9609
a 14712 480 16
f 3464
a 14713 10752 256
f 13270
a 14714 45936 64
f 1417
a 14715 400 64
f 304
a 14716 17824 16
f 12982
a 14717 45232 16
f 12741
a 14718 42144 256
f 881
a 14719 560 256
f 13929
a 14720 1088 64
f 6475
a 14721 10464 64
f 14074
a 14722 1968 16
f 2264
a 14723 45264 256
f 1642
a 14724 4736 64
f 11398
a 14725 464 64
f 7576
a 14726 2368 16
f 9610
a 14727 880 16
f 1827
a 14728 12896 64
f 12637
a 14729 4800 64
f 4706
a 14730 688 256
f 1501
a 14731 2960 16
f 11734
a 14732 5696 16
f 14464
a 14733 36816 256
f 14531
a 14734 59872 256
f 7593
a 14735 368 16
f 10102
a 14736 496 256
f 12203
a 14737 3408 256
f 3099
a 14738 32672 64
f 4460
a 14739 56448 256
f 559
a 14740 20144 64
f 7653
a 14741 576 64
f 11558
a 14742 11616 64
f 12417
a 14743 304 64
f 11629
a 14744 864 16
f 3233
a 14745 1120 64
f 8542
a 14746 2304 256
f 3641
a 14747 2000 16
f 12154
a 14748 720 16
f 8461
a 14749 21296 64
f 14419
a 14750 6256 256
f 6141
a 14751 1744 256
f 11554
a 14752 400 16
f 14541
a 14753 15952 256
f 8923
a 14754 45584 16
f 655
a 14755 3728 256
f 5623
a 14756 800 256
f 9276
a 14757 15952 64
f 5839
a 14758 40224 256
f 3285
a 14759 37072 64
f 4071
a 14760 32496 256
f 11817
a 14761 52512 256
f 7355
a 14762 400 256
f 1842
a 14763 960 64
f 6643
a 14764 3984 16
f 11688
a 14765 26592 16
f 4226
a 14766 57136 16
f 3401
a 14767 544 16
f 5859
a 14768 16896 64
f 12211
a 14769 4224 256
f 11356
a 14770 352 16
f 11667
a 14771 2320 256
f 14671
a 14772 1584 256
f 14454
a 14773 9184 256
f 9026
a 14774 4528 64
f 5838
a 14775 15456 256
f 6907
a 14776 3392 16
f 6970
a 14777 24720 64
f 14580
a 14778 464 16
f 13265
a 14779 944 256
f 498
a 14780 4656 16
f 5965
a 14781 768 256
f 9774
a 14782 496 16
f 10333
a 14783 10272 64
f 3731
a 14784 480 16
f 3898
a 14785 10672 16
f 860
a 14786 432 16
f 7906
a 14787 46656 256
f 4816
a 14788 4512 64
f 1462
a 14789 50144 256
f 1040
a 14790 816 64
f 5473
a 14791 6176 64
f 13884
a 14792 1824 16
f 14721
a 14793 41136 16
f 12274
a 14794 6656 16
f 12890
a 14795 704 16
f 5387
a 14796 4480 256
f 1912
a 14797 22672 256
f 981
a 14798 2768 64
f 6360
a 14799 640 16
f 8775
a 14800 448 256
f 6987
a 14801 24656 256
f 804
a 14802 3952 64
f 9556
a 14803 2048 16
f 6219
a 14804 8048 16
f 7946
a 14805 18784 64
f 12103
a 14806 944 64
f 12121
a 14807 16416 256
f 2747
a 14808 12656 256
f 2770
a 14809 24944 256
f 2360
a 14810 26784 256
f 10272
a 14811 2320 256
f 4128
a 14812 32736 16
f 13546
a 14813 31888 16
f 8257
a 14814 63216 64
f 12763
a 14815 304 64
f 10953
a 14816 416 16
f 8362
a 14817 53568 16
f 2034
a 14818 912 64
f 7350
a 14819 5136 64
f 286
a 14820 368 16
f 2514
a 14821 320 256
f 7615
a 14822 15872 64
f 14448
a 14823 55392 256
f 11824
a 14824 16512 16
f 3194
a 14825 416 64
f 5951
a 14826 704 64
f 11333
a 14827 6352 256
f 10167
a 14828 272 64
f 10535
a 14829 784 16
f 13654
a 14830 800 256
f 1330
a 14831 11968 256
f 10862
a 14832 320 64
f 6742
a 14833 6960 256
f 8627
a 14834 41040 256
f 1415
a 14835 11760 64
f 11245
a 14836 352 256
f 14524
a 14837 13808 16
f 13061
a 14838 720 64
f 9897
a 14839 992 64
f 12354
a 14840 1344 16
f 12249
a 14841 496 64
f 816
a 14842 2800 16
f 12509
a 14843 320 16
f 4482
a 14844 896 16
f 11390
a 14845 18688 256
f 4897
a 14846 7232 16
f 1454
a 14847 22400 256
f 6407
a 14848 3120 64
f 2111
a 14849 1360 16
f 148
a 14850 8368 64
f 2410
a 14851 912 256
f 11553
a 14852 63456 16
f 9009
a 14853 3824 64
f 3908
a 14854 1584 64
f 14798
a 14855 432 64
f 8016
a 14856 59872 16
f 12589
a 14857 1600 64
f 7966
a 14858 560 64
f 8870
a 14859 21744 64
f 12857
a 14860 3888 16
f 13380
a 14861 1968 256
f 13751
a 14862 784 256
f 11684
a 14863 560 256
f 2943
a 14864 1184 64
f 11757
a 14865 928 64
f 6128
a 14866 256 16
f 6010
a 14867 3984 64
f 12953
a 14868 11472 64
f 14357
a 14869 34960 256
f 13183
a 14870 46688 16
f 14311
a 14871 800 256
f 8907
a 14872 5536 16
f 4841
a 14873 848 64
f 11925
a 14874 38240 16
f 14770
a 14875 2944 256
f 3130
a 14876 400 16
f 12196
a 14877 720 256
f 9252
a 14878 2848 64
f 12882
a 14879 10288 64
f 2843
a 14880 22912 256
f 7921
a 14881 3056 256
f 9348
a 14882 2416 64
f 13813
a 14883 400 16
f 12029
a 14884 27456 64
f 9810
a 14885 1888 256
f 3832
a 14886 1632 16
f 14004
a 14887 1248 256
f 11305
a 14888 432 16
f 2985
a 14889 13136 256
f 13699
a 14890 34576 256
f 6736
a 14891 1744 256
f 9078
a 14892 1152 16
f 13736
a 14893 57312 64
f 3901
a 14894 640 256
f 10477
a 14895 6800 16
f 5069
a 14896 2960 256
f 7226
a 14897 10368 256
f 1287
a 14898 3312 256
f 10103
a 14899 20944 16
f 12445
a 14900 43232 16
f 13811
a 14901 3024 16
f 14310
a 14902 8640 64
f 12885
a 14903 9264 256
f 9155
a 14904 44560 16
f 11567
a 14905 14560 64
f 11210
a 14906 44304 256
f 14780
a 14907 12368 64
f 5722
a 14908 1968 256
f 10106
a 14909 672 256
f 11654
a 14910 5952 16
f 14435
a 14911 976 64
f 949
a 14912 6608 256
f 3994
a 14913 8240 16
f 8118
a 14914 5632 256
f 4083
a 14915 56416 256
f 12594
a 14916 432 256
f 7950
a 14917 2160 16
f 6301
a 14918 61936 16
f 10668
a 14919 1376 16
f 14082
a 14920 12496 256
f 8632
a 14921 4048 256
f 13692
a 14922 3440 16
f 13956
a 14923 848 64
f 11928
a 14924 3648 16
f 12298
a 14925 6336 256
f 10995
a 14926 40368 256
f 4510
a 14927 22704 64
f 14859
a 14928 2592 256
f 1811
a 14929 272 256
f 7412
a 14930 1216 256
f 6896
a 14931 6528 64
f 5035
a 14932 5664 16
f 9592
a 14933 432 256
f 14134
a 14934 720 16
f 9279
a 14935 32688 64
f 4371
a 14936 12304 64
f 10309
a 14937 5360 16
f 1724
a 14938 3712 16
f 10124
a 14939 63632 16
f 11406
a 14940 17536 256
f 1832
a 14941 38768 64
f 8725
a 14942 1312 64
f 11526
a 14943 5312 64
f 3108
a 14944 464 16
f 3739
a 14945 336 256
f 10052
a 14946 2240 16
f 14754
a 14947 1328 16
f 13542
a 14948 1712 64
f 13391
a 14949 3696 64
f 1834
a 14950 480 256
f 14333
a 14951 12432 16
f 14866
a 14952 7904 16
f 8910
a 14953 608 64
f 7430
a 14954 512 64
f 6228
a 14955 3984 256
f 14892
a 14956 52160 256
f 4404
a 14957 8224 64
f 10848
a 14958 30160 64
f 5200
a 14959 8528 16
f 14801
a 14960 59888 256
f 12206
a 14961 56544 256
f 8295
a 14962 1568 256
f 14051
a 14963 51872 256
f 4943
a 14964 864 256
f 12827
a 14965 26448 64
f 1381
a 14966 1616 16
f 14189
a 14967 1584 64
f 14155
a 14968 30032 64
f 149
a 14969 336 64
f 11778
a 14970 61344 16
f 13307
a 14971 26048 16
f 5678
a 14972 11936 16
f 4278
a 14973 22464 256
f 7941
a 14974 16224 256
f 1729
a 14975 576 16
f 9099
a 14976 29072 16
f 5150
a 14977 4448 64
f 9608
a 14978 7568 256
f 10035
a 14979 1088 16
f 14740
a 14980 25216 256
f 12184
a 14981 7424 64
f 2563
a 14982 7216 16
f 11853
a 14983 512 16
f 3095
a 14984 864 16
f 2094
a 14985 832 64
f 5530
a 14986 896 64
f 46
a 14987 28528 64
f 4283
a 14988 3840 64
f 6618
a 14989 32384 256
f 12932
a 14990 9904 256
f 5191
a 14991 704 256
f 11007
a 14992 256 64
f 4453
a 14993 64432 16
f 14849
a 14994 1024 16
f 10397
a 14995 1136 256
f 14844
a 14996 45200 16
f 8250
a 14997 63568 64
f 2987
a 14998 4112 64
f 8358
a 14999 1888 16
c step-5000
