# hetoimasia allocator parity trace, format 1; see README.md
# Synthetic, hypothetical: 1000 live buffers of 256 B to 64 KiB, log-uniform, alignments 16, 64 or 256,
# filling 75% of the block, then 5,000 steps of one random free and one allocation.
trace sweep-live-01000-occupancy-75
capacity 15925248
seed 1004
a 0 17184 16
a 1 17472 256
a 2 528 256
a 3 1744 256
a 4 22032 64
a 5 1760 64
a 6 48032 256
a 7 448 16
a 8 6448 16
a 9 5088 16
a 10 9264 16
a 11 51072 16
a 12 352 256
a 13 768 64
a 14 368 16
a 15 4688 256
a 16 288 64
a 17 11072 16
a 18 24448 64
a 19 8816 256
a 20 20608 256
a 21 3344 64
a 22 1696 64
a 23 448 16
a 24 9760 256
a 25 1392 256
a 26 304 256
a 27 22784 16
a 28 5712 256
a 29 60704 256
a 30 912 256
a 31 1760 16
a 32 2720 16
a 33 21008 16
a 34 496 256
a 35 288 256
a 36 19056 64
a 37 384 64
a 38 61952 16
a 39 1744 16
a 40 1952 64
a 41 736 16
a 42 1440 16
a 43 1760 64
a 44 592 64
a 45 8192 64
a 46 304 16
a 47 24720 256
a 48 4000 256
a 49 304 64
a 50 3056 64
a 51 7536 256
a 52 2416 16
a 53 25520 256
a 54 320 16
a 55 49920 64
a 56 22320 64
a 57 2336 256
a 58 6624 64
a 59 9904 16
a 60 46080 16
a 61 2240 256
a 62 21648 256
a 63 1024 256
a 64 5584 64
a 65 1824 64
a 66 2784 64
a 67 2608 64
a 68 27936 16
a 69 720 256
a 70 336 64
a 71 4960 16
a 72 50016 256
a 73 12224 16
a 74 1344 16
a 75 15728 16
a 76 528 64
a 77 24048 16
a 78 2128 16
a 79 26960 256
a 80 44416 64
a 81 1984 64
a 82 47808 256
a 83 11520 64
a 84 14960 16
a 85 10928 64
a 86 784 64
a 87 6544 64
a 88 20624 64
a 89 560 256
a 90 12896 64
a 91 10512 64
a 92 2048 16
a 93 64560 16
a 94 4000 256
a 95 56096 256
a 96 640 256
a 97 36752 256
a 98 608 64
a 99 2320 256
a 100 6544 64
a 101 7648 64
a 102 6816 16
a 103 41552 64
a 104 976 16
a 105 6976 64
a 106 62656 256
a 107 1744 64
a 108 3344 16
a 109 2160 16
a 110 26352 16
a 111 11472 16
a 112 3424 256
a 113 608 256
a 114 2064 64
a 115 2880 16
a 116 57824 256
a 117 26176 256
a 118 8144 16
a 119 1184 16
a 120 1408 16
a 121 288 16
a 122 3904 64
a 123 2304 16
a 124 24096 16
a 125 320 16
a 126 1104 256
a 127 768 64
a 128 14080 16
a 129 416 64
a 130 6688 64
a 131 768 16
a 132 9888 64
a 133 1392 64
a 134 2176 16
a 135 1936 64
a 136 5632 256
a 137 26656 16
a 138 1024 64
a 139 3216 64
a 140 7296 64
a 141 1824 64
a 142 1520 64
a 143 1008 16
a 144 2480 256
a 145 1456 256
a 146 272 16
a 147 880 256
a 148 576 256
a 149 23136 16
a 150 9120 256
a 151 4160 256
a 152 368 16
a 153 288 64
a 154 960 256
a 155 7312 64
a 156 6624 256
a 157 2512 256
a 158 6688 256
a 159 1216 256
a 160 880 256
a 161 1920 16
a 162 47104 16
a 163 43408 16
a 164 31328 256
a 165 63616 16
a 166 1696 16
a 167 11472 16
a 168 13584 16
a 169 2752 16
a 170 496 256
a 171 27712 256
a 172 15104 64
a 173 5632 64
a 174 1072 64
a 175 1232 64
a 176 1120 256
a 177 4544 16
a 178 320 256
a 179 1856 16
a 180 10800 256
a 181 16080 256
a 182 13744 16
a 183 672 64
a 184 704 256
a 185 2160 16
a 186 8704 64
a 187 29776 256
a 188 672 64
a 189 2400 64
a 190 35184 256
a 191 18176 16
a 192 8640 16
a 193 3904 256
a 194 6864 64
a 195 480 16
a 196 32544 256
a 197 3040 256
a 198 976 64
a 199 1200 64
a 200 672 16
a 201 7504 64
a 202 976 16
a 203 25376 256
a 204 400 64
a 205 3648 64
a 206 10272 256
a 207 816 64
a 208 6272 16
a 209 23136 16
a 210 14880 64
a 211 40272 256
a 212 8128 16
a 213 3792 16
a 214 1440 256
a 215 2224 64
a 216 432 16
a 217 352 256
a 218 1472 256
a 219 34544 64
a 220 25856 16
a 221 2608 256
a 222 55104 16
a 223 28096 16
a 224 9488 64
a 225 432 256
a 226 1312 16
a 227 19200 64
a 228 9328 256
a 229 41984 64
a 230 352 256
a 231 1376 64
a 232 416 16
a 233 1776 16
a 234 27184 16
a 235 46400 64
a 236 2032 16
a 237 1952 256
a 238 720 256
a 239 1440 256
a 240 864 256
a 241 832 64
a 242 15120 16
a 243 928 64
a 244 464 64
a 245 736 16
a 246 23760 16
a 247 19968 16
a 248 44784 256
a 249 1376 16
a 250 1568 16
a 251 7184 256
a 252 576 16
a 253 5952 64
a 254 30256 16
a 255 32208 256
a 256 8624 16
a 257 512 16
a 258 53264 256
a 259 24640 256
a 260 12128 64
a 261 13152 16
a 262 288 256
a 263 2944 256
a 264 384 256
a 265 752 64
a 266 544 256
a 267 61536 256
a 268 25008 256
a 269 3184 16
a 270 5040 64
a 271 1328 64
a 272 13072 64
a 273 12880 256
a 274 44688 16
a 275 12368 64
a 276 896 64
a 277 60096 16
a 278 1136 16
a 279 688 64
a 280 50000 16
a 281 5808 256
a 282 544 64
a 283 55888 64
a 284 2528 16
a 285 7760 256
a 286 2544 64
a 287 2256 64
a 288 1728 256
a 289 51536 16
a 290 3024 64
a 291 2832 256
a 292 2528 64
a 293 5840 256
a 294 672 256
a 295 272 16
a 296 1584 16
a 297 6432 64
a 298 20848 16
a 299 1024 256
a 300 4352 64
a 301 23392 64
a 302 19520 16
a 303 19456 16
a 304 15680 16
a 305 400 64
a 306 10368 256
a 307 4480 16
a 308 10272 16
a 309 6096 16
a 310 1856 64
a 311 6416 16
a 312 9264 64
a 313 3344 16
a 314 19712 256
a 315 1760 64
a 316 18496 64
a 317 1744 256
a 318 25632 64
a 319 768 256
a 320 3600 16
a 321 5616 64
a 322 1808 16
a 323 13920 64
a 324 31600 256
a 325 1904 64
a 326 6704 256
a 327 21088 64
a 328 37632 256
a 329 1184 256
a 330 36416 256
a 331 26160 64
a 332 10048 64
a 333 16224 256
a 334 6352 16
a 335 46896 256
a 336 18192 64
a 337 16144 256
a 338 30880 16
a 339 288 64
a 340 24688 16
a 341 10624 256
a 342 27536 64
a 343 13232 256
a 344 7312 256
a 345 7776 64
a 346 2400 256
a 347 480 16
a 348 31360 256
a 349 3984 64
a 350 8256 256
a 351 12992 16
a 352 1360 64
a 353 43104 64
a 354 1312 16
a 355 1696 16
a 356 512 16
a 357 2304 64
a 358 416 64
a 359 896 256
a 360 3728 64
a 361 15120 256
a 362 7296 256
a 363 4368 64
a 364 2656 256
a 365 6752 64
a 366 400 64
a 367 28112 256
a 368 432 64
a 369 5600 16
a 370 400 256
a 371 1392 256
a 372 46368 16
a 373 768 256
a 374 1808 16
a 375 896 64
a 376 336 16
a 377 400 16
a 378 1648 64
a 379 448 64
a 380 1232 64
a 381 1680 256
a 382 432 64
a 383 592 16
a 384 1696 16
a 385 53248 16
a 386 1984 16
a 387 2048 16
a 388 14288 256
a 389 5856 256
a 390 1536 16
a 391 30096 64
a 392 12544 16
a 393 1840 16
a 394 15328 256
a 395 544 16
a 396 1184 256
a 397 24128 256
a 398 7664 16
a 399 736 16
a 400 43792 64
a 401 1776 256
a 402 336 64
a 403 736 64
a 404 2560 256
a 405 368 16
a 406 2416 16
a 407 1584 16
a 408 1808 256
a 409 35712 64
a 410 1600 16
a 411 6816 16
a 412 45968 256
a 413 272 16
a 414 46880 16
a 415 1296 16
a 416 1072 16
a 417 352 16
a 418 4032 256
a 419 7120 256
a 420 976 16
a 421 3968 64
a 422 10528 256
a 423 9568 256
a 424 1312 16
a 425 11136 16
a 426 4000 256
a 427 288 64
a 428 400 16
a 429 4304 64
a 430 8864 64
a 431 25184 16
a 432 4384 256
a 433 15456 256
a 434 6000 256
a 435 3888 64
a 436 34048 256
a 437 608 16
a 438 512 256
a 439 11248 16
a 440 25968 64
a 441 19136 64
a 442 28320 64
a 443 33680 256
a 444 1568 64
a 445 32544 256
a 446 560 256
a 447 44288 64
a 448 8048 256
a 449 496 256
a 450 272 16
a 451 3296 64
a 452 1392 64
a 453 800 16
a 454 58272 16
a 455 960 256
a 456 768 256
a 457 256 64
a 458 800 64
a 459 1760 256
a 460 816 64
a 461 65424 64
a 462 20768 64
a 463 39712 256
a 464 608 64
a 465 9840 16
a 466 960 64
a 467 2720 16
a 468 1040 256
a 469 21840 64
a 470 4496 16
a 471 352 256
a 472 480 64
a 473 2576 256
a 474 896 256
a 475 11824 256
a 476 464 64
a 477 1584 16
a 478 1072 256
a 479 5488 16
a 480 17344 64
a 481 3856 16
a 482 58096 64
a 483 16000 16
a 484 464 16
a 485 1824 64
a 486 13136 256
a 487 1008 256
a 488 3040 64
a 489 12128 16
a 490 12576 64
a 491 3728 16
a 492 752 16
a 493 63792 64
a 494 14208 64
a 495 64192 64
a 496 6688 64
a 497 7072 64
a 498 3904 16
a 499 1104 16
a 500 1712 16
a 501 47616 256
a 502 3152 64
a 503 6704 64
a 504 448 256
a 505 4144 64
a 506 32528 64
a 507 5008 64
a 508 9600 256
a 509 3136 64
a 510 38864 256
a 511 58512 256
a 512 2992 64
a 513 4736 64
a 514 1920 256
a 515 15600 256
a 516 16976 64
a 517 784 256
a 518 21264 16
a 519 1232 16
a 520 10816 256
a 521 8800 16
a 522 32256 256
a 523 336 64
a 524 2544 64
a 525 336 16
a 526 1760 256
a 527 6864 256
a 528 14048 16
a 529 37424 256
a 530 22752 16
a 531 6592 16
a 532 704 64
a 533 944 16
a 534 336 256
a 535 42464 64
a 536 512 256
a 537 304 64
a 538 10896 16
a 539 992 64
a 540 32112 256
a 541 36688 16
a 542 35360 16
a 543 31808 256
a 544 3856 256
a 545 46608 64
a 546 5232 64
a 547 1456 256
a 548 800 16
a 549 11184 256
a 550 2112 64
a 551 17760 64
a 552 1568 64
a 553 56880 64
a 554 18752 16
a 555 4240 16
a 556 2288 16
a 557 39408 64
a 558 7936 64
a 559 5728 64
a 560 368 256
a 561 22592 16
a 562 2624 256
a 563 60416 16
a 564 5040 256
a 565 928 64
a 566 2704 256
a 567 60096 16
a 568 320 64
a 569 44480 16
a 570 56592 64
a 571 640 64
a 572 3584 256
a 573 20176 256
a 574 784 16
a 575 18864 64
a 576 1792 64
a 577 3984 256
a 578 6992 16
a 579 2224 16
a 580 2240 16
a 581 3616 64
a 582 31552 256
a 583 1920 64
a 584 928 64
a 585 4464 64
a 586 624 64
a 587 512 64
a 588 64992 256
a 589 736 256
a 590 7504 16
a 591 752 16
a 592 46864 16
a 593 5376 256
a 594 56528 64
a 595 6800 64
a 596 848 16
a 597 47168 16
a 598 28128 16
a 599 400 256
a 600 29088 256
a 601 27344 256
a 602 496 16
a 603 32304 16
a 604 2128 64
a 605 368 256
a 606 6688 16
a 607 27488 256
a 608 28448 256
a 609 27392 16
a 610 19408 64
a 611 63104 16
a 612 10672 64
a 613 15488 16
a 614 7120 256
a 615 912 16
a 616 2064 256
a 617 560 16
a 618 320 16
a 619 2016 16
a 620 928 64
a 621 2736 16
a 622 6512 16
a 623 448 64
a 624 1024 64
a 625 16064 16
a 626 4752 256
a 627 39792 64
a 628 832 16
a 629 1232 256
a 630 12976 16
a 631 896 16
a 632 37632 16
a 633 1136 64
a 634 480 256
a 635 29968 256
a 636 3280 64
a 637 656 16
a 638 2048 64
a 639 61888 64
a 640 736 256
a 641 992 16
a 642 1360 16
a 643 62880 256
a 644 24656 256
a 645 43408 64
a 646 11488 256
a 647 816 16
a 648 448 256
a 649 53536 16
a 650 992 64
a 651 30304 64
a 652 9648 256
a 653 21424 16
a 654 304 256
a 655 416 16
a 656 5312 16
a 657 1616 256
a 658 752 64
a 659 7248 64
a 660 1344 64
a 661 55920 256
a 662 2032 16
a 663 16608 64
a 664 752 256
a 665 2240 64
a 666 45312 64
a 667 54784 64
a 668 48416 256
a 669 18048 64
a 670 22448 256
a 671 1568 256
a 672 512 16
a 673 3568 16
a 674 4560 64
a 675 2320 256
a 676 2304 256
a 677 32432 256
a 678 59792 16
a 679 8944 64
a 680 30496 16
a 681 368 64
a 682 2016 256
a 683 1264 256
a 684 19728 16
a 685 14704 16
a 686 17952 64
a 687 5920 64
a 688 2224 256
a 689 1296 256
a 690 19040 64
a 691 10240 64
a 692 2032 64
a 693 1424 64
a 694 24736 64
a 695 2704 256
a 696 1856 256
a 697 2320 64
a 698 42384 64
a 699 3152 64
a 700 912 256
a 701 288 64
a 702 9232 16
a 703 592 64
a 704 22256 256
a 705 944 16
a 706 12864 256
a 707 1216 64
a 708 496 16
a 709 46928 64
a 710 14176 256
a 711 8816 64
a 712 480 16
a 713 44528 16
a 714 15632 64
a 715 3984 16
a 716 544 64
a 717 3680 256
a 718 8032 64
a 719 512 16
a 720 61056 256
a 721 59824 64
a 722 16784 16
a 723 7744 16
a 724 62672 64
a 725 2032 256
a 726 1936 64
a 727 2448 16
a 728 34496 256
a 729 36240 256
a 730 2672 256
a 731 20144 64
a 732 1520 16
a 733 24544 16
a 734 12944 16
a 735 704 64
a 736 1936 64
a 737 560 16
a 738 1296 16
a 739 3040 16
a 740 27840 256
a 741 7392 256
a 742 416 64
a 743 2848 64
a 744 13360 64
a 745 336 256
a 746 26448 16
a 747 960 256
a 748 64272 256
a 749 1920 64
a 750 3504 256
a 751 51440 16
a 752 3392 256
a 753 3440 256
a 754 53200 64
a 755 912 64
a 756 18560 64
a 757 4032 64
a 758 2384 64
a 759 13808 64
a 760 432 64
a 761 3360 16
a 762 2064 16
a 763 13040 256
a 764 304 64
a 765 288 16
a 766 10144 64
a 767 38736 16
a 768 944 64
a 769 704 16
a 770 5408 64
a 771 10496 256
a 772 23392 64
a 773 592 16
a 774 368 256
a 775 1056 256
a 776 336 256
a 777 2624 16
a 778 50640 64
a 779 8016 64
a 780 16512 64
a 781 11600 256
a 782 448 16
a 783 448 64
a 784 1104 256
a 785 448 256
a 786 512 256
a 787 30720 256
a 788 2704 256
a 789 5760 64
a 790 10672 64
a 791 54336 64
a 792 40832 64
a 793 944 64
a 794 39600 64
a 795 24480 64
a 796 272 16
a 797 17120 16
a 798 544 256
a 799 464 64
a 800 4880 256
a 801 656 256
a 802 24176 16
a 803 13184 16
a 804 11936 256
a 805 32176 64
a 806 20064 256
a 807 544 256
a 808 480 256
a 809 1520 16
a 810 1296 16
a 811 44000 256
a 812 14368 16
a 813 1056 256
a 814 1136 16
a 815 1456 16
a 816 3936 64
a 817 496 256
a 818 336 16
a 819 6768 64
a 820 1008 256
a 821 2176 256
a 822 1296 256
a 823 3552 16
a 824 11936 64
a 825 480 16
a 826 13136 64
a 827 272 64
a 828 544 16
a 829 19152 16
a 830 2464 64
a 831 12176 16
a 832 53696 16
a 833 2656 16
a 834 5536 256
a 835 5552 16
a 836 14384 64
a 837 928 64
a 838 3104 64
a 839 3408 64
a 840 5408 256
a 841 11216 64
a 842 24832 256
a 843 3072 256
a 844 864 16
a 845 304 16
a 846 20880 64
a 847 28512 16
a 848 352 16
a 849 52128 256
a 850 720 64
a 851 10784 256
a 852 10992 256
a 853 512 16
a 854 352 64
a 855 13920 16
a 856 3664 256
a 857 4512 16
a 858 6016 64
a 859 320 256
a 860 10000 64
a 861 1920 16
a 862 19728 256
a 863 3488 16
a 864 15424 64
a 865 512 256
a 866 22176 16
a 867 6656 256
a 868 592 64
a 869 35072 64
a 870 10624 256
a 871 50192 64
a 872 5664 256
a 873 3344 64
a 874 47712 16
a 875 976 256
a 876 45488 64
a 877 27760 16
a 878 1248 16
a 879 4640 16
a 880 22752 64
a 881 592 64
a 882 704 256
a 883 13632 16
a 884 960 64
a 885 992 16
a 886 1152 64
a 887 4672 64
a 888 9248 16
a 889 15200 256
a 890 1168 256
a 891 9792 16
a 892 3472 256
a 893 17344 16
a 894 13392 64
a 895 608 64
a 896 33088 16
a 897 400 64
a 898 26384 16
a 899 288 64
a 900 2432 256
a 901 11568 256
a 902 5072 64
a 903 29216 64
a 904 7184 64
a 905 2784 16
a 906 26720 256
a 907 352 16
a 908 1616 64
a 909 30752 256
a 910 1536 16
a 911 976 16
a 912 65232 16
a 913 3808 16
a 914 624 16
a 915 12000 64
a 916 5296 256
a 917 5888 64
a 918 3600 256
a 919 592 64
a 920 5536 256
a 921 480 16
a 922 1248 256
a 923 496 64
a 924 736 256
a 925 992 16
a 926 41008 64
a 927 3120 256
a 928 17216 64
a 929 480 16
a 930 3216 64
a 931 6368 16
a 932 336 256
a 933 32320 64
a 934 21552 16
a 935 944 64
a 936 5072 16
a 937 40976 16
a 938 21120 64
a 939 1072 256
a 940 21136 256
a 941 480 256
a 942 1536 16
a 943 416 64
a 944 608 16
a 945 1856 64
a 946 272 16
a 947 10048 64
a 948 1008 256
a 949 22000 64
a 950 24848 64
a 951 63904 64
a 952 7440 16
a 953 28544 64
a 954 52960 256
a 955 5472 64
a 956 416 64
a 957 416 256
a 958 19152 16
a 959 1520 64
a 960 704 64
a 961 43232 64
a 962 2800 16
a 963 10784 16
a 964 1024 64
a 965 512 64
a 966 1728 64
a 967 14464 64
a 968 560 16
a 969 7216 64
a 970 2080 16
a 971 7856 256
a 972 528 64
a 973 432 256
a 974 1280 16
a 975 14224 64
a 976 63648 64
a 977 304 256
a 978 16832 16
a 979 57408 256
a 980 1824 64
a 981 38352 256
a 982 464 64
a 983 336 256
a 984 800 256
a 985 496 64
a 986 1936 16
a 987 1952 256
a 988 3648 64
a 989 15024 16
a 990 30224 256
a 991 2848 256
a 992 4704 16
a 993 45456 256
a 994 14384 256
a 995 336 64
a 996 5040 256
a 997 4480 16
a 998 24720 64
a 999 1696 256
c filled
f 983
a 1000 11328 256
f 49
a 1001 12672 16
f 330
a 1002 896 256
f 591
a 1003 24080 256
f 382
a 1004 304 256
f 101
a 1005 1776 256
f 809
a 1006 23168 256
f 719
a 1007 8960 256
f 573
a 1008 58480 64
f 894
a 1009 5696 16
f 271
a 1010 4640 64
f 74
a 1011 368 64
f 868
a 1012 2976 16
f 86
a 1013 32880 256
f 650
a 1014 15440 16
f 876
a 1015 14944 256
f 563
a 1016 6128 16
f 848
a 1017 1088 256
f 786
a 1018 368 256
f 250
a 1019 9392 256
f 571
a 1020 58304 16
f 258
a 1021 1424 256
f 467
a 1022 7264 64
f 350
a 1023 928 16
f 509
a 1024 15120 16
f 770
a 1025 6016 16
f 200
a 1026 4016 16
f 920
a 1027 880 64
f 856
a 1028 480 16
f 158
a 1029 19552 64
f 597
a 1030 384 256
f 223
a 1031 7760 16
f 1011
a 1032 3920 64
f 294
a 1033 58848 16
f 1032
a 1034 5344 256
f 300
a 1035 1248 16
f 760
a 1036 13264 64
f 406
a 1037 56016 256
f 508
a 1038 5952 16
f 306
a 1039 13456 16
f 518
a 1040 1024 16
f 117
a 1041 21248 64
f 140
a 1042 4656 64
f 1003
a 1043 336 64
f 402
a 1044 27104 64
f 953
a 1045 1792 16
f 609
a 1046 55952 256
f 396
a 1047 1376 16
f 923
a 1048 24528 256
f 611
a 1049 11600 64
f 962
a 1050 1296 64
f 959
a 1051 54864 256
f 704
a 1052 7408 64
f 910
a 1053 26048 256
f 87
a 1054 992 16
f 938
a 1055 11488 256
f 921
a 1056 976 16
f 767
a 1057 14944 16
f 336
a 1058 31584 64
f 942
a 1059 57152 16
f 119
a 1060 29568 64
f 213
a 1061 29264 256
f 528
a 1062 1056 256
f 677
a 1063 26544 64
f 304
a 1064 704 256
f 580
a 1065 13632 16
f 97
a 1066 512 64
f 5
a 1067 28928 256
f 585
a 1068 384 64
f 908
a 1069 6432 16
f 220
a 1070 2048 16
f 1036
a 1071 496 64
f 388
a 1072 480 256
f 792
a 1073 864 256
f 595
a 1074 17248 64
f 821
a 1075 288 64
f 524
a 1076 3024 256
f 680
a 1077 19168 64
f 727
a 1078 29824 64
f 447
a 1079 768 16
f 746
a 1080 2448 256
f 378
a 1081 14720 256
f 1063
a 1082 11840 64
f 435
a 1083 2016 16
f 952
a 1084 34256 16
f 235
a 1085 24240 64
f 619
a 1086 9952 256
f 755
a 1087 5840 256
f 566
a 1088 384 256
f 556
a 1089 29872 256
f 45
a 1090 352 256
f 934
a 1091 18368 256
f 443
a 1092 49296 256
f 676
a 1093 4528 64
f 803
a 1094 1696 16
f 43
a 1095 1728 256
f 702
a 1096 5344 64
f 127
a 1097 31440 64
f 885
a 1098 41008 256
f 514
a 1099 8048 16
f 935
a 1100 20064 64
f 52
a 1101 5632 16
f 201
a 1102 11280 16
f 842
a 1103 40016 16
f 186
a 1104 928 256
f 814
a 1105 11888 256
f 343
a 1106 11024 64
f 279
a 1107 384 256
f 694
a 1108 25200 64
f 234
a 1109 1008 64
f 785
a 1110 1264 16
f 981
a 1111 22384 64
f 968
a 1112 272 16
f 269
a 1113 528 256
f 654
a 1114 3984 64
f 916
a 1115 1776 16
f 645
a 1116 23696 256
f 190
a 1117 7360 16
f 1112
a 1118 64624 256
f 21
a 1119 6144 64
f 371
a 1120 28912 16
f 1092
a 1121 1984 256
f 879
a 1122 1760 256
f 307
a 1123 1296 16
f 1023
a 1124 50864 256
f 392
a 1125 41456 16
f 683
a 1126 6352 256
f 665
a 1127 3152 256
f 105
a 1128 1904 256
f 804
a 1129 15008 256
f 192
a 1130 45376 16
f 1057
a 1131 496 64
f 823
a 1132 496 256
f 23
a 1133 2656 16
f 91
a 1134 1696 16
f 634
a 1135 304 64
f 674
a 1136 26912 256
f 1116
a 1137 896 256
f 352
a 1138 480 256
f 312
a 1139 1152 64
f 965
a 1140 5552 256
f 285
a 1141 31264 16
f 1
a 1142 464 64
f 1141
a 1143 7056 64
f 778
a 1144 39552 16
f 969
a 1145 15552 64
f 872
a 1146 336 256
f 68
a 1147 22064 64
f 387
a 1148 53760 256
f 846
a 1149 928 16
f 628
a 1150 3648 256
f 862
a 1151 16160 16
f 178
a 1152 30176 256
f 1043
a 1153 1280 256
f 889
a 1154 50880 16
f 638
a 1155 720 64
f 824
a 1156 31200 16
f 276
a 1157 272 16
f 145
a 1158 1824 16
f 604
a 1159 11056 256
f 1079
a 1160 624 16
f 941
a 1161 768 64
f 799
a 1162 736 256
f 903
a 1163 34608 256
f 1145
a 1164 1360 64
f 1024
a 1165 53088 64
f 2
a 1166 40784 16
f 255
a 1167 1872 16
f 912
a 1168 20496 64
f 607
a 1169 368 256
f 516
a 1170 7280 64
f 720
a 1171 8736 64
f 1155
a 1172 384 256
f 64
a 1173 63040 64
f 1022
a 1174 8400 256
f 353
a 1175 432 64
f 751
a 1176 24928 64
f 587
a 1177 7872 256
f 742
a 1178 10944 64
f 1004
a 1179 20432 256
f 614
a 1180 14784 16
f 931
a 1181 3200 256
f 427
a 1182 1248 64
f 560
a 1183 720 16
f 1171
a 1184 22640 256
f 1078
a 1185 1232 64
f 886
a 1186 22688 16
f 589
a 1187 896 64
f 1175
a 1188 336 256
f 181
a 1189 416 256
f 776
a 1190 2560 256
f 215
a 1191 304 64
f 707
a 1192 1664 16
f 812
a 1193 656 256
f 924
a 1194 7168 16
f 199
a 1195 64384 16
f 783
a 1196 3744 16
f 601
a 1197 2480 16
f 165
a 1198 24336 256
f 533
a 1199 608 64
f 946
a 1200 38432 64
f 1081
a 1201 752 64
f 96
a 1202 1360 16
f 1117
a 1203 6704 256
f 1006
a 1204 16496 64
f 188
a 1205 22496 16
f 655
a 1206 3936 16
f 364
a 1207 512 16
f 987
a 1208 4752 64
f 1108
a 1209 21248 64
f 847
a 1210 416 16
f 339
a 1211 44256 256
f 590
a 1212 1296 256
f 400
a 1213 320 256
f 520
a 1214 46688 16
f 1065
a 1215 10720 256
f 425
a 1216 36144 64
f 297
a 1217 24096 64
f 360
a 1218 15856 256
f 299
a 1219 384 64
f 540
a 1220 16256 16
f 4
a 1221 47440 64
f 281
a 1222 12000 16
f 102
a 1223 464 64
f 22
a 1224 20640 64
f 80
a 1225 3072 64
f 1066
a 1226 2016 64
f 836
a 1227 1264 16
f 860
a 1228 1312 64
f 574
a 1229 3008 256
f 236
a 1230 1056 64
f 160
a 1231 14016 64
f 139
a 1232 2736 64
f 469
a 1233 5168 16
f 1202
a 1234 784 256
f 1201
a 1235 5680 64
f 90
a 1236 752 64
f 455
a 1237 8240 256
f 652
a 1238 20976 256
f 947
a 1239 6896 16
f 305
a 1240 720 16
f 346
a 1241 13200 256
f 118
a 1242 60384 256
f 151
a 1243 17664 16
f 433
a 1244 1376 256
f 471
a 1245 336 64
f 691
a 1246 5520 256
f 132
a 1247 3744 16
f 26
a 1248 40112 16
f 289
a 1249 464 256
f 648
a 1250 3984 64
f 884
a 1251 6608 64
f 1177
a 1252 11632 64
f 29
a 1253 41936 256
f 472
a 1254 8320 16
f 660
a 1255 9536 256
f 1193
a 1256 32224 256
f 348
a 1257 2528 16
f 630
a 1258 448 64
f 1045
a 1259 976 64
f 555
a 1260 944 16
f 1027
a 1261 784 16
f 692
a 1262 1664 16
f 40
a 1263 1904 256
f 24
a 1264 23632 256
f 254
a 1265 4928 64
f 1104
a 1266 624 256
f 1238
a 1267 26144 16
f 77
a 1268 29264 16
f 750
a 1269 14176 64
f 174
a 1270 320 16
f 303
a 1271 6512 64
f 963
a 1272 5424 64
f 940
a 1273 11744 256
f 8
a 1274 448 64
f 695
a 1275 272 64
f 413
a 1276 23808 64
f 972
a 1277 27488 64
f 610
a 1278 7776 64
f 772
a 1279 976 16
f 586
a 1280 3808 256
f 831
a 1281 1808 16
f 902
a 1282 25184 16
f 1210
a 1283 22944 16
f 1172
a 1284 896 16
f 416
a 1285 2864 256
f 839
a 1286 30944 256
f 1154
a 1287 14496 16
f 1013
a 1288 8880 16
f 1041
a 1289 368 16
f 699
a 1290 560 256
f 507
a 1291 400 64
f 937
a 1292 11472 16
f 1226
a 1293 3744 64
f 523
a 1294 32544 256
f 194
a 1295 17824 256
f 1077
a 1296 32192 64
f 631
a 1297 2032 64
f 331
a 1298 8272 64
f 460
a 1299 4208 64
f 7
a 1300 26224 16
f 517
a 1301 16880 256
f 404
a 1302 3104 256
f 646
a 1303 57600 256
f 206
a 1304 720 256
f 976
a 1305 400 256
f 454
a 1306 1888 256
f 1190
a 1307 6752 16
f 733
a 1308 43824 16
f 156
a 1309 1008 256
f 913
a 1310 21392 256
f 1243
a 1311 62832 256
f 642
a 1312 27264 16
f 502
a 1313 352 64
f 930
a 1314 13296 256
f 864
a 1315 30032 64
f 657
a 1316 368 64
f 1062
a 1317 9904 16
f 1317
a 1318 14288 256
f 1140
a 1319 8080 64
f 1218
a 1320 2064 16
f 835
a 1321 20640 256
f 246
a 1322 800 64
f 918
a 1323 1616 256
f 888
a 1324 2016 256
f 263
a 1325 1872 64
f 465
a 1326 44848 16
f 865
a 1327 10928 16
f 1012
a 1328 624 64
f 1235
a 1329 1104 256
f 449
a 1330 384 16
f 129
a 1331 8752 64
f 202
a 1332 32736 256
f 857
a 1333 5168 256
f 1270
a 1334 432 16
f 736
a 1335 2848 64
f 922
a 1336 288 16
f 731
a 1337 2560 64
f 960
a 1338 1648 16
f 788
a 1339 13376 256
f 1259
a 1340 3296 16
f 718
a 1341 1616 64
f 1303
a 1342 992 256
f 296
a 1343 496 16
f 1048
a 1344 16912 64
f 1251
a 1345 3664 256
f 432
a 1346 62832 256
f 205
a 1347 1968 16
f 185
a 1348 352 256
f 994
a 1349 27536 16
f 1318
a 1350 1120 16
f 715
a 1351 2064 16
f 649
a 1352 31360 16
f 486
a 1353 4416 256
f 36
a 1354 28400 16
f 1126
a 1355 15600 64
f 1028
a 1356 29264 16
f 1335
a 1357 784 16
f 115
a 1358 5808 64
f 1134
a 1359 784 256
f 722
a 1360 45664 64
f 891
a 1361 4576 16
f 321
a 1362 7440 64
f 221
a 1363 41328 256
f 1059
a 1364 61200 16
f 779
a 1365 384 64
f 109
a 1366 6848 64
f 492
a 1367 30288 256
f 1343
a 1368 688 16
f 424
a 1369 52992 16
f 1188
a 1370 4928 64
f 826
a 1371 368 16
f 1306
a 1372 21472 64
f 644
a 1373 5296 16
f 536
a 1374 448 16
f 239
a 1375 7776 256
f 576
a 1376 5808 256
f 1138
a 1377 736 64
f 212
a 1378 7328 64
f 806
a 1379 15424 16
f 1355
a 1380 544 256
f 280
a 1381 1392 16
f 316
a 1382 352 16
f 667
a 1383 1664 64
f 1357
a 1384 24896 256
f 513
a 1385 288 16
f 1167
a 1386 14224 256
f 431
a 1387 2896 64
f 1292
a 1388 19888 16
f 1255
a 1389 544 64
f 168
a 1390 736 16
f 228
a 1391 22576 256
f 557
a 1392 44736 64
f 741
a 1393 3792 256
f 1223
a 1394 720 64
f 1082
a 1395 52192 64
f 180
a 1396 38560 16
f 368
a 1397 56048 256
f 564
a 1398 432 64
f 658
a 1399 4736 16
f 1276
a 1400 19024 16
f 686
a 1401 1920 256
f 825
a 1402 288 16
f 519
a 1403 576 256
f 1047
a 1404 62400 256
f 1386
a 1405 992 256
f 985
a 1406 8080 16
f 1227
a 1407 5248 64
f 104
a 1408 384 64
f 818
a 1409 1664 16
f 10
a 1410 20128 256
f 1127
a 1411 528 16
f 144
a 1412 384 16
f 278
a 1413 8400 16
f 1095
a 1414 22176 16
f 1029
a 1415 24208 16
f 1262
a 1416 3664 16
f 1094
a 1417 2016 256
f 397
a 1418 880 256
f 496
a 1419 1808 16
f 328
a 1420 1824 64
f 1143
a 1421 26656 64
f 203
a 1422 8816 256
f 616
a 1423 3728 256
f 428
a 1424 352 64
f 1237
a 1425 57568 256
f 148
a 1426 672 64
f 411
a 1427 56192 256
f 216
a 1428 62240 16
f 1021
a 1429 768 64
f 229
a 1430 1008 64
f 748
a 1431 3744 64
f 914
a 1432 14272 16
f 224
a 1433 3776 16
f 342
a 1434 2352 64
f 1195
a 1435 368 256
f 1156
a 1436 17040 16
f 327
a 1437 3056 256
f 3
a 1438 46048 64
f 895
a 1439 1152 64
f 1418
a 1440 10656 16
f 248
a 1441 3024 16
f 1435
a 1442 784 256
f 1220
a 1443 61520 16
f 474
a 1444 4208 16
f 1310
a 1445 43792 64
f 482
a 1446 65280 16
f 1099
a 1447 50720 64
f 578
a 1448 432 64
f 375
a 1449 41584 256
f 1289
a 1450 1360 64
f 1291
a 1451 6832 64
f 1304
a 1452 3680 256
f 1009
a 1453 11072 64
f 926
a 1454 10192 256
f 226
a 1455 31376 64
f 1312
a 1456 17424 256
f 675
a 1457 1104 256
f 1429
a 1458 3312 64
f 308
a 1459 6896 16
f 18
a 1460 9792 256
f 1363
a 1461 416 16
f 1125
a 1462 12000 16
f 1055
a 1463 384 256
f 967
a 1464 2192 256
f 1433
a 1465 29168 64
f 1388
a 1466 6000 64
f 485
a 1467 384 16
f 88
a 1468 368 256
f 1305
a 1469 9504 256
f 572
a 1470 16848 64
f 880
a 1471 1760 16
f 394
a 1472 3504 16
f 980
a 1473 576 64
f 1263
a 1474 51232 256
f 535
a 1475 2016 16
f 1283
a 1476 17968 16
f 204
a 1477 416 64
f 1422
a 1478 7744 256
f 605
a 1479 51136 64
f 793
a 1480 11760 16
f 37
a 1481 1680 16
f 480
a 1482 3776 64
f 1252
a 1483 2016 256
f 222
a 1484 24944 256
f 1000
a 1485 28992 256
f 506
a 1486 816 256
f 1233
a 1487 336 256
f 57
a 1488 2160 16
f 1209
a 1489 14864 64
f 697
a 1490 6560 16
f 1417
a 1491 752 256
f 1146
a 1492 4048 16
f 193
a 1493 320 16
f 840
a 1494 4768 64
f 1219
a 1495 976 256
f 1213
a 1496 5104 256
f 83
a 1497 18176 64
f 828
a 1498 944 256
f 1014
a 1499 592 16
c step-500
f 464
a 1500 5728 16
f 945
a 1501 2496 16
f 266
a 1502 50336 16
f 545
a 1503 10128 256
f 34
a 1504 50992 64
f 1121
a 1505 896 64
f 661
a 1506 3760 16
f 1061
a 1507 10128 64
f 1017
a 1508 8048 256
f 593
a 1509 320 256
f 1198
a 1510 10304 16
f 1497
a 1511 432 256
f 504
a 1512 11200 16
f 179
a 1513 62736 256
f 499
a 1514 1728 16
f 421
a 1515 23968 64
f 1463
a 1516 4448 256
f 1136
a 1517 51552 16
f 1114
a 1518 8912 256
f 1464
a 1519 7728 64
f 1404
a 1520 15360 64
f 257
a 1521 720 16
f 633
a 1522 736 16
f 121
a 1523 368 64
f 1331
a 1524 1264 16
f 1452
a 1525 672 64
f 659
a 1526 8032 64
f 1169
a 1527 3936 16
f 1025
a 1528 304 256
f 322
a 1529 272 256
f 1385
a 1530 352 16
f 867
a 1531 2976 64
f 769
a 1532 1744 16
f 1450
a 1533 7088 64
f 873
a 1534 8832 16
f 1107
a 1535 7104 256
f 615
a 1536 9328 16
f 114
a 1537 3488 16
f 1499
a 1538 304 64
f 99
a 1539 17920 16
f 1398
a 1540 480 64
f 915
a 1541 29056 64
f 423
a 1542 7248 64
f 622
a 1543 61792 16
f 991
a 1544 512 64
f 1369
a 1545 384 16
f 92
a 1546 5120 16
f 1295
a 1547 1216 256
f 592
a 1548 944 16
f 1542
a 1549 25712 64
f 570
a 1550 1872 64
f 534
a 1551 6672 256
f 1179
a 1552 19984 16
f 1344
a 1553 2656 16
f 274
a 1554 1968 16
f 737
a 1555 1824 256
f 9
a 1556 8032 256
f 298
a 1557 864 256
f 310
a 1558 976 256
f 1511
a 1559 384 256
f 762
a 1560 10288 64
f 112
a 1561 5392 64
f 1553
a 1562 51248 64
f 1441
a 1563 32992 16
f 1203
a 1564 736 64
f 171
a 1565 31456 64
f 458
a 1566 688 256
f 134
a 1567 47088 16
f 1010
a 1568 12224 16
f 459
a 1569 10896 64
f 1002
a 1570 2208 64
f 1354
a 1571 304 256
f 38
a 1572 3936 16
f 1491
a 1573 20432 64
f 651
a 1574 864 16
f 418
a 1575 16944 256
f 436
a 1576 1920 16
f 1521
a 1577 7408 64
f 287
a 1578 2528 16
f 1373
a 1579 3728 16
f 1280
a 1580 5376 64
f 14
a 1581 14000 256
f 1402
a 1582 1456 16
f 687
a 1583 944 64
f 546
a 1584 17168 64
f 1392
a 1585 560 256
f 1302
a 1586 1440 256
f 1231
a 1587 2864 64
f 843
a 1588 9840 64
f 1439
a 1589 61392 16
f 1115
a 1590 7056 64
f 50
a 1591 22704 16
f 1485
a 1592 3008 64
f 111
a 1593 50784 16
f 1550
a 1594 320 16
f 1096
a 1595 912 64
f 1269
a 1596 25920 16
f 1546
a 1597 400 16
f 247
a 1598 320 256
f 685
a 1599 896 64
f 1568
a 1600 14496 16
f 1074
a 1601 1536 16
f 122
a 1602 11856 256
f 791
a 1603 30368 256
f 302
a 1604 400 64
f 684
a 1605 4496 256
f 997
a 1606 42288 16
f 829
a 1607 22640 64
f 1445
a 1608 58688 16
f 441
a 1609 2432 64
f 711
a 1610 19088 64
f 1382
a 1611 10800 64
f 1588
a 1612 14992 64
f 977
a 1613 39120 256
f 796
a 1614 21152 256
f 113
a 1615 3152 16
f 726
a 1616 53968 256
f 992
a 1617 736 256
f 958
a 1618 13984 64
f 612
a 1619 2384 256
f 1314
a 1620 58416 16
f 351
a 1621 53376 16
f 1606
a 1622 10256 16
f 1070
a 1623 37776 64
f 928
a 1624 20864 16
f 1467
a 1625 23040 16
f 479
a 1626 3136 256
f 407
a 1627 56288 256
f 20
a 1628 32528 256
f 149
a 1629 992 256
f 1075
a 1630 608 16
f 625
a 1631 3056 256
f 1504
a 1632 2000 16
f 495
a 1633 62800 256
f 859
a 1634 2832 256
f 1164
a 1635 4000 256
f 1538
a 1636 1344 256
f 241
a 1637 800 256
f 1245
a 1638 624 256
f 1604
a 1639 27680 256
f 734
a 1640 1008 256
f 569
a 1641 1168 256
f 66
a 1642 608 16
f 138
a 1643 10224 256
f 1380
a 1644 464 256
f 366
a 1645 4016 16
f 237
a 1646 6144 256
f 1290
a 1647 720 256
f 1098
a 1648 1504 64
f 1384
a 1649 16064 16
f 227
a 1650 14272 16
f 383
a 1651 880 64
f 1279
a 1652 368 256
f 1576
a 1653 15200 256
f 426
a 1654 1856 64
f 1525
a 1655 1200 64
f 1516
a 1656 1600 256
f 238
a 1657 4720 64
f 1545
a 1658 1104 64
f 1046
a 1659 720 256
f 1605
a 1660 21376 64
f 56
a 1661 544 16
f 318
a 1662 4512 256
f 1058
a 1663 7104 16
f 1437
a 1664 9088 256
f 1284
a 1665 272 16
f 1535
a 1666 20144 256
f 410
a 1667 2000 256
f 268
a 1668 3168 256
f 1034
a 1669 720 64
f 503
a 1670 304 256
f 1566
a 1671 26000 16
f 71
a 1672 11120 64
f 27
a 1673 3408 16
f 1585
a 1674 2016 16
f 208
a 1675 5952 256
f 319
a 1676 5760 256
f 81
a 1677 1456 64
f 125
a 1678 4752 16
f 1089
a 1679 640 64
f 1561
a 1680 528 256
f 1644
a 1681 336 16
f 1131
a 1682 4560 64
f 1629
a 1683 2192 64
f 76
a 1684 3232 256
f 1257
a 1685 7440 64
f 1656
a 1686 20304 16
f 1334
a 1687 1152 16
f 869
a 1688 480 64
f 367
a 1689 28528 64
f 155
a 1690 3696 64
f 1489
a 1691 512 16
f 1677
a 1692 1808 64
f 758
a 1693 1088 256
f 1196
a 1694 1040 16
f 445
a 1695 1632 64
f 950
a 1696 272 64
f 481
a 1697 11232 256
f 984
a 1698 28048 64
f 325
a 1699 512 64
f 745
a 1700 10512 16
f 41
a 1701 960 256
f 338
a 1702 9328 16
f 12
a 1703 1696 16
f 1488
a 1704 7728 64
f 1533
a 1705 37552 16
f 1052
a 1706 1408 256
f 1176
a 1707 1680 64
f 1502
a 1708 2352 16
f 1413
a 1709 54016 16
f 766
a 1710 2560 16
f 632
a 1711 672 16
f 789
a 1712 50896 16
f 232
a 1713 39680 64
f 1015
a 1714 9632 256
f 442
a 1715 432 256
f 419
a 1716 416 64
f 1589
a 1717 2896 64
f 982
a 1718 31776 256
f 1105
a 1719 7136 16
f 525
a 1720 7568 64
f 487
a 1721 528 16
f 1530
a 1722 960 16
f 1250
a 1723 15040 16
f 1611
a 1724 848 16
f 757
a 1725 54160 64
f 709
a 1726 432 64
f 896
a 1727 6336 256
f 851
a 1728 7984 256
f 359
a 1729 2912 16
f 1311
a 1730 560 64
f 153
a 1731 27552 16
f 1455
a 1732 1424 64
f 582
a 1733 49264 16
f 1102
a 1734 24272 256
f 1556
a 1735 784 64
f 399
a 1736 656 256
f 1442
a 1737 416 256
f 973
a 1738 832 64
f 1627
a 1739 5104 16
f 858
a 1740 18128 64
f 870
a 1741 400 64
f 1030
a 1742 400 256
f 1678
a 1743 35856 64
f 1444
a 1744 720 16
f 863
a 1745 752 256
f 808
a 1746 32192 256
f 1288
a 1747 784 256
f 932
a 1748 53632 64
f 1632
a 1749 63504 256
f 1668
a 1750 416 16
f 1473
a 1751 15744 16
f 243
a 1752 992 256
f 1527
a 1753 14016 16
f 372
a 1754 464 256
f 1326
a 1755 64224 64
f 1282
a 1756 15824 256
f 1631
a 1757 14896 64
f 1592
a 1758 8464 64
f 1376
a 1759 832 256
f 100
a 1760 640 256
f 1301
a 1761 5600 16
f 581
a 1762 4656 64
f 1517
a 1763 29312 256
f 955
a 1764 11072 16
f 1722
a 1765 288 16
f 1087
a 1766 608 64
f 787
a 1767 5744 16
f 344
a 1768 62592 64
f 1481
a 1769 2896 256
f 1727
a 1770 13648 16
f 1293
a 1771 2032 16
f 608
a 1772 30096 256
f 1724
a 1773 6944 16
f 1579
a 1774 5504 256
f 219
a 1775 42016 256
f 1484
a 1776 31344 16
f 714
a 1777 1680 64
f 679
a 1778 960 256
f 1716
a 1779 1952 256
f 69
a 1780 1008 16
f 468
a 1781 1360 256
f 1541
a 1782 1296 64
f 79
a 1783 11792 16
f 904
a 1784 48048 16
f 761
a 1785 48816 16
f 1249
a 1786 368 16
f 415
a 1787 1216 16
f 1414
a 1788 1248 16
f 453
a 1789 1680 256
f 1742
a 1790 29120 64
f 1682
a 1791 34912 64
f 412
a 1792 1200 16
f 624
a 1793 60624 64
f 1242
a 1794 9600 64
f 337
a 1795 24304 64
f 681
a 1796 400 64
f 1447
a 1797 960 16
f 949
a 1798 1408 16
f 588
a 1799 560 16
f 1163
a 1800 42992 64
f 974
a 1801 7024 256
f 768
a 1802 336 16
f 1776
a 1803 1696 256
f 749
a 1804 52512 256
f 1020
a 1805 29376 64
f 84
a 1806 448 16
f 1699
a 1807 7936 256
f 670
a 1808 400 64
f 850
a 1809 23536 256
f 1714
a 1810 35312 64
f 1743
a 1811 1888 256
f 1639
a 1812 6192 256
f 497
a 1813 17840 64
f 1717
a 1814 4992 256
f 1349
a 1815 57408 256
f 461
a 1816 63824 16
f 543
a 1817 30960 64
f 721
a 1818 24864 16
f 358
a 1819 912 64
f 123
a 1820 720 256
f 150
a 1821 2064 64
f 466
a 1822 8944 256
f 1133
a 1823 17008 16
f 1460
a 1824 26528 256
f 639
a 1825 50272 256
f 906
a 1826 2592 256
f 409
a 1827 2960 64
f 1633
a 1828 19776 16
f 1287
a 1829 30512 16
f 1641
a 1830 432 16
f 65
a 1831 10848 256
f 1474
a 1832 43440 256
f 1646
a 1833 3376 256
f 275
a 1834 800 16
f 794
a 1835 352 256
f 956
a 1836 13920 64
f 547
a 1837 3312 64
f 0
a 1838 44592 16
f 1510
a 1839 62384 16
f 1272
a 1840 1856 256
f 627
a 1841 1440 256
f 1622
a 1842 1168 256
f 167
a 1843 880 16
f 1807
a 1844 12528 16
f 292
a 1845 58992 64
f 1328
a 1846 13840 64
f 377
a 1847 768 16
f 1183
a 1848 2880 64
f 617
a 1849 52416 64
f 853
a 1850 45808 256
f 1599
a 1851 1568 16
f 703
a 1852 7760 16
f 1101
a 1853 21264 16
f 1844
a 1854 54640 256
f 1795
a 1855 272 64
f 1522
a 1856 14832 64
f 978
a 1857 8528 256
f 1725
a 1858 4256 16
f 1465
a 1859 1408 16
f 1687
a 1860 10976 256
f 1160
a 1861 352 256
f 1532
a 1862 4496 16
f 1416
a 1863 3872 16
f 1053
a 1864 512 16
f 822
a 1865 22320 64
f 272
a 1866 3648 16
f 970
a 1867 8688 16
f 256
a 1868 59536 256
f 1832
a 1869 17792 16
f 162
a 1870 22816 16
f 47
a 1871 8032 256
f 1158
a 1872 1680 256
f 490
a 1873 60912 16
f 1752
a 1874 3648 256
f 830
a 1875 1424 64
f 689
a 1876 46304 64
f 1240
a 1877 5264 256
f 401
a 1878 1024 256
f 900
a 1879 560 64
f 1655
a 1880 16704 64
f 170
a 1881 5088 16
f 1692
a 1882 432 16
f 1493
a 1883 9440 64
f 548
a 1884 40976 64
f 1642
a 1885 23488 16
f 1480
a 1886 1584 64
f 1685
a 1887 15504 16
f 438
a 1888 7632 256
f 133
a 1889 544 256
f 1720
a 1890 18560 64
f 526
a 1891 20192 64
f 395
a 1892 62736 16
f 1362
a 1893 3200 16
f 1872
a 1894 54256 64
f 1316
a 1895 1136 256
f 1580
a 1896 35264 16
f 849
a 1897 800 256
f 44
a 1898 61024 64
f 1122
a 1899 1360 256
f 1778
a 1900 1056 16
f 1557
a 1901 22656 256
f 1496
a 1902 1744 256
f 142
a 1903 3760 16
f 1537
a 1904 5248 256
f 1663
a 1905 3392 256
f 1826
a 1906 544 64
f 1841
a 1907 42880 16
f 1903
a 1908 864 256
f 1358
a 1909 1120 256
f 1877
a 1910 38304 16
f 462
a 1911 560 16
f 1763
a 1912 800 16
f 1638
a 1913 61792 64
f 1431
a 1914 21632 16
f 1248
a 1915 53520 16
f 1458
a 1916 496 256
f 1084
a 1917 336 64
f 740
a 1918 50256 64
f 899
a 1919 1488 16
f 1217
a 1920 27200 256
f 483
a 1921 384 16
f 1389
a 1922 2576 64
f 1410
a 1923 2624 256
f 1391
a 1924 416 256
f 1595
a 1925 3456 64
f 70
a 1926 1168 256
f 1770
a 1927 1232 64
f 618
a 1928 1072 64
f 1709
a 1929 51424 256
f 1523
a 1930 5376 16
f 1356
a 1931 656 256
f 1364
a 1932 10640 64
f 1253
a 1933 464 16
f 1766
a 1934 736 256
f 1366
a 1935 576 64
f 1706
a 1936 25088 64
f 1898
a 1937 880 16
f 30
a 1938 58624 256
f 381
a 1939 2480 256
f 558
a 1940 720 64
f 1470
a 1941 57344 64
f 164
a 1942 2048 16
f 291
a 1943 816 256
f 668
a 1944 8272 16
f 177
a 1945 22112 16
f 32
a 1946 10624 64
f 259
a 1947 1056 16
f 724
a 1948 15680 16
f 1873
a 1949 1120 256
f 1802
a 1950 7952 64
f 42
a 1951 14256 256
f 1747
a 1952 432 256
f 550
a 1953 384 64
f 1683
a 1954 640 256
f 1662
a 1955 21200 64
f 1368
a 1956 320 64
f 1500
a 1957 688 64
f 273
a 1958 4688 64
f 1528
a 1959 7520 16
f 1147
a 1960 336 16
f 1862
a 1961 54912 16
f 217
a 1962 1792 64
f 137
a 1963 14832 16
f 78
a 1964 31280 256
f 245
a 1965 2208 16
f 1494
a 1966 15696 16
f 323
a 1967 1552 256
f 971
a 1968 2768 16
f 781
a 1969 3824 16
f 765
a 1970 1120 16
f 1315
a 1971 8112 16
f 1811
a 1972 2128 64
f 1800
a 1973 368 64
f 1361
a 1974 512 64
f 1234
a 1975 1024 16
f 728
a 1976 14048 256
f 1669
a 1977 1520 64
f 717
a 1978 28240 256
f 1551
a 1979 12320 256
f 386
a 1980 384 64
f 1544
a 1981 4576 64
f 553
a 1982 30336 256
f 1909
a 1983 896 64
f 1130
a 1984 44784 16
f 1618
a 1985 36240 64
f 1808
a 1986 3584 64
f 1214
a 1987 13712 64
f 1710
a 1988 288 256
f 146
a 1989 288 64
f 365
a 1990 560 64
f 756
a 1991 8912 64
f 602
a 1992 336 16
f 1987
a 1993 720 256
f 1981
a 1994 1648 16
f 1771
a 1995 20496 64
f 511
a 1996 320 64
f 1068
a 1997 10864 16
f 568
a 1998 15424 256
f 1881
a 1999 4128 16
c step-1000
f 1129
a 2000 2304 16
f 393
a 2001 10720 64
f 347
a 2002 400 64
f 489
a 2003 16384 64
f 1822
a 2004 448 16
f 1816
a 2005 576 256
f 1674
a 2006 5216 16
f 1983
a 2007 22064 64
f 1350
a 2008 4864 256
f 834
a 2009 8848 16
f 1963
a 2010 50480 256
f 59
a 2011 55104 256
f 1151
a 2012 528 16
f 725
a 2013 480 256
f 780
a 2014 9584 16
f 1698
a 2015 1184 256
f 261
a 2016 2880 64
f 1904
a 2017 23040 64
f 1598
a 2018 944 64
f 1648
a 2019 416 64
f 565
a 2020 368 64
f 451
a 2021 4032 16
f 450
a 2022 1456 256
f 1864
a 2023 15088 64
f 1486
a 2024 6112 64
f 1762
a 2025 1648 256
f 551
a 2026 17792 64
f 1659
a 2027 59360 64
f 712
a 2028 3664 64
f 1780
a 2029 9392 16
f 1954
a 2030 23360 64
f 1199
a 2031 1216 16
f 1091
a 2032 3200 64
f 1333
a 2033 62672 64
f 759
a 2034 1024 64
f 898
a 2035 1120 64
f 1911
a 2036 40880 64
f 1746
a 2037 12800 256
f 207
a 2038 656 16
f 417
a 2039 8832 16
f 567
a 2040 1280 256
f 270
a 2041 8992 256
f 1790
a 2042 448 64
f 1803
a 2043 2560 64
f 1879
a 2044 2160 16
f 1539
a 2045 54304 64
f 1415
a 2046 4656 64
f 1239
a 2047 912 256
f 1932
a 2048 3728 64
f 1784
a 2049 592 256
f 1975
a 2050 2832 16
f 1723
a 2051 2928 64
f 25
a 2052 368 256
f 1945
a 2053 1184 64
f 1788
a 2054 34048 64
f 1758
a 2055 2880 64
f 584
a 2056 1744 256
f 1749
a 2057 272 256
f 493
a 2058 14992 64
f 653
a 2059 61760 16
f 527
a 2060 45584 64
f 673
a 2061 2064 16
f 1137
a 2062 960 16
f 1086
a 2063 1280 64
f 1602
a 2064 560 64
f 295
a 2065 40800 16
f 647
a 2066 528 16
f 1867
a 2067 30544 256
f 1412
a 2068 12896 64
f 1956
a 2069 3024 256
f 877
a 2070 544 16
f 1991
a 2071 2384 64
f 2017
a 2072 448 256
f 147
a 2073 944 16
f 797
a 2074 50064 16
f 1049
a 2075 57552 64
f 939
a 2076 1648 16
f 1686
a 2077 18064 64
f 1554
a 2078 5008 64
f 544
a 2079 2592 64
f 1914
a 2080 20384 256
f 314
a 2081 13200 16
f 1060
a 2082 1696 64
f 1033
a 2083 3408 16
f 1965
a 2084 32848 64
f 1976
a 2085 35936 256
f 1518
a 2086 640 16
f 1693
a 2087 1008 64
f 1142
a 2088 6400 16
f 182
a 2089 16608 256
f 1026
a 2090 896 16
f 909
a 2091 736 256
f 408
a 2092 272 256
f 1367
a 2093 16960 16
f 1472
a 2094 8832 256
f 1830
a 2095 5936 64
f 252
a 2096 1632 256
f 1600
a 2097 8016 64
f 494
a 2098 1760 256
f 478
a 2099 960 256
f 2029
a 2100 14432 16
f 446
a 2101 11392 256
f 1750
a 2102 20928 256
f 196
a 2103 31440 64
f 1329
a 2104 272 64
f 2028
a 2105 22992 256
f 1922
a 2106 1760 256
f 2066
a 2107 5008 16
f 1430
a 2108 1056 16
f 1597
a 2109 496 64
f 286
a 2110 55360 64
f 488
a 2111 1248 64
f 1520
a 2112 54800 256
f 1157
a 2113 43824 256
f 1734
a 2114 9168 64
f 1859
a 2115 5216 64
f 405
a 2116 608 256
f 1731
a 2117 656 256
f 1212
a 2118 2288 256
f 1858
a 2119 1648 64
f 1178
a 2120 1680 64
f 1297
a 2121 53680 256
f 708
a 2122 60496 64
f 176
a 2123 3312 16
f 1967
a 2124 2896 64
f 1875
a 2125 1760 256
f 389
a 2126 46784 64
f 1883
a 2127 384 64
f 1804
a 2128 304 64
f 1139
a 2129 464 16
f 529
a 2130 2096 256
f 1688
a 2131 25856 16
f 1935
a 2132 4000 16
f 943
a 2133 43088 16
f 1346
a 2134 4688 256
f 1123
a 2135 40528 64
f 2057
a 2136 16064 64
f 2050
a 2137 40544 256
f 1863
a 2138 656 64
f 505
a 2139 18256 64
f 1153
a 2140 11392 16
f 1512
a 2141 5504 64
f 1038
a 2142 3728 64
f 1603
a 2143 2112 256
f 1374
a 2144 26992 256
f 1759
a 2145 1776 256
f 1966
a 2146 7728 256
f 1848
a 2147 272 64
f 1672
a 2148 7376 16
f 1100
a 2149 304 16
f 911
a 2150 3984 256
f 311
a 2151 4448 64
f 832
a 2152 576 256
f 1352
a 2153 464 256
f 1978
a 2154 37232 64
f 1571
a 2155 11168 64
f 2117
a 2156 880 64
f 1934
a 2157 23024 64
f 1495
a 2158 6192 64
f 1958
a 2159 2720 256
f 1549
a 2160 576 256
f 1705
a 2161 9168 16
f 1827
a 2162 20688 16
f 1673
a 2163 1184 16
f 2139
a 2164 23904 16
f 1583
a 2165 20432 64
f 827
a 2166 1424 64
f 341
a 2167 15392 64
f 1888
a 2168 272 256
f 1718
a 2169 4432 64
f 669
a 2170 3776 16
f 833
a 2171 9488 16
f 1735
a 2172 22800 256
f 521
a 2173 944 256
f 1149
a 2174 13824 16
f 810
a 2175 11360 256
f 1616
a 2176 62816 256
f 1449
a 2177 12816 16
f 1760
a 2178 672 256
f 476
a 2179 10768 64
f 2092
a 2180 52896 16
f 805
a 2181 3712 256
f 996
a 2182 896 256
f 214
a 2183 63632 256
f 2126
a 2184 5504 256
f 33
a 2185 10672 256
f 1531
a 2186 7888 16
f 1793
a 2187 1056 256
f 1187
a 2188 896 256
f 1893
a 2189 1520 16
f 89
a 2190 6448 16
f 1090
a 2191 50544 256
f 1980
a 2192 2720 256
f 640
a 2193 1712 64
f 2146
a 2194 4304 16
f 1961
a 2195 336 256
f 1940
a 2196 496 256
f 376
a 2197 3072 64
f 1679
a 2198 47872 256
f 1424
a 2199 17200 256
f 773
a 2200 3408 64
f 439
a 2201 496 256
f 1824
a 2202 272 256
f 2096
a 2203 2048 16
f 2087
a 2204 19376 64
f 919
a 2205 11216 64
f 1271
a 2206 288 64
f 1124
a 2207 304 256
f 1960
a 2208 57744 16
f 473
a 2209 2448 16
f 1216
a 2210 2208 256
f 187
a 2211 864 16
f 1165
a 2212 2064 16
f 1658
a 2213 2064 256
f 538
a 2214 41680 64
f 1161
a 2215 65488 64
f 990
a 2216 7248 64
f 61
a 2217 656 16
f 1466
a 2218 912 16
f 2032
a 2219 3296 16
f 1636
a 2220 4384 256
f 1729
a 2221 1120 64
f 329
a 2222 3024 16
f 1805
a 2223 1680 64
f 463
a 2224 848 256
f 784
a 2225 1472 16
f 1608
a 2226 880 64
f 95
a 2227 656 256
f 1912
a 2228 1008 64
f 1726
a 2229 1792 64
f 1799
a 2230 16128 64
f 2071
a 2231 400 16
f 2081
a 2232 6368 64
f 1936
a 2233 672 16
f 2060
a 2234 12544 16
f 1973
a 2235 352 16
f 753
a 2236 752 64
f 623
a 2237 7040 16
f 2090
a 2238 2384 256
f 1952
a 2239 9296 256
f 2006
a 2240 1792 256
f 2012
a 2241 21824 256
f 1067
a 2242 63168 256
f 1614
a 2243 1504 64
f 2197
a 2244 1648 16
f 1769
a 2245 512 16
f 1182
a 2246 2112 256
f 1180
a 2247 4048 256
f 1396
a 2248 31168 16
f 1781
a 2249 5440 64
f 1694
a 2250 8752 256
f 2005
a 2251 1024 256
f 2041
a 2252 26464 256
f 2062
a 2253 2816 16
f 2143
a 2254 4416 256
f 1113
a 2255 31184 16
f 2181
a 2256 4512 256
f 1348
a 2257 288 64
f 2200
a 2258 528 256
f 1915
a 2259 3728 256
f 2045
a 2260 1600 16
f 1274
a 2261 272 64
f 1383
a 2262 17776 256
f 2255
a 2263 16208 16
f 2173
a 2264 27040 256
f 2188
a 2265 50144 16
f 1359
a 2266 29136 256
f 2180
a 2267 17968 16
f 1861
a 2268 3424 16
f 1910
a 2269 704 16
f 1587
a 2270 768 64
f 2261
a 2271 9744 256
f 1197
a 2272 59008 256
f 85
a 2273 62208 64
f 522
a 2274 21664 256
f 961
a 2275 49024 16
f 363
a 2276 31200 256
f 172
a 2277 4208 16
f 2218
a 2278 992 64
f 1005
a 2279 736 256
f 1890
a 2280 432 16
f 811
a 2281 37712 64
f 763
a 2282 592 256
f 1232
a 2283 15392 64
f 693
a 2284 1840 16
f 1342
a 2285 30080 64
f 875
a 2286 7328 256
f 1128
a 2287 13088 64
f 1168
a 2288 976 256
f 1711
a 2289 944 16
f 1700
a 2290 1568 16
f 999
a 2291 15056 64
f 1529
a 2292 5920 16
f 666
a 2293 7264 16
f 688
a 2294 896 256
f 1341
a 2295 2704 256
f 218
a 2296 10576 64
f 1920
a 2297 2400 256
f 554
a 2298 7168 64
f 1908
a 2299 464 256
f 1865
a 2300 2656 16
f 2121
a 2301 496 64
f 2133
a 2302 1392 256
f 2037
a 2303 3824 256
f 380
a 2304 1696 256
f 2262
a 2305 5952 64
f 1813
a 2306 2688 256
f 577
a 2307 1040 16
f 58
a 2308 1248 256
f 2204
a 2309 592 64
f 1835
a 2310 896 64
f 2112
a 2311 8064 64
f 2014
a 2312 64800 16
f 1039
a 2313 6832 256
f 2086
a 2314 26368 256
f 807
a 2315 36832 64
f 1666
a 2316 2272 256
f 1330
a 2317 736 16
f 457
a 2318 52784 64
f 1519
a 2319 2320 256
f 2027
a 2320 1600 256
f 73
a 2321 24160 256
f 1876
a 2322 10688 64
f 1540
a 2323 1088 256
f 1513
a 2324 768 256
f 1640
a 2325 560 256
f 391
a 2326 33472 64
f 2313
a 2327 432 16
f 267
a 2328 46672 256
f 1612
a 2329 2480 64
f 2201
a 2330 736 256
f 159
a 2331 4672 256
f 1708
a 2332 896 16
f 1621
a 2333 11424 64
f 2198
a 2334 1488 16
f 2038
a 2335 1696 64
f 1653
a 2336 11632 256
f 1689
a 2337 22560 256
f 2120
a 2338 512 64
f 2163
a 2339 3024 256
f 1296
a 2340 6800 256
f 1625
a 2341 3072 256
f 2228
a 2342 3584 256
f 1979
a 2343 3888 64
f 562
a 2344 416 16
f 498
a 2345 2656 16
f 2114
a 2346 1392 256
f 1534
a 2347 2496 16
f 1492
a 2348 1024 16
f 1088
a 2349 448 64
f 2259
a 2350 13696 256
f 1365
a 2351 304 64
f 2157
a 2352 352 16
f 1206
a 2353 14912 64
f 964
a 2354 3280 256
f 374
a 2355 14512 16
f 1820
a 2356 576 16
f 1083
a 2357 7232 256
f 1477
a 2358 17360 64
f 817
a 2359 976 256
f 16
a 2360 448 256
f 2034
a 2361 1984 64
f 2007
a 2362 560 256
f 813
a 2363 21232 16
f 1403
a 2364 62512 16
f 2144
a 2365 1872 256
f 1840
a 2366 13808 256
f 1506
a 2367 688 256
f 1211
a 2368 864 16
f 1097
a 2369 28592 64
f 46
a 2370 53376 256
f 301
a 2371 5072 64
f 2289
a 2372 20320 256
f 2048
a 2373 7088 256
f 2335
a 2374 2976 16
f 340
a 2375 976 16
f 1702
a 2376 4576 64
f 2304
a 2377 2256 256
f 1454
a 2378 1648 16
f 1715
a 2379 912 256
f 1591
a 2380 2880 64
f 2195
a 2381 13360 256
f 385
a 2382 544 64
f 1968
a 2383 3616 256
f 1298
a 2384 432 64
f 2076
a 2385 496 64
f 1853
a 2386 7552 16
f 1371
a 2387 976 256
f 907
a 2388 1040 64
f 1628
a 2389 1776 64
f 1300
a 2390 1152 16
f 317
a 2391 21840 16
f 2271
a 2392 1024 256
f 1948
a 2393 6496 16
f 2134
a 2394 1424 256
f 1794
a 2395 1424 16
f 2233
a 2396 8016 16
f 2122
a 2397 912 64
f 1479
a 2398 2000 64
f 890
a 2399 59632 64
f 362
a 2400 37152 256
f 2278
a 2401 7248 16
f 135
a 2402 2048 256
f 993
a 2403 13200 64
f 1221
a 2404 1664 64
f 1643
a 2405 13184 16
f 198
a 2406 9456 64
f 854
a 2407 3536 16
f 979
a 2408 53936 256
f 662
a 2409 23648 64
f 444
a 2410 3520 256
f 2101
a 2411 49216 64
f 1941
a 2412 5216 256
f 2074
a 2413 12016 16
f 2182
a 2414 352 256
f 539
a 2415 496 16
f 1777
a 2416 1104 16
f 1620
a 2417 47776 16
f 2374
a 2418 4688 64
f 2416
a 2419 2432 256
f 437
a 2420 304 64
f 1634
a 2421 688 16
f 1323
a 2422 33728 16
f 1951
a 2423 704 16
f 2361
a 2424 1184 64
f 2099
a 2425 19744 64
f 2147
a 2426 19024 256
f 1273
a 2427 14144 256
f 2165
a 2428 1712 16
f 1665
a 2429 32704 16
f 878
a 2430 2432 256
f 897
a 2431 7264 256
f 2119
a 2432 22512 16
f 1732
a 2433 4912 64
f 1774
a 2434 400 64
f 2400
a 2435 2768 16
f 1324
a 2436 1584 16
f 1336
a 2437 30896 16
f 1258
a 2438 58144 16
f 723
a 2439 22832 16
f 801
a 2440 25952 64
f 1590
a 2441 976 16
f 420
a 2442 2544 64
f 2176
a 2443 1968 256
f 126
a 2444 496 16
f 2100
a 2445 27344 16
f 225
a 2446 368 16
f 1928
a 2447 13824 16
f 2241
a 2448 2752 64
f 515
a 2449 6016 16
f 1118
a 2450 4064 64
f 2301
a 2451 32288 16
f 2016
a 2452 28592 16
f 1478
a 2453 12112 256
f 1880
a 2454 4992 256
f 957
a 2455 41712 16
f 561
a 2456 1104 64
f 2274
a 2457 6256 16
f 636
a 2458 3456 16
f 414
a 2459 4960 64
f 1993
a 2460 528 256
f 2108
a 2461 384 16
f 1054
a 2462 2352 16
f 1372
a 2463 6640 64
f 986
a 2464 2800 16
f 2018
a 2465 54800 16
f 1901
a 2466 800 16
f 1959
a 2467 32192 64
f 1575
a 2468 1600 64
f 1524
a 2469 8160 256
f 1457
a 2470 480 64
f 2468
a 2471 1744 256
f 1838
a 2472 832 256
f 1159
a 2473 56880 256
f 1268
a 2474 352 16
f 1351
a 2475 496 16
f 678
a 2476 47968 256
f 820
a 2477 480 16
f 1338
a 2478 4560 16
f 2174
a 2479 1104 64
f 1582
a 2480 12704 16
f 1313
a 2481 2112 256
f 244
a 2482 49744 16
f 2340
a 2483 4304 64
f 2068
a 2484 336 256
f 1601
a 2485 1152 64
f 1456
a 2486 272 64
f 2203
a 2487 2112 16
f 1406
a 2488 3376 64
f 242
a 2489 4672 16
f 98
a 2490 768 64
f 989
a 2491 52240 16
f 1931
a 2492 608 256
f 2269
a 2493 52256 64
f 2243
a 2494 848 16
f 2341
a 2495 7072 256
f 1974
a 2496 40512 64
f 2179
a 2497 25152 256
f 841
a 2498 10384 64
f 629
a 2499 976 64
c step-1500
f 2321
a 2500 1168 16
f 1103
a 2501 304 256
f 1615
a 2502 44304 64
f 1565
a 2503 7120 64
f 2478
a 2504 2800 256
f 2254
a 2505 14272 64
f 1962
a 2506 2608 256
f 1144
a 2507 688 256
f 2414
a 2508 16944 16
f 936
a 2509 592 256
f 1390
a 2510 896 64
f 2282
a 2511 496 16
f 1132
a 2512 2640 64
f 1869
a 2513 1744 256
f 2308
a 2514 35584 16
f 2030
a 2515 16320 64
f 2088
a 2516 5664 16
f 2273
a 2517 1488 64
f 2462
a 2518 288 16
f 1397
a 2519 832 16
f 2417
a 2520 1936 16
f 2499
a 2521 4752 16
f 1040
a 2522 1152 64
f 1691
a 2523 3968 64
f 1929
a 2524 1792 16
f 2358
a 2525 1904 64
f 2343
a 2526 37840 256
f 107
a 2527 400 256
f 2183
a 2528 1024 16
f 1789
a 2529 352 64
f 2059
a 2530 28688 16
f 2248
a 2531 416 256
f 800
a 2532 64768 16
f 1459
a 2533 2592 64
f 2432
a 2534 9872 256
f 837
a 2535 736 16
f 2348
a 2536 52512 256
f 2004
a 2537 7616 256
f 2292
a 2538 800 64
f 1892
a 2539 53152 16
f 1487
a 2540 944 256
f 1325
a 2541 21840 256
f 754
a 2542 1056 16
f 2355
a 2543 65280 16
f 698
a 2544 15712 64
f 2227
a 2545 640 16
f 2054
a 2546 8976 256
f 1998
a 2547 11312 16
f 1277
a 2548 2368 16
f 28
a 2549 13952 16
f 1887
a 2550 26624 64
f 2221
a 2551 2016 16
f 2500
a 2552 31456 256
f 1152
a 2553 416 256
f 2286
a 2554 416 256
f 2523
a 2555 544 64
f 197
a 2556 3856 16
f 1896
a 2557 656 256
f 866
a 2558 15360 256
f 1738
a 2559 1920 64
f 2382
a 2560 976 16
f 892
a 2561 1952 16
f 2035
a 2562 736 256
f 2495
a 2563 15744 16
f 1823
a 2564 15376 256
f 2328
a 2565 13824 16
f 1514
a 2566 2464 16
f 1189
a 2567 3488 64
f 706
a 2568 496 256
f 2156
a 2569 49296 16
f 2280
a 2570 30448 64
f 1852
a 2571 5984 64
f 2452
a 2572 20160 256
f 1007
a 2573 3696 64
f 2530
a 2574 3920 256
f 2251
a 2575 3728 256
f 1900
a 2576 20688 16
f 262
a 2577 400 16
f 1839
a 2578 5392 256
f 2532
a 2579 1152 16
f 1856
a 2580 4208 16
f 1817
a 2581 11744 256
f 1955
a 2582 2384 256
f 2098
a 2583 10096 256
f 1650
a 2584 4160 256
f 1560
a 2585 1808 16
f 1194
a 2586 1568 16
f 2379
a 2587 784 64
f 1868
a 2588 304 16
f 2064
a 2589 1808 64
f 2042
a 2590 57376 256
f 1882
a 2591 38880 256
f 2411
a 2592 47568 16
f 1563
a 2593 6576 16
f 398
a 2594 1648 256
f 1150
a 2595 24160 16
f 2127
a 2596 448 64
f 2082
a 2597 15008 16
f 2095
a 2598 18128 256
f 1906
a 2599 1920 16
f 2483
a 2600 8480 64
f 2413
a 2601 10848 16
f 893
a 2602 5136 16
f 2008
a 2603 2144 256
f 39
a 2604 18352 256
f 1953
a 2605 52560 64
f 2350
a 2606 3456 16
f 1181
a 2607 30432 64
f 1969
a 2608 20784 256
f 2267
a 2609 736 256
f 1573
a 2610 8080 256
f 2175
a 2611 768 256
f 2480
a 2612 8512 64
f 2317
a 2613 14416 256
f 2463
a 2614 15280 256
f 1745
a 2615 416 256
f 1761
a 2616 46736 16
f 656
a 2617 784 16
f 925
a 2618 40000 64
f 1462
a 2619 27360 64
f 2149
a 2620 464 256
f 1184
a 2621 304 64
f 2571
a 2622 23072 64
f 1846
a 2623 5392 256
f 1671
a 2624 11216 256
f 2624
a 2625 13200 256
f 1264
a 2626 1792 256
f 2616
a 2627 26704 64
f 2111
a 2628 35904 64
f 596
a 2629 16288 16
f 1345
a 2630 896 64
f 1787
a 2631 9296 64
f 2236
a 2632 1264 16
f 2533
a 2633 59024 16
f 1812
a 2634 768 64
f 1035
a 2635 3504 64
f 1930
a 2636 1904 64
f 1192
a 2637 38592 64
f 2283
a 2638 7536 64
f 729
a 2639 320 16
f 1768
a 2640 27760 256
f 1792
a 2641 56384 256
f 1704
a 2642 1136 256
f 1937
a 2643 29872 64
f 357
a 2644 432 256
f 2418
a 2645 14544 16
f 2442
a 2646 1120 256
f 1503
a 2647 7744 16
f 277
a 2648 1168 256
f 2461
a 2649 11200 16
f 1281
a 2650 320 256
f 2222
a 2651 3200 16
f 2604
a 2652 432 64
f 2246
a 2653 288 256
f 1971
a 2654 624 16
f 1421
a 2655 16928 16
f 1261
a 2656 1200 256
f 1783
a 2657 59648 64
f 1419
a 2658 4160 16
f 643
a 2659 9744 256
f 2424
a 2660 5120 16
f 2526
a 2661 3648 256
f 1829
a 2662 19648 64
f 2395
a 2663 2800 256
f 1957
a 2664 2480 256
f 1925
a 2665 11024 256
f 1207
a 2666 6976 16
f 2186
a 2667 24480 256
f 169
a 2668 448 16
f 293
a 2669 1024 16
f 2383
a 2670 18736 256
f 1919
a 2671 880 256
f 1889
a 2672 22512 64
f 1828
a 2673 464 256
f 2569
a 2674 272 16
f 2670
a 2675 49344 64
f 2645
a 2676 24896 256
f 2137
a 2677 17456 256
f 1321
a 2678 304 64
f 430
a 2679 560 256
f 2503
a 2680 1600 16
f 2606
a 2681 5344 16
f 2545
a 2682 6368 64
f 1208
a 2683 46112 256
f 626
a 2684 272 16
f 17
a 2685 5648 16
f 1327
a 2686 31008 64
f 2132
a 2687 1488 256
f 1285
a 2688 6112 256
f 815
a 2689 3040 16
f 2388
a 2690 1920 16
f 2646
a 2691 1744 256
f 2508
a 2692 2064 16
f 2191
a 2693 2624 64
f 2666
a 2694 44640 64
f 2244
a 2695 3040 64
f 2158
a 2696 1104 16
f 1483
a 2697 960 64
f 1543
a 2698 14080 64
f 2229
a 2699 688 16
f 2294
a 2700 400 256
f 1016
a 2701 336 64
f 1933
a 2702 368 16
f 552
a 2703 6208 16
f 2573
a 2704 384 64
f 2673
a 2705 55488 16
f 210
a 2706 26672 16
f 2293
a 2707 6448 16
f 2667
a 2708 912 64
f 2277
a 2709 368 16
f 1676
a 2710 1744 256
f 2630
a 2711 672 64
f 141
a 2712 3664 64
f 1080
a 2713 2288 256
f 2051
a 2714 6480 256
f 1772
a 2715 33712 16
f 948
a 2716 11392 256
f 2655
a 2717 29008 256
f 2124
a 2718 1024 64
f 2650
a 2719 1552 16
f 1947
a 2720 1696 64
f 2632
a 2721 42096 256
f 2235
a 2722 832 64
f 1505
a 2723 16048 256
f 1469
a 2724 22496 16
f 2668
a 2725 6704 64
f 1707
a 2726 1072 256
f 1434
a 2727 1712 16
f 2628
a 2728 368 64
f 2142
a 2729 368 256
f 1744
a 2730 8192 16
f 2354
a 2731 10608 64
f 251
a 2732 416 256
f 2527
a 2733 31168 256
f 2639
a 2734 592 256
f 2130
a 2735 5824 16
f 2465
a 2736 13536 256
f 2052
a 2737 63408 256
f 2359
a 2738 6992 256
f 1509
a 2739 336 256
f 2712
a 2740 1600 64
f 320
a 2741 11584 64
f 798
a 2742 1808 16
f 2718
a 2743 7472 256
f 2737
a 2744 880 256
f 2240
a 2745 1264 16
f 1924
a 2746 25296 256
f 2164
a 2747 4512 16
f 2689
a 2748 3248 16
f 2427
a 2749 1824 64
f 1825
a 2750 880 64
f 738
a 2751 512 256
f 1843
a 2752 14336 16
f 2404
a 2753 976 256
f 2699
a 2754 816 256
f 2439
a 2755 352 64
f 2576
a 2756 56432 16
f 231
a 2757 736 256
f 2584
a 2758 752 256
f 2061
a 2759 41232 64
f 2494
a 2760 1056 16
f 1994
a 2761 3392 16
f 2013
a 2762 496 256
f 2056
a 2763 2336 16
f 2346
a 2764 384 16
f 13
a 2765 2592 64
f 233
a 2766 60208 64
f 2237
a 2767 2608 64
f 1378
a 2768 464 256
f 1019
a 2769 1360 256
f 1073
a 2770 512 256
f 1286
a 2771 2656 256
f 2511
a 2772 16672 64
f 143
a 2773 1920 16
f 1850
a 2774 464 256
f 2531
a 2775 58128 256
f 2440
a 2776 1040 16
f 1555
a 2777 45776 16
f 2734
a 2778 1008 256
f 1482
a 2779 3360 64
f 2357
a 2780 5648 256
f 67
a 2781 1024 64
f 802
a 2782 1968 16
f 1847
a 2783 3328 64
f 2171
a 2784 10448 256
f 2154
a 2785 3072 256
f 1964
a 2786 992 256
f 2329
a 2787 272 64
f 2285
a 2788 59856 16
f 2288
a 2789 14080 16
f 1407
a 2790 704 16
f 2497
a 2791 39568 16
f 333
a 2792 1392 16
f 2367
a 2793 512 256
f 1174
a 2794 1840 256
f 2596
a 2795 35312 16
f 2342
a 2796 25360 256
f 1833
a 2797 416 16
f 2781
a 2798 656 256
f 2595
a 2799 40576 64
f 1728
a 2800 17168 16
f 2726
a 2801 720 16
f 2801
a 2802 13792 64
f 2528
a 2803 9648 16
f 1423
a 2804 29824 64
f 2372
a 2805 29776 256
f 1037
a 2806 59328 16
f 1085
a 2807 4128 64
f 2097
a 2808 1984 64
f 1902
a 2809 22672 256
f 2093
a 2810 43456 64
f 2776
a 2811 2848 256
f 1436
a 2812 1280 256
f 2722
a 2813 46192 64
f 2169
a 2814 62000 256
f 2740
a 2815 15072 256
f 1739
a 2816 7456 16
f 324
a 2817 496 256
f 1593
a 2818 4080 16
f 349
a 2819 7360 16
f 2769
a 2820 512 64
f 2021
a 2821 7760 64
f 2247
a 2822 8752 64
f 2672
a 2823 1056 16
f 887
a 2824 25792 16
f 335
a 2825 60256 256
f 2464
a 2826 336 64
f 2771
a 2827 45792 16
f 2044
a 2828 6032 64
f 2529
a 2829 7968 64
f 253
a 2830 944 256
f 2449
a 2831 1808 64
f 2224
a 2832 864 16
f 2369
a 2833 32672 64
f 2488
a 2834 12832 64
f 2525
a 2835 10656 16
f 2582
a 2836 480 64
f 2558
a 2837 12144 64
f 1490
a 2838 336 16
f 2458
a 2839 2144 256
f 1200
a 2840 25632 16
f 2640
a 2841 11968 256
f 2103
a 2842 480 16
f 2212
a 2843 1936 16
f 2167
a 2844 64256 16
f 1773
a 2845 61488 256
f 2823
a 2846 11504 256
f 2800
a 2847 1152 16
f 2315
a 2848 7776 16
f 326
a 2849 17248 64
f 2239
a 2850 5008 256
f 2534
a 2851 30784 64
f 532
a 2852 1168 16
f 2779
a 2853 1760 256
f 2493
a 2854 50544 256
f 2717
a 2855 576 16
f 2327
a 2856 1568 256
f 2724
a 2857 2032 64
f 2572
a 2858 320 16
f 2310
a 2859 3504 16
f 2209
a 2860 52896 256
f 2694
a 2861 1040 16
f 2394
a 2862 880 256
f 2713
a 2863 336 64
f 2010
a 2864 6816 64
f 1651
a 2865 57392 16
f 2398
a 2866 1728 256
f 1791
a 2867 43968 256
f 2834
a 2868 1040 16
f 1001
a 2869 17088 256
f 2094
a 2870 5280 16
f 2199
a 2871 12960 256
f 2238
a 2872 22192 256
f 944
a 2873 688 16
f 2135
a 2874 22736 256
f 2662
a 2875 1536 256
f 1162
a 2876 55056 64
f 2332
a 2877 14096 256
f 2782
a 2878 7648 16
f 2257
a 2879 1216 64
f 2161
a 2880 1792 256
f 2688
a 2881 1680 256
f 2683
a 2882 1376 64
f 2697
a 2883 26864 16
f 2085
a 2884 59248 256
f 1736
a 2885 368 16
f 2232
a 2886 448 256
f 1111
a 2887 3792 64
f 2471
a 2888 992 16
f 2384
a 2889 1280 16
f 2818
a 2890 11136 256
f 2728
a 2891 1008 256
f 2547
a 2892 4672 16
f 2890
a 2893 384 256
f 635
a 2894 832 256
f 1757
a 2895 21472 256
f 390
a 2896 14560 64
f 2871
a 2897 1744 64
f 2687
a 2898 3024 16
f 882
a 2899 63344 16
f 2671
a 2900 6064 16
f 2591
a 2901 1376 64
f 354
a 2902 2896 256
f 732
a 2903 31888 256
f 2695
a 2904 11168 256
f 2746
a 2905 912 256
f 501
a 2906 288 256
f 2611
a 2907 576 64
f 1796
a 2908 2768 64
f 531
a 2909 7584 64
f 1635
a 2910 544 16
f 2145
a 2911 688 16
f 173
a 2912 14432 16
f 771
a 2913 10048 256
f 881
a 2914 368 256
f 2009
a 2915 29680 16
f 2189
a 2916 480 16
f 2742
a 2917 10272 256
f 2544
a 2918 15488 16
f 1340
a 2919 1680 16
f 2363
a 2920 1808 16
f 2652
a 2921 592 16
f 2217
a 2922 1088 16
f 2409
a 2923 336 16
f 2434
a 2924 19584 256
f 2428
a 2925 3776 64
f 2681
a 2926 8464 64
f 1988
a 2927 14752 16
f 1256
a 2928 1824 16
f 2586
a 2929 12416 256
f 2151
a 2930 320 16
f 1942
a 2931 19248 16
f 2855
a 2932 64624 16
f 2760
a 2933 784 16
f 2902
a 2934 8144 256
f 1266
a 2935 1776 256
f 2002
a 2936 21136 64
f 1737
a 2937 2672 16
f 2575
a 2938 51760 16
f 2467
a 2939 352 16
f 2939
a 2940 1536 64
f 1878
a 2941 56832 64
f 1949
a 2942 42224 16
f 2764
a 2943 432 16
f 334
a 2944 23200 64
f 777
a 2945 304 256
f 75
a 2946 57968 256
f 2502
a 2947 800 256
f 2268
a 2948 656 64
f 373
a 2949 16032 16
f 2356
a 2950 45776 256
f 2322
a 2951 1344 64
f 579
a 2952 36048 64
f 2675
a 2953 24224 16
f 1071
a 2954 58816 64
f 530
a 2955 1008 16
f 1204
a 2956 3248 256
f 2415
a 2957 2656 64
f 2897
a 2958 3808 64
f 1733
a 2959 26096 16
f 2862
a 2960 352 256
f 1836
a 2961 3808 16
f 2828
a 2962 880 64
f 361
a 2963 20336 64
f 2877
a 2964 27184 256
f 2460
a 2965 320 16
f 2330
a 2966 25536 16
f 2364
a 2967 6992 16
f 1148
a 2968 7744 64
f 2457
a 2969 1584 16
f 2385
a 2970 15952 256
f 2676
a 2971 1504 16
f 2700
a 2972 36016 16
f 1299
a 2973 1264 16
f 1992
a 2974 496 256
f 1438
a 2975 8432 64
f 2352
a 2976 21136 16
f 790
a 2977 1872 16
f 2795
a 2978 13888 16
f 2549
a 2979 10352 64
f 559
a 2980 944 256
f 2817
a 2981 3520 256
f 128
a 2982 1072 256
f 861
a 2983 976 16
f 1375
a 2984 22544 16
f 2043
a 2985 8656 256
f 1854
a 2986 5968 64
f 1871
a 2987 14624 256
f 1578
a 2988 10048 64
f 2848
a 2989 6320 64
f 2578
a 2990 448 256
f 1508
a 2991 1024 64
f 2377
a 2992 1520 64
f 2407
a 2993 480 16
f 2295
a 2994 1952 16
f 2105
a 2995 7584 64
f 2903
a 2996 336 256
f 2490
a 2997 21888 16
f 1810
a 2998 432 64
f 1451
a 2999 20832 64
c step-2000
f 2559
a 3000 10208 256
f 1308
a 3001 2768 256
f 2720
a 3002 7568 64
f 2445
a 3003 1536 64
f 1307
a 3004 1440 256
f 2991
a 3005 976 64
f 2647
a 3006 56528 16
f 1623
a 3007 46720 256
f 6
a 3008 6000 16
f 422
a 3009 976 16
f 1842
a 3010 1408 64
f 735
a 3011 960 256
f 2441
a 3012 14864 16
f 2319
a 3013 36096 256
f 1985
a 3014 47312 16
f 2393
a 3015 65136 256
f 730
a 3016 9664 64
f 2402
a 3017 4048 16
f 2870
a 3018 11600 64
f 2159
a 3019 6128 16
f 2284
a 3020 4896 64
f 2981
a 3021 624 256
f 2431
a 3022 9664 256
f 2844
a 3023 656 16
f 1577
a 3024 368 16
f 370
a 3025 16544 64
f 3016
a 3026 432 64
f 2220
a 3027 5232 256
f 3014
a 3028 2192 256
f 2555
a 3029 20432 256
f 2858
a 3030 368 16
f 1819
a 3031 880 16
f 2444
a 3032 60656 64
f 3006
a 3033 448 256
f 2927
a 3034 24512 256
f 230
a 3035 368 256
f 2837
a 3036 2352 256
f 2141
a 3037 3024 16
f 2316
a 3038 496 64
f 1944
a 3039 2880 64
f 2663
a 3040 2256 64
f 2869
a 3041 1008 64
f 2738
a 3042 4288 256
f 2922
a 3043 3088 16
f 2058
a 3044 1104 16
f 1370
a 3045 20896 64
f 2223
a 3046 8928 16
f 2886
a 3047 28016 256
f 2816
a 3048 400 64
f 2475
a 3049 6416 256
f 2067
a 3050 13984 16
f 2945
a 3051 8256 16
f 2609
a 3052 752 64
f 2893
a 3053 11008 64
f 1946
a 3054 22896 64
f 2345
a 3055 49840 16
f 549
a 3056 576 16
f 2234
a 3057 1552 16
f 2412
a 3058 1120 16
f 2749
a 3059 2464 256
f 2597
a 3060 18432 64
f 2984
a 3061 24832 256
f 1229
a 3062 8592 64
f 2477
a 3063 6864 16
f 1891
a 3064 3040 64
f 1990
a 3065 816 256
f 1917
a 3066 912 256
f 2272
a 3067 2032 256
f 1254
a 3068 56416 256
f 1360
a 3069 1104 256
f 2406
a 3070 1200 256
f 3040
a 3071 3824 256
f 2751
a 3072 1920 16
f 2965
a 3073 15216 16
f 594
a 3074 21392 64
f 2977
a 3075 18288 256
f 500
a 3076 48720 64
f 2225
a 3077 4528 256
f 2733
a 3078 15248 256
f 2643
a 3079 304 64
f 1395
a 3080 21872 16
f 2798
a 3081 49616 16
f 3037
a 3082 352 256
f 2453
a 3083 35280 16
f 2024
a 3084 336 64
f 2513
a 3085 37424 64
f 130
a 3086 1568 256
f 2716
a 3087 848 256
f 2813
a 3088 10288 16
f 2387
a 3089 528 16
f 2472
a 3090 8944 16
f 2450
a 3091 592 16
f 3007
a 3092 2400 16
f 2959
a 3093 400 64
f 2765
a 3094 10096 256
f 3087
a 3095 976 16
f 3031
a 3096 56368 64
f 2698
a 3097 9584 64
f 2589
a 3098 464 16
f 2252
a 3099 43040 16
f 3090
a 3100 35520 16
f 2906
a 3101 3536 256
f 2752
a 3102 576 64
f 2276
a 3103 12064 64
f 2853
a 3104 14592 256
f 2988
a 3105 9840 16
f 2810
a 3106 624 256
f 189
a 3107 1792 256
f 583
a 3108 23568 256
f 1347
a 3109 304 16
f 3054
a 3110 7472 64
f 1786
a 3111 13168 256
f 2581
a 3112 29488 256
f 682
a 3113 2208 64
f 2920
a 3114 38736 16
f 2994
a 3115 448 64
f 2333
a 3116 52000 16
f 3112
a 3117 6432 256
f 2245
a 3118 17024 64
f 1831
a 3119 64528 256
f 2421
a 3120 1840 16
f 1322
a 3121 2384 64
f 2592
a 3122 2480 256
f 2841
a 3123 12416 16
f 1806
a 3124 3424 64
f 1586
a 3125 3376 256
f 3029
a 3126 2096 256
f 1173
a 3127 1584 16
f 2080
a 3128 1200 16
f 2106
a 3129 22032 16
f 1834
a 3130 56144 256
f 2275
a 3131 960 16
f 2966
a 3132 1792 16
f 1730
a 3133 10592 64
f 3056
a 3134 1152 256
f 1972
a 3135 48496 64
f 2739
a 3136 976 256
f 2759
a 3137 7280 256
f 1713
a 3138 864 64
f 2696
a 3139 7104 64
f 2710
a 3140 368 256
f 2320
a 3141 4816 256
f 3104
a 3142 1680 64
f 3116
a 3143 448 16
f 1339
a 3144 352 64
f 2934
a 3145 864 16
f 2644
a 3146 48560 256
f 998
a 3147 24736 16
f 1309
a 3148 44480 16
f 2950
a 3149 1552 256
f 3118
a 3150 7664 64
f 995
a 3151 5488 64
f 2875
a 3152 46176 256
f 641
a 3153 11104 64
f 2976
a 3154 35072 16
f 3101
a 3155 8112 16
f 54
a 3156 16992 64
f 1420
a 3157 49616 256
f 3020
a 3158 2880 64
f 1596
a 3159 3216 256
f 2118
a 3160 22784 16
f 819
a 3161 7488 64
f 2874
a 3162 1152 64
f 1562
a 3163 3488 256
f 191
a 3164 52432 256
f 3091
a 3165 976 16
f 2727
a 3166 1536 64
f 1205
a 3167 3040 256
f 3134
a 3168 26528 16
f 2368
a 3169 2640 256
f 3109
a 3170 1040 64
f 2768
a 3171 464 64
f 1801
a 3172 22752 256
f 2723
a 3173 1344 256
f 2975
a 3174 1920 16
f 2360
a 3175 61344 16
f 1008
a 3176 24736 64
f 1170
a 3177 4960 256
f 3170
a 3178 384 16
f 2680
a 3179 512 256
f 2548
a 3180 30784 64
f 663
a 3181 384 16
f 2809
a 3182 384 16
f 3168
a 3183 720 256
f 3138
a 3184 2384 64
f 2808
a 3185 1824 256
f 2812
a 3186 5776 64
f 2832
a 3187 28320 16
f 3159
a 3188 10096 64
f 2866
a 3189 33040 256
f 1536
a 3190 13696 16
f 2665
a 3191 912 64
f 975
a 3192 736 16
f 782
a 3193 1632 64
f 1427
a 3194 2416 64
f 2577
a 3195 784 64
f 2617
a 3196 1664 64
f 1626
a 3197 11088 64
f 448
a 3198 7552 256
f 355
a 3199 432 16
f 2479
a 3200 1248 256
f 3017
a 3201 5584 256
f 2115
a 3202 46816 64
f 1755
a 3203 384 256
f 2390
a 3204 6368 64
f 1667
a 3205 1024 64
f 2373
a 3206 43504 256
f 2208
a 3207 768 16
f 2785
a 3208 1952 16
f 1106
a 3209 51232 64
f 2046
a 3210 672 64
f 3161
a 3211 61056 256
f 713
a 3212 44512 64
f 1927
a 3213 60400 16
f 3195
a 3214 4016 256
f 598
a 3215 288 16
f 3111
a 3216 55680 256
f 3100
a 3217 896 256
f 3117
a 3218 1840 16
f 1851
a 3219 1152 16
f 2539
a 3220 3072 256
f 2969
a 3221 3056 16
f 1241
a 3222 15568 256
f 1797
a 3223 4624 64
f 2055
a 3224 7776 16
f 1995
a 3225 672 16
f 795
a 3226 400 64
f 2686
a 3227 37808 256
f 2535
a 3228 2096 256
f 3220
a 3229 14160 64
f 2773
a 3230 5472 256
f 2219
a 3231 1520 16
f 2887
a 3232 4528 256
f 2501
a 3233 8496 256
f 2775
a 3234 31680 64
f 855
a 3235 56640 256
f 1607
a 3236 1760 64
f 2036
a 3237 6928 64
f 2791
a 3238 14608 64
f 3129
a 3239 3904 256
f 1997
a 3240 23504 16
f 2022
a 3241 34896 64
f 1874
a 3242 992 256
f 3000
a 3243 672 256
f 2514
a 3244 3104 16
f 1018
a 3245 6592 256
f 1899
a 3246 6512 16
f 3011
a 3247 14896 16
f 1885
a 3248 864 16
f 2842
a 3249 23712 256
f 3199
a 3250 400 256
f 874
a 3251 2896 256
f 3140
a 3252 736 16
f 2148
a 3253 784 16
f 2351
a 3254 2432 64
f 2371
a 3255 5312 64
f 3045
a 3256 416 64
f 2943
a 3257 6640 16
f 3142
a 3258 432 256
f 3070
a 3259 64416 256
f 2537
a 3260 44768 64
f 2279
a 3261 9568 256
f 1894
a 3262 6944 64
f 3197
a 3263 22592 16
f 3062
a 3264 65056 16
f 1748
a 3265 20384 64
f 3145
a 3266 5600 64
f 2719
a 3267 34848 64
f 2669
a 3268 24256 16
f 3061
a 3269 53200 256
f 103
a 3270 1600 16
f 2187
a 3271 21920 64
f 2520
a 3272 832 16
f 2446
a 3273 2752 16
f 157
a 3274 28480 64
f 2831
a 3275 528 256
f 3115
a 3276 9568 16
f 3002
a 3277 54496 16
f 3155
a 3278 1856 16
f 2202
a 3279 352 256
f 1751
a 3280 6896 64
f 2542
a 3281 2656 256
f 136
a 3282 39504 64
f 1982
a 3283 1632 256
f 2960
a 3284 50928 16
f 2443
a 3285 5856 256
f 3249
a 3286 40448 64
f 2852
a 3287 1968 256
f 1244
a 3288 19920 256
f 3268
a 3289 57648 256
f 1186
a 3290 13856 64
f 2215
a 3291 3968 256
f 3277
a 3292 352 64
f 2883
a 3293 23728 64
f 484
a 3294 1024 256
f 2621
a 3295 608 16
f 2561
a 3296 1936 256
f 2512
a 3297 368 64
f 2833
a 3298 960 256
f 3146
a 3299 1424 256
f 2306
a 3300 58800 16
f 1428
a 3301 50912 16
f 1652
a 3302 2000 64
f 2967
a 3303 28576 64
f 1265
a 3304 31376 256
f 2949
a 3305 2480 64
f 1884
a 3306 7456 64
f 60
a 3307 28800 64
f 2580
a 3308 56480 16
f 3265
a 3309 32624 256
f 1109
a 3310 11584 64
f 2829
a 3311 15312 16
f 620
a 3312 960 16
f 1275
a 3313 624 64
f 2290
a 3314 3840 64
f 2091
a 3315 29696 256
f 3110
a 3316 5952 64
f 1712
a 3317 320 256
f 2641
a 3318 1280 256
f 1753
a 3319 14736 16
f 2516
a 3320 1424 64
f 2891
a 3321 1040 64
f 3289
a 3322 12272 16
f 2860
a 3323 352 256
f 1886
a 3324 2336 64
f 1064
a 3325 1888 256
f 3021
a 3326 288 16
f 2864
a 3327 20016 64
f 3291
a 3328 336 64
f 2847
a 3329 288 64
f 1897
a 3330 784 256
f 1260
a 3331 1264 64
f 1507
a 3332 14864 64
f 3232
a 3333 14096 256
f 2854
a 3334 384 256
f 2323
a 3335 41664 256
f 2266
a 3336 480 16
f 2593
a 3337 28256 256
f 2505
a 3338 2096 64
f 2735
a 3339 48928 256
f 1072
a 3340 576 16
f 3254
a 3341 2576 256
f 2919
a 3342 28560 64
f 775
a 3343 2000 16
f 2552
a 3344 6368 64
f 2430
a 3345 3712 16
f 3299
a 3346 480 16
f 951
a 3347 6992 64
f 2438
a 3348 320 64
f 2509
a 3349 32544 64
f 2651
a 3350 37136 64
f 3319
a 3351 30832 256
f 705
a 3352 56432 256
f 2318
a 3353 4688 64
f 2381
a 3354 2544 256
f 3334
a 3355 1136 16
f 2194
a 3356 464 256
f 3248
a 3357 3728 16
f 2625
a 3358 63904 64
f 2918
a 3359 592 64
f 2136
a 3360 9856 64
f 163
a 3361 864 16
f 2256
a 3362 26096 64
f 313
a 3363 3264 16
f 3187
a 3364 336 64
f 2783
a 3365 28928 64
f 816
a 3366 23680 16
f 2510
a 3367 17280 64
f 3033
a 3368 7488 16
f 3214
a 3369 7024 256
f 2784
a 3370 12128 256
f 3192
a 3371 1504 16
f 429
a 3372 368 256
f 3154
a 3373 15536 256
f 3366
a 3374 640 16
f 240
a 3375 19152 64
f 2838
a 3376 8464 64
f 3314
a 3377 560 256
f 2964
a 3378 35040 256
f 3196
a 3379 5744 16
f 2039
a 3380 592 64
f 3171
a 3381 672 64
f 2436
a 3382 1440 64
f 2193
a 3383 1376 256
f 2168
a 3384 27600 64
f 3340
a 3385 51920 16
f 3093
a 3386 57136 16
f 2425
a 3387 28128 64
f 2705
a 3388 4688 16
f 3372
a 3389 4960 256
f 2026
a 3390 320 256
f 2326
a 3391 2880 64
f 2721
a 3392 11328 16
f 2474
a 3393 12992 16
f 2309
a 3394 720 64
f 2905
a 3395 49440 64
f 3098
a 3396 4064 64
f 2615
a 3397 1536 64
f 3123
a 3398 272 64
f 2070
a 3399 5264 64
f 3288
a 3400 5152 256
f 2701
a 3401 864 64
f 456
a 3402 47664 16
f 2873
a 3403 512 256
f 1907
a 3404 7632 64
f 2836
a 3405 1840 16
f 3183
a 3406 21200 16
f 288
a 3407 48016 64
f 3377
a 3408 368 64
f 3274
a 3409 64976 256
f 2422
a 3410 2048 64
f 3198
a 3411 19344 16
f 2489
a 3412 384 256
f 3284
a 3413 44368 16
f 116
a 3414 1856 256
f 3280
a 3415 368 64
f 3323
a 3416 1280 64
f 249
a 3417 8848 256
f 3132
a 3418 19104 16
f 3055
a 3419 608 64
f 3217
a 3420 47888 64
f 2956
a 3421 35056 16
f 2312
a 3422 800 256
f 2957
a 3423 13008 64
f 2160
a 3424 1088 256
f 2895
a 3425 3200 256
f 1939
a 3426 64240 16
f 2901
a 3427 1696 16
f 2608
a 3428 2000 16
f 764
a 3429 38128 256
f 1660
a 3430 62080 64
f 2923
a 3431 2832 64
f 2894
a 3432 1248 256
f 1191
a 3433 512 64
f 1721
a 3434 3664 256
f 3351
a 3435 20976 16
f 2955
a 3436 1360 16
f 2605
a 3437 992 64
f 1501
a 3438 14352 256
f 1135
a 3439 28448 256
f 3158
a 3440 13488 16
f 282
a 3441 10544 64
f 1610
a 3442 1152 256
f 3207
a 3443 6000 256
f 2370
a 3444 640 64
f 3193
a 3445 352 64
f 166
a 3446 1680 64
f 3434
a 3447 9056 16
f 2128
a 3448 1008 16
f 209
a 3449 7888 256
f 3411
a 3450 2576 16
f 671
a 3451 46592 64
f 2654
a 3452 30944 64
f 2553
a 3453 912 256
f 3135
a 3454 3760 64
f 1675
a 3455 18720 256
f 3446
a 3456 60576 16
f 3086
a 3457 1104 256
f 2196
a 3458 40048 256
f 3328
a 3459 1936 64
f 3303
a 3460 1248 64
f 2744
a 3461 576 256
f 3227
a 3462 3840 16
f 3457
a 3463 5824 16
f 1440
a 3464 912 16
f 2703
a 3465 6032 16
f 3453
a 3466 51440 256
f 2084
a 3467 480 256
f 265
a 3468 320 256
f 2378
a 3469 30784 256
f 1857
a 3470 6432 16
f 3242
a 3471 15440 16
f 2607
a 3472 3024 256
f 3417
a 3473 12992 64
f 1076
a 3474 12656 256
f 1236
a 3475 272 64
f 954
a 3476 352 16
f 1567
a 3477 32512 256
f 369
a 3478 13008 64
f 1409
a 3479 384 64
f 1782
a 3480 720 256
f 2706
a 3481 1136 64
f 2560
a 3482 352 64
f 2935
a 3483 6848 16
f 2104
a 3484 384 64
f 2690
a 3485 5664 256
f 3362
a 3486 32064 256
f 2878
a 3487 31168 16
f 3455
a 3488 1600 64
f 3228
a 3489 30112 64
f 1609
a 3490 1504 16
f 62
a 3491 6656 256
f 3435
a 3492 46992 16
f 3357
a 3493 26336 16
f 3476
a 3494 3120 16
f 2601
a 3495 6832 16
f 2231
a 3496 42448 64
f 3032
a 3497 480 256
f 3370
a 3498 1008 16
f 2562
a 3499 14160 64
c step-2500
f 3137
a 3500 4384 256
f 1943
a 3501 384 256
f 3173
a 3502 928 64
f 701
a 3503 288 256
f 3500
a 3504 19568 256
f 315
a 3505 784 256
f 2517
a 3506 1472 16
f 3450
a 3507 6176 64
f 3234
a 3508 12432 64
f 3166
a 3509 1040 64
f 3022
a 3510 1312 64
f 2747
a 3511 1136 16
f 260
a 3512 29792 64
f 2543
a 3513 34400 16
f 3231
a 3514 2528 16
f 3443
a 3515 10224 64
f 3092
a 3516 60848 16
f 3149
a 3517 720 64
f 3256
a 3518 4208 16
f 2396
a 3519 30128 256
f 3368
a 3520 432 64
f 2799
a 3521 656 256
f 1185
a 3522 65072 256
f 3001
a 3523 13136 64
f 2107
a 3524 53920 64
f 3309
a 3525 2784 16
f 1654
a 3526 1024 64
f 2892
a 3527 11184 16
f 3172
a 3528 1872 16
f 1425
a 3529 11856 16
f 1230
a 3530 5440 256
f 2636
a 3531 384 256
f 3322
a 3532 6016 64
f 1617
a 3533 2752 64
f 2498
a 3534 2240 256
f 3125
a 3535 10800 16
f 2827
a 3536 3504 16
f 1446
a 3537 28928 64
f 3053
a 3538 3344 256
f 2755
a 3539 1776 64
f 2704
a 3540 23472 64
f 696
a 3541 7168 16
f 2990
a 3542 1376 256
f 3239
a 3543 16016 64
f 3213
a 3544 560 16
f 183
a 3545 1456 16
f 637
a 3546 608 64
f 3390
a 3547 864 16
f 2213
a 3548 1408 256
f 3083
a 3549 4656 256
f 2660
a 3550 3696 64
f 2750
a 3551 29360 64
f 1461
a 3552 448 16
f 510
a 3553 5856 64
f 2003
a 3554 1312 256
f 2880
a 3555 1424 256
f 3015
a 3556 10960 64
f 838
a 3557 416 64
f 2807
a 3558 352 16
f 2846
a 3559 29920 256
f 1695
a 3560 9440 256
f 2685
a 3561 4656 16
f 3094
a 3562 912 16
f 2287
a 3563 4768 256
f 3012
a 3564 1024 256
f 1690
a 3565 57616 16
f 3451
a 3566 1920 256
f 2089
a 3567 336 256
f 744
a 3568 928 16
f 3398
a 3569 57184 64
f 2978
a 3570 38496 256
f 1498
a 3571 26000 16
f 3084
a 3572 368 16
f 1558
a 3573 8192 256
f 3382
a 3574 3280 64
f 3320
a 3575 18720 16
f 2250
a 3576 1776 64
f 3563
a 3577 57664 16
f 2574
a 3578 10944 256
f 3335
a 3579 7920 256
f 3517
a 3580 1792 16
f 1905
a 3581 4032 16
f 3425
a 3582 3344 16
f 700
a 3583 26864 16
f 3456
a 3584 2336 16
f 2638
a 3585 23120 64
f 3354
a 3586 1856 64
f 384
a 3587 32496 16
f 2397
a 3588 1760 64
f 2570
a 3589 57280 16
f 3066
a 3590 6496 16
f 3409
a 3591 4128 256
f 2709
a 3592 33280 16
f 1775
a 3593 9184 16
f 2447
a 3594 29328 256
f 2881
a 3595 3840 64
f 2830
a 3596 1632 16
f 3410
a 3597 21936 64
f 3412
a 3598 62144 64
f 2206
a 3599 3440 256
f 3537
a 3600 28368 256
f 3464
a 3601 4048 256
f 3046
a 3602 4128 256
f 2603
a 3603 10512 16
f 152
a 3604 64224 256
f 3556
a 3605 7520 64
f 3414
a 3606 16928 16
f 3004
a 3607 18560 16
f 332
a 3608 448 16
f 2898
a 3609 32064 16
f 2794
a 3610 17536 64
f 2648
a 3611 4432 64
f 3295
a 3612 22976 16
f 3074
a 3613 10464 256
f 2429
a 3614 18480 64
f 2470
a 3615 37616 256
f 537
a 3616 3376 256
f 3120
a 3617 1056 16
f 3615
a 3618 28864 256
f 1399
a 3619 20496 256
f 1394
a 3620 20112 64
f 452
a 3621 30576 16
f 2242
a 3622 19088 16
f 2583
a 3623 12368 256
f 2634
a 3624 57680 64
f 1267
a 3625 576 16
f 2937
a 3626 8144 16
f 1754
a 3627 12928 256
f 2679
a 3628 13872 16
f 356
a 3629 352 256
f 3325
a 3630 57152 256
f 2907
a 3631 2656 16
f 2564
a 3632 48304 256
f 2758
a 3633 43088 64
f 2730
a 3634 1216 64
f 3360
a 3635 2752 16
f 3618
a 3636 10784 16
f 3273
a 3637 3360 256
f 3165
a 3638 29248 64
f 3441
a 3639 2720 256
f 1570
a 3640 1888 64
f 3540
a 3641 8960 16
f 1645
a 3642 28544 256
f 2843
a 3643 2160 64
f 3107
a 3644 8928 256
f 3293
a 3645 57328 64
f 966
a 3646 480 64
f 3633
a 3647 15664 16
f 3424
a 3648 1248 16
f 3418
a 3649 736 64
f 1661
a 3650 36288 16
f 1740
a 3651 464 64
f 2185
a 3652 368 16
f 3652
a 3653 576 16
f 3405
a 3654 19760 64
f 3169
a 3655 1136 64
f 3358
a 3656 5744 16
f 1916
a 3657 480 16
f 1815
a 3658 58976 256
f 2585
a 3659 45312 16
f 3113
a 3660 2560 256
f 752
a 3661 3872 16
f 3282
a 3662 26992 16
f 3344
a 3663 336 64
f 3514
a 3664 17360 16
f 2915
a 3665 58592 256
f 3068
a 3666 12128 256
f 3404
a 3667 368 256
f 2047
a 3668 6944 64
f 2787
a 3669 9168 16
f 3648
a 3670 32448 256
f 3150
a 3671 3264 64
f 3614
a 3672 1888 16
f 3063
a 3673 14464 256
f 2802
a 3674 3440 16
f 2954
a 3675 800 16
f 11
a 3676 320 64
f 3177
a 3677 57440 16
f 3363
a 3678 336 16
f 3290
a 3679 48288 16
f 871
a 3680 2720 16
f 3099
a 3681 3184 64
f 3071
a 3682 5520 64
f 2324
a 3683 12016 256
f 3201
a 3684 13488 256
f 2756
a 3685 1008 16
f 2851
a 3686 1360 16
f 3300
a 3687 560 64
f 2579
a 3688 2192 16
f 2623
a 3689 61760 64
f 3175
a 3690 496 256
f 2485
a 3691 1824 16
f 2885
a 3692 608 64
f 2518
a 3693 320 16
f 3466
a 3694 960 16
f 2811
a 3695 32688 16
f 2637
a 3696 5424 256
f 3241
a 3697 58000 64
f 2691
a 3698 30752 64
f 2612
a 3699 46704 64
f 3539
a 3700 28352 64
f 2451
a 3701 3504 16
f 3508
a 3702 5840 64
f 1468
a 3703 62176 256
f 1051
a 3704 3568 16
f 3252
a 3705 432 64
f 621
a 3706 7632 16
f 48
a 3707 1680 64
f 3039
a 3708 448 256
f 491
a 3709 23840 256
f 2448
a 3710 432 256
f 3141
a 3711 640 16
f 3338
a 3712 1648 256
f 3308
a 3713 30608 256
f 1779
a 3714 14720 256
f 3701
a 3715 7264 16
f 2792
a 3716 7344 16
f 3222
a 3717 6160 16
f 3682
a 3718 8016 256
f 3174
a 3719 48288 64
f 3292
a 3720 7200 256
f 3352
a 3721 608 64
f 2538
a 3722 14432 16
f 3541
a 3723 624 256
f 3313
a 3724 1952 64
f 2473
a 3725 4912 16
f 3079
a 3726 54704 16
f 3478
a 3727 944 16
f 1697
a 3728 1792 256
f 3637
a 3729 1008 64
f 2664
a 3730 18272 256
f 3629
a 3731 9840 64
f 3730
a 3732 4576 64
f 3163
a 3733 2272 16
f 3605
a 3734 53040 256
f 195
a 3735 592 256
f 3722
a 3736 1184 16
f 3526
a 3737 18528 64
f 2214
a 3738 41440 64
f 3733
a 3739 39376 16
f 3632
a 3740 28080 256
f 3736
a 3741 23248 16
f 3316
a 3742 544 64
f 1680
a 3743 6368 64
f 3692
a 3744 6528 16
f 3270
a 3745 12384 64
f 3480
a 3746 17808 256
f 3488
a 3747 14480 16
f 1581
a 3748 1216 16
f 3387
a 3749 1376 256
f 2803
a 3750 50832 64
f 2682
a 3751 7248 256
f 3473
a 3752 784 64
f 2125
a 3753 13072 256
f 2311
a 3754 15296 64
f 3237
a 3755 47584 256
f 2019
a 3756 1376 256
f 2303
a 3757 800 16
f 3587
a 3758 1712 256
f 2932
a 3759 50624 64
f 3359
a 3760 2880 64
f 3512
a 3761 672 16
f 3194
a 3762 14128 256
f 2745
a 3763 6480 16
f 3650
a 3764 29664 16
f 2856
a 3765 4032 64
f 1984
a 3766 352 64
f 2929
a 3767 528 16
f 161
a 3768 2512 64
f 2656
a 3769 2416 256
f 2138
a 3770 2912 64
f 3636
a 3771 1200 16
f 3534
a 3772 6352 16
f 2850
a 3773 5456 16
f 3379
a 3774 6944 64
f 3505
a 3775 10304 16
f 3119
a 3776 4496 16
f 2622
a 3777 10160 64
f 2190
a 3778 14208 16
f 2613
a 3779 3392 16
f 35
a 3780 7600 256
f 3401
a 3781 46800 16
f 63
a 3782 2768 16
f 2729
a 3783 39376 16
f 3440
a 3784 944 256
f 2947
a 3785 2320 64
f 901
a 3786 22176 64
f 3696
a 3787 880 256
f 3136
a 3788 4976 16
f 3557
a 3789 448 256
f 1379
a 3790 8448 256
f 3542
a 3791 22656 16
f 31
a 3792 2656 16
f 2867
a 3793 1520 256
f 3630
a 3794 50736 256
f 2684
a 3795 7120 64
f 2911
a 3796 1152 16
f 3260
a 3797 256 16
f 2692
a 3798 20272 64
f 1918
a 3799 1280 256
f 3121
a 3800 3152 64
f 1471
a 3801 416 64
f 3278
a 3802 464 16
f 2995
a 3803 640 64
f 2405
a 3804 14144 256
f 2519
a 3805 1968 16
f 2989
a 3806 2384 256
f 2941
a 3807 12080 256
f 3024
a 3808 13040 256
f 3108
a 3809 1840 16
f 3613
a 3810 384 16
f 2270
a 3811 1056 16
f 3105
a 3812 28128 256
f 1860
a 3813 1936 64
f 3321
a 3814 2416 16
f 3400
a 3815 368 256
f 3690
a 3816 880 256
f 2725
a 3817 2560 256
f 3324
a 3818 704 256
f 2914
a 3819 528 16
f 3030
a 3820 16272 256
f 3096
a 3821 464 64
f 3716
a 3822 3408 64
f 3677
a 3823 2304 64
f 3371
a 3824 320 16
f 3437
a 3825 21536 256
f 3326
a 3826 37568 16
f 3826
a 3827 60336 64
f 3075
a 3828 2400 16
f 3745
a 3829 448 16
f 1849
a 3830 1152 256
f 3461
a 3831 848 256
f 2821
a 3832 3104 256
f 3795
a 3833 49024 64
f 3739
a 3834 12880 16
f 3444
a 3835 944 64
f 3802
a 3836 288 256
f 3583
a 3837 4064 256
f 1637
a 3838 400 64
f 3602
a 3839 464 64
f 2602
a 3840 15200 16
f 2375
a 3841 14400 256
f 3301
a 3842 14816 256
f 3189
a 3843 7728 16
f 542
a 3844 1280 64
f 3797
a 3845 4000 64
f 1044
a 3846 15104 16
f 2743
a 3847 496 16
f 3167
a 3848 496 256
f 3356
a 3849 3488 256
f 290
a 3850 1792 16
f 2921
a 3851 352 256
f 3049
a 3852 1744 16
f 3259
a 3853 2240 64
f 3741
a 3854 336 16
f 2876
a 3855 26800 16
f 2466
a 3856 560 64
f 3688
a 3857 15440 256
f 3853
a 3858 46624 256
f 1547
a 3859 16768 64
f 3755
a 3860 5632 16
f 2083
a 3861 42608 256
f 2281
a 3862 1664 64
f 1921
a 3863 2688 256
f 1246
a 3864 53888 256
f 3307
a 3865 23632 256
f 3699
a 3866 624 16
f 2952
a 3867 640 16
f 3341
a 3868 496 16
f 3661
a 3869 1168 256
f 3429
a 3870 496 64
f 434
a 3871 29264 64
f 3005
a 3872 2288 256
f 3687
a 3873 3280 64
f 3567
a 3874 400 16
f 1224
a 3875 3824 16
f 2210
a 3876 35392 16
f 1809
a 3877 640 64
f 3329
a 3878 1216 64
f 1584
a 3879 1408 16
f 3626
a 3880 5680 256
f 3607
a 3881 3584 64
f 2000
a 3882 4144 64
f 3653
a 3883 9168 256
f 1393
a 3884 7264 64
f 2999
a 3885 3248 256
f 154
a 3886 2480 64
f 3673
a 3887 432 64
f 3694
a 3888 672 16
f 3861
a 3889 20944 16
f 2839
a 3890 1472 16
f 2347
a 3891 1952 16
f 3725
a 3892 1824 64
f 3431
a 3893 1840 64
f 3190
a 3894 46832 16
f 3813
a 3895 1376 256
f 3253
a 3896 6336 256
f 1785
a 3897 12784 64
f 3710
a 3898 28096 64
f 3490
a 3899 2576 16
f 2996
a 3900 4896 64
f 2912
a 3901 2624 256
f 1225
a 3902 14976 16
f 1337
a 3903 9072 256
f 3820
a 3904 3008 64
f 3596
a 3905 3280 64
f 929
a 3906 336 256
f 2879
a 3907 352 256
f 2974
a 3908 1104 16
f 3642
a 3909 30016 64
f 184
a 3910 14528 16
f 3332
a 3911 60400 64
f 3750
a 3912 7184 16
f 3606
a 3913 752 16
f 3402
a 3914 768 64
f 3245
a 3915 13712 256
f 3638
a 3916 7216 256
f 2598
a 3917 1488 256
f 3594
a 3918 13216 16
f 3645
a 3919 34896 16
f 3875
a 3920 18912 64
f 2392
a 3921 3584 16
f 3897
a 3922 5600 16
f 1866
a 3923 2944 64
f 3491
a 3924 26288 64
f 3346
a 3925 6080 64
f 2826
a 3926 11232 256
f 3847
a 3927 62320 64
f 3205
a 3928 272 256
f 3413
a 3929 992 16
f 3130
a 3930 1664 64
f 3927
a 3931 1008 16
f 3698
a 3932 1216 64
f 3912
a 3933 720 16
f 3251
a 3934 5184 16
f 3604
a 3935 944 64
f 3433
a 3936 288 64
f 2481
a 3937 5504 256
f 2487
a 3938 496 64
f 3868
a 3939 32896 16
f 3872
a 3940 6048 16
f 852
a 3941 5328 256
f 2888
a 3942 40896 16
f 3438
a 3943 2416 16
f 3428
a 3944 7504 16
f 3818
a 3945 1504 16
f 3406
a 3946 6816 256
f 3266
a 3947 7024 64
f 440
a 3948 11312 16
f 3515
a 3949 7984 16
f 3516
a 3950 1216 256
f 2300
a 3951 576 256
f 2403
a 3952 45984 16
f 2925
a 3953 496 256
f 3591
a 3954 5904 64
f 3624
a 3955 31696 16
f 3178
a 3956 656 256
f 2040
a 3957 400 16
f 3554
a 3958 688 256
f 3460
a 3959 496 16
f 3482
a 3960 2672 256
f 3395
a 3961 6208 256
f 3528
a 3962 17408 64
f 3392
a 3963 3184 64
f 3176
a 3964 464 256
f 2491
a 3965 56544 256
f 2780
a 3966 368 16
f 3586
a 3967 2080 16
f 2708
a 3968 4048 16
f 2980
a 3969 27520 256
f 2626
a 3970 7040 16
f 2469
a 3971 400 16
f 3793
a 3972 4608 64
f 3686
a 3973 768 16
f 3735
a 3974 28624 64
f 3069
a 3975 1552 64
f 3499
a 3976 272 64
f 3663
a 3977 24016 16
f 3286
a 3978 720 16
f 3958
a 3979 960 16
f 3279
a 3980 1680 256
f 2258
a 3981 704 64
f 3655
a 3982 9760 64
f 3481
a 3983 15040 16
f 2674
a 3984 2512 256
f 345
a 3985 4592 64
f 1548
a 3986 13488 16
f 3964
a 3987 31344 64
f 55
a 3988 32464 256
f 3610
a 3989 7200 64
f 3415
a 3990 1232 64
f 3935
a 3991 3808 256
f 2992
a 3992 480 64
f 743
a 3993 4528 16
f 3384
a 3994 5840 256
f 3810
a 3995 2976 256
f 3838
a 3996 816 256
f 3229
a 3997 416 256
f 3361
a 3998 19408 256
f 2205
a 3999 4064 256
c step-3000
f 3640
a 4000 15664 16
f 3864
a 4001 37088 256
f 3675
a 4002 47584 16
f 2822
a 4003 3568 256
f 477
a 4004 4288 64
f 3553
a 4005 24640 256
f 3899
a 4006 480 256
f 3041
a 4007 23456 16
f 3423
a 4008 40704 16
f 2366
a 4009 44336 16
f 3627
a 4010 576 256
f 905
a 4011 30112 64
f 2933
a 4012 2352 256
f 2896
a 4013 2768 64
f 3522
a 4014 416 64
f 3568
a 4015 1424 64
f 3003
a 4016 1808 64
f 2825
a 4017 22112 16
f 94
a 4018 544 16
f 3028
a 4019 5248 16
f 2820
a 4020 13008 16
f 3704
a 4021 3408 256
f 3593
a 4022 52208 64
f 3913
a 4023 4992 64
f 3430
a 4024 480 64
f 2649
a 4025 432 64
f 2599
a 4026 1456 64
f 3590
a 4027 656 256
f 2865
a 4028 50624 64
f 3493
a 4029 36640 64
f 3225
a 4030 448 64
f 3805
a 4031 384 256
f 4015
a 4032 36544 16
f 3080
a 4033 4144 256
f 3009
a 4034 46432 64
f 4030
a 4035 10464 256
f 1381
a 4036 29632 256
f 2113
a 4037 688 64
f 2948
a 4038 336 16
f 3825
a 4039 976 256
f 3738
a 4040 1504 64
f 3681
a 4041 3936 16
f 2476
a 4042 1504 16
f 3209
a 4043 912 256
f 3312
a 4044 29360 256
f 1443
a 4045 3232 64
f 3592
a 4046 656 64
f 2150
a 4047 464 256
f 3555
a 4048 1664 16
f 3758
a 4049 864 64
f 3536
a 4050 10944 64
f 1042
a 4051 15744 64
f 3792
a 4052 1648 16
f 2942
a 4053 23440 16
f 3759
a 4054 960 256
f 2972
a 4055 1808 16
f 2910
a 4056 22496 64
f 2031
a 4057 1024 256
f 3990
a 4058 6912 256
f 2565
a 4059 15088 16
f 3468
a 4060 288 64
f 1821
a 4061 5760 256
f 3786
a 4062 896 256
f 3420
a 4063 1968 256
f 3333
a 4064 1152 16
f 4024
a 4065 2720 256
f 3531
a 4066 928 256
f 3752
a 4067 384 16
f 3131
a 4068 1408 256
f 3625
a 4069 1648 16
f 3978
a 4070 432 256
f 664
a 4071 2928 256
f 3936
a 4072 1424 16
f 3845
a 4073 64048 256
f 3748
a 4074 4576 16
f 845
a 4075 752 16
f 3987
a 4076 29600 64
f 3597
a 4077 944 64
f 3153
a 4078 26624 64
f 2541
a 4079 31280 64
f 3572
a 4080 49792 16
f 1448
a 4081 480 64
f 3671
a 4082 5648 64
f 2983
a 4083 4240 16
f 3774
a 4084 7696 256
f 2913
a 4085 400 16
f 3772
a 4086 464 256
f 3932
a 4087 29392 256
f 3962
a 4088 10272 16
f 4067
a 4089 27216 256
f 3315
a 4090 4640 64
f 3885
a 4091 2720 256
f 3558
a 4092 896 256
f 1670
a 4093 1936 16
f 4025
a 4094 928 16
f 3930
a 4095 5056 64
f 2973
a 4096 1680 256
f 3635
a 4097 21056 64
f 2298
a 4098 8160 256
f 2102
a 4099 5072 256
f 2073
a 4100 1408 64
f 3806
a 4101 62000 64
f 3649
a 4102 464 64
f 3974
a 4103 2048 256
f 3038
a 4104 7312 256
f 3928
a 4105 1136 16
f 1069
a 4106 1584 256
f 3830
a 4107 368 16
f 3619
a 4108 288 64
f 3487
a 4109 368 64
f 3787
a 4110 2848 256
f 3972
a 4111 12368 256
f 4068
a 4112 18560 256
f 3981
a 4113 1472 256
f 3535
a 4114 816 64
f 2380
a 4115 3344 256
f 3999
a 4116 1168 16
f 3817
a 4117 1440 64
f 3156
a 4118 1312 64
f 4069
a 4119 47408 64
f 3854
a 4120 10240 64
f 4109
a 4121 4256 16
f 3077
a 4122 21056 16
f 3674
a 4123 21344 64
f 3697
a 4124 7824 256
f 1031
a 4125 47888 256
f 2192
a 4126 13952 64
f 613
a 4127 5040 16
f 1594
a 4128 23056 256
f 2437
a 4129 45536 256
f 3257
a 4130 62224 64
f 4019
a 4131 1568 64
f 3462
a 4132 3696 16
f 1701
a 4133 45600 64
f 4126
a 4134 8528 64
f 690
a 4135 38512 16
f 3724
a 4136 2240 64
f 2845
a 4137 928 256
f 3422
a 4138 3184 64
f 3509
a 4139 336 256
f 600
a 4140 6560 16
f 3489
a 4141 848 256
f 2882
a 4142 27808 64
f 4108
a 4143 30080 16
f 3994
a 4144 1920 256
f 3240
a 4145 864 256
f 3693
a 4146 23088 16
f 4043
a 4147 1008 256
f 1764
a 4148 12208 256
f 4147
a 4149 1328 64
f 3778
a 4150 752 16
f 3036
a 4151 3200 16
f 1572
a 4152 9712 16
f 3569
a 4153 3968 16
f 4053
a 4154 10816 256
f 2766
a 4155 544 256
f 3552
a 4156 464 256
f 3310
a 4157 4416 16
f 2658
a 4158 944 256
f 2899
a 4159 512 256
f 3816
a 4160 10288 64
f 2762
a 4161 1712 64
f 1703
a 4162 22560 64
f 3728
a 4163 1120 64
f 3922
a 4164 8240 256
f 3973
a 4165 2448 64
f 3723
a 4166 688 256
f 4133
a 4167 944 256
f 3729
a 4168 1008 64
f 3272
a 4169 38432 16
f 1855
a 4170 2016 16
f 2859
a 4171 11408 256
f 3294
a 4172 3600 16
f 110
a 4173 848 256
f 3880
a 4174 49888 16
f 2629
a 4175 720 16
f 4021
a 4176 25152 256
f 3533
a 4177 352 64
f 3511
a 4178 368 256
f 3281
a 4179 352 16
f 1767
a 4180 3472 256
f 2299
a 4181 672 256
f 3857
a 4182 432 256
f 3659
a 4183 48080 256
f 917
a 4184 1280 64
f 3330
a 4185 1888 64
f 3128
a 4186 5792 16
f 379
a 4187 3344 64
f 3907
a 4188 36736 16
f 3010
a 4189 6080 256
f 2155
a 4190 1904 16
f 4077
a 4191 7248 16
f 4106
a 4192 3120 256
f 3385
a 4193 704 64
f 3126
a 4194 752 256
f 3641
a 4195 448 64
f 3520
a 4196 41168 16
f 4097
a 4197 30400 64
f 4134
a 4198 3312 256
f 2265
a 4199 50528 16
f 2557
a 4200 368 64
f 211
a 4201 14400 16
f 2410
a 4202 816 256
f 3849
a 4203 15024 64
f 1649
a 4204 2192 64
f 3658
a 4205 13680 256
f 4150
a 4206 12224 16
f 3250
a 4207 272 256
f 2025
a 4208 19328 16
f 2521
a 4209 29360 256
f 2788
a 4210 2144 256
f 3097
a 4211 6752 256
f 2917
a 4212 52720 16
f 2741
a 4213 336 16
f 4056
a 4214 272 256
f 4016
a 4215 1600 16
f 2554
a 4216 13120 256
f 4045
a 4217 560 16
f 3218
a 4218 784 256
f 4035
a 4219 976 256
f 3708
a 4220 720 64
f 2556
a 4221 16160 16
f 3211
a 4222 832 64
f 2926
a 4223 34048 256
f 3230
a 4224 3856 64
f 2264
a 4225 61600 16
f 3863
a 4226 3072 16
f 3892
a 4227 1408 256
f 1696
a 4228 2336 64
f 2770
a 4229 6688 16
f 2600
a 4230 640 16
f 2796
a 4231 320 64
f 4164
a 4232 2816 64
f 3364
a 4233 688 16
f 3634
a 4234 12176 64
f 2659
a 4235 336 64
f 2522
a 4236 17456 64
f 3846
a 4237 5424 64
f 3501
a 4238 25232 64
f 3764
a 4239 2976 256
f 4161
a 4240 288 256
f 3957
a 4241 864 64
f 3566
a 4242 57488 16
f 3339
a 4243 33808 64
f 2587
a 4244 17024 256
f 1950
a 4245 1520 256
f 3746
a 4246 784 256
f 72
a 4247 7408 64
f 1166
a 4248 52128 16
f 3025
a 4249 20912 256
f 4194
a 4250 64000 256
f 3210
a 4251 784 256
f 4149
a 4252 42880 64
f 3721
a 4253 4672 16
f 3916
a 4254 63728 64
f 3394
a 4255 3888 16
f 3611
a 4256 1456 16
f 2482
a 4257 1312 16
f 4093
a 4258 55040 64
f 4236
a 4259 6656 16
f 3726
a 4260 464 64
f 3202
a 4261 7440 256
f 2153
a 4262 2528 16
f 3059
a 4263 15104 16
f 3383
a 4264 13216 16
f 2987
a 4265 5648 256
f 3494
a 4266 10400 64
f 4096
a 4267 14704 64
f 2594
a 4268 55040 256
f 3060
a 4269 57488 16
f 3350
a 4270 4144 16
f 1756
a 4271 15600 64
f 3893
a 4272 62528 16
f 3665
a 4273 592 256
f 4081
a 4274 1824 256
f 3380
a 4275 2000 256
f 3598
a 4276 5216 64
f 3365
a 4277 6560 256
f 3603
a 4278 16384 64
f 3263
a 4279 4896 256
f 2077
a 4280 9152 16
f 2714
a 4281 2560 16
f 4243
a 4282 50080 64
f 3072
a 4283 15056 256
f 4029
a 4284 36528 16
f 3668
a 4285 11584 256
f 3114
a 4286 496 16
f 1684
a 4287 512 256
f 3859
a 4288 800 256
f 3127
a 4289 2080 64
f 4190
a 4290 18512 64
f 3914
a 4291 384 256
f 3678
a 4292 49040 256
f 3551
a 4293 1504 16
f 2455
a 4294 12704 256
f 3646
a 4295 9136 256
f 4012
a 4296 51296 16
f 1664
a 4297 47264 64
f 3102
a 4298 62224 256
f 3477
a 4299 19872 64
f 3216
a 4300 6576 64
f 2715
a 4301 63312 64
f 2297
a 4302 21264 256
f 3147
a 4303 38080 64
f 3601
a 4304 18336 256
f 4120
a 4305 58208 64
f 3599
a 4306 1120 16
f 3822
a 4307 30160 16
f 4073
a 4308 53840 64
f 3776
a 4309 1632 16
f 2015
a 4310 5744 256
f 3670
a 4311 816 256
f 3042
a 4312 336 64
f 2835
a 4313 7088 16
f 4185
a 4314 1200 256
f 3151
a 4315 8640 16
f 2711
a 4316 944 256
f 4237
a 4317 43088 64
f 603
a 4318 29168 256
f 3479
a 4319 4800 64
f 2331
a 4320 2880 64
f 4063
a 4321 432 64
f 3617
a 4322 2592 256
f 3588
a 4323 1808 16
f 3530
a 4324 1392 16
f 1405
a 4325 4080 16
f 3753
a 4326 416 64
f 2337
a 4327 44560 256
f 3355
a 4328 48992 16
f 2408
a 4329 17728 64
f 3938
a 4330 10192 256
f 3584
a 4331 26176 256
f 2661
a 4332 272 16
f 3485
a 4333 22496 256
f 2540
a 4334 7104 64
f 3018
a 4335 13120 64
f 4101
a 4336 18304 256
f 3088
a 4337 65472 256
f 3680
a 4338 1792 16
f 3532
a 4339 4384 64
f 4076
a 4340 4352 256
f 2936
a 4341 58832 64
f 3684
a 4342 11936 16
f 3937
a 4343 400 256
f 2419
a 4344 4432 16
f 4065
a 4345 4736 256
f 4181
a 4346 15792 256
f 4062
a 4347 528 256
f 4201
a 4348 896 16
f 3442
a 4349 19360 256
f 4146
a 4350 1008 16
f 4328
a 4351 8816 64
f 1870
a 4352 21120 16
f 4213
a 4353 1664 64
f 2507
a 4354 1200 64
f 2753
a 4355 480 64
f 4160
a 4356 29792 256
f 3920
a 4357 6000 16
f 4318
a 4358 9200 64
f 4103
a 4359 592 64
f 3808
a 4360 960 256
f 4316
a 4361 9232 256
f 2627
a 4362 8224 16
f 3376
a 4363 8688 64
f 3547
a 4364 368 256
f 3419
a 4365 19936 256
f 3342
a 4366 7328 256
f 2961
a 4367 39072 64
f 3574
a 4368 512 16
f 2072
a 4369 7520 256
f 4327
a 4370 50624 64
f 3801
a 4371 1232 64
f 3160
a 4372 19424 256
f 53
a 4373 1616 256
f 3506
a 4374 2656 64
f 3373
a 4375 13376 64
f 2344
a 4376 384 16
f 3768
a 4377 16960 64
f 2065
a 4378 27344 256
f 4221
a 4379 35008 16
f 2928
a 4380 63344 256
f 2938
a 4381 320 16
f 3103
a 4382 1248 64
f 2020
a 4383 1584 64
f 1624
a 4384 400 256
f 3432
a 4385 1920 16
f 3980
a 4386 13056 16
f 4288
a 4387 36816 16
f 3223
a 4388 304 64
f 3988
a 4389 2784 64
f 3952
a 4390 624 64
f 3523
a 4391 4784 16
f 2152
a 4392 12720 16
f 3890
a 4393 2544 256
f 1377
a 4394 38944 16
f 2824
a 4395 14176 16
f 2365
a 4396 60128 64
f 1228
a 4397 9360 16
f 3765
a 4398 656 64
f 3179
a 4399 1616 64
f 4000
a 4400 5216 16
f 3026
a 4401 22832 256
f 2123
a 4402 432 256
f 774
a 4403 1984 64
f 4403
a 4404 22368 16
f 3966
a 4405 27232 256
f 4329
a 4406 720 16
f 4188
a 4407 53504 64
f 4391
a 4408 13568 16
f 3742
a 4409 8912 64
f 4320
a 4410 8176 256
f 4182
a 4411 31584 256
f 4085
a 4412 432 256
f 4364
a 4413 24288 16
f 1569
a 4414 18336 256
f 82
a 4415 21456 64
f 3546
a 4416 3584 64
f 2631
a 4417 272 16
f 3889
a 4418 61632 16
f 3767
a 4419 9232 16
f 2423
a 4420 3120 16
f 3965
a 4421 1520 64
f 4408
a 4422 1888 64
f 3852
a 4423 24608 256
f 1977
a 4424 9904 16
f 19
a 4425 10144 16
f 3873
a 4426 43216 64
f 3775
a 4427 4528 256
f 3886
a 4428 7904 16
f 3770
a 4429 39264 64
f 2170
a 4430 1584 64
f 3706
a 4431 3104 64
f 4170
a 4432 1312 256
f 3623
a 4433 960 256
f 3842
a 4434 1664 64
f 284
a 4435 3792 64
f 1319
a 4436 1360 256
f 2563
a 4437 3616 256
f 4263
a 4438 1264 16
f 4435
a 4439 3632 256
f 2819
a 4440 1488 256
f 4423
a 4441 1264 256
f 3703
a 4442 3776 16
f 2129
a 4443 42512 64
f 4283
a 4444 800 64
f 3720
a 4445 272 16
f 2053
a 4446 11648 16
f 4322
a 4447 3648 256
f 2678
a 4448 23552 256
f 3956
a 4449 45136 64
f 2590
a 4450 39760 256
f 2754
a 4451 656 256
f 3235
a 4452 11648 256
f 4211
a 4453 2000 256
f 3498
a 4454 368 256
f 2774
a 4455 5424 256
f 3679
a 4456 57760 64
f 2263
a 4457 26400 64
f 1475
a 4458 3120 256
f 4421
a 4459 800 256
f 2618
a 4460 12640 64
f 3571
a 4461 32928 16
f 3052
a 4462 928 64
f 4407
a 4463 55376 16
f 4009
a 4464 14224 256
f 4396
a 4465 53728 64
f 2619
a 4466 576 64
f 1895
a 4467 4304 256
f 3267
a 4468 1584 64
f 3923
a 4469 28480 64
f 1515
a 4470 50528 16
f 3549
a 4471 576 16
f 3576
a 4472 6128 16
f 4373
a 4473 15824 16
f 2178
a 4474 30848 16
f 3436
a 4475 61456 256
f 3667
a 4476 848 16
f 3799
a 4477 3712 256
f 3144
a 4478 16016 64
f 4355
a 4479 1552 16
f 3867
a 4480 1904 16
f 4472
a 4481 3984 256
f 4166
a 4482 5584 256
f 3963
a 4483 1328 16
f 3685
a 4484 416 16
f 4233
a 4485 32480 16
f 4234
a 4486 41120 256
f 2620
a 4487 49536 64
f 2849
a 4488 2224 256
f 3609
a 4489 4512 256
f 4111
a 4490 7600 256
f 3287
a 4491 2480 16
f 2958
a 4492 15136 64
f 3882
a 4493 736 256
f 4489
a 4494 1680 16
f 264
a 4495 2768 64
f 4305
a 4496 5840 64
f 3651
a 4497 1008 16
f 3866
a 4498 14720 256
f 3527
a 4499 31632 64
c step-3500
f 3727
a 4500 464 256
f 3654
a 4501 1392 256
f 3448
a 4502 10208 16
f 3467
a 4503 1520 256
f 2968
a 4504 4016 64
f 4171
a 4505 12672 16
f 3717
a 4506 33472 16
f 4007
a 4507 41392 16
f 3058
a 4508 29024 256
f 4417
a 4509 1152 64
f 2588
a 4510 2032 64
f 2492
a 4511 40208 256
f 3573
a 4512 24608 256
f 4206
a 4513 1056 64
f 4197
a 4514 4080 16
f 3796
a 4515 496 256
f 2677
a 4516 3184 256
f 4507
a 4517 11760 16
f 3871
a 4518 50384 64
f 4199
a 4519 2976 64
f 3219
a 4520 6288 16
f 4229
a 4521 41440 64
f 4292
a 4522 304 256
f 1320
a 4523 12992 256
f 4241
a 4524 10768 16
f 3986
a 4525 7664 64
f 3023
a 4526 640 16
f 4180
a 4527 592 16
f 4058
a 4528 1456 16
f 4143
a 4529 5024 64
f 1332
a 4530 368 256
f 4353
a 4531 992 256
f 2924
a 4532 20624 64
f 4386
a 4533 416 16
f 4088
a 4534 53968 64
f 3331
a 4535 2976 64
f 3562
a 4536 1680 16
f 4154
a 4537 864 16
f 2325
a 4538 15664 16
f 2767
a 4539 23088 256
f 4516
a 4540 336 16
f 4506
a 4541 1024 16
f 3841
a 4542 1136 256
f 4420
a 4543 4080 64
f 309
a 4544 46240 16
f 4383
a 4545 2688 256
f 2633
a 4546 31280 256
f 4086
a 4547 7216 64
f 4251
a 4548 48944 64
f 4250
a 4549 960 64
f 3718
a 4550 736 64
f 4550
a 4551 38704 256
f 2079
a 4552 41344 256
f 3082
a 4553 60080 64
f 2804
a 4554 992 16
f 2793
a 4555 14144 16
f 4555
a 4556 4464 64
f 3581
a 4557 37200 16
f 3565
a 4558 848 16
f 4271
a 4559 1696 64
f 4167
a 4560 2672 64
f 4253
a 4561 61120 256
f 4279
a 4562 1328 16
f 3311
a 4563 1184 256
f 3381
a 4564 16224 64
f 3399
a 4565 2432 16
f 3969
a 4566 6912 64
f 4267
a 4567 448 256
f 3785
a 4568 2176 16
f 4257
a 4569 496 64
f 3833
a 4570 10352 256
f 4480
a 4571 5312 16
f 2814
a 4572 33600 16
f 4255
a 4573 14304 256
f 4104
a 4574 10448 256
f 3095
a 4575 18288 64
f 4462
a 4576 496 64
f 4372
a 4577 6448 16
f 1996
a 4578 48144 16
f 3672
a 4579 12832 16
f 4217
a 4580 2784 256
f 4280
a 4581 60912 16
f 3246
a 4582 25168 16
f 3152
a 4583 25600 256
f 3027
a 4584 7248 64
f 4273
a 4585 672 16
f 3543
a 4586 13744 256
f 4225
a 4587 496 256
f 3829
a 4588 32128 256
f 3749
a 4589 44112 256
f 4457
a 4590 6176 256
f 3019
a 4591 21696 64
f 3812
a 4592 3840 16
f 1798
a 4593 50640 16
f 3298
a 4594 3680 64
f 4385
a 4595 48160 16
f 4075
a 4596 13104 256
f 3878
a 4597 32560 256
f 4432
a 4598 1376 256
f 2946
a 4599 7840 16
f 2732
a 4600 12736 64
f 3544
a 4601 8544 16
f 4216
a 4602 576 16
f 4515
a 4603 33376 256
f 3975
a 4604 29440 256
f 988
a 4605 12368 16
f 4321
a 4606 2880 64
f 3993
a 4607 1808 256
f 4494
a 4608 8624 64
f 4593
a 4609 2176 64
f 2504
a 4610 480 16
f 1110
a 4611 3424 64
f 4599
a 4612 7728 256
f 3269
a 4613 10544 16
f 2748
a 4614 19536 256
f 4091
a 4615 7104 16
f 2049
a 4616 39840 16
f 4023
a 4617 51024 16
f 3908
a 4618 48384 256
f 2979
a 4619 8288 256
f 4374
a 4620 512 64
f 1411
a 4621 1504 64
f 3891
a 4622 18320 64
f 3946
a 4623 480 256
f 3188
a 4624 736 64
f 3819
a 4625 16160 256
f 3918
a 4626 15632 64
f 4293
a 4627 1232 16
f 4536
a 4628 45824 256
f 2305
a 4629 31024 64
f 3203
a 4630 512 64
f 4426
a 4631 512 256
f 3258
a 4632 400 256
f 747
a 4633 3488 16
f 4463
a 4634 1088 16
f 4618
a 4635 19008 256
f 4342
a 4636 57616 256
f 2805
a 4637 50528 64
f 3416
a 4638 2720 16
f 4470
a 4639 5904 256
f 4477
a 4640 4944 256
f 3185
a 4641 13392 64
f 4471
a 4642 3760 16
f 3389
a 4643 1808 16
f 3620
a 4644 672 256
f 2868
a 4645 800 64
f 2524
a 4646 4080 16
f 2567
a 4647 304 16
f 4352
a 4648 912 16
f 3800
a 4649 11504 256
f 106
a 4650 25216 64
f 4041
a 4651 12192 64
f 4290
a 4652 3584 256
f 4445
a 4653 64112 16
f 4142
a 4654 6640 256
f 4541
a 4655 33952 64
f 3828
a 4656 288 64
f 4433
a 4657 1600 16
f 4601
a 4658 29008 16
f 3815
a 4659 2880 64
f 3044
a 4660 2880 16
f 4159
a 4661 1680 256
f 2456
a 4662 976 16
f 4254
a 4663 30736 16
f 2486
a 4664 61104 256
f 4449
a 4665 2000 256
f 4249
a 4666 3392 64
f 4623
a 4667 5872 16
f 4533
a 4668 49856 256
f 3616
a 4669 34208 256
f 4576
a 4670 384 256
f 1408
a 4671 13472 64
f 4214
a 4672 1392 256
f 3877
a 4673 22352 256
f 3386
a 4674 448 64
f 4548
a 4675 11440 256
f 4156
a 4676 432 16
f 2433
a 4677 720 256
f 3840
a 4678 20640 256
f 4008
a 4679 56272 256
f 3162
a 4680 3904 64
f 4269
a 4681 17136 256
f 4338
a 4682 2128 16
f 4527
a 4683 1376 64
f 4446
a 4684 1888 256
f 4057
a 4685 432 64
f 4456
a 4686 29824 64
f 4609
a 4687 38656 64
f 3714
a 4688 26656 256
f 927
a 4689 54416 64
f 1247
a 4690 6416 64
f 4596
a 4691 2416 64
f 3255
a 4692 15408 64
f 3869
a 4693 36880 64
f 1476
a 4694 608 64
f 3791
a 4695 2112 256
f 3874
a 4696 6720 16
f 4368
a 4697 272 256
f 3050
a 4698 3264 16
f 3856
a 4699 2464 256
f 3454
a 4700 12928 16
f 4451
a 4701 32256 64
f 3276
a 4702 1888 256
f 3683
a 4703 17408 64
f 4413
a 4704 34528 64
f 3388
a 4705 13440 16
f 3122
a 4706 320 256
f 4578
a 4707 1872 64
f 4289
a 4708 976 256
f 3078
a 4709 896 256
f 4247
a 4710 352 64
f 4337
a 4711 6880 16
f 4232
a 4712 25408 256
f 4078
a 4713 49392 64
f 4453
a 4714 28816 16
f 4139
a 4715 3792 64
f 1913
a 4716 18176 256
f 4344
a 4717 1056 256
f 3780
a 4718 31552 16
f 4152
a 4719 3888 16
f 4028
a 4720 10656 256
f 4447
a 4721 272 16
f 3929
a 4722 7088 256
f 4196
a 4723 304 16
f 4530
a 4724 9760 256
f 1056
a 4725 11792 256
f 4557
a 4726 52416 64
f 4381
a 4727 1040 64
f 4598
a 4728 816 64
f 3707
a 4729 30992 16
f 2863
a 4730 28192 16
f 2610
a 4731 432 64
f 4083
a 4732 864 256
f 2033
a 4733 7376 64
f 4105
a 4734 336 16
f 3865
a 4735 38880 256
f 4369
a 4736 768 64
f 2459
a 4737 36320 256
f 2376
a 4738 36912 256
f 2707
a 4739 41264 16
f 3754
a 4740 16048 256
f 4655
a 4741 672 256
f 4092
a 4742 1088 16
f 4532
a 4743 544 256
f 3983
a 4744 1776 16
f 2568
a 4745 7520 16
f 4704
a 4746 63680 256
f 4726
a 4747 29616 16
f 4490
a 4748 1024 64
f 2840
a 4749 448 16
f 4123
a 4750 28912 64
f 4371
a 4751 4800 64
f 4605
a 4752 30624 16
f 4592
a 4753 57248 64
f 4163
a 4754 23792 256
f 4665
a 4755 288 256
f 1970
a 4756 464 16
f 3798
a 4757 60496 64
f 2184
a 4758 704 16
f 4363
a 4759 2464 256
f 4495
a 4760 1248 256
f 3047
a 4761 1792 16
f 4409
a 4762 768 64
f 4587
a 4763 336 256
f 4082
a 4764 33040 64
f 4044
a 4765 14832 256
f 1387
a 4766 6640 16
f 2177
a 4767 848 64
f 3296
a 4768 3664 64
f 4564
a 4769 20656 256
f 1294
a 4770 5360 64
f 4509
a 4771 624 256
f 4400
a 4772 60480 64
f 4542
a 4773 1440 256
f 3804
a 4774 1584 64
f 4621
a 4775 8032 256
f 4561
a 4776 384 16
f 3953
a 4777 13872 64
f 4333
a 4778 2080 16
f 1432
a 4779 1152 64
f 3921
a 4780 18160 64
f 599
a 4781 3472 256
f 3538
a 4782 13744 16
f 3884
a 4783 23424 256
f 4572
a 4784 1216 64
f 3106
a 4785 1840 64
f 4597
a 4786 19616 64
f 4657
a 4787 2992 64
f 4336
a 4788 1824 256
f 3459
a 4789 9296 16
f 4059
a 4790 63536 256
f 3948
a 4791 512 16
f 4331
a 4792 2240 256
f 4186
a 4793 3616 16
f 4751
a 4794 896 64
f 4038
a 4795 1456 256
f 4627
a 4796 1216 256
f 3656
a 4797 2224 64
f 4286
a 4798 18672 16
f 4546
a 4799 13280 64
f 4727
a 4800 2368 256
f 4052
a 4801 24048 16
f 4683
a 4802 21792 16
f 3445
a 4803 1744 16
f 3835
a 4804 21968 64
f 3403
a 4805 9776 256
f 4614
a 4806 480 256
f 4562
a 4807 14624 16
f 4682
a 4808 37904 16
f 4031
a 4809 3328 256
f 4676
a 4810 704 64
f 2642
a 4811 16640 16
f 4670
a 4812 384 256
f 4774
a 4813 8096 16
f 4402
a 4814 17376 256
f 4414
a 4815 3776 64
f 4090
a 4816 736 256
f 4390
a 4817 992 16
f 4796
a 4818 55568 16
f 4330
a 4819 28096 64
f 3367
a 4820 1024 16
f 4563
a 4821 1088 64
f 4547
a 4822 17040 16
f 3989
a 4823 1552 64
f 4340
a 4824 592 16
f 4728
a 4825 39504 256
f 4050
a 4826 672 256
f 3452
a 4827 31040 256
f 4277
a 4828 2944 64
f 3643
a 4829 41072 64
f 3465
a 4830 3360 16
f 3474
a 4831 31472 256
f 3807
a 4832 56592 64
f 4610
a 4833 4640 256
f 4703
a 4834 2032 256
f 4006
a 4835 816 16
f 4567
a 4836 6848 64
f 3945
a 4837 400 16
f 4488
a 4838 7024 256
f 4135
a 4839 29520 64
f 1619
a 4840 8160 256
f 4594
a 4841 14192 256
f 3911
a 4842 3584 64
f 3224
a 4843 38624 256
f 3206
a 4844 5120 64
f 3582
a 4845 12560 64
f 4660
a 4846 2976 256
f 4586
a 4847 352 16
f 4795
a 4848 1472 256
f 3902
a 4849 8528 16
f 4720
a 4850 304 64
f 1630
a 4851 3632 256
f 470
a 4852 2848 64
f 4775
a 4853 1920 16
f 4522
a 4854 24800 16
f 3709
a 4855 5424 64
f 541
a 4856 736 64
f 4311
a 4857 496 256
f 3831
a 4858 1984 64
f 4652
a 4859 15792 64
f 4718
a 4860 3680 256
f 4054
a 4861 304 16
f 2884
a 4862 400 64
f 283
a 4863 1488 256
f 3900
a 4864 9312 64
f 3939
a 4865 30416 16
f 4651
a 4866 7440 64
f 4528
a 4867 4080 256
f 4746
a 4868 5040 256
f 4802
a 4869 17776 64
f 4784
a 4870 2336 16
f 4301
a 4871 4656 64
f 3008
a 4872 6016 64
f 4569
a 4873 1344 16
f 4258
a 4874 27712 64
f 4183
a 4875 10880 256
f 3783
a 4876 15776 64
f 4042
a 4877 736 64
f 4556
a 4878 1264 256
f 4466
a 4879 45760 16
f 1741
a 4880 56704 16
f 2566
a 4881 7296 16
f 4443
a 4882 1024 256
f 2075
a 4883 7552 256
f 3244
a 4884 1456 64
f 2653
a 4885 384 64
f 4285
a 4886 3200 256
f 2230
a 4887 26432 64
f 4711
a 4888 448 64
f 3781
a 4889 8944 256
f 3995
a 4890 3856 16
f 2962
a 4891 1408 16
f 2420
a 4892 736 64
f 4121
a 4893 12960 16
f 3064
a 4894 2128 16
f 4855
a 4895 416 16
f 3391
a 4896 60880 64
f 3510
a 4897 39392 16
f 4039
a 4898 36272 256
f 2023
a 4899 20992 16
f 4275
a 4900 19888 64
f 3065
a 4901 35712 256
f 3589
a 4902 30688 64
f 3702
a 4903 448 64
f 4695
a 4904 21424 16
f 3769
a 4905 4032 16
f 2550
a 4906 1712 16
f 4208
a 4907 784 256
f 4003
a 4908 16320 256
f 4452
a 4909 496 256
f 4626
a 4910 22768 16
f 2797
a 4911 58640 64
f 2702
a 4912 61968 256
f 3870
a 4913 3616 256
f 4824
a 4914 512 16
f 3850
a 4915 272 16
f 4661
a 4916 288 256
f 512
a 4917 992 16
f 4817
a 4918 2016 256
f 4904
a 4919 3552 256
f 4919
a 4920 2784 16
f 3669
a 4921 4672 64
f 124
a 4922 352 256
f 4060
a 4923 2064 256
f 4839
a 4924 5488 256
f 4833
a 4925 7696 64
f 3904
a 4926 480 16
f 4226
a 4927 32768 16
f 3676
a 4928 62992 64
f 4654
a 4929 53408 64
f 2777
a 4930 3920 256
f 4752
a 4931 56960 256
f 2435
a 4932 32544 16
f 4765
a 4933 3712 64
f 3139
a 4934 27984 16
f 3595
a 4935 384 256
f 4574
a 4936 2640 16
f 4544
a 4937 1360 64
f 4649
a 4938 9984 64
f 4729
a 4939 14656 256
f 4749
a 4940 21680 16
f 3502
a 4941 1312 16
f 2110
a 4942 7120 16
f 4192
a 4943 2352 64
f 4648
a 4944 3552 256
f 4431
a 4945 784 16
f 4789
a 4946 49808 16
f 4772
a 4947 41600 256
f 3814
a 4948 14960 256
f 4360
a 4949 3008 256
f 4140
a 4950 48608 64
f 4429
a 4951 15632 16
f 4783
a 4952 624 256
f 4787
a 4953 5968 256
f 4821
a 4954 49920 64
f 4863
a 4955 3552 64
f 4565
a 4956 4016 64
f 4950
a 4957 2128 64
f 3883
a 4958 8304 16
f 4831
a 4959 50112 256
f 4896
a 4960 13776 256
f 3343
a 4961 50432 64
f 4706
a 4962 13856 256
f 4202
a 4963 1424 256
f 575
a 4964 864 16
f 4376
a 4965 3952 16
f 3960
a 4966 3008 16
f 4835
a 4967 384 64
f 3979
a 4968 5392 64
f 4723
a 4969 24672 16
f 3949
a 4970 2752 16
f 4094
a 4971 1456 16
f 3378
a 4972 512 64
f 3449
a 4973 4768 16
f 4314
a 4974 5616 64
f 4303
a 4975 5600 64
f 4469
a 4976 832 256
f 3827
a 4977 39088 256
f 4370
a 4978 3680 64
f 3896
a 4979 960 64
f 4566
a 4980 3936 16
f 2940
a 4981 800 16
f 3426
a 4982 384 16
f 2496
a 4983 1008 16
f 2904
a 4984 5664 256
f 4176
a 4985 4352 16
f 2131
a 4986 12688 256
f 4625
a 4987 11552 16
f 4691
a 4988 320 64
f 1222
a 4989 38512 256
f 4122
a 4990 1776 16
f 4151
a 4991 61008 256
f 4714
a 4992 1680 256
f 4667
a 4993 576 256
f 3777
a 4994 19648 256
f 4747
a 4995 13680 16
f 4036
a 4996 12784 16
f 4436
a 4997 3920 256
f 4741
a 4998 352 256
f 4460
a 4999 7792 64
c step-4000
f 4757
a 5000 1696 16
f 2172
a 5001 1216 16
f 3997
a 5002 464 64
f 4198
a 5003 11840 64
f 4110
a 5004 31680 16
f 4405
a 5005 8032 16
f 2944
a 5006 5376 64
f 2260
a 5007 27728 256
f 1093
a 5008 36112 64
f 3910
a 5009 56480 64
f 2069
a 5010 4096 16
f 4071
a 5011 2816 16
f 4932
a 5012 3168 16
f 4646
a 5013 384 64
f 3585
a 5014 6272 256
f 4948
a 5015 2688 256
f 4055
a 5016 496 16
f 4650
a 5017 25200 64
f 4989
a 5018 2976 16
f 4087
a 5019 15952 64
f 4740
a 5020 62992 256
f 4875
a 5021 624 16
f 4450
a 5022 13632 16
f 4631
a 5023 9824 64
f 3657
a 5024 2768 16
f 3967
a 5025 26528 256
f 3578
a 5026 352 16
f 4098
a 5027 13216 256
f 2757
a 5028 992 256
f 3297
a 5029 656 256
f 3081
a 5030 49264 256
f 4634
a 5031 3056 256
f 4256
a 5032 1872 256
f 4877
a 5033 400 64
f 4203
a 5034 3712 64
f 4442
a 5035 2528 16
f 4602
a 5036 34512 64
f 4517
a 5037 720 64
f 3124
a 5038 38704 256
f 3992
a 5039 52880 64
f 3789
a 5040 1184 16
f 4981
a 5041 480 256
f 4644
a 5042 2576 256
f 4551
a 5043 21040 64
f 4836
a 5044 496 64
f 4957
a 5045 8912 64
f 4276
a 5046 8880 256
f 4656
a 5047 39392 16
f 175
a 5048 6560 64
f 4395
a 5049 7200 64
f 4940
a 5050 53520 64
f 108
a 5051 1376 256
f 4262
a 5052 1280 256
f 4573
a 5053 2448 64
f 4013
a 5054 928 256
f 844
a 5055 3872 16
f 4141
a 5056 13152 16
f 4128
a 5057 3840 64
f 4700
a 5058 880 256
f 3941
a 5059 58832 64
f 5051
a 5060 928 16
f 4816
a 5061 32528 64
f 4394
a 5062 416 64
f 4210
a 5063 880 16
f 5015
a 5064 1520 16
f 4686
a 5065 912 64
f 4603
a 5066 992 64
f 4345
a 5067 12464 16
f 4997
a 5068 44128 64
f 4351
a 5069 3728 64
f 4580
a 5070 60736 16
f 3782
a 5071 21808 16
f 2815
a 5072 464 256
f 4995
a 5073 1008 16
f 5045
a 5074 13584 256
f 5018
a 5075 736 16
f 2900
a 5076 2992 16
f 3740
a 5077 288 256
f 4819
a 5078 10192 256
f 4807
a 5079 528 256
f 4901
a 5080 1040 16
f 4902
a 5081 3824 256
f 3496
a 5082 7568 64
f 2109
a 5083 17072 256
f 2806
a 5084 13280 16
f 2930
a 5085 22224 16
f 5042
a 5086 14752 64
f 2001
a 5087 2880 64
f 4484
a 5088 2496 64
f 4127
a 5089 1904 256
f 4945
a 5090 7488 16
f 4274
a 5091 28480 64
f 2314
a 5092 672 16
f 3238
a 5093 480 256
f 4299
a 5094 1296 256
f 4868
a 5095 64816 16
f 4412
a 5096 544 16
f 4666
a 5097 416 256
f 4793
a 5098 432 64
f 2790
a 5099 10208 256
f 4125
a 5100 944 64
f 5057
a 5101 17680 256
f 4878
a 5102 3632 16
f 3851
a 5103 320 64
f 5058
a 5104 37360 16
f 2889
a 5105 50048 64
f 3903
a 5106 16720 16
f 3525
a 5107 1728 64
f 4767
a 5108 656 256
f 4956
a 5109 4928 256
f 4419
a 5110 1808 16
f 1765
a 5111 992 64
f 4119
a 5112 1472 64
f 1999
a 5113 2736 256
f 4910
a 5114 3424 256
f 4915
a 5115 352 16
f 3719
a 5116 976 256
f 4966
a 5117 12112 64
f 4929
a 5118 43088 256
f 3353
a 5119 15248 16
f 4200
a 5120 288 64
f 5114
a 5121 21808 256
f 4538
a 5122 14560 64
f 4049
a 5123 51856 64
f 4888
a 5124 1296 256
f 4759
a 5125 15152 256
f 4590
a 5126 1648 256
f 4753
a 5127 4144 256
f 4986
a 5128 12576 256
f 4230
a 5129 61936 64
f 4630
a 5130 6960 16
f 4339
a 5131 17248 16
f 4882
a 5132 304 16
f 2389
a 5133 2576 256
f 4606
a 5134 576 256
f 5027
a 5135 21200 64
f 4284
a 5136 368 16
f 4117
a 5137 15616 256
f 4158
a 5138 7648 64
f 3577
a 5139 2688 64
f 5071
a 5140 19616 64
f 4865
a 5141 57040 64
f 3560
a 5142 12960 16
f 5138
a 5143 3136 256
f 4854
a 5144 26080 16
f 4144
a 5145 720 256
f 4425
a 5146 30592 256
f 4346
a 5147 848 16
f 2997
a 5148 464 16
f 4811
a 5149 11280 64
f 4220
a 5150 1568 16
f 3374
a 5151 17520 16
f 4118
a 5152 3984 64
f 4810
a 5153 784 256
f 4804
a 5154 27024 64
f 5043
a 5155 12672 256
f 3761
a 5156 2640 256
f 4987
a 5157 49632 256
f 4155
a 5158 3504 16
f 4698
a 5159 22560 256
f 5070
a 5160 272 256
f 120
a 5161 1264 16
f 4633
a 5162 448 16
f 4930
a 5163 432 16
f 3947
a 5164 20992 64
f 3492
a 5165 928 64
f 3954
a 5166 320 256
f 4521
a 5167 2480 16
f 5153
a 5168 14160 256
f 5013
a 5169 7536 16
f 3271
a 5170 5488 256
f 4377
a 5171 54160 256
f 3463
a 5172 864 16
f 5137
a 5173 4240 256
f 4937
a 5174 16160 256
f 5141
a 5175 1984 16
f 3133
a 5176 8928 16
f 4693
a 5177 30784 256
f 4970
a 5178 928 64
f 15
a 5179 2768 64
f 2551
a 5180 6800 16
f 5081
a 5181 42448 64
f 4020
a 5182 2800 64
f 3991
a 5183 21648 64
f 4679
a 5184 944 16
f 5111
a 5185 400 256
f 4668
a 5186 64688 64
f 4380
a 5187 50288 64
f 4847
a 5188 25968 64
f 4173
a 5189 1504 64
f 4770
a 5190 448 16
f 4468
a 5191 1392 16
f 4615
a 5192 1136 256
f 3317
a 5193 1328 64
f 4177
a 5194 28240 16
f 4907
a 5195 13776 256
f 5110
a 5196 1568 64
f 4876
a 5197 752 256
f 4607
a 5198 2048 256
f 4812
a 5199 3728 256
f 4699
a 5200 8496 256
f 5135
a 5201 7424 64
f 1120
a 5202 32288 256
f 4357
a 5203 3152 256
f 4923
a 5204 1696 16
f 4678
a 5205 432 64
f 1986
a 5206 480 16
f 4040
a 5207 1664 256
f 4294
a 5208 4192 256
f 4486
a 5209 64736 64
f 5101
a 5210 7136 16
f 4162
a 5211 40064 256
f 4962
a 5212 4608 16
f 1719
a 5213 384 64
f 4130
a 5214 352 16
f 4664
a 5215 6624 256
f 3811
a 5216 14672 16
f 4319
a 5217 52368 16
f 3545
a 5218 2336 64
f 4304
a 5219 13952 256
f 4529
a 5220 3600 16
f 5183
a 5221 1552 64
f 4379
a 5222 33936 64
f 3771
a 5223 14960 64
f 3283
a 5224 1776 64
f 4844
a 5225 22240 64
f 5118
a 5226 11328 256
f 5218
a 5227 3760 16
f 3504
a 5228 768 16
f 3561
a 5229 2992 16
f 3732
a 5230 512 16
f 4988
a 5231 31664 64
f 4492
a 5232 752 64
f 4680
a 5233 16400 64
f 5163
a 5234 1600 64
f 5036
a 5235 1248 256
f 3204
a 5236 656 64
f 4998
a 5237 432 64
f 5014
a 5238 1984 16
f 3909
a 5239 432 64
f 5078
a 5240 6672 64
f 4540
a 5241 608 64
f 2693
a 5242 31424 256
f 4324
a 5243 47376 256
f 4883
a 5244 32048 16
f 4444
a 5245 5920 16
f 5180
a 5246 352 256
f 3186
a 5247 32176 16
f 5167
a 5248 6416 256
f 3226
a 5249 13184 16
f 4947
a 5250 28336 16
f 4114
a 5251 976 16
f 5221
a 5252 27648 64
f 3803
a 5253 272 64
f 4505
a 5254 1472 256
f 4717
a 5255 2528 16
f 4828
a 5256 1776 256
f 4797
a 5257 61872 16
f 4498
a 5258 26320 64
f 4996
a 5259 18336 256
f 5189
a 5260 288 16
f 4892
a 5261 15904 256
f 4955
a 5262 37136 256
f 4018
a 5263 12496 64
f 3879
a 5264 3104 256
f 4792
a 5265 14464 64
f 2253
a 5266 31056 64
f 4302
a 5267 1872 256
f 4398
a 5268 992 64
f 2291
a 5269 320 64
f 5250
a 5270 8432 256
f 3472
a 5271 688 256
f 3860
a 5272 11104 64
f 4867
a 5273 672 16
f 5145
a 5274 944 16
f 4898
a 5275 1152 16
f 5151
a 5276 656 256
f 5193
a 5277 464 64
f 4935
a 5278 480 64
f 5026
a 5279 304 256
f 4132
a 5280 1968 16
f 4359
a 5281 416 64
f 4296
a 5282 1712 64
f 4890
a 5283 20384 64
f 2789
a 5284 3888 256
f 3961
a 5285 55680 256
f 2778
a 5286 992 16
f 5171
a 5287 26048 16
f 4939
a 5288 1040 64
f 4974
a 5289 5360 16
f 1657
a 5290 448 64
f 4909
a 5291 40352 64
f 5274
a 5292 368 16
f 3843
a 5293 320 256
f 3164
a 5294 3936 64
f 5025
a 5295 19648 64
f 2399
a 5296 30224 64
f 4129
a 5297 12384 256
f 4973
a 5298 3392 64
f 4310
a 5299 17424 256
f 5074
a 5300 320 16
f 4514
a 5301 7424 64
f 4497
a 5302 37392 256
f 4358
a 5303 288 64
f 4815
a 5304 3280 64
f 4616
a 5305 34784 256
f 4112
a 5306 1168 16
f 4014
a 5307 1696 16
f 4080
a 5308 34624 64
f 4589
a 5309 12512 256
f 4525
a 5310 752 64
f 5037
a 5311 11152 64
f 5126
a 5312 45248 16
f 4984
a 5313 560 16
f 4818
a 5314 35984 16
f 3664
a 5315 1440 16
f 4827
a 5316 25152 16
f 5201
a 5317 5648 64
f 4739
a 5318 4144 16
f 4742
a 5319 496 16
f 3788
a 5320 6480 16
f 4972
a 5321 13056 64
f 4779
a 5322 15856 64
f 4259
a 5323 9280 64
f 4869
a 5324 3936 256
f 4558
a 5325 320 64
f 4971
a 5326 4064 256
f 5292
a 5327 31536 256
f 5227
a 5328 848 64
f 3302
a 5329 576 16
f 4148
a 5330 28848 64
f 4317
a 5331 496 16
f 3262
a 5332 4048 64
f 4511
a 5333 30752 64
f 4072
a 5334 12752 16
f 4674
a 5335 464 16
f 5050
a 5336 3888 256
f 4799
a 5337 7392 64
f 4481
a 5338 1504 64
f 4864
a 5339 24880 256
f 3439
a 5340 2160 256
f 4026
a 5341 2096 16
f 5048
a 5342 5184 64
f 4843
a 5343 18128 256
f 5109
a 5344 384 64
f 5067
a 5345 42512 64
f 3503
a 5346 58624 64
f 5252
a 5347 65456 16
f 4571
a 5348 46752 64
f 5049
a 5349 864 64
f 5302
a 5350 608 256
f 3881
a 5351 23072 16
f 4209
a 5352 8576 256
f 4365
a 5353 40688 16
f 4790
a 5354 21664 256
f 4745
a 5355 16256 64
f 3348
a 5356 1648 16
f 4776
a 5357 30080 16
f 4669
a 5358 336 16
f 5282
a 5359 15200 16
f 5016
a 5360 8240 256
f 5298
a 5361 27120 256
f 5327
a 5362 1856 256
f 3951
a 5363 608 16
f 5225
a 5364 464 16
f 5080
a 5365 2512 16
f 4231
a 5366 1120 256
f 5290
a 5367 19568 16
f 4936
a 5368 432 256
f 5285
a 5369 2688 64
f 4857
a 5370 20368 16
f 4786
a 5371 18080 256
f 2078
a 5372 3728 64
f 5321
a 5373 5920 256
f 5107
a 5374 320 16
f 2334
a 5375 400 256
f 4991
a 5376 1392 64
f 4758
a 5377 2240 64
f 4165
a 5378 14032 64
f 3035
a 5379 10000 256
f 5143
a 5380 6480 64
f 4309
a 5381 64528 16
f 4722
a 5382 1600 16
f 5075
a 5383 24928 64
f 5220
a 5384 37200 64
f 5320
a 5385 800 256
f 51
a 5386 5520 16
f 3421
a 5387 17152 16
f 5380
a 5388 17808 64
f 4805
a 5389 40944 256
f 4136
a 5390 20416 16
f 5338
a 5391 688 64
f 4474
a 5392 1856 16
f 1923
a 5393 384 64
f 5172
a 5394 352 64
f 3148
a 5395 976 256
f 3751
a 5396 1648 16
f 5034
a 5397 30528 16
f 4933
a 5398 1920 256
f 5330
a 5399 992 256
f 4941
a 5400 768 16
f 2635
a 5401 416 256
f 4483
a 5402 60640 64
f 3051
a 5403 5488 16
f 3848
a 5404 16624 256
f 93
a 5405 15488 64
f 4762
a 5406 7792 64
f 5266
a 5407 4368 256
f 4291
a 5408 27168 256
f 672
a 5409 752 16
f 5260
a 5410 57760 256
f 1278
a 5411 272 16
f 3548
a 5412 2400 64
f 3475
a 5413 944 256
f 3950
a 5414 44272 256
f 4825
a 5415 9744 64
f 4172
a 5416 9056 256
f 5239
a 5417 3024 16
f 3470
a 5418 20688 16
f 4347
a 5419 1888 16
f 3057
a 5420 7712 16
f 5381
a 5421 480 64
f 2454
a 5422 5840 64
f 4978
a 5423 64048 64
f 3998
a 5424 30080 256
f 4577
a 5425 3632 256
f 3221
a 5426 3312 16
f 5231
a 5427 1920 16
f 5410
a 5428 336 64
f 4834
a 5429 2352 16
f 4872
a 5430 960 64
f 4367
a 5431 384 256
f 5121
a 5432 7360 16
f 4591
a 5433 10080 64
f 4524
a 5434 2160 16
f 4687
a 5435 23904 256
f 5192
a 5436 896 256
f 5046
a 5437 1648 64
f 5191
a 5438 63840 256
f 4946
a 5439 1648 64
f 4952
a 5440 464 256
f 4334
a 5441 60064 64
f 3713
a 5442 5600 64
f 4871
a 5443 9104 256
f 5090
a 5444 1872 64
f 4138
a 5445 9424 256
f 5006
a 5446 400 64
f 3458
a 5447 32512 256
f 5360
a 5448 4400 256
f 5435
a 5449 29600 16
f 5035
a 5450 2784 256
f 4913
a 5451 16272 256
f 2731
a 5452 1616 64
f 3705
a 5453 5120 256
f 4193
a 5454 13616 16
f 5328
a 5455 3552 64
f 5386
a 5456 688 256
f 4002
a 5457 4976 64
f 5133
a 5458 15264 256
f 5162
a 5459 30896 16
f 5344
a 5460 8544 256
f 4512
a 5461 1728 64
f 3747
a 5462 16304 16
f 4581
a 5463 15984 256
f 5456
a 5464 848 256
f 4508
a 5465 11648 16
f 4782
a 5466 2624 64
f 4113
a 5467 8816 256
f 4908
a 5468 35760 16
f 2916
a 5469 3120 16
f 5466
a 5470 49200 256
f 4690
a 5471 55872 64
f 5416
a 5472 1888 64
f 3628
a 5473 55408 256
f 710
a 5474 1456 256
f 4195
a 5475 4592 64
f 3048
a 5476 57648 64
f 3762
a 5477 51600 16
f 5001
a 5478 784 16
f 4928
a 5479 1168 64
f 4643
a 5480 8160 64
f 3305
a 5481 7024 64
f 4475
a 5482 15440 16
f 4422
a 5483 464 64
f 3612
a 5484 41472 16
f 5323
a 5485 13984 64
f 5421
a 5486 1568 16
f 5249
a 5487 54224 16
f 5294
a 5488 1536 16
f 5122
a 5489 19520 64
f 5436
a 5490 1312 64
f 4478
a 5491 24736 64
f 4671
a 5492 1168 16
f 5148
a 5493 8960 16
f 4427
a 5494 12832 16
f 3407
a 5495 3440 16
f 4061
a 5496 352 256
f 3336
a 5497 65520 64
f 4709
a 5498 6720 16
f 2307
a 5499 4640 16
c step-4500
f 3495
a 5500 14816 256
f 3575
a 5501 1504 64
f 5403
a 5502 1248 16
f 5379
a 5503 3664 16
f 4889
a 5504 9312 16
f 4503
a 5505 40992 256
f 4778
a 5506 416 64
f 5453
a 5507 17136 64
f 3529
a 5508 29888 16
f 4070
a 5509 1312 256
f 4763
a 5510 56000 64
f 4416
a 5511 42256 256
f 5449
a 5512 5920 16
f 4312
a 5513 896 16
f 3243
a 5514 4480 16
f 3984
a 5515 288 256
f 5465
a 5516 43184 16
f 5370
a 5517 38720 64
f 1564
a 5518 1904 64
f 5108
a 5519 3040 256
f 4851
a 5520 13584 16
f 5502
a 5521 1872 16
f 4388
a 5522 3792 256
f 606
a 5523 736 64
f 5383
a 5524 3712 256
f 5351
a 5525 3952 256
f 3013
a 5526 58672 64
f 5286
a 5527 1936 16
f 4439
a 5528 27744 64
f 4434
a 5529 2976 256
f 5319
a 5530 19600 64
f 5157
a 5531 36528 256
f 4300
a 5532 40048 64
f 4622
a 5533 864 256
f 5513
a 5534 18336 16
f 4617
a 5535 432 64
f 4174
a 5536 480 16
f 5491
a 5537 832 256
f 4238
a 5538 432 256
f 4990
a 5539 17312 64
f 3076
a 5540 688 256
f 5395
a 5541 512 64
f 5434
a 5542 2080 256
f 716
a 5543 35056 256
f 5346
a 5544 14064 64
f 3347
a 5545 704 16
f 5539
a 5546 272 16
f 5155
a 5547 54656 256
f 4773
a 5548 54160 256
f 4240
a 5549 22064 16
f 5517
a 5550 704 64
f 1401
a 5551 672 256
f 3901
a 5552 2544 16
f 5270
a 5553 32624 16
f 4543
a 5554 17120 256
f 3337
a 5555 17760 64
f 5147
a 5556 22880 256
f 4079
a 5557 368 16
f 4502
a 5558 20288 64
f 3887
a 5559 464 16
f 5311
a 5560 816 256
f 2349
a 5561 11312 64
f 4911
a 5562 400 64
f 5061
a 5563 13296 64
f 4248
a 5564 3824 16
f 5125
a 5565 25760 64
f 5208
a 5566 1744 16
f 4735
a 5567 21360 16
f 5336
a 5568 3168 256
f 3834
a 5569 18384 256
f 3233
a 5570 592 64
f 4501
a 5571 42352 256
f 4095
a 5572 51360 64
f 5452
a 5573 384 16
f 4559
a 5574 17264 256
f 5445
a 5575 39648 16
f 5230
a 5576 1888 16
f 3447
a 5577 992 256
f 1119
a 5578 27072 64
f 3715
a 5579 1936 256
f 4611
a 5580 1360 256
f 5303
a 5581 2160 16
f 5377
a 5582 304 16
f 3905
a 5583 896 16
f 4349
a 5584 3200 16
f 5335
a 5585 3936 16
f 2116
a 5586 48816 256
f 5486
a 5587 48752 16
f 4595
a 5588 3120 16
f 4838
a 5589 1616 64
f 4027
a 5590 4544 256
f 5324
a 5591 7920 16
f 4895
a 5592 272 256
f 5318
a 5593 19760 64
f 4685
a 5594 3696 16
f 4588
a 5595 1824 16
f 3559
a 5596 51456 16
f 5161
a 5597 368 256
f 4441
a 5598 1520 64
f 3823
a 5599 3040 16
f 5209
a 5600 5744 16
f 4401
a 5601 15408 16
f 5181
a 5602 5376 16
f 5419
a 5603 7376 64
f 5440
a 5604 32240 64
f 4866
a 5605 1344 16
f 4335
a 5606 3456 256
f 4999
a 5607 62032 256
f 5369
a 5608 1920 16
f 4635
a 5609 11184 256
f 4295
a 5610 4256 64
f 4404
a 5611 2800 256
f 4272
a 5612 1904 64
f 5047
a 5613 688 64
f 3940
a 5614 1344 64
f 5349
a 5615 15264 64
f 5182
a 5616 36608 256
f 4282
a 5617 1328 16
f 3982
a 5618 16256 256
f 5599
a 5619 20416 256
f 5363
a 5620 2320 256
f 3766
a 5621 1536 64
f 4539
a 5622 8736 16
f 5117
a 5623 23856 16
f 3191
a 5624 352 256
f 3888
a 5625 15680 64
f 4366
a 5626 31840 16
f 4184
a 5627 2960 64
f 1938
a 5628 9376 16
f 5322
a 5629 43088 256
f 5555
a 5630 48784 256
f 4553
a 5631 18992 64
f 4297
a 5632 2800 256
f 5607
a 5633 23232 64
f 5352
a 5634 46560 256
f 2336
a 5635 1216 64
f 5094
a 5636 1536 256
f 4983
a 5637 13712 64
f 5113
a 5638 6992 256
f 3779
a 5639 46464 16
f 4074
a 5640 288 256
f 5505
a 5641 15312 16
f 4628
a 5642 42848 64
f 5525
a 5643 6928 64
f 3757
a 5644 2368 256
f 5615
a 5645 44704 256
f 5284
a 5646 1776 256
f 2861
a 5647 448 256
f 1526
a 5648 6768 256
f 3660
a 5649 36768 64
f 5559
a 5650 656 16
f 5492
a 5651 1776 64
f 5581
a 5652 7696 256
f 5159
a 5653 416 16
f 3349
a 5654 61712 16
f 5325
a 5655 1168 256
f 5200
a 5656 2624 256
f 5545
a 5657 3792 16
f 4832
a 5658 832 256
f 4960
a 5659 496 16
f 4905
a 5660 28864 16
f 5524
a 5661 19616 16
f 4523
a 5662 43664 64
f 4894
a 5663 544 16
f 3931
a 5664 2032 16
f 5479
a 5665 17392 64
f 4191
a 5666 912 256
f 4115
a 5667 59344 64
f 4298
a 5668 384 16
f 4879
a 5669 15936 256
f 4725
a 5670 608 64
f 3184
a 5671 55520 256
f 2970
a 5672 48176 64
f 5541
a 5673 9376 256
f 4600
a 5674 848 64
f 3564
a 5675 13584 256
f 5482
a 5676 944 64
f 5557
a 5677 33600 16
f 5060
a 5678 784 16
f 5613
a 5679 25968 16
f 5364
a 5680 40960 64
f 4931
a 5681 9056 256
f 5522
a 5682 14592 64
f 5170
a 5683 18304 16
f 2953
a 5684 992 16
f 5165
a 5685 26048 16
f 4754
a 5686 400 64
f 5219
a 5687 1408 64
f 4010
a 5688 26800 16
f 5123
a 5689 5504 64
f 5256
a 5690 1248 16
f 3832
a 5691 52320 256
f 3942
a 5692 6880 16
f 5009
a 5693 464 256
f 5467
a 5694 1936 64
f 4313
a 5695 25536 16
f 3970
a 5696 1616 256
f 4033
a 5697 6592 16
f 5572
a 5698 3264 16
f 3836
a 5699 1952 256
f 4153
a 5700 512 64
f 2362
a 5701 272 16
f 4424
a 5702 6688 64
f 5638
a 5703 512 64
f 5428
a 5704 33344 256
f 5646
a 5705 608 64
f 3497
a 5706 6800 16
f 4689
a 5707 18608 16
f 4461
a 5708 56160 64
f 2993
a 5709 37664 256
f 4387
a 5710 1104 64
f 4307
a 5711 26224 256
f 4116
a 5712 5840 16
f 4979
a 5713 47456 64
f 5669
a 5714 4848 16
f 5520
a 5715 10880 16
f 5372
a 5716 61408 16
f 5130
a 5717 272 256
f 3034
a 5718 22784 256
f 4389
a 5719 11680 256
f 5651
a 5720 528 64
f 5310
a 5721 464 256
f 4608
a 5722 704 256
f 5426
a 5723 6336 64
f 5102
a 5724 1392 16
f 4268
a 5725 1888 16
f 5488
a 5726 12336 256
f 5640
a 5727 15360 16
f 5608
a 5728 448 64
f 4178
a 5729 4432 16
f 5661
a 5730 20064 16
f 3934
a 5731 976 16
f 5629
a 5732 672 16
f 2857
a 5733 448 16
f 4204
a 5734 18192 64
f 4004
a 5735 7168 256
f 5496
a 5736 1040 256
f 3396
a 5737 2704 16
f 5633
a 5738 5840 16
f 883
a 5739 24624 256
f 5334
a 5740 56016 64
f 3839
a 5741 3328 64
f 4697
a 5742 3008 256
f 5059
a 5743 54256 16
f 4406
a 5744 416 256
f 3375
a 5745 7072 64
f 4642
a 5746 19088 16
f 4771
a 5747 17216 256
f 5644
a 5748 1488 256
f 4814
a 5749 5008 256
f 5561
a 5750 512 16
f 5612
a 5751 61968 16
f 5518
a 5752 58688 256
f 4107
a 5753 416 64
f 5371
a 5754 960 64
f 5606
a 5755 9584 256
f 2401
a 5756 464 16
f 1989
a 5757 6112 64
f 5485
a 5758 496 64
f 5653
a 5759 1872 64
f 5719
a 5760 38000 256
f 5251
a 5761 8752 64
f 1681
a 5762 288 64
f 5528
a 5763 4032 64
f 4719
a 5764 8464 64
f 4261
a 5765 6464 256
f 5735
a 5766 8032 64
f 4944
a 5767 11136 256
f 5430
a 5768 19728 64
f 5007
a 5769 576 256
f 5029
a 5770 624 64
f 4713
a 5771 4288 64
f 5211
a 5772 22880 16
f 5187
a 5773 18336 256
f 5154
a 5774 60832 256
f 5610
a 5775 17600 256
f 5590
a 5776 480 256
f 4641
a 5777 4880 256
f 4734
a 5778 1792 256
f 4046
a 5779 592 16
f 3073
a 5780 20640 256
f 5531
a 5781 63472 64
f 3898
a 5782 272 16
f 5405
a 5783 3840 256
f 5780
a 5784 11312 16
f 5625
a 5785 1248 64
f 4672
a 5786 7712 16
f 4244
a 5787 20496 256
f 5695
a 5788 10656 64
f 3858
a 5789 8176 16
f 5506
a 5790 1456 64
f 3486
a 5791 50320 64
f 4476
a 5792 3968 256
f 5729
a 5793 2144 16
f 4859
a 5794 4768 16
f 2339
a 5795 544 256
f 4519
a 5796 3616 64
f 4266
a 5797 416 256
f 5461
a 5798 5072 256
f 5399
a 5799 5168 256
f 4568
a 5800 5216 64
f 4265
a 5801 12368 64
f 5261
a 5802 9088 256
f 5745
a 5803 1872 256
f 3737
a 5804 1792 64
f 5158
a 5805 752 16
f 4949
a 5806 19904 16
f 3469
a 5807 400 16
f 5698
a 5808 23968 64
f 3977
a 5809 2224 256
f 1453
a 5810 4928 64
f 3157
a 5811 56176 16
f 5806
a 5812 288 64
f 5731
a 5813 400 16
f 5000
a 5814 288 256
f 5665
a 5815 47328 16
f 5578
a 5816 848 256
f 5086
a 5817 960 64
f 4862
a 5818 3808 64
f 5142
a 5819 7520 64
f 5021
a 5820 28048 64
f 4455
a 5821 2240 16
f 5144
a 5822 1232 256
f 3215
a 5823 30656 256
f 5623
a 5824 10448 64
f 1647
a 5825 26064 16
f 4721
a 5826 64624 64
f 5567
a 5827 15328 64
f 4534
a 5828 2640 16
f 5540
a 5829 26048 16
f 4348
a 5830 2944 16
f 5574
a 5831 1328 16
f 5707
a 5832 55056 16
f 5275
a 5833 784 256
f 3976
a 5834 1584 64
f 5179
a 5835 272 16
f 5494
a 5836 1632 64
f 4756
a 5837 2192 64
f 5480
a 5838 1040 256
f 4985
a 5839 2384 64
f 5743
a 5840 1024 16
f 4437
a 5841 784 16
f 5662
a 5842 4656 64
f 5663
a 5843 49184 16
f 4743
a 5844 304 256
f 5008
a 5845 464 256
f 4853
a 5846 3056 64
f 5804
a 5847 1184 256
f 2546
a 5848 2000 16
f 5712
a 5849 2496 16
f 5645
a 5850 33232 256
f 5543
a 5851 21008 256
f 4604
a 5852 928 256
f 2736
a 5853 1488 64
f 4325
a 5854 47776 16
f 5429
a 5855 3328 256
f 3821
a 5856 496 64
f 5116
a 5857 2880 16
f 2763
a 5858 28960 256
f 3895
a 5859 7552 256
f 5343
a 5860 27632 64
f 2296
a 5861 896 64
f 5382
a 5862 8576 256
f 4730
a 5863 304 64
f 5750
a 5864 26240 256
f 5376
a 5865 4144 16
f 4064
a 5866 3392 16
f 5769
a 5867 14720 64
f 4306
a 5868 1584 64
f 4308
a 5869 1856 64
f 4242
a 5870 2032 256
f 4537
a 5871 608 256
f 3917
a 5872 6624 16
f 5830
a 5873 1184 64
f 5329
a 5874 14800 256
f 5011
a 5875 992 64
f 5683
a 5876 2000 16
f 5748
a 5877 352 64
f 5843
a 5878 40560 64
f 3971
a 5879 576 64
f 5423
a 5880 28784 256
f 5841
a 5881 2112 64
f 5667
a 5882 7296 256
f 5442
a 5883 2928 256
f 5100
a 5884 63792 16
f 4354
a 5885 272 64
f 5169
a 5886 576 16
f 5614
a 5887 1712 16
f 4881
a 5888 2896 64
f 5483
a 5889 14000 256
f 5654
a 5890 3440 16
f 5822
a 5891 3104 256
f 5764
a 5892 60032 64
f 4918
a 5893 464 64
f 5861
a 5894 896 64
f 5203
a 5895 1216 64
f 5657
a 5896 608 64
f 5184
a 5897 37536 256
f 5580
a 5898 448 256
f 5404
a 5899 21488 64
f 4917
a 5900 2624 256
f 4982
a 5901 3856 64
f 4659
a 5902 1664 256
f 2011
a 5903 39776 256
f 5548
a 5904 6304 64
f 5771
a 5905 3024 64
f 5226
a 5906 12160 256
f 5550
a 5907 8144 256
f 5747
a 5908 3008 16
f 4224
a 5909 512 16
f 5635
a 5910 13104 256
f 1845
a 5911 544 64
f 5010
a 5912 416 64
f 5257
a 5913 992 256
f 5235
a 5914 3392 64
f 5685
a 5915 416 16
f 5258
a 5916 272 256
f 5214
a 5917 25264 16
f 5734
a 5918 368 256
f 3784
a 5919 1456 64
f 5283
a 5920 576 16
f 4613
a 5921 1280 64
f 3837
a 5922 18688 64
f 5215
a 5923 2048 16
f 4350
a 5924 6352 256
f 5472
a 5925 336 16
f 5315
a 5926 8144 16
f 3959
a 5927 400 64
f 5904
a 5928 1504 16
f 4942
a 5929 496 16
f 4510
a 5930 30624 16
f 4673
a 5931 3408 256
f 4964
a 5932 32288 16
f 5819
a 5933 59360 16
f 4131
a 5934 576 16
f 4619
a 5935 400 256
f 5616
a 5936 46048 256
f 5801
a 5937 12528 64
f 5087
a 5938 1824 64
f 4710
a 5939 416 64
f 4965
a 5940 352 64
f 3345
a 5941 4000 16
f 5199
a 5942 5488 16
f 5558
a 5943 25232 16
f 5668
a 5944 1808 64
f 4459
a 5945 1088 16
f 5398
a 5946 1792 16
f 5676
a 5947 368 16
f 5788
a 5948 1216 16
f 5724
a 5949 656 256
f 3507
a 5950 880 256
f 5603
a 5951 48096 64
f 4887
a 5952 26288 16
f 5786
a 5953 448 64
f 5950
a 5954 3056 64
f 4885
a 5955 13328 16
f 5605
a 5956 528 256
f 5933
a 5957 352 64
f 4089
a 5958 352 16
f 5905
a 5959 42160 16
f 4222
a 5960 784 16
f 5537
a 5961 63056 256
f 5446
a 5962 49040 256
f 4549
a 5963 384 16
f 4491
a 5964 688 16
f 5890
a 5965 2736 64
f 4921
a 5966 976 256
f 5476
a 5967 59616 256
f 4794
a 5968 3584 256
f 3521
a 5969 21152 64
f 5152
a 5970 2160 16
f 5807
a 5971 4272 16
f 2211
a 5972 2384 256
f 5385
a 5973 56784 16
f 5637
a 5974 368 64
f 5365
a 5975 512 256
f 5469
a 5976 7936 16
f 5552
a 5977 3744 256
f 5894
a 5978 46176 64
f 3763
a 5979 14672 256
f 5592
a 5980 4656 16
f 5420
a 5981 5072 256
f 3639
a 5982 28832 256
f 5873
a 5983 57968 256
f 5856
a 5984 3952 256
f 3844
a 5985 592 256
f 4189
a 5986 1376 64
f 5814
a 5987 976 256
f 5455
a 5988 38512 64
f 5912
a 5989 8256 64
f 5960
a 5990 43808 64
f 5002
a 5991 432 256
f 4813
a 5992 1936 64
f 5549
a 5993 21312 256
f 4102
a 5994 22096 256
f 5781
a 5995 384 256
f 5178
a 5996 3584 256
f 5885
a 5997 336 16
f 5776
a 5998 43024 16
f 5173
a 5999 5872 256
c step-5000
