# hetoimasia allocator parity trace, format 1; see README.md
# Synthetic, hypothetical: 10000 live buffers of 256 B to 64 KiB, log-uniform, alignments 16, 64 or 256,
# filling 95% of the block, then 5,000 steps of one random free and one allocation.
trace sweep-live-10000-occupancy-95
capacity 129236992
seed 1008
a 0 7088 16
a 1 848 64
a 2 2048 64
a 3 7600 16
a 4 6816 64
a 5 2032 16
a 6 368 16
a 7 2000 256
a 8 29840 256
a 9 63984 16
a 10 18384 256
a 11 13280 16
a 12 12688 16
a 13 14736 64
a 14 848 64
a 15 272 16
a 16 832 64
a 17 56256 64
a 18 816 256
a 19 28896 256
a 20 8320 16
a 21 832 16
a 22 1808 64
a 23 12848 64
a 24 55824 16
a 25 19312 64
a 26 8192 16
a 27 1536 64
a 28 23696 16
a 29 41552 16
a 30 42416 16
a 31 11376 64
a 32 656 64
a 33 944 64
a 34 12800 256
a 35 880 256
a 36 400 64
a 37 6272 256
a 38 1936 256
a 39 3344 16
a 40 37232 16
a 41 13568 256
a 42 320 64
a 43 2880 16
a 44 24000 16
a 45 1936 64
a 46 6096 16
a 47 1600 64
a 48 1920 16
a 49 50784 64
a 50 6192 16
a 51 3600 256
a 52 1248 256
a 53 1280 256
a 54 27088 16
a 55 784 16
a 56 1504 16
a 57 352 256
a 58 12480 256
a 59 31600 16
a 60 544 16
a 61 10832 64
a 62 6176 256
a 63 10128 16
a 64 18112 64
a 65 20608 64
a 66 656 16
a 67 18224 16
a 68 1776 16
a 69 19168 16
a 70 4560 256
a 71 816 16
a 72 560 256
a 73 16976 16
a 74 51360 16
a 75 11968 64
a 76 4368 256
a 77 42656 256
a 78 4688 64
a 79 2544 256
a 80 11520 256
a 81 7696 64
a 82 62736 64
a 83 1824 16
a 84 46624 16
a 85 288 64
a 86 6608 64
a 87 8240 256
a 88 480 16
a 89 560 256
a 90 2672 64
a 91 14656 256
a 92 1104 256
a 93 1840 64
a 94 26800 256
a 95 304 64
a 96 33552 256
a 97 13952 256
a 98 2864 64
a 99 480 16
a 100 1024 256
a 101 1776 256
a 102 13680 256
a 103 352 64
a 104 1328 64
a 105 2288 64
a 106 16208 16
a 107 416 256
a 108 1584 16
a 109 288 256
a 110 2224 16
a 111 5104 64
a 112 35056 64
a 113 2416 64
a 114 20368 64
a 115 400 16
a 116 1824 64
a 117 20336 16
a 118 34768 16
a 119 2448 16
a 120 368 16
a 121 6256 16
a 122 2288 64
a 123 45936 64
a 124 4256 64
a 125 1680 64
a 126 480 256
a 127 38912 256
a 128 12016 64
a 129 1376 256
a 130 56640 16
a 131 496 16
a 132 7440 256
a 133 29488 64
a 134 53104 64
a 135 5712 256
a 136 800 64
a 137 416 16
a 138 2496 64
a 139 640 16
a 140 400 16
a 141 1408 64
a 142 8560 256
a 143 48512 256
a 144 43312 256
a 145 2944 16
a 146 3776 64
a 147 22304 16
a 148 9904 16
a 149 1360 64
a 150 2336 16
a 151 4432 256
a 152 60272 16
a 153 2064 256
a 154 1968 64
a 155 16192 256
a 156 1776 256
a 157 17376 256
a 158 11376 64
a 159 12592 64
a 160 3184 256
a 161 1792 16
a 162 3376 16
a 163 816 64
a 164 512 16
a 165 13536 64
a 166 6192 256
a 167 528 64
a 168 656 256
a 169 52144 256
a 170 2528 64
a 171 11152 16
a 172 464 64
a 173 6976 16
a 174 35824 16
a 175 16240 64
a 176 528 16
a 177 1680 256
a 178 944 64
a 179 17856 256
a 180 5952 16
a 181 1376 16
a 182 512 256
a 183 10016 64
a 184 416 256
a 185 8768 64
a 186 47024 256
a 187 288 16
a 188 6768 16
a 189 576 16
a 190 5248 64
a 191 6192 64
a 192 416 256
a 193 1216 16
a 194 4432 16
a 195 42048 16
a 196 2032 64
a 197 43072 16
a 198 320 64
a 199 4224 256
a 200 19408 64
a 201 1840 16
a 202 36016 16
a 203 304 64
a 204 65040 256
a 205 11680 256
a 206 20080 16
a 207 14544 16
a 208 1568 16
a 209 1088 64
a 210 272 64
a 211 23136 256
a 212 17072 64
a 213 31696 64
a 214 8176 16
a 215 10624 16
a 216 26016 16
a 217 2528 64
a 218 26592 256
a 219 37664 64
a 220 21616 256
a 221 7936 16
a 222 58112 256
a 223 688 256
a 224 5680 16
a 225 18304 16
a 226 64272 64
a 227 688 64
a 228 784 256
a 229 40176 64
a 230 1072 64
a 231 14992 64
a 232 15904 256
a 233 1984 64
a 234 29184 16
a 235 7504 256
a 236 38320 64
a 237 4752 64
a 238 5872 16
a 239 288 16
a 240 17088 256
a 241 30208 256
a 242 45264 64
a 243 7120 64
a 244 6880 16
a 245 2448 16
a 246 1616 16
a 247 1072 16
a 248 54528 256
a 249 54784 256
a 250 1072 256
a 251 43216 256
a 252 2816 256
a 253 47616 256
a 254 480 256
a 255 24512 64
a 256 400 256
a 257 2032 16
a 258 608 256
a 259 20368 256
a 260 61744 16
a 261 32848 64
a 262 1712 256
a 263 5760 16
a 264 13312 16
a 265 1808 256
a 266 15616 64
a 267 3936 64
a 268 23792 256
a 269 37344 64
a 270 384 16
a 271 12464 256
a 272 2848 256
a 273 464 64
a 274 16384 256
a 275 2560 64
a 276 29024 256
a 277 2528 16
a 278 6288 256
a 279 1648 256
a 280 8400 256
a 281 23936 64
a 282 2496 64
a 283 656 64
a 284 5072 256
a 285 23808 64
a 286 26448 64
a 287 480 256
a 288 28160 256
a 289 2976 16
a 290 3008 16
a 291 40480 64
a 292 1456 256
a 293 624 64
a 294 3312 16
a 295 2832 256
a 296 7488 256
a 297 4784 256
a 298 5216 16
a 299 19728 16
a 300 1152 16
a 301 4320 256
a 302 10352 256
a 303 1280 64
a 304 39056 16
a 305 3472 16
a 306 8576 64
a 307 44832 256
a 308 6432 256
a 309 60560 256
a 310 1520 256
a 311 3888 16
a 312 40208 16
a 313 608 64
a 314 2608 256
a 315 2928 64
a 316 15456 64
a 317 1616 16
a 318 4496 64
a 319 34800 256
a 320 896 256
a 321 42096 256
a 322 44800 16
a 323 16320 256
a 324 6976 16
a 325 5168 64
a 326 8736 16
a 327 1392 256
a 328 1088 256
a 329 9728 64
a 330 60480 64
a 331 56848 16
a 332 40272 16
a 333 832 16
a 334 304 16
a 335 51232 256
a 336 3200 64
a 337 944 16
a 338 12864 256
a 339 3936 256
a 340 1424 64
a 341 656 64
a 342 55552 64
a 343 352 64
a 344 13008 16
a 345 384 256
a 346 14208 64
a 347 544 16
a 348 512 16
a 349 464 64
a 350 12048 64
a 351 2400 16
a 352 528 16
a 353 1408 16
a 354 512 16
a 355 4128 64
a 356 10160 256
a 357 352 64
a 358 5776 16
a 359 3424 64
a 360 15408 64
a 361 48528 16
a 362 6304 16
a 363 5216 64
a 364 4800 256
a 365 14848 256
a 366 16096 64
a 367 1984 16
a 368 2528 16
a 369 15264 256
a 370 11760 64
a 371 38416 16
a 372 1024 64
a 373 10800 16
a 374 22768 64
a 375 1344 64
a 376 44256 16
a 377 864 64
a 378 896 256
a 379 912 64
a 380 3344 16
a 381 4000 256
a 382 6272 16
a 383 2096 256
a 384 10064 64
a 385 27792 256
a 386 848 16
a 387 45152 64
a 388 1600 16
a 389 12592 64
a 390 1648 64
a 391 1456 64
a 392 29360 256
a 393 1328 64
a 394 3808 64
a 395 63712 256
a 396 37456 256
a 397 46848 64
a 398 6272 256
a 399 912 64
a 400 1824 256
a 401 4896 256
a 402 7008 16
a 403 512 16
a 404 3216 16
a 405 1408 64
a 406 14320 256
a 407 27040 16
a 408 5056 64
a 409 14080 64
a 410 1328 64
a 411 22320 256
a 412 51728 256
a 413 52976 64
a 414 960 16
a 415 4304 64
a 416 16416 64
a 417 1744 256
a 418 7920 256
a 419 2800 16
a 420 26112 64
a 421 40096 16
a 422 512 256
a 423 1120 256
a 424 1072 256
a 425 1920 16
a 426 9344 64
a 427 14496 16
a 428 7936 16
a 429 13104 16
a 430 528 256
a 431 464 16
a 432 10432 256
a 433 61680 64
a 434 4112 64
a 435 43056 16
a 436 31264 64
a 437 40480 64
a 438 5904 256
a 439 45456 16
a 440 51392 16
a 441 496 16
a 442 12080 16
a 443 16352 256
a 444 880 64
a 445 480 16
a 446 12752 16
a 447 50288 64
a 448 7312 64
a 449 960 64
a 450 4416 256
a 451 15024 64
a 452 3536 256
a 453 2960 256
a 454 416 16
a 455 3104 64
a 456 13216 256
a 457 20576 16
a 458 15280 256
a 459 320 256
a 460 2016 64
a 461 7056 16
a 462 12992 64
a 463 272 16
a 464 24912 64
a 465 20560 16
a 466 384 256
a 467 26592 64
a 468 51968 256
a 469 1984 16
a 470 6976 256
a 471 45936 16
a 472 336 256
a 473 3104 256
a 474 22256 256
a 475 60080 64
a 476 49680 16
a 477 4096 256
a 478 7456 256
a 479 1024 16
a 480 27376 16
a 481 8080 64
a 482 5616 16
a 483 3184 16
a 484 10336 16
a 485 53024 64
a 486 7008 256
a 487 14944 256
a 488 1600 16
a 489 59184 256
a 490 16320 64
a 491 4160 16
a 492 496 256
a 493 26928 16
a 494 29904 64
a 495 1776 256
a 496 25232 256
a 497 784 16
a 498 9296 16
a 499 32976 256
a 500 60992 16
a 501 736 64
a 502 832 64
a 503 6832 64
a 504 1200 16
a 505 304 16
a 506 40752 256
a 507 3616 16
a 508 9824 16
a 509 448 64
a 510 7760 16
a 511 432 256
a 512 5632 256
a 513 15888 64
a 514 896 256
a 515 816 64
a 516 608 64
a 517 3312 256
a 518 3856 256
a 519 3104 16
a 520 14208 256
a 521 5168 16
a 522 38512 64
a 523 17136 16
a 524 320 64
a 525 528 64
a 526 8400 16
a 527 19296 16
a 528 1184 64
a 529 12720 256
a 530 40048 16
a 531 15792 64
a 532 2320 16
a 533 41200 16
a 534 2000 64
a 535 800 256
a 536 4080 16
a 537 18128 256
a 538 13888 16
a 539 7264 256
a 540 18624 256
a 541 6384 16
a 542 464 256
a 543 14880 16
a 544 400 256
a 545 34672 64
a 546 2608 256
a 547 320 16
a 548 1872 256
a 549 272 256
a 550 61856 16
a 551 9712 256
a 552 1264 256
a 553 1808 256
a 554 31680 16
a 555 6784 16
a 556 3552 16
a 557 6528 16
a 558 7296 16
a 559 3152 16
a 560 3808 64
a 561 2944 256
a 562 1392 64
a 563 1200 256
a 564 9200 256
a 565 512 64
a 566 8272 256
a 567 29440 16
a 568 22048 64
a 569 9344 256
a 570 4240 64
a 571 1904 16
a 572 1008 64
a 573 1568 256
a 574 672 16
a 575 23904 256
a 576 272 64
a 577 3376 256
a 578 448 16
a 579 4640 256
a 580 16160 16
a 581 6608 16
a 582 27952 256
a 583 32320 64
a 584 55072 256
a 585 288 256
a 586 5936 16
a 587 1616 64
a 588 42896 256
a 589 400 64
a 590 38048 256
a 591 28640 64
a 592 29952 256
a 593 60512 16
a 594 61760 64
a 595 2800 256
a 596 29056 16
a 597 5904 16
a 598 2592 16
a 599 1568 64
a 600 736 16
a 601 1616 64
a 602 1776 256
a 603 11984 16
a 604 19984 16
a 605 736 256
a 606 2080 64
a 607 7072 256
a 608 768 64
a 609 2560 16
a 610 2960 64
a 611 7104 64
a 612 6672 256
a 613 48160 16
a 614 2928 256
a 615 4784 64
a 616 7536 256
a 617 384 64
a 618 20736 64
a 619 14672 256
a 620 1072 16
a 621 29424 16
a 622 8928 16
a 623 1984 256
a 624 13792 256
a 625 1600 256
a 626 1104 64
a 627 768 256
a 628 1504 64
a 629 3088 64
a 630 31712 256
a 631 40368 64
a 632 26448 16
a 633 19824 16
a 634 656 16
a 635 3040 256
a 636 12672 256
a 637 336 16
a 638 13344 16
a 639 45040 16
a 640 976 16
a 641 64496 16
a 642 32576 256
a 643 48752 64
a 644 18208 16
a 645 3984 256
a 646 1088 16
a 647 2960 16
a 648 38096 64
a 649 41424 16
a 650 49696 16
a 651 1872 64
a 652 7168 256
a 653 4080 256
a 654 512 16
a 655 13568 16
a 656 14768 16
a 657 1408 16
a 658 4064 256
a 659 320 256
a 660 2864 64
a 661 55072 64
a 662 19248 256
a 663 272 16
a 664 5984 16
a 665 1520 256
a 666 29520 16
a 667 7184 16
a 668 464 16
a 669 4032 64
a 670 25296 256
a 671 21056 16
a 672 38960 256
a 673 4368 16
a 674 11808 64
a 675 1072 256
a 676 2784 256
a 677 320 256
a 678 480 16
a 679 5120 16
a 680 688 256
a 681 352 256
a 682 8832 64
a 683 24544 16
a 684 46032 64
a 685 32720 256
a 686 14832 256
a 687 51136 256
a 688 1024 64
a 689 2160 256
a 690 656 16
a 691 1984 16
a 692 45120 256
a 693 50256 64
a 694 4960 64
a 695 4912 16
a 696 2352 256
a 697 576 64
a 698 52048 16
a 699 6272 16
a 700 336 64
a 701 24256 16
a 702 8688 256
a 703 13344 64
a 704 4768 64
a 705 2144 256
a 706 448 16
a 707 16608 256
a 708 416 16
a 709 20896 256
a 710 27056 16
a 711 848 16
a 712 46000 64
a 713 1520 64
a 714 27968 256
a 715 48288 64
a 716 6640 256
a 717 8944 64
a 718 2656 64
a 719 480 64
a 720 15712 16
a 721 368 16
a 722 3216 16
a 723 976 64
a 724 512 256
a 725 14480 16
a 726 17840 256
a 727 416 256
a 728 2448 16
a 729 43760 16
a 730 30192 256
a 731 3920 64
a 732 7088 16
a 733 384 64
a 734 640 256
a 735 1632 16
a 736 1680 16
a 737 832 256
a 738 6944 256
a 739 3360 256
a 740 3408 256
a 741 640 16
a 742 464 16
a 743 26688 16
a 744 1616 256
a 745 2512 16
a 746 2256 16
a 747 9760 64
a 748 400 64
a 749 448 64
a 750 1568 16
a 751 13152 64
a 752 7888 16
a 753 7232 64
a 754 576 16
a 755 50016 256
a 756 6176 64
a 757 416 16
a 758 272 16
a 759 27776 16
a 760 4336 64
a 761 4976 256
a 762 400 256
a 763 672 64
a 764 800 256
a 765 14992 16
a 766 352 256
a 767 5248 16
a 768 448 64
a 769 1168 16
a 770 41280 64
a 771 416 256
a 772 3200 64
a 773 30848 256
a 774 480 64
a 775 800 256
a 776 2368 64
a 777 12080 64
a 778 46848 16
a 779 25024 256
a 780 46192 256
a 781 32672 64
a 782 29584 64
a 783 8480 16
a 784 1808 64
a 785 2640 64
a 786 288 256
a 787 1744 16
a 788 2080 256
a 789 416 256
a 790 3136 64
a 791 720 256
a 792 352 64
a 793 2448 16
a 794 1760 64
a 795 33712 256
a 796 1344 16
a 797 1024 16
a 798 928 64
a 799 33872 256
a 800 4944 256
a 801 752 16
a 802 4096 256
a 803 2112 64
a 804 7232 64
a 805 12160 64
a 806 13168 64
a 807 2672 16
a 808 43168 16
a 809 61824 64
a 810 48240 64
a 811 800 64
a 812 448 16
a 813 1280 16
a 814 2144 64
a 815 1760 256
a 816 992 256
a 817 896 64
a 818 17456 64
a 819 384 64
a 820 6896 256
a 821 13536 256
a 822 720 64
a 823 11008 256
a 824 10464 64
a 825 21984 16
a 826 18944 256
a 827 608 256
a 828 592 16
a 829 5936 64
a 830 22944 16
a 831 928 16
a 832 560 16
a 833 5696 64
a 834 4512 256
a 835 2640 64
a 836 64848 256
a 837 2288 16
a 838 18736 256
a 839 448 256
a 840 2096 16
a 841 7680 16
a 842 14720 16
a 843 4064 64
a 844 432 16
a 845 576 16
a 846 1072 16
a 847 448 16
a 848 784 16
a 849 51744 64
a 850 6416 256
a 851 30320 16
a 852 5456 16
a 853 2608 64
a 854 720 64
a 855 672 16
a 856 2032 64
a 857 63920 256
a 858 640 256
a 859 2256 64
a 860 37120 64
a 861 3136 16
a 862 14880 256
a 863 23104 16
a 864 352 16
a 865 53120 256
a 866 928 64
a 867 1952 256
a 868 1008 256
a 869 49008 64
a 870 512 64
a 871 352 256
a 872 3456 64
a 873 304 256
a 874 21232 64
a 875 24736 256
a 876 1792 256
a 877 53680 64
a 878 13520 64
a 879 752 256
a 880 40288 64
a 881 880 64
a 882 4288 64
a 883 704 64
a 884 960 16
a 885 18976 256
a 886 464 16
a 887 496 256
a 888 1584 64
a 889 8560 256
a 890 14912 16
a 891 42640 16
a 892 8064 256
a 893 9568 256
a 894 14928 16
a 895 9168 64
a 896 7616 256
a 897 54304 16
a 898 8848 16
a 899 20176 16
a 900 56240 256
a 901 27952 64
a 902 3840 16
a 903 4720 16
a 904 5616 256
a 905 6592 64
a 906 49408 64
a 907 13680 64
a 908 23632 64
a 909 14208 16
a 910 64080 64
a 911 12304 64
a 912 544 256
a 913 4096 256
a 914 30608 256
a 915 1808 16
a 916 12704 64
a 917 14032 16
a 918 52576 16
a 919 10224 256
a 920 3136 256
a 921 1296 16
a 922 7136 256
a 923 272 64
a 924 54560 16
a 925 3072 16
a 926 13760 256
a 927 48784 64
a 928 720 16
a 929 3808 256
a 930 56832 64
a 931 384 16
a 932 21984 64
a 933 2544 16
a 934 864 64
a 935 64000 64
a 936 30912 256
a 937 63904 16
a 938 45360 64
a 939 320 256
a 940 55536 64
a 941 7824 16
a 942 24976 64
a 943 3296 16
a 944 63280 64
a 945 496 64
a 946 2000 256
a 947 2704 16
a 948 1600 256
a 949 3776 64
a 950 12384 64
a 951 1680 64
a 952 1408 16
a 953 864 16
a 954 32048 16
a 955 11408 16
a 956 3056 16
a 957 36736 64
a 958 12352 256
a 959 8624 16
a 960 784 64
a 961 21600 16
a 962 10384 256
a 963 3344 16
a 964 304 16
a 965 39680 64
a 966 21584 64
a 967 400 256
a 968 656 16
a 969 4800 16
a 970 7168 256
a 971 1024 64
a 972 2304 64
a 973 496 256
a 974 1232 256
a 975 7376 256
a 976 41552 16
a 977 272 64
a 978 6928 256
a 979 7120 256
a 980 752 64
a 981 32720 64
a 982 15744 256
a 983 2128 16
a 984 3408 16
a 985 43088 256
a 986 9968 16
a 987 1616 16
a 988 2672 64
a 989 592 64
a 990 57712 64
a 991 464 256
a 992 1488 64
a 993 2240 64
a 994 23248 16
a 995 2320 16
a 996 1520 16
a 997 58992 64
a 998 960 256
a 999 65504 256
a 1000 592 256
a 1001 24768 256
a 1002 1984 16
a 1003 12512 16
a 1004 22816 256
a 1005 3376 16
a 1006 43872 256
a 1007 5504 256
a 1008 368 64
a 1009 1648 64
a 1010 464 256
a 1011 2464 256
a 1012 1056 256
a 1013 59696 64
a 1014 28160 64
a 1015 20208 16
a 1016 496 16
a 1017 2976 16
a 1018 1568 64
a 1019 912 16
a 1020 12992 16
a 1021 8176 16
a 1022 2016 64
a 1023 800 256
a 1024 9360 16
a 1025 4928 256
a 1026 13440 64
a 1027 1024 16
a 1028 592 256
a 1029 45760 16
a 1030 6656 256
a 1031 960 64
a 1032 1824 256
a 1033 31120 256
a 1034 49328 256
a 1035 6768 16
a 1036 36192 16
a 1037 27152 64
a 1038 1264 64
a 1039 20976 64
a 1040 42064 256
a 1041 12336 16
a 1042 336 16
a 1043 21904 256
a 1044 272 16
a 1045 6944 16
a 1046 36048 16
a 1047 9024 64
a 1048 6800 16
a 1049 528 16
a 1050 4320 16
a 1051 1072 64
a 1052 816 64
a 1053 1104 16
a 1054 6512 16
a 1055 16288 16
a 1056 21824 256
a 1057 2336 256
a 1058 31104 16
a 1059 15616 256
a 1060 448 256
a 1061 4640 256
a 1062 59184 256
a 1063 1024 64
a 1064 432 16
a 1065 3440 16
a 1066 56464 64
a 1067 288 256
a 1068 55104 16
a 1069 400 64
a 1070 912 16
a 1071 11808 16
a 1072 1248 256
a 1073 4640 64
a 1074 1856 16
a 1075 912 256
a 1076 20320 256
a 1077 1584 64
a 1078 336 64
a 1079 1168 256
a 1080 12400 64
a 1081 3168 64
a 1082 608 64
a 1083 48736 256
a 1084 1632 256
a 1085 35984 16
a 1086 6160 256
a 1087 2768 16
a 1088 7312 16
a 1089 2064 64
a 1090 800 64
a 1091 768 256
a 1092 4512 256
a 1093 4496 16
a 1094 16256 64
a 1095 1968 256
a 1096 352 16
a 1097 15936 256
a 1098 752 64
a 1099 992 256
a 1100 52032 16
a 1101 464 64
a 1102 4240 64
a 1103 15136 256
a 1104 448 64
a 1105 7664 16
a 1106 1344 16
a 1107 6432 256
a 1108 4016 256
a 1109 2416 256
a 1110 31168 16
a 1111 26928 256
a 1112 368 64
a 1113 13424 256
a 1114 2368 64
a 1115 368 64
a 1116 3760 256
a 1117 20288 64
a 1118 3344 16
a 1119 21296 64
a 1120 45136 256
a 1121 57200 64
a 1122 4096 256
a 1123 3168 256
a 1124 640 64
a 1125 3776 256
a 1126 4496 16
a 1127 40112 16
a 1128 1584 16
a 1129 8880 16
a 1130 22224 16
a 1131 560 256
a 1132 55456 256
a 1133 1056 256
a 1134 992 256
a 1135 304 64
a 1136 59856 64
a 1137 304 256
a 1138 8160 16
a 1139 36048 256
a 1140 5648 64
a 1141 3696 16
a 1142 62256 256
a 1143 480 64
a 1144 26016 16
a 1145 832 16
a 1146 5840 256
a 1147 2896 16
a 1148 3984 256
a 1149 9376 16
a 1150 1776 16
a 1151 29040 16
a 1152 512 256
a 1153 2096 16
a 1154 512 64
a 1155 3360 256
a 1156 16096 64
a 1157 63792 16
a 1158 8160 64
a 1159 8832 64
a 1160 33568 16
a 1161 51072 16
a 1162 1664 64
a 1163 3120 256
a 1164 5104 16
a 1165 352 64
a 1166 33024 64
a 1167 480 16
a 1168 3408 16
a 1169 352 16
a 1170 9120 64
a 1171 560 64
a 1172 18864 256
a 1173 2832 256
a 1174 400 16
a 1175 6752 16
a 1176 496 64
a 1177 32384 16
a 1178 28912 64
a 1179 13616 64
a 1180 49104 64
a 1181 320 256
a 1182 448 256
a 1183 6864 16
a 1184 4160 64
a 1185 15248 64
a 1186 11952 16
a 1187 416 16
a 1188 320 256
a 1189 496 256
a 1190 512 16
a 1191 10576 64
a 1192 48768 64
a 1193 464 16
a 1194 368 256
a 1195 3280 256
a 1196 5056 16
a 1197 15008 256
a 1198 3424 64
a 1199 22400 64
a 1200 3616 256
a 1201 512 256
a 1202 5024 64
a 1203 1024 64
a 1204 25360 256
a 1205 57072 256
a 1206 2880 256
a 1207 480 256
a 1208 2016 256
a 1209 496 64
a 1210 1744 16
a 1211 6768 256
a 1212 64640 256
a 1213 464 64
a 1214 3664 256
a 1215 672 16
a 1216 4000 64
a 1217 416 256
a 1218 18944 16
a 1219 384 16
a 1220 1488 64
a 1221 51504 64
a 1222 992 16
a 1223 3376 64
a 1224 480 64
a 1225 848 64
a 1226 656 16
a 1227 16672 16
a 1228 54384 64
a 1229 4496 16
a 1230 368 256
a 1231 1632 16
a 1232 1136 64
a 1233 59744 16
a 1234 26976 16
a 1235 5328 16
a 1236 3312 64
a 1237 62592 256
a 1238 496 256
a 1239 63872 64
a 1240 880 64
a 1241 256 16
a 1242 368 64
a 1243 26544 64
a 1244 15904 64
a 1245 17072 256
a 1246 512 64
a 1247 16256 16
a 1248 1072 64
a 1249 4064 256
a 1250 4144 256
a 1251 416 256
a 1252 8192 64
a 1253 3872 64
a 1254 33616 64
a 1255 368 256
a 1256 43072 64
a 1257 1904 64
a 1258 29392 16
a 1259 544 256
a 1260 11728 16
a 1261 2336 16
a 1262 5840 256
a 1263 2256 16
a 1264 7488 64
a 1265 1760 16
a 1266 19776 16
a 1267 2016 16
a 1268 720 64
a 1269 400 256
a 1270 58464 16
a 1271 13056 16
a 1272 736 16
a 1273 3952 64
a 1274 1408 64
a 1275 10256 16
a 1276 10656 16
a 1277 976 16
a 1278 768 256
a 1279 60304 16
a 1280 38400 16
a 1281 27920 64
a 1282 928 256
a 1283 7264 256
a 1284 1664 256
a 1285 47136 16
a 1286 20608 256
a 1287 928 256
a 1288 816 16
a 1289 56080 64
a 1290 30448 256
a 1291 1296 256
a 1292 39728 256
a 1293 16320 16
a 1294 1024 16
a 1295 54784 16
a 1296 64960 16
a 1297 5264 16
a 1298 2240 64
a 1299 6224 256
a 1300 4032 16
a 1301 30000 256
a 1302 22784 64
a 1303 3152 16
a 1304 46000 64
a 1305 384 256
a 1306 448 16
a 1307 44832 256
a 1308 656 64
a 1309 1808 16
a 1310 1872 16
a 1311 496 16
a 1312 3088 256
a 1313 22224 16
a 1314 304 256
a 1315 5648 256
a 1316 32656 256
a 1317 10528 256
a 1318 41264 256
a 1319 8128 16
a 1320 8144 64
a 1321 9696 16
a 1322 576 256
a 1323 4464 256
a 1324 2336 256
a 1325 1664 64
a 1326 5088 256
a 1327 2848 64
a 1328 10448 256
a 1329 38272 64
a 1330 8656 64
a 1331 31680 256
a 1332 3728 16
a 1333 59968 256
a 1334 304 256
a 1335 1072 256
a 1336 896 16
a 1337 48912 16
a 1338 35824 16
a 1339 11616 256
a 1340 3008 64
a 1341 6064 256
a 1342 720 64
a 1343 4736 64
a 1344 8400 64
a 1345 1312 64
a 1346 24160 64
a 1347 1696 64
a 1348 1776 64
a 1349 51808 64
a 1350 944 256
a 1351 2992 64
a 1352 16848 16
a 1353 35840 256
a 1354 1856 16
a 1355 21600 256
a 1356 400 64
a 1357 12896 16
a 1358 480 256
a 1359 976 256
a 1360 544 64
a 1361 272 16
a 1362 4736 16
a 1363 2304 16
a 1364 416 16
a 1365 62752 256
a 1366 1616 64
a 1367 1280 16
a 1368 464 256
a 1369 7184 16
a 1370 13456 16
a 1371 896 256
a 1372 12928 256
a 1373 1456 256
a 1374 11056 16
a 1375 8688 16
a 1376 7568 16
a 1377 272 64
a 1378 1536 64
a 1379 3264 64
a 1380 50576 16
a 1381 528 256
a 1382 1056 256
a 1383 480 256
a 1384 2736 16
a 1385 320 64
a 1386 1024 64
a 1387 896 16
a 1388 4432 16
a 1389 1760 16
a 1390 1056 64
a 1391 2704 256
a 1392 1168 16
a 1393 384 64
a 1394 7632 64
a 1395 304 64
a 1396 848 64
a 1397 1536 16
a 1398 58608 64
a 1399 24496 256
a 1400 3056 16
a 1401 2896 16
a 1402 288 64
a 1403 2816 256
a 1404 55680 64
a 1405 34352 16
a 1406 1536 64
a 1407 1952 64
a 1408 960 16
a 1409 3040 16
a 1410 816 16
a 1411 288 256
a 1412 33936 16
a 1413 352 16
a 1414 816 64
a 1415 32480 16
a 1416 24400 64
a 1417 40032 256
a 1418 5120 16
a 1419 9072 16
a 1420 15888 256
a 1421 288 256
a 1422 656 64
a 1423 47600 16
a 1424 3744 64
a 1425 384 16
a 1426 1872 64
a 1427 1760 16
a 1428 7696 256
a 1429 512 16
a 1430 336 16
a 1431 32368 64
a 1432 1968 256
a 1433 528 64
a 1434 29392 256
a 1435 272 256
a 1436 17696 16
a 1437 59456 64
a 1438 1088 16
a 1439 2320 256
a 1440 272 64
a 1441 592 256
a 1442 320 16
a 1443 6192 16
a 1444 13520 16
a 1445 1968 16
a 1446 13392 16
a 1447 1072 16
a 1448 784 256
a 1449 416 16
a 1450 6208 64
a 1451 14624 64
a 1452 26464 256
a 1453 784 64
a 1454 7184 256
a 1455 60880 256
a 1456 3136 16
a 1457 21872 16
a 1458 12256 256
a 1459 48672 256
a 1460 60432 16
a 1461 3440 16
a 1462 52304 16
a 1463 1648 64
a 1464 4784 16
a 1465 30224 64
a 1466 928 256
a 1467 4000 256
a 1468 2144 64
a 1469 24320 256
a 1470 50176 16
a 1471 5728 256
a 1472 1552 64
a 1473 3296 256
a 1474 24576 256
a 1475 15392 256
a 1476 6128 16
a 1477 656 16
a 1478 12176 64
a 1479 8240 256
a 1480 2752 16
a 1481 1632 256
a 1482 1024 256
a 1483 24912 64
a 1484 5936 16
a 1485 496 256
a 1486 3968 64
a 1487 26112 256
a 1488 7344 256
a 1489 3488 256
a 1490 62144 256
a 1491 512 64
a 1492 31200 64
a 1493 3712 256
a 1494 416 16
a 1495 26480 64
a 1496 320 16
a 1497 8128 16
a 1498 53744 256
a 1499 62240 64
a 1500 3584 64
a 1501 336 16
a 1502 27984 256
a 1503 12464 16
a 1504 416 256
a 1505 1888 64
a 1506 2672 64
a 1507 4240 64
a 1508 496 64
a 1509 14576 256
a 1510 7600 64
a 1511 14432 256
a 1512 35600 256
a 1513 33424 64
a 1514 53168 64
a 1515 944 16
a 1516 27488 64
a 1517 336 16
a 1518 4560 64
a 1519 384 64
a 1520 38304 64
a 1521 8464 16
a 1522 7328 16
a 1523 1600 64
a 1524 1648 64
a 1525 3648 256
a 1526 1872 16
a 1527 1776 16
a 1528 13184 64
a 1529 288 16
a 1530 448 256
a 1531 18928 16
a 1532 63808 64
a 1533 352 64
a 1534 3200 256
a 1535 1728 64
a 1536 896 256
a 1537 2192 64
a 1538 1648 64
a 1539 57648 64
a 1540 12784 256
a 1541 53488 64
a 1542 288 64
a 1543 432 16
a 1544 17056 16
a 1545 4064 64
a 1546 416 16
a 1547 2496 16
a 1548 4928 64
a 1549 31584 16
a 1550 3504 16
a 1551 496 16
a 1552 24592 256
a 1553 1024 64
a 1554 1648 256
a 1555 416 64
a 1556 272 16
a 1557 800 16
a 1558 48288 64
a 1559 1344 16
a 1560 720 64
a 1561 6016 64
a 1562 6160 256
a 1563 1632 16
a 1564 848 256
a 1565 1008 64
a 1566 31968 16
a 1567 320 16
a 1568 3232 256
a 1569 3472 16
a 1570 5232 64
a 1571 528 64
a 1572 944 16
a 1573 51920 16
a 1574 57360 16
a 1575 17024 256
a 1576 3568 256
a 1577 1024 256
a 1578 27760 64
a 1579 3328 16
a 1580 19168 16
a 1581 23936 256
a 1582 4720 16
a 1583 1840 64
a 1584 864 256
a 1585 60528 256
a 1586 15344 16
a 1587 688 64
a 1588 4640 256
a 1589 384 16
a 1590 368 64
a 1591 448 16
a 1592 288 64
a 1593 9424 16
a 1594 12448 64
a 1595 39024 256
a 1596 784 256
a 1597 6256 64
a 1598 50256 256
a 1599 528 64
a 1600 9712 16
a 1601 848 16
a 1602 1296 256
a 1603 928 16
a 1604 624 16
a 1605 288 256
a 1606 7792 16
a 1607 32560 16
a 1608 1984 256
a 1609 7472 64
a 1610 560 16
a 1611 416 256
a 1612 26208 256
a 1613 3184 64
a 1614 23680 16
a 1615 592 64
a 1616 7216 64
a 1617 288 256
a 1618 624 256
a 1619 5280 64
a 1620 1552 16
a 1621 432 64
a 1622 5040 256
a 1623 61200 256
a 1624 5760 256
a 1625 432 16
a 1626 2960 256
a 1627 4576 64
a 1628 912 16
a 1629 65488 256
a 1630 864 256
a 1631 60416 16
a 1632 45392 16
a 1633 4528 16
a 1634 448 256
a 1635 59456 64
a 1636 528 256
a 1637 15872 64
a 1638 400 64
a 1639 1600 16
a 1640 1280 256
a 1641 560 256
a 1642 272 64
a 1643 1184 16
a 1644 368 256
a 1645 1360 16
a 1646 20640 64
a 1647 54224 256
a 1648 3664 16
a 1649 3184 64
a 1650 5904 64
a 1651 368 16
a 1652 11472 256
a 1653 14688 64
a 1654 8000 64
a 1655 288 256
a 1656 496 256
a 1657 2016 64
a 1658 464 16
a 1659 896 16
a 1660 42144 64
a 1661 3600 16
a 1662 10352 256
a 1663 22000 16
a 1664 12528 16
a 1665 11024 64
a 1666 336 256
a 1667 752 64
a 1668 11984 256
a 1669 864 256
a 1670 32768 16
a 1671 2000 256
a 1672 1008 16
a 1673 1728 64
a 1674 656 256
a 1675 272 64
a 1676 704 64
a 1677 13984 16
a 1678 6480 256
a 1679 14128 16
a 1680 1504 16
a 1681 6464 256
a 1682 912 256
a 1683 1264 16
a 1684 22544 64
a 1685 31008 256
a 1686 2112 256
a 1687 27680 64
a 1688 464 16
a 1689 2848 64
a 1690 3248 256
a 1691 30448 256
a 1692 7360 16
a 1693 1856 16
a 1694 13056 256
a 1695 24352 256
a 1696 2736 256
a 1697 8976 256
a 1698 10672 256
a 1699 62096 16
a 1700 320 256
a 1701 2816 256
a 1702 5600 64
a 1703 41360 16
a 1704 1696 256
a 1705 1280 16
a 1706 15264 16
a 1707 21440 64
a 1708 12448 64
a 1709 384 256
a 1710 512 256
a 1711 496 256
a 1712 57120 16
a 1713 1616 64
a 1714 54112 16
a 1715 2832 64
a 1716 22320 256
a 1717 12768 256
a 1718 25792 16
a 1719 15328 256
a 1720 57728 64
a 1721 1840 16
a 1722 49104 64
a 1723 752 256
a 1724 24096 64
a 1725 8096 16
a 1726 1280 64
a 1727 688 256
a 1728 3520 64
a 1729 2544 256
a 1730 1968 256
a 1731 1200 16
a 1732 704 16
a 1733 1216 256
a 1734 976 16
a 1735 2112 256
a 1736 720 256
a 1737 22352 256
a 1738 14304 16
a 1739 560 16
a 1740 19248 256
a 1741 21808 64
a 1742 3760 16
a 1743 7776 256
a 1744 2048 256
a 1745 8656 16
a 1746 46240 16
a 1747 384 64
a 1748 2320 256
a 1749 28848 64
a 1750 55680 16
a 1751 8112 16
a 1752 5008 256
a 1753 1952 256
a 1754 752 16
a 1755 400 256
a 1756 512 64
a 1757 42384 16
a 1758 1712 16
a 1759 7936 16
a 1760 2272 64
a 1761 960 256
a 1762 1184 64
a 1763 1408 64
a 1764 27024 16
a 1765 2256 256
a 1766 26048 256
a 1767 41376 256
a 1768 4640 256
a 1769 11712 64
a 1770 57008 16
a 1771 10176 16
a 1772 6928 16
a 1773 496 16
a 1774 1664 256
a 1775 1104 256
a 1776 928 64
a 1777 20064 256
a 1778 1984 16
a 1779 864 64
a 1780 9968 256
a 1781 5856 16
a 1782 8720 16
a 1783 528 64
a 1784 48944 64
a 1785 512 256
a 1786 416 16
a 1787 62208 256
a 1788 1760 256
a 1789 512 256
a 1790 2064 256
a 1791 3344 256
a 1792 2864 16
a 1793 27488 16
a 1794 496 64
a 1795 1088 256
a 1796 7296 256
a 1797 272 256
a 1798 12688 64
a 1799 432 64
a 1800 608 256
a 1801 5664 64
a 1802 4656 64
a 1803 33152 64
a 1804 848 16
a 1805 4384 16
a 1806 35808 256
a 1807 11968 256
a 1808 1568 64
a 1809 3056 256
a 1810 44880 256
a 1811 1216 16
a 1812 29728 64
a 1813 608 64
a 1814 20560 64
a 1815 12176 16
a 1816 688 64
a 1817 8464 64
a 1818 50432 256
a 1819 7408 64
a 1820 62016 64
a 1821 14176 16
a 1822 64672 256
a 1823 15648 256
a 1824 432 64
a 1825 6512 64
a 1826 4432 64
a 1827 15728 64
a 1828 992 64
a 1829 2384 256
a 1830 1792 256
a 1831 61120 16
a 1832 9088 64
a 1833 1792 256
a 1834 400 16
a 1835 44256 16
a 1836 816 64
a 1837 21488 256
a 1838 848 64
a 1839 832 64
a 1840 896 64
a 1841 3920 16
a 1842 6624 64
a 1843 560 64
a 1844 512 16
a 1845 1872 16
a 1846 480 16
a 1847 8624 16
a 1848 1408 256
a 1849 65408 64
a 1850 608 256
a 1851 8432 64
a 1852 61264 64
a 1853 14448 64
a 1854 17904 16
a 1855 10000 256
a 1856 14944 256
a 1857 29488 64
a 1858 8304 64
a 1859 19088 16
a 1860 3584 64
a 1861 3760 16
a 1862 944 256
a 1863 1136 64
a 1864 27552 64
a 1865 26720 64
a 1866 35792 16
a 1867 1680 256
a 1868 304 256
a 1869 400 16
a 1870 27744 64
a 1871 36592 16
a 1872 5408 256
a 1873 15072 64
a 1874 44352 256
a 1875 17344 16
a 1876 56784 16
a 1877 560 256
a 1878 25984 256
a 1879 384 256
a 1880 656 256
a 1881 5392 64
a 1882 19536 64
a 1883 10800 64
a 1884 288 16
a 1885 10880 64
a 1886 304 16
a 1887 8432 16
a 1888 58576 16
a 1889 5744 256
a 1890 1344 16
a 1891 992 64
a 1892 24576 64
a 1893 912 256
a 1894 1552 64
a 1895 28896 64
a 1896 44592 256
a 1897 43056 16
a 1898 9360 16
a 1899 2144 256
a 1900 45472 64
a 1901 736 256
a 1902 60752 16
a 1903 1168 16
a 1904 46624 256
a 1905 912 64
a 1906 3552 64
a 1907 3744 64
a 1908 54464 16
a 1909 62176 16
a 1910 368 64
a 1911 7168 16
a 1912 4000 16
a 1913 36400 256
a 1914 54576 64
a 1915 4704 64
a 1916 26448 256
a 1917 16784 16
a 1918 1536 16
a 1919 59536 16
a 1920 1552 64
a 1921 1984 16
a 1922 44704 16
a 1923 944 64
a 1924 29264 16
a 1925 880 64
a 1926 512 16
a 1927 656 16
a 1928 2176 16
a 1929 49248 16
a 1930 2816 64
a 1931 13152 64
a 1932 9328 16
a 1933 64640 256
a 1934 1728 256
a 1935 4624 16
a 1936 5712 256
a 1937 1216 256
a 1938 640 16
a 1939 8336 256
a 1940 3040 16
a 1941 3568 16
a 1942 7904 16
a 1943 18096 16
a 1944 1072 64
a 1945 512 64
a 1946 576 64
a 1947 1552 16
a 1948 6656 256
a 1949 1440 256
a 1950 992 256
a 1951 432 64
a 1952 9632 64
a 1953 4944 64
a 1954 864 64
a 1955 62736 64
a 1956 25728 16
a 1957 1328 64
a 1958 16848 64
a 1959 22480 64
a 1960 1008 256
a 1961 1776 64
a 1962 4496 256
a 1963 1936 16
a 1964 6032 64
a 1965 1696 256
a 1966 496 16
a 1967 2112 64
a 1968 1040 64
a 1969 288 64
a 1970 12592 256
a 1971 11504 16
a 1972 512 16
a 1973 864 256
a 1974 12048 256
a 1975 1904 16
a 1976 976 64
a 1977 928 64
a 1978 2544 16
a 1979 10704 16
a 1980 28832 256
a 1981 12384 256
a 1982 560 256
a 1983 608 16
a 1984 2880 256
a 1985 6528 16
a 1986 29024 256
a 1987 4128 64
a 1988 1616 64
a 1989 44416 256
a 1990 304 16
a 1991 9920 16
a 1992 736 64
a 1993 7008 256
a 1994 5744 64
a 1995 6304 64
a 1996 3792 16
a 1997 1136 64
a 1998 5232 64
a 1999 368 64
a 2000 1728 256
a 2001 6336 256
a 2002 59488 256
a 2003 800 64
a 2004 4000 64
a 2005 336 64
a 2006 1200 256
a 2007 1728 256
a 2008 13456 16
a 2009 1392 256
a 2010 1200 64
a 2011 18144 256
a 2012 57664 64
a 2013 400 16
a 2014 13856 256
a 2015 10816 64
a 2016 7776 64
a 2017 512 16
a 2018 18016 16
a 2019 21728 16
a 2020 3168 256
a 2021 560 64
a 2022 3904 64
a 2023 12576 16
a 2024 1232 256
a 2025 7296 16
a 2026 2976 256
a 2027 2720 16
a 2028 272 64
a 2029 11904 16
a 2030 2592 256
a 2031 768 256
a 2032 6960 16
a 2033 1344 64
a 2034 19504 256
a 2035 960 16
a 2036 41872 16
a 2037 3760 64
a 2038 21984 256
a 2039 12656 64
a 2040 41536 64
a 2041 1040 64
a 2042 1232 64
a 2043 5536 64
a 2044 6032 16
a 2045 992 256
a 2046 3696 64
a 2047 640 64
a 2048 6752 64
a 2049 11072 256
a 2050 816 16
a 2051 416 64
a 2052 2000 64
a 2053 15488 16
a 2054 30304 256
a 2055 55392 16
a 2056 39104 64
a 2057 6880 64
a 2058 752 64
a 2059 62064 64
a 2060 1088 64
a 2061 816 256
a 2062 2096 64
a 2063 21200 16
a 2064 26496 64
a 2065 1872 64
a 2066 16352 16
a 2067 5376 64
a 2068 1920 64
a 2069 656 256
a 2070 784 64
a 2071 12208 16
a 2072 1216 16
a 2073 800 256
a 2074 400 16
a 2075 25456 64
a 2076 45632 16
a 2077 6752 256
a 2078 3840 64
a 2079 336 256
a 2080 368 16
a 2081 1680 256
a 2082 560 64
a 2083 57392 16
a 2084 2384 256
a 2085 3840 64
a 2086 37696 16
a 2087 17072 256
a 2088 880 256
a 2089 7776 64
a 2090 2016 64
a 2091 976 16
a 2092 5440 64
a 2093 848 256
a 2094 1760 256
a 2095 1296 256
a 2096 352 64
a 2097 22592 16
a 2098 9904 16
a 2099 7968 16
a 2100 768 16
a 2101 15744 64
a 2102 1120 64
a 2103 19744 16
a 2104 432 16
a 2105 14976 256
a 2106 720 16
a 2107 1120 64
a 2108 27552 16
a 2109 58240 256
a 2110 1024 64
a 2111 928 64
a 2112 1488 16
a 2113 1328 64
a 2114 9984 256
a 2115 1616 64
a 2116 624 16
a 2117 352 16
a 2118 14992 64
a 2119 2656 256
a 2120 352 16
a 2121 672 64
a 2122 1504 256
a 2123 1152 256
a 2124 27200 16
a 2125 480 16
a 2126 8096 64
a 2127 9552 256
a 2128 14400 256
a 2129 25568 16
a 2130 3856 256
a 2131 15344 256
a 2132 14224 16
a 2133 58336 256
a 2134 4512 64
a 2135 528 64
a 2136 26432 16
a 2137 8016 16
a 2138 304 64
a 2139 928 16
a 2140 1200 64
a 2141 12496 64
a 2142 960 256
a 2143 2704 64
a 2144 464 16
a 2145 3584 64
a 2146 352 16
a 2147 7168 256
a 2148 784 256
a 2149 6176 16
a 2150 2016 16
a 2151 496 256
a 2152 11664 16
a 2153 864 256
a 2154 992 16
a 2155 400 256
a 2156 624 256
a 2157 37232 256
a 2158 15216 256
a 2159 4368 64
a 2160 752 256
a 2161 8048 256
a 2162 59248 16
a 2163 896 256
a 2164 480 256
a 2165 1008 16
a 2166 1840 256
a 2167 576 16
a 2168 27936 256
a 2169 1664 64
a 2170 28000 256
a 2171 1600 64
a 2172 23760 64
a 2173 480 64
a 2174 12448 16
a 2175 62384 64
a 2176 4720 16
a 2177 7184 64
a 2178 464 64
a 2179 26816 64
a 2180 34912 256
a 2181 416 64
a 2182 2480 16
a 2183 30432 256
a 2184 15136 256
a 2185 496 16
a 2186 1872 16
a 2187 4064 256
a 2188 12640 256
a 2189 51200 16
a 2190 59008 64
a 2191 1824 16
a 2192 4464 64
a 2193 768 256
a 2194 640 16
a 2195 1024 16
a 2196 1920 64
a 2197 5520 256
a 2198 720 256
a 2199 384 16
a 2200 5472 16
a 2201 944 64
a 2202 40672 64
a 2203 26800 16
a 2204 62592 16
a 2205 14432 256
a 2206 20576 64
a 2207 3264 64
a 2208 1552 256
a 2209 304 256
a 2210 320 64
a 2211 13232 16
a 2212 944 64
a 2213 560 64
a 2214 50448 256
a 2215 39328 64
a 2216 1536 64
a 2217 5536 16
a 2218 28192 16
a 2219 960 64
a 2220 56496 16
a 2221 4272 64
a 2222 52304 16
a 2223 13824 256
a 2224 14096 64
a 2225 3088 16
a 2226 352 16
a 2227 23920 16
a 2228 448 256
a 2229 1728 16
a 2230 5056 256
a 2231 30160 64
a 2232 1232 64
a 2233 34784 16
a 2234 1648 16
a 2235 5440 16
a 2236 7904 64
a 2237 8608 256
a 2238 8448 256
a 2239 2384 16
a 2240 288 16
a 2241 3312 256
a 2242 9760 64
a 2243 5824 64
a 2244 5216 256
a 2245 2976 256
a 2246 19824 256
a 2247 800 256
a 2248 3072 256
a 2249 512 64
a 2250 12352 64
a 2251 1968 16
a 2252 1680 64
a 2253 5968 64
a 2254 3168 256
a 2255 576 64
a 2256 54976 256
a 2257 2704 256
a 2258 61456 16
a 2259 33344 16
a 2260 5408 256
a 2261 7328 16
a 2262 5248 16
a 2263 992 256
a 2264 2032 256
a 2265 4016 256
a 2266 40448 64
a 2267 6208 64
a 2268 19536 16
a 2269 3648 16
a 2270 416 64
a 2271 1664 16
a 2272 32544 16
a 2273 688 64
a 2274 272 64
a 2275 6768 64
a 2276 544 16
a 2277 4048 256
a 2278 944 256
a 2279 45680 64
a 2280 23632 256
a 2281 13344 256
a 2282 1632 256
a 2283 1088 256
a 2284 384 64
a 2285 6768 16
a 2286 3568 16
a 2287 14608 16
a 2288 1856 16
a 2289 11216 64
a 2290 13424 256
a 2291 44528 256
a 2292 19920 256
a 2293 14144 256
a 2294 16624 16
a 2295 7152 16
a 2296 58800 256
a 2297 8688 256
a 2298 3280 16
a 2299 60272 64
a 2300 1424 64
a 2301 23040 16
a 2302 10096 64
a 2303 31808 16
a 2304 9888 64
a 2305 2816 256
a 2306 608 64
a 2307 30320 16
a 2308 16544 256
a 2309 928 256
a 2310 960 256
a 2311 6576 64
a 2312 6560 64
a 2313 10352 256
a 2314 2304 64
a 2315 1664 64
a 2316 46544 64
a 2317 35984 16
a 2318 12336 256
a 2319 57984 256
a 2320 272 16
a 2321 52096 256
a 2322 6256 16
a 2323 4784 64
a 2324 52240 256
a 2325 320 16
a 2326 3584 256
a 2327 2608 256
a 2328 5984 16
a 2329 6352 256
a 2330 528 16
a 2331 22192 16
a 2332 41520 64
a 2333 512 256
a 2334 368 16
a 2335 2624 64
a 2336 31168 16
a 2337 11232 16
a 2338 11872 16
a 2339 21744 16
a 2340 7776 256
a 2341 272 256
a 2342 4480 64
a 2343 23456 16
a 2344 15024 256
a 2345 23120 16
a 2346 46464 256
a 2347 5632 16
a 2348 528 16
a 2349 2864 256
a 2350 368 16
a 2351 20448 64
a 2352 13520 256
a 2353 448 64
a 2354 3008 16
a 2355 480 16
a 2356 3424 64
a 2357 5136 64
a 2358 33232 64
a 2359 19088 64
a 2360 12528 16
a 2361 480 256
a 2362 1920 256
a 2363 736 16
a 2364 23552 256
a 2365 6128 256
a 2366 1776 256
a 2367 29872 16
a 2368 18464 256
a 2369 50304 256
a 2370 336 16
a 2371 18480 64
a 2372 29904 64
a 2373 2400 256
a 2374 2016 16
a 2375 6944 16
a 2376 45728 64
a 2377 22064 256
a 2378 2176 64
a 2379 27504 16
a 2380 16704 64
a 2381 33360 256
a 2382 50224 16
a 2383 48704 16
a 2384 2128 256
a 2385 608 64
a 2386 464 256
a 2387 304 64
a 2388 41392 256
a 2389 2464 16
a 2390 3168 256
a 2391 64960 256
a 2392 736 256
a 2393 7440 64
a 2394 12016 256
a 2395 448 256
a 2396 13600 16
a 2397 5488 64
a 2398 24880 256
a 2399 47456 16
a 2400 272 64
a 2401 608 256
a 2402 2112 256
a 2403 6640 256
a 2404 304 64
a 2405 11120 64
a 2406 832 64
a 2407 4256 256
a 2408 864 256
a 2409 2032 64
a 2410 44304 64
a 2411 448 256
a 2412 432 16
a 2413 63360 256
a 2414 31488 16
a 2415 720 256
a 2416 5184 256
a 2417 1920 16
a 2418 1120 64
a 2419 45712 256
a 2420 272 64
a 2421 448 64
a 2422 30368 256
a 2423 36976 256
a 2424 7952 256
a 2425 608 256
a 2426 2832 16
a 2427 4336 16
a 2428 3936 256
a 2429 9920 16
a 2430 8512 16
a 2431 5904 16
a 2432 35904 64
a 2433 19696 64
a 2434 416 64
a 2435 1152 256
a 2436 17392 16
a 2437 10000 64
a 2438 27600 64
a 2439 464 64
a 2440 528 64
a 2441 30272 256
a 2442 3760 64
a 2443 432 64
a 2444 1808 256
a 2445 30816 16
a 2446 3888 64
a 2447 40416 64
a 2448 2112 64
a 2449 16176 64
a 2450 4096 256
a 2451 25952 16
a 2452 1968 256
a 2453 26560 16
a 2454 528 64
a 2455 11072 16
a 2456 272 16
a 2457 304 16
a 2458 9024 64
a 2459 1680 64
a 2460 480 256
a 2461 3072 256
a 2462 1904 64
a 2463 3520 256
a 2464 13104 64
a 2465 2592 256
a 2466 25760 64
a 2467 9360 16
a 2468 6240 16
a 2469 432 256
a 2470 944 64
a 2471 528 16
a 2472 304 256
a 2473 1552 256
a 2474 2288 256
a 2475 21872 256
a 2476 1984 16
a 2477 30000 64
a 2478 7440 16
a 2479 416 64
a 2480 384 16
a 2481 61856 64
a 2482 336 256
a 2483 1888 64
a 2484 55296 64
a 2485 768 16
a 2486 4016 16
a 2487 15936 16
a 2488 1344 16
a 2489 18384 256
a 2490 59984 256
a 2491 1392 64
a 2492 12272 64
a 2493 12192 256
a 2494 28832 64
a 2495 624 256
a 2496 4416 256
a 2497 50064 64
a 2498 304 64
a 2499 22192 16
a 2500 25200 256
a 2501 51808 256
a 2502 4560 64
a 2503 272 16
a 2504 59200 16
a 2505 2176 16
a 2506 4144 64
a 2507 23440 256
a 2508 9536 16
a 2509 4368 64
a 2510 24320 16
a 2511 4224 256
a 2512 14464 256
a 2513 320 256
a 2514 416 256
a 2515 15024 16
a 2516 40880 16
a 2517 4416 256
a 2518 1648 64
a 2519 45008 256
a 2520 656 256
a 2521 896 256
a 2522 960 256
a 2523 448 256
a 2524 496 64
a 2525 31664 16
a 2526 1408 256
a 2527 42096 64
a 2528 2064 256
a 2529 28880 256
a 2530 18080 64
a 2531 1584 256
a 2532 928 16
a 2533 14224 256
a 2534 560 64
a 2535 2704 16
a 2536 704 256
a 2537 2928 256
a 2538 4192 16
a 2539 13376 64
a 2540 32688 256
a 2541 384 256
a 2542 4752 256
a 2543 15536 256
a 2544 3600 64
a 2545 1120 64
a 2546 28416 16
a 2547 15984 256
a 2548 4272 16
a 2549 2528 16
a 2550 9104 64
a 2551 5440 256
a 2552 320 64
a 2553 384 64
a 2554 15168 16
a 2555 11856 64
a 2556 2000 256
a 2557 1104 256
a 2558 6176 256
a 2559 11136 64
a 2560 544 256
a 2561 1360 64
a 2562 4368 256
a 2563 1280 256
a 2564 45136 256
a 2565 272 64
a 2566 512 64
a 2567 1504 64
a 2568 480 16
a 2569 36992 256
a 2570 1360 256
a 2571 8576 16
a 2572 320 256
a 2573 2608 256
a 2574 1344 16
a 2575 1104 256
a 2576 56528 64
a 2577 20272 64
a 2578 2656 16
a 2579 320 16
a 2580 2528 16
a 2581 62384 256
a 2582 800 64
a 2583 464 64
a 2584 1376 16
a 2585 1632 256
a 2586 42160 16
a 2587 880 64
a 2588 9216 256
a 2589 800 256
a 2590 6304 16
a 2591 2608 256
a 2592 640 64
a 2593 384 256
a 2594 5904 64
a 2595 1408 64
a 2596 4608 16
a 2597 29040 64
a 2598 848 256
a 2599 1312 16
a 2600 5296 64
a 2601 5184 64
a 2602 26576 16
a 2603 976 16
a 2604 816 16
a 2605 368 16
a 2606 58816 64
a 2607 640 256
a 2608 1328 16
a 2609 880 64
a 2610 19200 64
a 2611 576 16
a 2612 384 64
a 2613 26064 256
a 2614 54000 16
a 2615 5392 64
a 2616 28592 64
a 2617 3424 16
a 2618 4960 64
a 2619 19872 16
a 2620 2224 256
a 2621 672 64
a 2622 63216 64
a 2623 1408 16
a 2624 10640 16
a 2625 1632 16
a 2626 1056 16
a 2627 1632 256
a 2628 432 256
a 2629 1120 16
a 2630 4864 256
a 2631 5344 256
a 2632 864 64
a 2633 31712 64
a 2634 464 64
a 2635 432 64
a 2636 512 16
a 2637 7856 64
a 2638 30528 16
a 2639 17136 16
a 2640 10528 16
a 2641 848 64
a 2642 54352 256
a 2643 56096 64
a 2644 864 16
a 2645 29296 64
a 2646 10912 16
a 2647 3328 64
a 2648 25216 16
a 2649 26784 256
a 2650 12080 256
a 2651 432 16
a 2652 15680 64
a 2653 1984 256
a 2654 464 16
a 2655 3776 256
a 2656 1504 16
a 2657 1296 64
a 2658 6048 256
a 2659 26400 16
a 2660 5408 64
a 2661 3232 16
a 2662 864 16
a 2663 24528 64
a 2664 10832 16
a 2665 6400 16
a 2666 52560 256
a 2667 15536 16
a 2668 560 256
a 2669 992 16
a 2670 1520 16
a 2671 14960 64
a 2672 13136 256
a 2673 38912 64
a 2674 7984 64
a 2675 3392 16
a 2676 1280 64
a 2677 63040 256
a 2678 56992 256
a 2679 2880 256
a 2680 30976 16
a 2681 2640 16
a 2682 4416 16
a 2683 52832 16
a 2684 3952 16
a 2685 56464 64
a 2686 5328 16
a 2687 63344 16
a 2688 1200 64
a 2689 22816 256
a 2690 58608 16
a 2691 15056 64
a 2692 61216 256
a 2693 62624 64
a 2694 13824 256
a 2695 4864 16
a 2696 768 256
a 2697 59840 256
a 2698 15600 64
a 2699 52976 256
a 2700 864 64
a 2701 23424 256
a 2702 3104 16
a 2703 25008 64
a 2704 1024 256
a 2705 36560 64
a 2706 288 64
a 2707 30512 256
a 2708 55424 256
a 2709 1152 256
a 2710 13568 16
a 2711 1728 256
a 2712 3840 64
a 2713 864 256
a 2714 2016 16
a 2715 3584 256
a 2716 1744 256
a 2717 12064 16
a 2718 46016 16
a 2719 480 16
a 2720 1824 64
a 2721 38208 256
a 2722 19920 16
a 2723 5392 64
a 2724 4224 16
a 2725 7296 16
a 2726 656 16
a 2727 9040 16
a 2728 28864 16
a 2729 624 16
a 2730 1136 16
a 2731 336 256
a 2732 528 64
a 2733 1376 256
a 2734 288 64
a 2735 336 256
a 2736 304 64
a 2737 3472 256
a 2738 448 256
a 2739 8528 64
a 2740 12208 256
a 2741 25280 256
a 2742 11664 256
a 2743 1456 64
a 2744 2352 64
a 2745 3952 64
a 2746 1472 16
a 2747 400 64
a 2748 16960 64
a 2749 1168 64
a 2750 3232 16
a 2751 18576 64
a 2752 32448 16
a 2753 1008 64
a 2754 272 16
a 2755 448 256
a 2756 24288 256
a 2757 34864 16
a 2758 7696 64
a 2759 27392 256
a 2760 592 16
a 2761 3984 256
a 2762 5360 64
a 2763 2432 16
a 2764 30256 16
a 2765 15072 256
a 2766 6000 64
a 2767 3856 64
a 2768 27520 256
a 2769 928 64
a 2770 6736 256
a 2771 22816 16
a 2772 4512 256
a 2773 6224 256
a 2774 672 16
a 2775 18768 16
a 2776 26960 64
a 2777 416 64
a 2778 41568 256
a 2779 17136 64
a 2780 5040 256
a 2781 3952 64
a 2782 40912 64
a 2783 736 256
a 2784 2736 256
a 2785 304 64
a 2786 2000 256
a 2787 15904 16
a 2788 1776 16
a 2789 1616 16
a 2790 26848 256
a 2791 7536 256
a 2792 1760 256
a 2793 42048 64
a 2794 1024 16
a 2795 28304 64
a 2796 848 64
a 2797 1536 64
a 2798 6272 64
a 2799 304 64
a 2800 23584 256
a 2801 1888 256
a 2802 5776 64
a 2803 496 256
a 2804 14480 16
a 2805 1952 16
a 2806 1872 64
a 2807 464 16
a 2808 560 16
a 2809 13392 64
a 2810 864 64
a 2811 27968 16
a 2812 4960 64
a 2813 560 256
a 2814 34752 64
a 2815 23072 16
a 2816 30160 256
a 2817 3072 16
a 2818 800 64
a 2819 880 16
a 2820 20768 64
a 2821 656 64
a 2822 15312 64
a 2823 1312 64
a 2824 272 64
a 2825 432 16
a 2826 23360 64
a 2827 7296 16
a 2828 11200 16
a 2829 1248 256
a 2830 40752 256
a 2831 1424 16
a 2832 976 16
a 2833 336 256
a 2834 496 256
a 2835 13648 256
a 2836 31456 16
a 2837 37184 16
a 2838 416 16
a 2839 13728 16
a 2840 544 256
a 2841 3296 64
a 2842 9440 64
a 2843 1168 16
a 2844 496 256
a 2845 3760 64
a 2846 3392 16
a 2847 2944 16
a 2848 8720 256
a 2849 6496 16
a 2850 1760 256
a 2851 25664 16
a 2852 464 256
a 2853 11008 16
a 2854 6128 64
a 2855 1728 16
a 2856 2864 256
a 2857 3824 64
a 2858 816 64
a 2859 2512 64
a 2860 1760 16
a 2861 1712 256
a 2862 5744 256
a 2863 53792 64
a 2864 6560 256
a 2865 18928 16
a 2866 43600 16
a 2867 400 256
a 2868 336 64
a 2869 1760 256
a 2870 1872 64
a 2871 5328 64
a 2872 60736 64
a 2873 21088 256
a 2874 864 16
a 2875 496 64
a 2876 32768 16
a 2877 880 256
a 2878 1712 64
a 2879 22496 64
a 2880 880 64
a 2881 24688 16
a 2882 50512 256
a 2883 26864 64
a 2884 22608 16
a 2885 23952 64
a 2886 3632 256
a 2887 448 256
a 2888 35856 256
a 2889 1040 256
a 2890 1584 256
a 2891 336 256
a 2892 31728 256
a 2893 3040 64
a 2894 1024 256
a 2895 24880 64
a 2896 2784 16
a 2897 12560 64
a 2898 20352 16
a 2899 5200 16
a 2900 6864 16
a 2901 6496 16
a 2902 368 64
a 2903 1440 64
a 2904 288 256
a 2905 10496 64
a 2906 61936 16
a 2907 1216 64
a 2908 560 16
a 2909 4640 256
a 2910 1920 64
a 2911 2816 64
a 2912 59760 64
a 2913 13056 64
a 2914 3600 256
a 2915 57648 16
a 2916 1424 256
a 2917 704 64
a 2918 14944 16
a 2919 2080 64
a 2920 2976 256
a 2921 464 64
a 2922 42496 64
a 2923 28608 64
a 2924 17248 256
a 2925 29392 16
a 2926 800 256
a 2927 38768 256
a 2928 11424 16
a 2929 688 16
a 2930 9616 256
a 2931 2976 16
a 2932 26000 16
a 2933 784 256
a 2934 272 64
a 2935 16944 64
a 2936 13008 64
a 2937 7952 16
a 2938 512 256
a 2939 18448 256
a 2940 480 64
a 2941 1040 16
a 2942 976 64
a 2943 11360 64
a 2944 8096 64
a 2945 13824 16
a 2946 3104 256
a 2947 24224 256
a 2948 9408 16
a 2949 34976 64
a 2950 1536 16
a 2951 400 16
a 2952 59888 64
a 2953 34816 256
a 2954 4080 64
a 2955 36208 16
a 2956 1040 256
a 2957 55648 16
a 2958 1584 256
a 2959 1200 256
a 2960 384 64
a 2961 688 16
a 2962 38368 256
a 2963 12128 64
a 2964 18880 256
a 2965 55824 64
a 2966 27376 16
a 2967 21872 256
a 2968 448 256
a 2969 592 64
a 2970 13216 16
a 2971 4416 64
a 2972 3488 64
a 2973 26464 64
a 2974 496 16
a 2975 480 256
a 2976 288 64
a 2977 23024 256
a 2978 1792 256
a 2979 15808 64
a 2980 1568 64
a 2981 18208 16
a 2982 37328 256
a 2983 49376 64
a 2984 2000 256
a 2985 25168 256
a 2986 10400 256
a 2987 3936 16
a 2988 8352 64
a 2989 592 64
a 2990 3712 64
a 2991 4464 64
a 2992 29200 64
a 2993 6304 16
a 2994 41200 256
a 2995 58736 256
a 2996 1152 16
a 2997 416 64
a 2998 3552 16
a 2999 1904 16
a 3000 4928 64
a 3001 4112 16
a 3002 53040 64
a 3003 63296 256
a 3004 1488 16
a 3005 9632 256
a 3006 304 16
a 3007 19072 256
a 3008 48176 256
a 3009 1216 256
a 3010 592 256
a 3011 448 64
a 3012 3072 64
a 3013 2592 64
a 3014 4512 16
a 3015 30304 64
a 3016 4752 256
a 3017 448 256
a 3018 5312 64
a 3019 7664 16
a 3020 3632 64
a 3021 9264 64
a 3022 352 16
a 3023 8176 256
a 3024 5152 256
a 3025 30496 256
a 3026 1552 64
a 3027 3728 256
a 3028 13936 16
a 3029 31568 256
a 3030 62272 16
a 3031 336 64
a 3032 7552 16
a 3033 52352 64
a 3034 816 64
a 3035 592 256
a 3036 4816 64
a 3037 5824 256
a 3038 19152 256
a 3039 3808 16
a 3040 15488 16
a 3041 368 16
a 3042 23248 256
a 3043 13680 256
a 3044 9824 256
a 3045 1328 256
a 3046 1456 256
a 3047 3008 16
a 3048 7808 64
a 3049 52528 256
a 3050 1904 64
a 3051 2048 16
a 3052 4640 64
a 3053 2032 64
a 3054 1728 256
a 3055 480 256
a 3056 720 64
a 3057 13616 256
a 3058 38512 16
a 3059 992 16
a 3060 14000 64
a 3061 6128 64
a 3062 288 256
a 3063 16272 16
a 3064 3536 16
a 3065 15744 64
a 3066 416 16
a 3067 560 64
a 3068 2880 64
a 3069 34480 256
a 3070 63280 16
a 3071 560 16
a 3072 4992 64
a 3073 2048 256
a 3074 896 64
a 3075 8480 64
a 3076 3376 64
a 3077 976 16
a 3078 3984 256
a 3079 336 16
a 3080 7424 16
a 3081 11504 16
a 3082 528 16
a 3083 3328 64
a 3084 320 64
a 3085 1456 16
a 3086 6704 64
a 3087 416 64
a 3088 13072 64
a 3089 3808 64
a 3090 3584 64
a 3091 3616 64
a 3092 15376 256
a 3093 368 16
a 3094 4560 256
a 3095 7136 256
a 3096 31600 16
a 3097 6224 16
a 3098 46032 64
a 3099 272 256
a 3100 352 16
a 3101 2496 16
a 3102 9184 64
a 3103 528 64
a 3104 4080 256
a 3105 672 64
a 3106 256 16
a 3107 3632 256
a 3108 1312 16
a 3109 2032 256
a 3110 608 256
a 3111 16160 16
a 3112 63360 256
a 3113 496 256
a 3114 7152 64
a 3115 976 64
a 3116 3984 64
a 3117 45312 64
a 3118 1296 256
a 3119 656 64
a 3120 7120 16
a 3121 14512 64
a 3122 50880 64
a 3123 448 64
a 3124 272 16
a 3125 2528 64
a 3126 13152 256
a 3127 1744 64
a 3128 3424 256
a 3129 592 16
a 3130 720 64
a 3131 6160 256
a 3132 576 64
a 3133 31440 64
a 3134 52960 256
a 3135 13440 64
a 3136 2320 16
a 3137 3616 256
a 3138 5536 64
a 3139 47824 16
a 3140 18736 256
a 3141 52512 256
a 3142 15456 64
a 3143 10000 16
a 3144 4336 16
a 3145 1728 16
a 3146 13584 256
a 3147 1296 16
a 3148 272 16
a 3149 432 64
a 3150 10848 64
a 3151 6144 16
a 3152 10864 64
a 3153 17648 16
a 3154 480 16
a 3155 528 64
a 3156 928 256
a 3157 1344 64
a 3158 3872 256
a 3159 4880 256
a 3160 15952 64
a 3161 14080 64
a 3162 2016 16
a 3163 1616 16
a 3164 464 16
a 3165 34608 64
a 3166 1120 16
a 3167 20128 64
a 3168 3040 64
a 3169 1904 256
a 3170 1472 64
a 3171 48336 256
a 3172 464 256
a 3173 53296 256
a 3174 480 16
a 3175 9776 16
a 3176 19552 256
a 3177 880 64
a 3178 7984 16
a 3179 2560 256
a 3180 800 256
a 3181 496 64
a 3182 53600 256
a 3183 1088 256
a 3184 1792 64
a 3185 31200 16
a 3186 2032 64
a 3187 12128 64
a 3188 26528 256
a 3189 16080 256
a 3190 23024 256
a 3191 7120 256
a 3192 1280 256
a 3193 53504 256
a 3194 272 256
a 3195 3856 16
a 3196 2880 64
a 3197 768 64
a 3198 4992 256
a 3199 43040 256
a 3200 608 64
a 3201 1600 64
a 3202 65008 64
a 3203 61136 256
a 3204 2064 256
a 3205 24736 16
a 3206 65200 64
a 3207 5760 256
a 3208 1376 16
a 3209 37584 16
a 3210 2848 64
a 3211 288 256
a 3212 2944 64
a 3213 4800 256
a 3214 544 64
a 3215 800 16
a 3216 59296 16
a 3217 2544 256
a 3218 560 256
a 3219 28512 256
a 3220 17120 256
a 3221 2464 16
a 3222 3824 256
a 3223 15808 16
a 3224 4064 256
a 3225 432 256
a 3226 11760 64
a 3227 928 16
a 3228 7840 16
a 3229 1760 64
a 3230 50528 256
a 3231 49088 256
a 3232 1200 16
a 3233 27456 64
a 3234 9376 64
a 3235 496 256
a 3236 512 64
a 3237 1264 64
a 3238 3344 64
a 3239 9248 16
a 3240 2544 16
a 3241 5888 64
a 3242 400 256
a 3243 576 256
a 3244 25744 64
a 3245 36288 64
a 3246 7696 16
a 3247 1312 256
a 3248 13264 256
a 3249 13936 256
a 3250 27984 64
a 3251 368 64
a 3252 3680 16
a 3253 31568 64
a 3254 4816 16
a 3255 3552 16
a 3256 5680 64
a 3257 5328 16
a 3258 19568 256
a 3259 57632 256
a 3260 62080 256
a 3261 33344 64
a 3262 5920 16
a 3263 864 256
a 3264 1664 64
a 3265 64592 256
a 3266 1408 256
a 3267 49232 256
a 3268 12416 64
a 3269 65056 256
a 3270 46880 16
a 3271 2864 256
a 3272 480 64
a 3273 48336 256
a 3274 944 16
a 3275 10736 256
a 3276 10816 16
a 3277 1040 64
a 3278 800 64
a 3279 30768 256
a 3280 336 16
a 3281 9424 64
a 3282 12288 64
a 3283 31456 16
a 3284 2032 256
a 3285 2208 256
a 3286 10928 256
a 3287 38432 16
a 3288 1488 256
a 3289 2832 256
a 3290 11984 256
a 3291 23296 256
a 3292 2960 16
a 3293 1728 64
a 3294 512 256
a 3295 720 64
a 3296 9104 64
a 3297 1952 64
a 3298 416 16
a 3299 1360 16
a 3300 52496 256
a 3301 23088 64
a 3302 7024 16
a 3303 35728 64
a 3304 576 256
a 3305 5952 64
a 3306 1184 16
a 3307 1616 16
a 3308 784 16
a 3309 512 256
a 3310 19472 256
a 3311 3184 256
a 3312 288 64
a 3313 13728 16
a 3314 3888 16
a 3315 496 256
a 3316 576 256
a 3317 62304 256
a 3318 63648 256
a 3319 10064 64
a 3320 2448 256
a 3321 16064 16
a 3322 512 64
a 3323 4816 256
a 3324 1504 256
a 3325 1344 64
a 3326 12368 256
a 3327 16256 16
a 3328 3952 64
a 3329 3552 64
a 3330 56864 64
a 3331 19664 64
a 3332 33152 64
a 3333 2768 16
a 3334 3488 64
a 3335 1232 16
a 3336 4016 16
a 3337 288 64
a 3338 7456 16
a 3339 1728 64
a 3340 20432 64
a 3341 816 64
a 3342 2720 64
a 3343 10544 16
a 3344 720 64
a 3345 25904 16
a 3346 18656 64
a 3347 47536 256
a 3348 4592 256
a 3349 1552 64
a 3350 1568 256
a 3351 15536 256
a 3352 1616 16
a 3353 304 256
a 3354 27744 16
a 3355 2832 256
a 3356 45616 256
a 3357 13408 256
a 3358 49552 256
a 3359 832 64
a 3360 1664 256
a 3361 59840 64
a 3362 19904 256
a 3363 1328 16
a 3364 28624 256
a 3365 5744 256
a 3366 20640 16
a 3367 15168 16
a 3368 2256 16
a 3369 33296 64
a 3370 1088 64
a 3371 656 64
a 3372 11280 64
a 3373 9664 64
a 3374 976 64
a 3375 816 256
a 3376 4688 64
a 3377 14416 16
a 3378 880 64
a 3379 31424 16
a 3380 56496 16
a 3381 1744 256
a 3382 3248 16
a 3383 1328 256
a 3384 6560 16
a 3385 26736 64
a 3386 432 256
a 3387 7968 64
a 3388 432 64
a 3389 64176 256
a 3390 464 16
a 3391 3696 64
a 3392 24464 64
a 3393 6544 16
a 3394 2832 64
a 3395 3440 16
a 3396 864 64
a 3397 44448 16
a 3398 4928 256
a 3399 432 16
a 3400 1984 16
a 3401 13840 64
a 3402 60112 16
a 3403 13904 16
a 3404 512 64
a 3405 5984 64
a 3406 912 16
a 3407 5168 64
a 3408 1968 256
a 3409 3904 16
a 3410 13008 256
a 3411 368 64
a 3412 10848 64
a 3413 560 256
a 3414 26576 16
a 3415 960 256
a 3416 1344 16
a 3417 14944 64
a 3418 42176 16
a 3419 272 64
a 3420 336 256
a 3421 28672 256
a 3422 704 64
a 3423 864 16
a 3424 14000 256
a 3425 18496 16
a 3426 18480 16
a 3427 400 256
a 3428 544 64
a 3429 3440 16
a 3430 8432 16
a 3431 592 64
a 3432 1472 256
a 3433 1136 64
a 3434 304 64
a 3435 17232 16
a 3436 288 16
a 3437 976 64
a 3438 28896 16
a 3439 24176 16
a 3440 4848 64
a 3441 1168 64
a 3442 720 16
a 3443 3584 64
a 3444 3056 64
a 3445 1280 256
a 3446 16576 256
a 3447 3328 64
a 3448 5568 256
a 3449 60624 16
a 3450 3024 16
a 3451 1248 256
a 3452 27936 256
a 3453 4640 16
a 3454 21776 64
a 3455 14240 256
a 3456 512 256
a 3457 928 256
a 3458 1024 64
a 3459 19728 64
a 3460 6768 256
a 3461 16656 64
a 3462 20336 64
a 3463 464 16
a 3464 53232 16
a 3465 6336 16
a 3466 49168 16
a 3467 1328 64
a 3468 336 256
a 3469 2832 16
a 3470 4592 256
a 3471 640 64
a 3472 272 64
a 3473 1616 256
a 3474 1760 64
a 3475 30320 64
a 3476 608 16
a 3477 54912 256
a 3478 7216 256
a 3479 864 16
a 3480 8000 16
a 3481 1424 64
a 3482 304 16
a 3483 30784 256
a 3484 31424 16
a 3485 880 256
a 3486 7088 256
a 3487 62992 16
a 3488 912 256
a 3489 18656 16
a 3490 448 256
a 3491 22656 256
a 3492 1024 64
a 3493 2384 256
a 3494 12784 64
a 3495 25760 256
a 3496 992 16
a 3497 40240 64
a 3498 640 64
a 3499 400 16
a 3500 60240 256
a 3501 1120 64
a 3502 1296 256
a 3503 42176 256
a 3504 384 64
a 3505 480 256
a 3506 3680 256
a 3507 39312 16
a 3508 1888 64
a 3509 29168 64
a 3510 768 256
a 3511 2000 16
a 3512 2624 256
a 3513 3648 16
a 3514 55264 64
a 3515 9728 64
a 3516 512 256
a 3517 16448 16
a 3518 21312 64
a 3519 3312 16
a 3520 3504 256
a 3521 27840 16
a 3522 5600 256
a 3523 12336 16
a 3524 6432 64
a 3525 36736 16
a 3526 704 16
a 3527 944 16
a 3528 432 16
a 3529 3968 256
a 3530 12464 64
a 3531 3488 256
a 3532 30832 16
a 3533 46144 256
a 3534 6512 64
a 3535 2064 256
a 3536 416 64
a 3537 5456 64
a 3538 6592 16
a 3539 17408 256
a 3540 4000 16
a 3541 1440 16
a 3542 288 16
a 3543 5824 16
a 3544 29024 64
a 3545 3792 256
a 3546 2976 256
a 3547 12368 64
a 3548 1264 16
a 3549 6416 64
a 3550 368 64
a 3551 272 16
a 3552 21136 64
a 3553 20880 16
a 3554 352 256
a 3555 272 256
a 3556 59264 16
a 3557 16912 256
a 3558 1344 16
a 3559 1936 64
a 3560 31136 256
a 3561 3632 256
a 3562 1328 16
a 3563 30672 64
a 3564 42992 16
a 3565 3472 64
a 3566 13008 256
a 3567 1616 16
a 3568 512 16
a 3569 2784 64
a 3570 31840 256
a 3571 1456 16
a 3572 35472 16
a 3573 13520 256
a 3574 24224 256
a 3575 3424 16
a 3576 29264 16
a 3577 1008 256
a 3578 848 256
a 3579 12144 64
a 3580 1072 16
a 3581 400 256
a 3582 1312 16
a 3583 30752 16
a 3584 1872 16
a 3585 1808 16
a 3586 15664 256
a 3587 3248 256
a 3588 1376 64
a 3589 9680 256
a 3590 5872 16
a 3591 320 64
a 3592 6224 16
a 3593 432 64
a 3594 2384 256
a 3595 1072 256
a 3596 688 256
a 3597 416 64
a 3598 768 256
a 3599 4848 64
a 3600 25776 256
a 3601 7072 16
a 3602 336 256
a 3603 8208 64
a 3604 480 16
a 3605 8912 64
a 3606 2208 64
a 3607 7344 64
a 3608 1952 256
a 3609 928 16
a 3610 16400 256
a 3611 368 64
a 3612 304 64
a 3613 35136 64
a 3614 3664 16
a 3615 3552 16
a 3616 5952 64
a 3617 8720 64
a 3618 63824 256
a 3619 19024 16
a 3620 36336 64
a 3621 24848 256
a 3622 1792 256
a 3623 4816 64
a 3624 23808 16
a 3625 18064 16
a 3626 3568 16
a 3627 4336 256
a 3628 8928 16
a 3629 13392 16
a 3630 42480 256
a 3631 2800 16
a 3632 896 64
a 3633 8000 16
a 3634 3216 256
a 3635 15120 64
a 3636 22352 16
a 3637 544 64
a 3638 42096 64
a 3639 13328 256
a 3640 2032 256
a 3641 4912 256
a 3642 3136 16
a 3643 59072 64
a 3644 19776 16
a 3645 336 256
a 3646 1024 64
a 3647 61888 16
a 3648 3536 16
a 3649 352 16
a 3650 15568 16
a 3651 320 64
a 3652 512 256
a 3653 13808 16
a 3654 2592 256
a 3655 1280 16
a 3656 7136 256
a 3657 736 16
a 3658 15552 256
a 3659 272 256
a 3660 12336 64
a 3661 624 64
a 3662 54896 64
a 3663 2208 64
a 3664 2640 64
a 3665 832 16
a 3666 63104 64
a 3667 544 16
a 3668 5680 64
a 3669 41232 16
a 3670 39056 64
a 3671 3264 16
a 3672 59792 64
a 3673 272 64
a 3674 4080 256
a 3675 752 256
a 3676 42560 16
a 3677 1040 64
a 3678 47952 64
a 3679 1728 256
a 3680 992 16
a 3681 14096 256
a 3682 4880 16
a 3683 1008 256
a 3684 784 16
a 3685 10256 256
a 3686 46784 64
a 3687 4336 256
a 3688 2192 64
a 3689 34016 16
a 3690 33600 64
a 3691 304 16
a 3692 6160 256
a 3693 2608 16
a 3694 26624 16
a 3695 336 256
a 3696 4416 64
a 3697 2784 64
a 3698 1584 256
a 3699 1424 256
a 3700 18400 64
a 3701 7296 256
a 3702 45248 16
a 3703 14512 256
a 3704 1024 16
a 3705 1616 16
a 3706 3664 16
a 3707 11680 256
a 3708 2240 16
a 3709 704 64
a 3710 4240 64
a 3711 62576 64
a 3712 672 16
a 3713 19040 64
a 3714 1088 64
a 3715 38176 256
a 3716 31856 64
a 3717 272 64
a 3718 2880 256
a 3719 38704 256
a 3720 368 256
a 3721 57648 256
a 3722 10480 64
a 3723 49216 64
a 3724 3776 256
a 3725 2928 64
a 3726 11824 256
a 3727 30784 64
a 3728 8896 256
a 3729 1344 16
a 3730 6848 16
a 3731 61424 256
a 3732 64608 64
a 3733 496 16
a 3734 960 64
a 3735 320 16
a 3736 4176 64
a 3737 3760 256
a 3738 2864 16
a 3739 45808 64
a 3740 944 256
a 3741 16256 256
a 3742 2640 16
a 3743 960 16
a 3744 2032 256
a 3745 7728 16
a 3746 29264 256
a 3747 448 64
a 3748 784 256
a 3749 5280 16
a 3750 9744 256
a 3751 656 16
a 3752 752 16
a 3753 6288 64
a 3754 5696 256
a 3755 5520 16
a 3756 39984 16
a 3757 1632 16
a 3758 12128 16
a 3759 416 16
a 3760 29696 64
a 3761 23200 16
a 3762 992 64
a 3763 704 256
a 3764 960 64
a 3765 1408 256
a 3766 416 64
a 3767 1536 64
a 3768 55296 64
a 3769 4992 64
a 3770 13296 64
a 3771 816 256
a 3772 48880 16
a 3773 448 64
a 3774 12912 64
a 3775 1120 64
a 3776 1296 16
a 3777 304 256
a 3778 60752 16
a 3779 18640 256
a 3780 528 256
a 3781 59696 64
a 3782 496 256
a 3783 1392 64
a 3784 39488 64
a 3785 24880 64
a 3786 54160 64
a 3787 4624 64
a 3788 8528 16
a 3789 6400 256
a 3790 272 256
a 3791 7504 16
a 3792 2672 16
a 3793 62160 64
a 3794 24608 16
a 3795 1808 256
a 3796 2496 256
a 3797 20928 64
a 3798 5584 16
a 3799 30064 64
a 3800 416 256
a 3801 28256 16
a 3802 11232 16
a 3803 3808 256
a 3804 992 256
a 3805 22192 256
a 3806 48768 16
a 3807 1312 64
a 3808 528 256
a 3809 288 16
a 3810 54384 256
a 3811 1776 64
a 3812 45264 256
a 3813 12928 256
a 3814 1392 256
a 3815 1456 256
a 3816 14464 256
a 3817 288 64
a 3818 1872 16
a 3819 6784 64
a 3820 35184 64
a 3821 19424 16
a 3822 3104 64
a 3823 368 256
a 3824 24784 64
a 3825 4976 256
a 3826 5232 16
a 3827 3952 256
a 3828 19440 64
a 3829 4720 64
a 3830 3168 16
a 3831 15216 64
a 3832 5456 64
a 3833 3232 64
a 3834 2528 64
a 3835 20256 64
a 3836 304 256
a 3837 1248 256
a 3838 3184 16
a 3839 928 256
a 3840 19936 16
a 3841 56720 256
a 3842 1824 16
a 3843 272 256
a 3844 672 256
a 3845 41072 256
a 3846 736 16
a 3847 18400 16
a 3848 5264 256
a 3849 4896 64
a 3850 23952 16
a 3851 1264 256
a 3852 42864 256
a 3853 336 256
a 3854 2000 256
a 3855 6592 256
a 3856 2240 64
a 3857 368 16
a 3858 10560 16
a 3859 35952 256
a 3860 656 256
a 3861 6672 16
a 3862 5440 256
a 3863 53984 256
a 3864 400 64
a 3865 13856 256
a 3866 2176 64
a 3867 2192 16
a 3868 1200 256
a 3869 14736 16
a 3870 272 16
a 3871 2736 16
a 3872 784 64
a 3873 3088 16
a 3874 896 16
a 3875 720 64
a 3876 4640 64
a 3877 416 256
a 3878 432 16
a 3879 6944 256
a 3880 3360 16
a 3881 1776 16
a 3882 384 16
a 3883 448 16
a 3884 7712 16
a 3885 3616 64
a 3886 1312 16
a 3887 1488 16
a 3888 17680 16
a 3889 46176 16
a 3890 752 256
a 3891 3296 64
a 3892 496 64
a 3893 1152 256
a 3894 57664 64
a 3895 464 64
a 3896 4448 16
a 3897 23824 64
a 3898 3856 256
a 3899 2176 256
a 3900 16736 256
a 3901 22656 64
a 3902 1088 16
a 3903 2272 256
a 3904 272 256
a 3905 3872 256
a 3906 55520 256
a 3907 6048 16
a 3908 1744 16
a 3909 41984 256
a 3910 51536 64
a 3911 2512 256
a 3912 6000 256
a 3913 7104 64
a 3914 256 64
a 3915 7632 16
a 3916 50272 16
a 3917 9488 16
a 3918 39776 64
a 3919 4256 256
a 3920 704 64
a 3921 816 64
a 3922 15648 256
a 3923 9616 16
a 3924 46000 16
a 3925 2912 256
a 3926 10032 16
a 3927 11088 64
a 3928 320 64
a 3929 1520 64
a 3930 4336 64
a 3931 55744 64
a 3932 1712 256
a 3933 24000 64
a 3934 39840 16
a 3935 21792 64
a 3936 6352 64
a 3937 336 256
a 3938 304 256
a 3939 656 16
a 3940 3312 64
a 3941 384 64
a 3942 1184 64
a 3943 352 256
a 3944 60160 64
a 3945 832 64
a 3946 46672 16
a 3947 13568 64
a 3948 62528 256
a 3949 12144 16
a 3950 288 64
a 3951 12288 64
a 3952 30016 256
a 3953 57312 16
a 3954 24544 16
a 3955 31264 256
a 3956 48128 16
a 3957 27696 64
a 3958 864 256
a 3959 544 64
a 3960 704 256
a 3961 30640 16
a 3962 352 64
a 3963 368 64
a 3964 7584 64
a 3965 58896 64
a 3966 21504 64
a 3967 288 256
a 3968 16080 64
a 3969 3392 64
a 3970 512 64
a 3971 3632 16
a 3972 3440 64
a 3973 4736 64
a 3974 19360 256
a 3975 7984 16
a 3976 37776 256
a 3977 41200 64
a 3978 416 256
a 3979 31872 16
a 3980 22928 64
a 3981 9776 256
a 3982 9296 256
a 3983 848 256
a 3984 1184 64
a 3985 7920 256
a 3986 896 256
a 3987 2528 16
a 3988 304 16
a 3989 464 64
a 3990 28336 16
a 3991 36960 256
a 3992 1136 256
a 3993 16272 16
a 3994 6320 16
a 3995 23200 256
a 3996 480 256
a 3997 336 256
a 3998 352 64
a 3999 56176 64
a 4000 608 256
a 4001 1296 256
a 4002 52448 16
a 4003 5632 16
a 4004 31152 256
a 4005 11264 64
a 4006 608 64
a 4007 15344 64
a 4008 3952 16
a 4009 5872 64
a 4010 480 256
a 4011 11888 64
a 4012 304 16
a 4013 6912 64
a 4014 704 64
a 4015 21312 256
a 4016 1840 256
a 4017 29888 256
a 4018 1264 16
a 4019 4256 16
a 4020 1520 256
a 4021 1104 64
a 4022 896 16
a 4023 2400 256
a 4024 19488 64
a 4025 15136 64
a 4026 7536 256
a 4027 2192 256
a 4028 352 256
a 4029 14640 64
a 4030 7920 64
a 4031 624 256
a 4032 9024 16
a 4033 54944 64
a 4034 1504 64
a 4035 1904 256
a 4036 55184 16
a 4037 23008 256
a 4038 672 64
a 4039 3200 64
a 4040 1440 64
a 4041 4752 256
a 4042 11648 256
a 4043 7136 256
a 4044 1648 64
a 4045 7392 64
a 4046 30176 16
a 4047 384 64
a 4048 23792 256
a 4049 288 16
a 4050 688 64
a 4051 6240 16
a 4052 1248 16
a 4053 832 16
a 4054 1152 256
a 4055 13552 64
a 4056 12016 16
a 4057 15728 16
a 4058 448 256
a 4059 2160 256
a 4060 44384 64
a 4061 45728 16
a 4062 2272 64
a 4063 46720 256
a 4064 13872 256
a 4065 14064 256
a 4066 1504 256
a 4067 1168 16
a 4068 20752 64
a 4069 39920 256
a 4070 6656 64
a 4071 49792 64
a 4072 2032 64
a 4073 8528 64
a 4074 448 256
a 4075 47296 64
a 4076 336 16
a 4077 57728 16
a 4078 9040 64
a 4079 880 64
a 4080 896 64
a 4081 32752 256
a 4082 4560 64
a 4083 448 256
a 4084 1824 64
a 4085 480 64
a 4086 2000 64
a 4087 1952 64
a 4088 1888 64
a 4089 5104 64
a 4090 49552 64
a 4091 4064 16
a 4092 544 64
a 4093 52656 16
a 4094 4816 64
a 4095 63648 16
a 4096 30000 64
a 4097 1520 64
a 4098 1952 256
a 4099 16256 16
a 4100 6112 256
a 4101 976 16
a 4102 35392 64
a 4103 56432 64
a 4104 29776 64
a 4105 1712 64
a 4106 24832 256
a 4107 8672 16
a 4108 1040 256
a 4109 14544 64
a 4110 3840 64
a 4111 1696 64
a 4112 720 256
a 4113 2192 16
a 4114 1696 256
a 4115 496 64
a 4116 31232 256
a 4117 1520 256
a 4118 1504 64
a 4119 7728 256
a 4120 2048 16
a 4121 14704 256
a 4122 2960 256
a 4123 400 16
a 4124 336 16
a 4125 1712 256
a 4126 560 16
a 4127 5904 16
a 4128 55440 256
a 4129 1376 16
a 4130 13184 16
a 4131 13456 64
a 4132 2976 16
a 4133 1520 64
a 4134 2144 256
a 4135 432 64
a 4136 58272 64
a 4137 512 64
a 4138 4976 256
a 4139 7104 256
a 4140 53568 256
a 4141 1328 256
a 4142 11040 16
a 4143 17472 256
a 4144 28720 64
a 4145 60064 16
a 4146 784 16
a 4147 3280 64
a 4148 2336 256
a 4149 1200 64
a 4150 10688 256
a 4151 6592 256
a 4152 18528 64
a 4153 14064 64
a 4154 352 256
a 4155 13568 64
a 4156 3616 256
a 4157 18416 256
a 4158 50592 256
a 4159 7024 64
a 4160 42688 256
a 4161 512 16
a 4162 400 64
a 4163 7104 256
a 4164 10032 64
a 4165 2064 16
a 4166 8528 64
a 4167 272 256
a 4168 624 16
a 4169 4016 16
a 4170 2384 16
a 4171 32320 256
a 4172 4768 256
a 4173 736 16
a 4174 64176 64
a 4175 480 16
a 4176 11120 64
a 4177 7072 16
a 4178 9344 64
a 4179 24064 16
a 4180 13616 256
a 4181 13872 256
a 4182 640 256
a 4183 16496 64
a 4184 34512 64
a 4185 18496 16
a 4186 464 256
a 4187 2912 16
a 4188 3968 64
a 4189 992 64
a 4190 28544 16
a 4191 20160 16
a 4192 704 16
a 4193 1632 256
a 4194 3376 256
a 4195 544 64
a 4196 62816 256
a 4197 11616 64
a 4198 2960 16
a 4199 28640 64
a 4200 2192 64
a 4201 46464 64
a 4202 9408 16
a 4203 1424 16
a 4204 608 64
a 4205 7808 256
a 4206 832 64
a 4207 42224 256
a 4208 2144 256
a 4209 2624 64
a 4210 6080 256
a 4211 7968 16
a 4212 624 256
a 4213 1968 256
a 4214 52896 64
a 4215 2000 256
a 4216 4496 256
a 4217 45360 64
a 4218 34576 16
a 4219 5616 16
a 4220 2080 256
a 4221 12992 16
a 4222 6176 256
a 4223 19616 64
a 4224 352 16
a 4225 480 64
a 4226 12528 64
a 4227 8976 16
a 4228 336 256
a 4229 3952 16
a 4230 55280 256
a 4231 25408 256
a 4232 22960 256
a 4233 14976 64
a 4234 992 64
a 4235 1040 16
a 4236 1472 64
a 4237 21584 256
a 4238 9536 16
a 4239 12464 16
a 4240 55984 256
a 4241 368 64
a 4242 26288 64
a 4243 784 256
a 4244 592 256
a 4245 352 64
a 4246 62128 16
a 4247 29904 256
a 4248 3984 64
a 4249 3360 16
a 4250 3792 256
a 4251 6016 64
a 4252 6576 16
a 4253 1072 256
a 4254 848 64
a 4255 4928 64
a 4256 56512 16
a 4257 10608 256
a 4258 352 64
a 4259 960 64
a 4260 29520 64
a 4261 38048 16
a 4262 368 256
a 4263 1152 16
a 4264 2240 256
a 4265 1120 16
a 4266 1488 64
a 4267 2816 64
a 4268 3520 16
a 4269 320 256
a 4270 272 64
a 4271 10896 16
a 4272 28848 16
a 4273 8992 64
a 4274 18496 16
a 4275 3072 64
a 4276 752 16
a 4277 5520 64
a 4278 54000 256
a 4279 1648 256
a 4280 1296 256
a 4281 16384 64
a 4282 31984 256
a 4283 720 256
a 4284 1360 64
a 4285 352 64
a 4286 64464 16
a 4287 7136 256
a 4288 1872 16
a 4289 464 64
a 4290 3488 16
a 4291 11424 64
a 4292 14240 256
a 4293 37312 64
a 4294 12528 64
a 4295 1216 64
a 4296 15088 64
a 4297 16880 256
a 4298 832 16
a 4299 18688 256
a 4300 4736 16
a 4301 784 16
a 4302 59280 256
a 4303 480 64
a 4304 384 64
a 4305 28416 16
a 4306 992 64
a 4307 17280 16
a 4308 288 64
a 4309 61808 16
a 4310 4560 256
a 4311 7728 16
a 4312 320 256
a 4313 1888 64
a 4314 22304 256
a 4315 432 256
a 4316 36896 16
a 4317 608 64
a 4318 2960 16
a 4319 528 16
a 4320 20288 64
a 4321 384 256
a 4322 3440 256
a 4323 352 16
a 4324 416 16
a 4325 3584 64
a 4326 41408 64
a 4327 656 256
a 4328 336 256
a 4329 24784 64
a 4330 1728 256
a 4331 3200 64
a 4332 272 16
a 4333 3040 16
a 4334 13520 64
a 4335 352 64
a 4336 26080 64
a 4337 35216 16
a 4338 1936 16
a 4339 1456 16
a 4340 13920 16
a 4341 44352 16
a 4342 51312 16
a 4343 368 64
a 4344 27728 64
a 4345 352 16
a 4346 28688 16
a 4347 37648 256
a 4348 43216 64
a 4349 7232 256
a 4350 16608 64
a 4351 1392 64
a 4352 2048 64
a 4353 656 16
a 4354 400 64
a 4355 2208 16
a 4356 1984 256
a 4357 5536 64
a 4358 21216 256
a 4359 1168 64
a 4360 2016 256
a 4361 1376 16
a 4362 3952 16
a 4363 1744 64
a 4364 672 64
a 4365 6496 16
a 4366 24688 256
a 4367 20496 64
a 4368 17712 64
a 4369 320 256
a 4370 6224 256
a 4371 496 16
a 4372 1232 16
a 4373 13984 64
a 4374 30336 64
a 4375 336 256
a 4376 4512 64
a 4377 2832 64
a 4378 4336 256
a 4379 1200 16
a 4380 704 64
a 4381 896 16
a 4382 13184 256
a 4383 5136 16
a 4384 7280 16
a 4385 56096 64
a 4386 1024 256
a 4387 1648 16
a 4388 784 16
a 4389 400 16
a 4390 848 256
a 4391 11344 64
a 4392 2304 64
a 4393 32064 256
a 4394 9056 256
a 4395 53072 64
a 4396 512 256
a 4397 29488 256
a 4398 2992 256
a 4399 10864 256
a 4400 6464 256
a 4401 31584 64
a 4402 4416 64
a 4403 608 16
a 4404 832 16
a 4405 11552 64
a 4406 23952 64
a 4407 11056 16
a 4408 9792 64
a 4409 1792 64
a 4410 7344 64
a 4411 1824 16
a 4412 6016 256
a 4413 3536 64
a 4414 848 64
a 4415 5728 16
a 4416 1360 256
a 4417 512 64
a 4418 23200 256
a 4419 27440 64
a 4420 1216 16
a 4421 24464 16
a 4422 2208 64
a 4423 2784 256
a 4424 2080 16
a 4425 8768 64
a 4426 912 64
a 4427 22208 64
a 4428 16800 256
a 4429 20544 64
a 4430 976 256
a 4431 448 64
a 4432 27584 256
a 4433 27168 16
a 4434 4720 16
a 4435 1552 256
a 4436 1840 16
a 4437 416 16
a 4438 1584 64
a 4439 12912 256
a 4440 29792 16
a 4441 688 256
a 4442 6304 16
a 4443 432 16
a 4444 4832 16
a 4445 47344 256
a 4446 7472 64
a 4447 3872 64
a 4448 2512 16
a 4449 24656 16
a 4450 13872 64
a 4451 816 16
a 4452 14592 256
a 4453 3584 16
a 4454 12512 16
a 4455 992 64
a 4456 3760 256
a 4457 56784 256
a 4458 6992 16
a 4459 5232 256
a 4460 2784 16
a 4461 1872 256
a 4462 8192 64
a 4463 38464 16
a 4464 6752 16
a 4465 45632 64
a 4466 54960 256
a 4467 880 16
a 4468 944 64
a 4469 36192 16
a 4470 960 16
a 4471 1664 256
a 4472 22192 16
a 4473 1344 64
a 4474 400 16
a 4475 400 256
a 4476 30240 256
a 4477 1840 16
a 4478 53936 256
a 4479 512 64
a 4480 784 64
a 4481 12352 64
a 4482 3200 64
a 4483 3920 64
a 4484 448 256
a 4485 2944 256
a 4486 7472 16
a 4487 55808 256
a 4488 2400 64
a 4489 560 256
a 4490 1952 16
a 4491 1760 64
a 4492 416 64
a 4493 26672 256
a 4494 1184 16
a 4495 34416 64
a 4496 992 16
a 4497 7824 16
a 4498 272 256
a 4499 368 16
a 4500 54448 64
a 4501 4400 256
a 4502 6240 64
a 4503 272 64
a 4504 1008 256
a 4505 6976 64
a 4506 4576 16
a 4507 2016 16
a 4508 61856 16
a 4509 64480 16
a 4510 46752 64
a 4511 608 256
a 4512 1216 256
a 4513 1680 16
a 4514 832 256
a 4515 320 64
a 4516 48208 16
a 4517 30272 64
a 4518 1104 64
a 4519 46416 64
a 4520 57648 16
a 4521 23120 256
a 4522 432 64
a 4523 58896 256
a 4524 4032 256
a 4525 320 256
a 4526 32400 16
a 4527 1712 64
a 4528 2048 16
a 4529 864 256
a 4530 368 256
a 4531 496 256
a 4532 28576 64
a 4533 28288 64
a 4534 47184 64
a 4535 38928 16
a 4536 42912 64
a 4537 50112 16
a 4538 384 16
a 4539 736 64
a 4540 2784 64
a 4541 3712 256
a 4542 10976 16
a 4543 20832 256
a 4544 880 64
a 4545 3216 64
a 4546 28480 64
a 4547 7328 64
a 4548 39824 256
a 4549 14624 16
a 4550 45968 16
a 4551 24992 256
a 4552 1088 16
a 4553 57248 256
a 4554 3120 16
a 4555 8928 16
a 4556 896 64
a 4557 34112 64
a 4558 7072 64
a 4559 1920 256
a 4560 3872 64
a 4561 10144 64
a 4562 10096 256
a 4563 3728 64
a 4564 2192 256
a 4565 3568 64
a 4566 976 256
a 4567 4016 64
a 4568 48208 64
a 4569 48480 256
a 4570 8048 16
a 4571 3360 256
a 4572 40880 64
a 4573 50400 256
a 4574 10144 16
a 4575 4096 256
a 4576 1904 64
a 4577 7584 16
a 4578 752 16
a 4579 1808 64
a 4580 320 16
a 4581 4928 16
a 4582 896 64
a 4583 14880 256
a 4584 7248 64
a 4585 5904 256
a 4586 800 256
a 4587 480 16
a 4588 784 256
a 4589 384 64
a 4590 26432 16
a 4591 1568 16
a 4592 31312 16
a 4593 11984 16
a 4594 1968 64
a 4595 46384 16
a 4596 608 64
a 4597 41920 256
a 4598 6624 256
a 4599 52480 16
a 4600 1648 64
a 4601 2432 256
a 4602 416 16
a 4603 21520 256
a 4604 3376 64
a 4605 2704 256
a 4606 304 16
a 4607 2352 64
a 4608 320 64
a 4609 13840 256
a 4610 5280 64
a 4611 304 256
a 4612 8928 256
a 4613 864 16
a 4614 3088 16
a 4615 1344 64
a 4616 1520 256
a 4617 960 64
a 4618 3824 64
a 4619 1920 256
a 4620 608 256
a 4621 2544 64
a 4622 39632 256
a 4623 18304 16
a 4624 4576 16
a 4625 656 256
a 4626 736 64
a 4627 9472 64
a 4628 2928 256
a 4629 15168 64
a 4630 1344 16
a 4631 16144 256
a 4632 288 256
a 4633 58864 16
a 4634 4240 64
a 4635 6448 64
a 4636 29008 256
a 4637 2736 64
a 4638 288 256
a 4639 18480 64
a 4640 7584 256
a 4641 1504 16
a 4642 7440 16
a 4643 29760 16
a 4644 864 64
a 4645 5616 256
a 4646 15312 16
a 4647 592 64
a 4648 58256 256
a 4649 56800 64
a 4650 3264 16
a 4651 6224 64
a 4652 272 16
a 4653 2992 256
a 4654 24960 64
a 4655 13040 256
a 4656 10304 256
a 4657 18160 64
a 4658 768 64
a 4659 7424 16
a 4660 10080 16
a 4661 4048 256
a 4662 496 16
a 4663 17168 16
a 4664 2352 256
a 4665 4976 16
a 4666 45824 64
a 4667 512 256
a 4668 17664 64
a 4669 720 16
a 4670 25312 256
a 4671 320 256
a 4672 17328 256
a 4673 1376 16
a 4674 672 64
a 4675 53232 64
a 4676 62352 64
a 4677 60528 256
a 4678 1408 64
a 4679 8416 256
a 4680 1104 64
a 4681 816 64
a 4682 1232 256
a 4683 1664 256
a 4684 46752 16
a 4685 576 256
a 4686 19056 64
a 4687 10944 256
a 4688 26992 16
a 4689 272 64
a 4690 4192 256
a 4691 1216 256
a 4692 21424 64
a 4693 1312 16
a 4694 12960 64
a 4695 5376 256
a 4696 6592 256
a 4697 384 64
a 4698 52096 256
a 4699 51120 16
a 4700 880 64
a 4701 3136 16
a 4702 7744 64
a 4703 576 256
a 4704 12272 64
a 4705 432 256
a 4706 12048 64
a 4707 12064 64
a 4708 47008 64
a 4709 880 64
a 4710 26480 64
a 4711 3936 256
a 4712 14080 16
a 4713 704 64
a 4714 6944 256
a 4715 53408 16
a 4716 29456 16
a 4717 22080 16
a 4718 464 64
a 4719 37760 64
a 4720 1936 16
a 4721 544 16
a 4722 464 64
a 4723 2368 256
a 4724 1312 16
a 4725 9696 16
a 4726 60416 64
a 4727 13872 64
a 4728 8048 16
a 4729 720 256
a 4730 2528 256
a 4731 848 256
a 4732 1728 16
a 4733 352 64
a 4734 15536 64
a 4735 416 16
a 4736 480 16
a 4737 432 64
a 4738 400 16
a 4739 5520 256
a 4740 35536 256
a 4741 672 256
a 4742 1760 256
a 4743 4448 16
a 4744 384 64
a 4745 4464 16
a 4746 46880 256
a 4747 448 16
a 4748 2880 64
a 4749 928 64
a 4750 736 64
a 4751 3216 64
a 4752 1312 16
a 4753 272 256
a 4754 42192 16
a 4755 1840 16
a 4756 58192 256
a 4757 18928 256
a 4758 47296 16
a 4759 11088 64
a 4760 25520 256
a 4761 1248 256
a 4762 30224 64
a 4763 6016 16
a 4764 3424 256
a 4765 16992 64
a 4766 304 16
a 4767 1008 64
a 4768 13120 64
a 4769 1008 256
a 4770 5008 64
a 4771 960 256
a 4772 864 16
a 4773 24576 256
a 4774 400 256
a 4775 1616 16
a 4776 36640 64
a 4777 3680 256
a 4778 51424 256
a 4779 496 256
a 4780 528 16
a 4781 47312 256
a 4782 448 16
a 4783 25584 16
a 4784 4960 256
a 4785 48176 16
a 4786 3888 256
a 4787 30400 64
a 4788 41344 64
a 4789 864 16
a 4790 1696 64
a 4791 2304 16
a 4792 63488 256
a 4793 35280 256
a 4794 1344 256
a 4795 464 256
a 4796 1680 256
a 4797 50432 64
a 4798 13120 64
a 4799 5840 16
a 4800 1952 64
a 4801 28864 16
a 4802 9504 64
a 4803 3072 16
a 4804 6544 64
a 4805 1488 256
a 4806 336 64
a 4807 688 256
a 4808 3168 16
a 4809 1616 64
a 4810 352 16
a 4811 352 64
a 4812 14096 256
a 4813 368 256
a 4814 1104 16
a 4815 5856 256
a 4816 1920 64
a 4817 23920 64
a 4818 1104 16
a 4819 1216 16
a 4820 14656 64
a 4821 41840 256
a 4822 52496 64
a 4823 46240 256
a 4824 864 16
a 4825 1792 16
a 4826 848 256
a 4827 304 16
a 4828 416 256
a 4829 16080 256
a 4830 400 16
a 4831 12608 16
a 4832 3120 16
a 4833 4560 16
a 4834 30560 256
a 4835 4672 256
a 4836 5872 16
a 4837 7664 64
a 4838 400 16
a 4839 57488 64
a 4840 2272 64
a 4841 1616 256
a 4842 5136 64
a 4843 13392 256
a 4844 54272 64
a 4845 45872 16
a 4846 5920 64
a 4847 1488 64
a 4848 960 256
a 4849 3056 64
a 4850 1888 64
a 4851 1168 16
a 4852 384 256
a 4853 448 16
a 4854 1696 64
a 4855 38016 256
a 4856 13472 256
a 4857 768 16
a 4858 1088 256
a 4859 688 16
a 4860 2048 256
a 4861 1696 256
a 4862 432 256
a 4863 832 16
a 4864 53424 64
a 4865 59328 256
a 4866 288 256
a 4867 1200 256
a 4868 64208 64
a 4869 13776 16
a 4870 368 256
a 4871 1552 64
a 4872 688 256
a 4873 896 64
a 4874 1744 64
a 4875 960 64
a 4876 5920 64
a 4877 53648 64
a 4878 1536 256
a 4879 4592 64
a 4880 608 256
a 4881 43472 16
a 4882 1952 64
a 4883 9072 256
a 4884 688 64
a 4885 2112 16
a 4886 1488 64
a 4887 1280 256
a 4888 2032 256
a 4889 64720 64
a 4890 352 16
a 4891 656 256
a 4892 6096 16
a 4893 512 16
a 4894 15904 256
a 4895 5600 64
a 4896 816 256
a 4897 44576 16
a 4898 1008 256
a 4899 448 256
a 4900 49376 64
a 4901 4224 256
a 4902 1856 64
a 4903 43440 64
a 4904 1360 16
a 4905 6400 16
a 4906 49968 64
a 4907 16608 256
a 4908 4000 16
a 4909 20864 64
a 4910 1520 256
a 4911 20192 16
a 4912 9136 64
a 4913 2816 256
a 4914 42880 256
a 4915 45344 64
a 4916 21920 64
a 4917 992 256
a 4918 62240 64
a 4919 1904 16
a 4920 11168 64
a 4921 55840 16
a 4922 3104 256
a 4923 8976 256
a 4924 14704 16
a 4925 23568 16
a 4926 12352 256
a 4927 592 16
a 4928 2048 16
a 4929 9504 64
a 4930 1712 64
a 4931 3072 16
a 4932 8480 256
a 4933 480 16
a 4934 12352 16
a 4935 2320 16
a 4936 2144 16
a 4937 464 16
a 4938 33936 16
a 4939 592 16
a 4940 5952 64
a 4941 1664 64
a 4942 1024 16
a 4943 1856 256
a 4944 864 64
a 4945 272 16
a 4946 9600 256
a 4947 63152 16
a 4948 20032 16
a 4949 4576 256
a 4950 496 16
a 4951 13280 256
a 4952 9872 256
a 4953 464 16
a 4954 23648 64
a 4955 416 64
a 4956 16144 16
a 4957 288 16
a 4958 42144 256
a 4959 3904 64
a 4960 6256 16
a 4961 3936 16
a 4962 5760 16
a 4963 3056 256
a 4964 4272 256
a 4965 480 16
a 4966 784 256
a 4967 16192 16
a 4968 1776 16
a 4969 736 16
a 4970 43920 16
a 4971 14672 64
a 4972 480 64
a 4973 592 64
a 4974 1328 256
a 4975 7584 256
a 4976 37472 256
a 4977 55472 256
a 4978 21808 16
a 4979 992 64
a 4980 1760 64
a 4981 640 16
a 4982 13408 64
a 4983 10528 256
a 4984 1344 256
a 4985 1616 16
a 4986 2656 64
a 4987 976 256
a 4988 992 64
a 4989 20592 16
a 4990 544 64
a 4991 2080 64
a 4992 3376 256
a 4993 1840 256
a 4994 20784 256
a 4995 336 64
a 4996 304 16
a 4997 1520 256
a 4998 23488 16
a 4999 1600 256
a 5000 22928 16
a 5001 64240 64
a 5002 8320 16
a 5003 6816 64
a 5004 1280 64
a 5005 8000 64
a 5006 480 256
a 5007 432 256
a 5008 1840 16
a 5009 368 64
a 5010 6048 64
a 5011 672 16
a 5012 63600 64
a 5013 560 64
a 5014 688 256
a 5015 1328 256
a 5016 272 64
a 5017 752 256
a 5018 12688 16
a 5019 560 256
a 5020 6304 16
a 5021 304 256
a 5022 51680 64
a 5023 11456 256
a 5024 6672 256
a 5025 2192 256
a 5026 32704 64
a 5027 1840 16
a 5028 816 64
a 5029 62704 64
a 5030 2800 64
a 5031 59824 64
a 5032 37728 16
a 5033 25728 256
a 5034 31280 16
a 5035 53200 16
a 5036 832 16
a 5037 14832 256
a 5038 65136 16
a 5039 12800 64
a 5040 1984 256
a 5041 3952 16
a 5042 26048 256
a 5043 3552 16
a 5044 480 64
a 5045 1328 16
a 5046 15760 256
a 5047 11840 256
a 5048 1808 256
a 5049 1888 64
a 5050 12272 64
a 5051 4784 256
a 5052 576 64
a 5053 1792 256
a 5054 1328 64
a 5055 8656 256
a 5056 1936 16
a 5057 12912 64
a 5058 3200 16
a 5059 2384 64
a 5060 17728 16
a 5061 256 64
a 5062 5712 64
a 5063 6912 64
a 5064 30960 64
a 5065 61744 16
a 5066 3344 16
a 5067 768 16
a 5068 8000 256
a 5069 37440 64
a 5070 480 256
a 5071 2512 256
a 5072 20752 16
a 5073 51376 256
a 5074 2576 256
a 5075 5824 16
a 5076 33504 64
a 5077 37184 16
a 5078 7328 64
a 5079 1088 16
a 5080 1024 16
a 5081 10640 64
a 5082 2208 16
a 5083 14336 16
a 5084 8112 64
a 5085 720 64
a 5086 320 256
a 5087 41152 256
a 5088 4400 256
a 5089 1056 64
a 5090 496 16
a 5091 3248 16
a 5092 62432 16
a 5093 11568 16
a 5094 12368 64
a 5095 3536 64
a 5096 496 16
a 5097 47328 64
a 5098 4800 64
a 5099 18864 64
a 5100 14416 16
a 5101 11872 64
a 5102 9568 256
a 5103 2032 16
a 5104 54432 256
a 5105 14688 64
a 5106 1200 64
a 5107 27536 16
a 5108 2432 16
a 5109 15968 64
a 5110 1920 256
a 5111 19936 256
a 5112 880 256
a 5113 4016 64
a 5114 43520 256
a 5115 288 64
a 5116 448 16
a 5117 4432 64
a 5118 736 16
a 5119 2736 256
a 5120 2112 16
a 5121 8144 256
a 5122 12272 256
a 5123 1184 64
a 5124 1296 64
a 5125 1728 64
a 5126 15616 16
a 5127 2000 16
a 5128 2832 256
a 5129 656 64
a 5130 2576 256
a 5131 6784 16
a 5132 30704 16
a 5133 20432 256
a 5134 5312 16
a 5135 20048 64
a 5136 13136 64
a 5137 3776 16
a 5138 368 256
a 5139 8112 64
a 5140 3632 64
a 5141 1072 256
a 5142 13872 64
a 5143 44736 16
a 5144 1792 16
a 5145 512 256
a 5146 848 64
a 5147 992 16
a 5148 624 16
a 5149 1008 16
a 5150 10464 16
a 5151 272 64
a 5152 3104 64
a 5153 22160 256
a 5154 1168 64
a 5155 4240 64
a 5156 1232 256
a 5157 432 16
a 5158 16496 256
a 5159 736 64
a 5160 784 16
a 5161 2096 64
a 5162 3776 16
a 5163 13200 64
a 5164 7232 256
a 5165 2080 64
a 5166 23392 16
a 5167 3568 16
a 5168 8880 256
a 5169 1552 64
a 5170 7568 256
a 5171 672 16
a 5172 45952 64
a 5173 672 16
a 5174 50256 64
a 5175 14368 16
a 5176 29584 256
a 5177 13728 256
a 5178 16096 256
a 5179 14928 256
a 5180 51328 16
a 5181 58352 256
a 5182 720 256
a 5183 35792 256
a 5184 2064 64
a 5185 384 16
a 5186 1776 16
a 5187 2064 256
a 5188 1488 16
a 5189 13904 256
a 5190 992 256
a 5191 464 64
a 5192 576 256
a 5193 21760 16
a 5194 1408 16
a 5195 4032 16
a 5196 45872 16
a 5197 8336 256
a 5198 3312 16
a 5199 2560 256
a 5200 7008 16
a 5201 3488 16
a 5202 42960 64
a 5203 480 16
a 5204 3792 64
a 5205 3808 256
a 5206 35616 64
a 5207 6928 64
a 5208 50288 16
a 5209 1008 16
a 5210 1296 64
a 5211 480 64
a 5212 2880 16
a 5213 832 64
a 5214 320 256
a 5215 10944 16
a 5216 27824 256
a 5217 3488 16
a 5218 4448 64
a 5219 448 64
a 5220 544 16
a 5221 3456 64
a 5222 2768 16
a 5223 50304 16
a 5224 12352 64
a 5225 35712 16
a 5226 36128 64
a 5227 3520 64
a 5228 7968 256
a 5229 2912 16
a 5230 1888 256
a 5231 656 256
a 5232 18720 64
a 5233 1984 256
a 5234 5104 64
a 5235 59088 64
a 5236 2896 64
a 5237 1408 64
a 5238 57504 16
a 5239 6240 256
a 5240 416 16
a 5241 17200 16
a 5242 7296 256
a 5243 11664 64
a 5244 928 16
a 5245 8400 16
a 5246 336 256
a 5247 23552 16
a 5248 10112 256
a 5249 720 16
a 5250 31808 256
a 5251 25584 16
a 5252 7632 64
a 5253 8672 256
a 5254 4736 256
a 5255 7712 16
a 5256 336 256
a 5257 1360 256
a 5258 6432 64
a 5259 8816 256
a 5260 2704 16
a 5261 2720 16
a 5262 14656 256
a 5263 448 256
a 5264 5776 16
a 5265 3488 16
a 5266 2944 16
a 5267 59936 256
a 5268 576 256
a 5269 608 16
a 5270 52128 64
a 5271 8016 256
a 5272 54336 64
a 5273 62976 256
a 5274 384 16
a 5275 2672 16
a 5276 832 64
a 5277 3264 256
a 5278 1968 64
a 5279 22864 256
a 5280 5088 16
a 5281 31680 16
a 5282 2512 16
a 5283 512 64
a 5284 1184 64
a 5285 1904 256
a 5286 41616 64
a 5287 8640 16
a 5288 8880 256
a 5289 35024 64
a 5290 3600 16
a 5291 3424 256
a 5292 5248 16
a 5293 37696 16
a 5294 9360 64
a 5295 44576 16
a 5296 9904 256
a 5297 3984 256
a 5298 9984 64
a 5299 496 64
a 5300 34976 256
a 5301 704 16
a 5302 43888 16
a 5303 1248 16
a 5304 400 16
a 5305 1600 16
a 5306 352 16
a 5307 38016 64
a 5308 51920 16
a 5309 2176 64
a 5310 37632 64
a 5311 3056 16
a 5312 336 16
a 5313 3088 16
a 5314 832 256
a 5315 6432 256
a 5316 976 16
a 5317 49248 256
a 5318 18576 256
a 5319 1056 64
a 5320 2400 64
a 5321 3904 64
a 5322 50736 256
a 5323 8672 16
a 5324 272 16
a 5325 368 256
a 5326 16288 64
a 5327 8688 64
a 5328 2832 256
a 5329 64720 16
a 5330 2800 16
a 5331 1568 16
a 5332 58336 16
a 5333 1376 16
a 5334 7728 16
a 5335 4112 64
a 5336 5600 64
a 5337 624 16
a 5338 45200 16
a 5339 13952 16
a 5340 1072 256
a 5341 46880 64
a 5342 2432 64
a 5343 400 16
a 5344 864 64
a 5345 35040 256
a 5346 832 64
a 5347 9920 64
a 5348 576 64
a 5349 15488 64
a 5350 20080 16
a 5351 944 256
a 5352 384 16
a 5353 480 64
a 5354 30000 64
a 5355 320 16
a 5356 2080 16
a 5357 27056 16
a 5358 11424 64
a 5359 15296 16
a 5360 3408 64
a 5361 608 16
a 5362 6560 16
a 5363 7728 16
a 5364 1840 256
a 5365 10624 16
a 5366 5216 64
a 5367 1536 256
a 5368 352 16
a 5369 13504 64
a 5370 432 64
a 5371 800 16
a 5372 2720 64
a 5373 2544 256
a 5374 3296 16
a 5375 4272 256
a 5376 1152 256
a 5377 57424 64
a 5378 47920 256
a 5379 11456 64
a 5380 448 256
a 5381 7968 256
a 5382 2528 16
a 5383 944 64
a 5384 8256 256
a 5385 944 16
a 5386 50048 256
a 5387 9984 16
a 5388 21888 256
a 5389 1424 256
a 5390 432 16
a 5391 7120 16
a 5392 272 256
a 5393 352 64
a 5394 1728 64
a 5395 7968 64
a 5396 304 256
a 5397 28720 16
a 5398 336 256
a 5399 6880 64
a 5400 1232 64
a 5401 592 64
a 5402 16480 64
a 5403 12736 256
a 5404 18208 16
a 5405 15072 256
a 5406 13216 64
a 5407 1296 256
a 5408 6384 64
a 5409 704 16
a 5410 448 64
a 5411 416 256
a 5412 31264 16
a 5413 912 256
a 5414 32320 256
a 5415 30272 16
a 5416 1488 64
a 5417 17008 64
a 5418 2096 64
a 5419 2032 16
a 5420 416 256
a 5421 448 256
a 5422 1600 256
a 5423 13712 16
a 5424 14144 16
a 5425 624 16
a 5426 1984 256
a 5427 2944 64
a 5428 608 64
a 5429 5776 256
a 5430 3936 16
a 5431 1904 16
a 5432 1200 64
a 5433 1328 16
a 5434 25536 16
a 5435 2576 256
a 5436 5408 256
a 5437 4208 16
a 5438 1408 64
a 5439 2064 256
a 5440 22432 16
a 5441 25552 64
a 5442 784 16
a 5443 320 16
a 5444 1600 256
a 5445 9248 256
a 5446 13872 256
a 5447 816 256
a 5448 24912 16
a 5449 3392 256
a 5450 2800 256
a 5451 2464 16
a 5452 464 64
a 5453 26352 16
a 5454 1216 64
a 5455 688 64
a 5456 2320 256
a 5457 26976 64
a 5458 6768 256
a 5459 34848 256
a 5460 672 256
a 5461 3104 256
a 5462 320 256
a 5463 16352 256
a 5464 5952 16
a 5465 8992 256
a 5466 368 64
a 5467 6544 16
a 5468 1008 64
a 5469 912 256
a 5470 12288 16
a 5471 9664 64
a 5472 368 256
a 5473 53312 64
a 5474 13776 256
a 5475 1584 16
a 5476 432 64
a 5477 4720 16
a 5478 10080 256
a 5479 384 16
a 5480 1744 64
a 5481 3056 256
a 5482 6592 16
a 5483 1824 16
a 5484 480 64
a 5485 4800 64
a 5486 352 16
a 5487 352 256
a 5488 336 64
a 5489 27840 64
a 5490 2032 256
a 5491 496 16
a 5492 4496 64
a 5493 1776 16
a 5494 47376 256
a 5495 1184 64
a 5496 4064 16
a 5497 3952 16
a 5498 1024 64
a 5499 448 64
a 5500 10048 64
a 5501 5696 16
a 5502 32144 256
a 5503 55904 64
a 5504 880 256
a 5505 1376 64
a 5506 2800 16
a 5507 1968 256
a 5508 384 256
a 5509 5632 256
a 5510 20272 16
a 5511 7072 16
a 5512 352 16
a 5513 1840 256
a 5514 22416 64
a 5515 65440 256
a 5516 912 16
a 5517 2896 16
a 5518 3536 64
a 5519 5776 16
a 5520 1232 64
a 5521 816 16
a 5522 5248 256
a 5523 704 64
a 5524 1296 16
a 5525 56624 256
a 5526 5376 16
a 5527 14960 16
a 5528 6912 256
a 5529 11840 256
a 5530 16080 256
a 5531 3728 16
a 5532 20112 256
a 5533 17968 16
a 5534 352 64
a 5535 11216 64
a 5536 31248 16
a 5537 592 16
a 5538 544 64
a 5539 59744 256
a 5540 40160 16
a 5541 400 16
a 5542 13392 256
a 5543 25104 16
a 5544 5072 16
a 5545 1984 16
a 5546 29792 64
a 5547 5776 16
a 5548 736 256
a 5549 61776 64
a 5550 592 256
a 5551 1616 64
a 5552 7920 256
a 5553 1648 16
a 5554 3024 16
a 5555 1824 16
a 5556 944 16
a 5557 26960 64
a 5558 5888 16
a 5559 18672 16
a 5560 288 16
a 5561 6944 64
a 5562 23760 256
a 5563 432 16
a 5564 448 256
a 5565 37632 16
a 5566 3184 16
a 5567 8656 64
a 5568 32656 64
a 5569 14672 256
a 5570 4768 16
a 5571 36416 16
a 5572 928 16
a 5573 512 256
a 5574 8480 16
a 5575 1600 256
a 5576 33184 256
a 5577 21376 16
a 5578 29408 64
a 5579 896 64
a 5580 416 16
a 5581 50656 64
a 5582 7120 16
a 5583 1824 256
a 5584 3136 16
a 5585 1440 256
a 5586 352 64
a 5587 10752 64
a 5588 9360 16
a 5589 49856 16
a 5590 36752 16
a 5591 13168 16
a 5592 4768 256
a 5593 11360 256
a 5594 1152 64
a 5595 288 64
a 5596 4224 256
a 5597 6816 16
a 5598 2928 16
a 5599 25936 256
a 5600 10352 16
a 5601 10816 16
a 5602 4400 64
a 5603 2176 256
a 5604 336 16
a 5605 4672 256
a 5606 35536 64
a 5607 1584 256
a 5608 56112 64
a 5609 31296 256
a 5610 752 16
a 5611 27328 16
a 5612 960 256
a 5613 11360 16
a 5614 976 256
a 5615 400 64
a 5616 608 256
a 5617 448 256
a 5618 43952 64
a 5619 816 16
a 5620 39360 256
a 5621 1312 16
a 5622 8592 16
a 5623 672 256
a 5624 2112 64
a 5625 672 16
a 5626 35344 16
a 5627 5712 16
a 5628 19600 256
a 5629 7344 16
a 5630 17008 16
a 5631 12704 256
a 5632 480 64
a 5633 48768 64
a 5634 14320 16
a 5635 880 256
a 5636 528 64
a 5637 50352 64
a 5638 9696 256
a 5639 1728 16
a 5640 44944 64
a 5641 9552 16
a 5642 832 256
a 5643 2000 256
a 5644 28928 16
a 5645 12064 256
a 5646 37600 64
a 5647 560 64
a 5648 1024 16
a 5649 784 64
a 5650 5200 16
a 5651 47680 256
a 5652 14112 256
a 5653 3200 16
a 5654 1616 16
a 5655 496 256
a 5656 464 64
a 5657 496 16
a 5658 34448 16
a 5659 11968 16
a 5660 1600 64
a 5661 544 64
a 5662 4016 256
a 5663 576 16
a 5664 1456 64
a 5665 1520 64
a 5666 2064 256
a 5667 3632 16
a 5668 1168 256
a 5669 928 64
a 5670 35984 16
a 5671 1520 16
a 5672 2096 16
a 5673 54544 16
a 5674 368 256
a 5675 400 64
a 5676 10752 256
a 5677 352 256
a 5678 26944 64
a 5679 53248 16
a 5680 1792 16
a 5681 1616 256
a 5682 1568 64
a 5683 56528 256
a 5684 864 16
a 5685 368 256
a 5686 20656 256
a 5687 2048 256
a 5688 57232 16
a 5689 7744 256
a 5690 880 16
a 5691 2304 16
a 5692 19440 16
a 5693 3296 256
a 5694 1232 64
a 5695 10960 64
a 5696 544 16
a 5697 54384 16
a 5698 41008 256
a 5699 34768 16
a 5700 1968 16
a 5701 13440 64
a 5702 36224 256
a 5703 42368 64
a 5704 46672 256
a 5705 8432 256
a 5706 1808 64
a 5707 53824 16
a 5708 51472 256
a 5709 36096 64
a 5710 400 256
a 5711 2336 16
a 5712 61504 256
a 5713 832 256
a 5714 38048 16
a 5715 976 64
a 5716 49200 16
a 5717 1680 64
a 5718 6464 256
a 5719 896 64
a 5720 18256 16
a 5721 8880 256
a 5722 39872 16
a 5723 3648 64
a 5724 448 16
a 5725 448 64
a 5726 16480 16
a 5727 3632 16
a 5728 54992 16
a 5729 26448 64
a 5730 496 16
a 5731 22560 16
a 5732 29744 256
a 5733 320 256
a 5734 720 256
a 5735 18464 256
a 5736 26608 64
a 5737 4256 16
a 5738 9280 16
a 5739 53232 16
a 5740 24048 64
a 5741 320 256
a 5742 1184 256
a 5743 3824 64
a 5744 6960 256
a 5745 6080 64
a 5746 2960 64
a 5747 2384 256
a 5748 62976 64
a 5749 1312 16
a 5750 1280 256
a 5751 11184 16
a 5752 976 256
a 5753 49584 16
a 5754 23728 64
a 5755 592 256
a 5756 1168 256
a 5757 576 64
a 5758 432 16
a 5759 17312 256
a 5760 1120 16
a 5761 320 64
a 5762 9152 256
a 5763 4976 256
a 5764 352 64
a 5765 6160 256
a 5766 47568 64
a 5767 3760 256
a 5768 9248 64
a 5769 2576 256
a 5770 800 16
a 5771 27120 256
a 5772 3888 256
a 5773 816 64
a 5774 3856 16
a 5775 3888 64
a 5776 11216 16
a 5777 28656 256
a 5778 2448 256
a 5779 3376 64
a 5780 23680 16
a 5781 3776 256
a 5782 656 64
a 5783 3952 64
a 5784 30064 256
a 5785 15680 16
a 5786 736 256
a 5787 1280 64
a 5788 52576 64
a 5789 2048 16
a 5790 1824 256
a 5791 704 64
a 5792 288 256
a 5793 16960 256
a 5794 12848 16
a 5795 12800 16
a 5796 448 256
a 5797 352 16
a 5798 12768 64
a 5799 6992 16
a 5800 24976 256
a 5801 560 256
a 5802 63024 64
a 5803 1648 64
a 5804 21552 16
a 5805 55664 64
a 5806 12416 16
a 5807 4640 16
a 5808 3712 256
a 5809 464 256
a 5810 2000 64
a 5811 5744 256
a 5812 6400 16
a 5813 3264 256
a 5814 1168 16
a 5815 13696 16
a 5816 1248 256
a 5817 1312 16
a 5818 3296 256
a 5819 1408 256
a 5820 528 16
a 5821 15904 64
a 5822 28736 64
a 5823 6624 256
a 5824 912 256
a 5825 816 64
a 5826 21328 16
a 5827 1584 256
a 5828 944 16
a 5829 3168 64
a 5830 2208 16
a 5831 11520 64
a 5832 3120 64
a 5833 23328 16
a 5834 8928 256
a 5835 62560 16
a 5836 736 16
a 5837 60480 16
a 5838 816 256
a 5839 12176 16
a 5840 448 256
a 5841 8000 256
a 5842 2576 16
a 5843 10608 64
a 5844 1280 64
a 5845 576 256
a 5846 26240 256
a 5847 2848 64
a 5848 5232 16
a 5849 736 256
a 5850 368 64
a 5851 10336 16
a 5852 608 64
a 5853 448 16
a 5854 3632 16
a 5855 54688 16
a 5856 752 16
a 5857 55984 64
a 5858 14768 64
a 5859 7696 64
a 5860 3520 16
a 5861 5632 256
a 5862 1824 256
a 5863 1696 64
a 5864 944 256
a 5865 1296 16
a 5866 464 16
a 5867 33360 256
a 5868 3088 64
a 5869 37824 16
a 5870 480 16
a 5871 8864 256
a 5872 3296 64
a 5873 288 16
a 5874 1232 64
a 5875 25984 256
a 5876 5728 256
a 5877 10688 256
a 5878 50192 16
a 5879 3856 64
a 5880 33392 16
a 5881 64160 64
a 5882 19424 64
a 5883 1408 16
a 5884 448 64
a 5885 8768 16
a 5886 32192 64
a 5887 1792 256
a 5888 11840 64
a 5889 15392 64
a 5890 20752 16
a 5891 31632 256
a 5892 2192 16
a 5893 1952 256
a 5894 464 64
a 5895 7760 256
a 5896 3264 64
a 5897 8416 16
a 5898 6560 256
a 5899 960 64
a 5900 3216 64
a 5901 336 16
a 5902 272 64
a 5903 2576 256
a 5904 2656 16
a 5905 2656 256
a 5906 7968 256
a 5907 53520 64
a 5908 368 256
a 5909 21776 16
a 5910 2144 16
a 5911 1936 16
a 5912 63424 16
a 5913 832 256
a 5914 400 16
a 5915 880 64
a 5916 7952 16
a 5917 3744 256
a 5918 17040 256
a 5919 368 256
a 5920 592 16
a 5921 18432 256
a 5922 1040 256
a 5923 1520 256
a 5924 6192 16
a 5925 352 64
a 5926 3712 16
a 5927 64224 256
a 5928 61040 64
a 5929 9920 64
a 5930 720 64
a 5931 32432 256
a 5932 15216 256
a 5933 432 16
a 5934 2032 256
a 5935 43616 16
a 5936 10096 256
a 5937 20016 64
a 5938 9664 16
a 5939 4736 64
a 5940 1600 256
a 5941 17104 64
a 5942 2272 16
a 5943 6512 16
a 5944 29216 64
a 5945 4064 256
a 5946 672 256
a 5947 3280 256
a 5948 27776 16
a 5949 320 16
a 5950 656 256
a 5951 7072 16
a 5952 48928 256
a 5953 29584 256
a 5954 1728 16
a 5955 1488 16
a 5956 3216 16
a 5957 32592 16
a 5958 496 16
a 5959 368 16
a 5960 8928 16
a 5961 3056 256
a 5962 6736 16
a 5963 3840 16
a 5964 4832 16
a 5965 63392 16
a 5966 1008 64
a 5967 14032 64
a 5968 416 64
a 5969 2128 256
a 5970 18496 256
a 5971 26176 256
a 5972 38000 64
a 5973 512 64
a 5974 6368 64
a 5975 576 64
a 5976 480 256
a 5977 6688 16
a 5978 6848 16
a 5979 6240 64
a 5980 6672 16
a 5981 12768 16
a 5982 2848 256
a 5983 56464 64
a 5984 1008 64
a 5985 3136 16
a 5986 944 256
a 5987 1728 16
a 5988 3552 64
a 5989 2832 16
a 5990 14768 16
a 5991 1904 64
a 5992 15568 64
a 5993 464 64
a 5994 2464 16
a 5995 3952 64
a 5996 8112 64
a 5997 48592 256
a 5998 736 256
a 5999 400 16
a 6000 1392 16
a 6001 10896 16
a 6002 51296 16
a 6003 576 64
a 6004 4624 256
a 6005 49824 256
a 6006 3648 16
a 6007 38000 16
a 6008 47536 256
a 6009 704 256
a 6010 2352 64
a 6011 416 64
a 6012 1840 256
a 6013 9664 16
a 6014 1248 256
a 6015 928 16
a 6016 5056 64
a 6017 31456 16
a 6018 1952 64
a 6019 2000 256
a 6020 7360 16
a 6021 64640 256
a 6022 480 16
a 6023 1728 256
a 6024 2800 256
a 6025 5568 16
a 6026 480 16
a 6027 688 16
a 6028 43184 64
a 6029 736 256
a 6030 11600 256
a 6031 976 16
a 6032 26640 16
a 6033 1616 16
a 6034 24656 256
a 6035 1024 16
a 6036 42032 64
a 6037 41760 256
a 6038 2224 16
a 6039 288 64
a 6040 288 64
a 6041 1216 64
a 6042 864 16
a 6043 400 16
a 6044 2512 64
a 6045 24768 256
a 6046 704 64
a 6047 8544 64
a 6048 8320 64
a 6049 3200 16
a 6050 25616 16
a 6051 992 256
a 6052 52288 256
a 6053 8368 64
a 6054 832 16
a 6055 2864 64
a 6056 960 16
a 6057 9568 16
a 6058 1232 64
a 6059 672 16
a 6060 800 64
a 6061 992 16
a 6062 672 256
a 6063 19408 16
a 6064 2400 64
a 6065 36400 64
a 6066 7376 64
a 6067 320 256
a 6068 26608 256
a 6069 33264 16
a 6070 14848 16
a 6071 13904 256
a 6072 12656 256
a 6073 5360 256
a 6074 1248 256
a 6075 4592 64
a 6076 2336 256
a 6077 2560 64
a 6078 27408 256
a 6079 17728 64
a 6080 3664 256
a 6081 2160 64
a 6082 39360 16
a 6083 7024 256
a 6084 352 256
a 6085 4432 16
a 6086 336 64
a 6087 40192 64
a 6088 7360 256
a 6089 464 64
a 6090 19936 256
a 6091 784 16
a 6092 14240 16
a 6093 15120 16
a 6094 320 16
a 6095 1056 16
a 6096 1216 16
a 6097 11232 64
a 6098 30224 64
a 6099 320 64
a 6100 688 64
a 6101 2384 256
a 6102 1168 64
a 6103 5616 256
a 6104 1792 64
a 6105 11712 16
a 6106 2624 64
a 6107 38304 256
a 6108 18368 256
a 6109 43536 16
a 6110 6496 64
a 6111 432 16
a 6112 976 16
a 6113 464 64
a 6114 272 64
a 6115 38960 64
a 6116 6320 16
a 6117 1040 256
a 6118 2096 64
a 6119 368 16
a 6120 17360 64
a 6121 592 16
a 6122 33120 16
a 6123 480 256
a 6124 5184 256
a 6125 3456 256
a 6126 10944 16
a 6127 3200 256
a 6128 1744 64
a 6129 2448 16
a 6130 944 64
a 6131 2368 64
a 6132 1344 64
a 6133 384 64
a 6134 19824 256
a 6135 1936 256
a 6136 3824 16
a 6137 7216 16
a 6138 5536 256
a 6139 320 16
a 6140 5552 16
a 6141 48592 16
a 6142 7920 16
a 6143 2352 256
a 6144 8416 64
a 6145 21936 64
a 6146 50656 64
a 6147 336 16
a 6148 63728 16
a 6149 4128 256
a 6150 912 64
a 6151 352 16
a 6152 2240 256
a 6153 448 256
a 6154 1904 64
a 6155 352 64
a 6156 15520 16
a 6157 688 64
a 6158 2384 16
a 6159 656 64
a 6160 800 256
a 6161 1872 64
a 6162 24432 16
a 6163 432 16
a 6164 16240 256
a 6165 1840 256
a 6166 10736 64
a 6167 60720 64
a 6168 20320 64
a 6169 20176 64
a 6170 28576 256
a 6171 31520 256
a 6172 31376 256
a 6173 12288 16
a 6174 7616 16
a 6175 5728 64
a 6176 29984 64
a 6177 29232 16
a 6178 37024 256
a 6179 3200 64
a 6180 38880 16
a 6181 21952 16
a 6182 4192 16
a 6183 11664 256
a 6184 640 256
a 6185 23264 256
a 6186 944 256
a 6187 28240 16
a 6188 32560 16
a 6189 896 64
a 6190 3056 256
a 6191 14912 16
a 6192 416 256
a 6193 1488 16
a 6194 496 256
a 6195 1120 64
a 6196 592 256
a 6197 1312 64
a 6198 2608 256
a 6199 42480 16
a 6200 1136 64
a 6201 10240 256
a 6202 58864 64
a 6203 36208 256
a 6204 384 16
a 6205 1072 16
a 6206 43200 16
a 6207 62704 64
a 6208 9024 64
a 6209 1248 64
a 6210 2864 16
a 6211 16128 64
a 6212 3632 16
a 6213 3504 256
a 6214 25536 16
a 6215 11872 64
a 6216 6400 256
a 6217 2032 256
a 6218 24608 256
a 6219 288 16
a 6220 480 64
a 6221 12960 64
a 6222 848 16
a 6223 28128 64
a 6224 4512 16
a 6225 4016 256
a 6226 49952 256
a 6227 44384 256
a 6228 3552 16
a 6229 45712 16
a 6230 14608 64
a 6231 14480 256
a 6232 608 256
a 6233 4016 64
a 6234 25856 16
a 6235 1408 16
a 6236 608 64
a 6237 10240 64
a 6238 12272 64
a 6239 880 16
a 6240 27280 256
a 6241 432 16
a 6242 832 16
a 6243 4016 16
a 6244 54608 64
a 6245 1856 16
a 6246 24192 64
a 6247 42912 64
a 6248 1296 64
a 6249 1936 256
a 6250 1104 64
a 6251 1152 64
a 6252 1424 64
a 6253 1520 16
a 6254 1008 256
a 6255 24736 256
a 6256 864 16
a 6257 4480 256
a 6258 736 64
a 6259 12368 256
a 6260 912 64
a 6261 6864 16
a 6262 7184 256
a 6263 5008 16
a 6264 656 256
a 6265 11024 16
a 6266 15984 64
a 6267 4512 256
a 6268 640 16
a 6269 14944 16
a 6270 400 64
a 6271 33200 16
a 6272 320 16
a 6273 6416 16
a 6274 304 64
a 6275 336 16
a 6276 7344 16
a 6277 1152 256
a 6278 480 256
a 6279 46352 16
a 6280 21712 16
a 6281 5216 64
a 6282 720 256
a 6283 39376 256
a 6284 592 64
a 6285 384 256
a 6286 9040 256
a 6287 6000 64
a 6288 640 256
a 6289 944 64
a 6290 7536 16
a 6291 41168 64
a 6292 640 64
a 6293 9456 64
a 6294 9472 256
a 6295 448 64
a 6296 1760 256
a 6297 3888 16
a 6298 13536 16
a 6299 3680 16
a 6300 41888 16
a 6301 26320 256
a 6302 30208 64
a 6303 63168 64
a 6304 368 64
a 6305 10656 256
a 6306 53584 16
a 6307 1216 16
a 6308 29024 64
a 6309 1040 16
a 6310 720 256
a 6311 9856 64
a 6312 32208 16
a 6313 528 16
a 6314 880 256
a 6315 832 256
a 6316 33600 256
a 6317 3232 256
a 6318 2432 256
a 6319 4160 256
a 6320 368 16
a 6321 5632 64
a 6322 45280 16
a 6323 3568 64
a 6324 30768 16
a 6325 21392 16
a 6326 59744 64
a 6327 59408 16
a 6328 5360 16
a 6329 480 64
a 6330 4944 64
a 6331 3312 16
a 6332 46544 64
a 6333 16704 256
a 6334 5712 16
a 6335 28272 256
a 6336 27344 64
a 6337 1760 256
a 6338 5312 256
a 6339 13904 64
a 6340 18720 16
a 6341 25712 256
a 6342 752 256
a 6343 1168 256
a 6344 51488 16
a 6345 448 64
a 6346 13696 256
a 6347 27536 16
a 6348 336 16
a 6349 21056 256
a 6350 624 64
a 6351 5648 16
a 6352 7136 256
a 6353 9760 64
a 6354 12192 16
a 6355 400 256
a 6356 1872 64
a 6357 2112 16
a 6358 400 256
a 6359 1936 16
a 6360 672 64
a 6361 19744 256
a 6362 3600 256
a 6363 34688 256
a 6364 272 16
a 6365 16352 256
a 6366 7392 256
a 6367 576 64
a 6368 15488 256
a 6369 9472 64
a 6370 4848 64
a 6371 26960 64
a 6372 17936 64
a 6373 944 16
a 6374 384 64
a 6375 624 64
a 6376 768 64
a 6377 1328 64
a 6378 14016 16
a 6379 896 256
a 6380 592 64
a 6381 31136 64
a 6382 6272 256
a 6383 2736 16
a 6384 11920 256
a 6385 1168 16
a 6386 1696 16
a 6387 17024 64
a 6388 14432 16
a 6389 10768 64
a 6390 2576 64
a 6391 1424 256
a 6392 576 256
a 6393 496 256
a 6394 5264 16
a 6395 528 16
a 6396 464 256
a 6397 8368 256
a 6398 10448 256
a 6399 1200 256
a 6400 50976 256
a 6401 1920 16
a 6402 5616 16
a 6403 880 256
a 6404 2128 16
a 6405 34160 16
a 6406 26256 256
a 6407 1472 64
a 6408 512 256
a 6409 52656 16
a 6410 11680 64
a 6411 4544 256
a 6412 928 256
a 6413 768 16
a 6414 4592 16
a 6415 672 16
a 6416 736 16
a 6417 368 16
a 6418 63392 16
a 6419 42976 16
a 6420 800 256
a 6421 22544 16
a 6422 3840 64
a 6423 4688 256
a 6424 2640 64
a 6425 7552 256
a 6426 544 64
a 6427 368 64
a 6428 5712 256
a 6429 54608 64
a 6430 1728 16
a 6431 37456 16
a 6432 7104 64
a 6433 5488 16
a 6434 336 64
a 6435 30304 16
a 6436 656 256
a 6437 672 256
a 6438 11904 256
a 6439 20640 16
a 6440 336 64
a 6441 1696 16
a 6442 1712 256
a 6443 1696 64
a 6444 1952 64
a 6445 400 64
a 6446 10928 16
a 6447 1984 64
a 6448 1952 64
a 6449 768 256
a 6450 25040 16
a 6451 14768 256
a 6452 53616 256
a 6453 992 64
a 6454 4432 16
a 6455 27088 64
a 6456 10608 16
a 6457 19488 16
a 6458 1168 64
a 6459 24160 256
a 6460 608 16
a 6461 1760 64
a 6462 25488 64
a 6463 14848 16
a 6464 1472 16
a 6465 6944 256
a 6466 65232 64
a 6467 1008 256
a 6468 3552 256
a 6469 352 256
a 6470 4112 64
a 6471 10672 16
a 6472 3360 16
a 6473 2256 64
a 6474 3248 16
a 6475 19664 16
a 6476 1024 64
a 6477 5232 256
a 6478 1168 256
a 6479 1184 256
a 6480 2288 64
a 6481 30336 64
a 6482 288 16
a 6483 25312 16
a 6484 3792 256
a 6485 5568 16
a 6486 1440 16
a 6487 784 256
a 6488 29408 256
a 6489 2368 256
a 6490 512 64
a 6491 10208 16
a 6492 4464 256
a 6493 816 64
a 6494 2000 16
a 6495 7904 256
a 6496 480 256
a 6497 1984 16
a 6498 2144 64
a 6499 1664 16
a 6500 20784 16
a 6501 5984 16
a 6502 880 64
a 6503 4928 256
a 6504 1840 256
a 6505 20160 256
a 6506 928 16
a 6507 31184 256
a 6508 864 256
a 6509 56640 64
a 6510 704 16
a 6511 400 16
a 6512 1360 64
a 6513 7280 256
a 6514 65280 64
a 6515 13312 256
a 6516 496 256
a 6517 2448 16
a 6518 336 64
a 6519 16624 16
a 6520 800 64
a 6521 2704 64
a 6522 288 256
a 6523 3408 256
a 6524 1760 256
a 6525 38256 256
a 6526 3280 64
a 6527 1136 16
a 6528 46032 16
a 6529 1552 64
a 6530 25552 16
a 6531 32672 64
a 6532 384 256
a 6533 14864 64
a 6534 816 256
a 6535 27648 64
a 6536 13424 256
a 6537 2224 16
a 6538 4800 64
a 6539 46336 16
a 6540 7888 256
a 6541 416 64
a 6542 768 64
a 6543 3456 256
a 6544 3824 256
a 6545 55264 256
a 6546 608 16
a 6547 336 16
a 6548 11184 256
a 6549 6944 64
a 6550 1152 64
a 6551 1120 64
a 6552 49568 256
a 6553 880 256
a 6554 368 64
a 6555 46704 64
a 6556 3120 64
a 6557 1776 16
a 6558 20432 16
a 6559 3472 16
a 6560 1680 64
a 6561 320 16
a 6562 2032 16
a 6563 47328 256
a 6564 928 64
a 6565 14288 16
a 6566 53728 256
a 6567 12240 64
a 6568 12832 16
a 6569 13376 16
a 6570 352 16
a 6571 736 64
a 6572 912 64
a 6573 2336 256
a 6574 3136 64
a 6575 4656 256
a 6576 15472 64
a 6577 816 16
a 6578 4032 64
a 6579 2800 64
a 6580 8080 64
a 6581 63280 64
a 6582 9264 256
a 6583 44560 256
a 6584 480 16
a 6585 496 64
a 6586 13152 16
a 6587 1568 16
a 6588 54480 256
a 6589 2320 64
a 6590 54192 64
a 6591 1104 16
a 6592 400 256
a 6593 23744 64
a 6594 1504 16
a 6595 576 16
a 6596 672 256
a 6597 6576 16
a 6598 2544 16
a 6599 4848 16
a 6600 1984 256
a 6601 7504 64
a 6602 304 256
a 6603 4336 16
a 6604 13248 64
a 6605 4512 64
a 6606 3312 64
a 6607 3296 16
a 6608 27040 64
a 6609 2304 16
a 6610 6544 256
a 6611 8992 64
a 6612 3872 256
a 6613 976 16
a 6614 14480 16
a 6615 5744 16
a 6616 1936 256
a 6617 49136 256
a 6618 1200 64
a 6619 1104 64
a 6620 6080 16
a 6621 3088 64
a 6622 30752 64
a 6623 7616 256
a 6624 5200 256
a 6625 1040 16
a 6626 6272 64
a 6627 4416 64
a 6628 544 16
a 6629 1312 64
a 6630 1344 16
a 6631 6096 64
a 6632 7536 16
a 6633 5280 256
a 6634 496 64
a 6635 464 64
a 6636 31120 64
a 6637 1296 64
a 6638 11648 64
a 6639 7648 64
a 6640 6608 64
a 6641 1504 256
a 6642 33440 16
a 6643 16464 16
a 6644 18752 256
a 6645 17664 64
a 6646 304 16
a 6647 36096 16
a 6648 1200 64
a 6649 16016 64
a 6650 30592 256
a 6651 29312 64
a 6652 1824 256
a 6653 272 16
a 6654 19344 64
a 6655 512 256
a 6656 2672 64
a 6657 352 256
a 6658 560 16
a 6659 10144 256
a 6660 288 16
a 6661 1552 16
a 6662 15248 16
a 6663 1776 16
a 6664 28688 64
a 6665 65216 256
a 6666 13904 64
a 6667 21856 64
a 6668 2416 256
a 6669 3536 64
a 6670 6304 64
a 6671 416 16
a 6672 12640 16
a 6673 13888 64
a 6674 5360 16
a 6675 13136 16
a 6676 912 64
a 6677 17648 64
a 6678 62528 16
a 6679 19600 64
a 6680 8512 256
a 6681 10128 64
a 6682 848 64
a 6683 54464 256
a 6684 848 256
a 6685 47808 64
a 6686 1728 16
a 6687 6384 256
a 6688 1248 256
a 6689 4912 256
a 6690 1120 64
a 6691 13520 16
a 6692 1248 16
a 6693 8144 256
a 6694 400 16
a 6695 47152 16
a 6696 1312 256
a 6697 3888 64
a 6698 5616 16
a 6699 62672 64
a 6700 1888 256
a 6701 5152 256
a 6702 4528 16
a 6703 5056 256
a 6704 512 16
a 6705 384 256
a 6706 3120 256
a 6707 688 16
a 6708 272 64
a 6709 17520 64
a 6710 3760 256
a 6711 15952 256
a 6712 656 16
a 6713 44416 16
a 6714 9568 64
a 6715 2672 256
a 6716 688 64
a 6717 848 64
a 6718 9792 64
a 6719 672 256
a 6720 752 64
a 6721 32368 64
a 6722 336 64
a 6723 8224 64
a 6724 56272 256
a 6725 20448 64
a 6726 2176 64
a 6727 960 64
a 6728 304 16
a 6729 7264 64
a 6730 592 64
a 6731 46144 64
a 6732 14064 256
a 6733 1872 16
a 6734 3040 16
a 6735 5792 16
a 6736 560 64
a 6737 2544 256
a 6738 61424 16
a 6739 704 64
a 6740 784 256
a 6741 60736 16
a 6742 1632 256
a 6743 4448 256
a 6744 3600 256
a 6745 2208 256
a 6746 400 64
a 6747 47840 256
a 6748 432 16
a 6749 1104 256
a 6750 2048 64
a 6751 992 16
a 6752 15392 256
a 6753 752 256
a 6754 9216 16
a 6755 7488 64
a 6756 1536 16
a 6757 352 256
a 6758 49936 16
a 6759 368 16
a 6760 38672 16
a 6761 1920 256
a 6762 1232 256
a 6763 49504 16
a 6764 3968 64
a 6765 4000 16
a 6766 832 16
a 6767 432 256
a 6768 4352 16
a 6769 1248 16
a 6770 1104 16
a 6771 17152 16
a 6772 8848 16
a 6773 1104 256
a 6774 7408 64
a 6775 912 64
a 6776 29632 256
a 6777 1248 256
a 6778 512 256
a 6779 17728 256
a 6780 60384 16
a 6781 944 256
a 6782 2048 64
a 6783 7408 256
a 6784 8432 256
a 6785 1008 16
a 6786 304 64
a 6787 720 64
a 6788 1136 256
a 6789 2256 256
a 6790 59344 16
a 6791 11440 64
a 6792 32784 64
a 6793 15744 64
a 6794 1200 256
a 6795 464 16
a 6796 38800 256
a 6797 23072 16
a 6798 6480 16
a 6799 12848 16
a 6800 62432 256
a 6801 15328 256
a 6802 6896 256
a 6803 23632 256
a 6804 560 256
a 6805 21440 256
a 6806 11504 256
a 6807 15168 64
a 6808 16528 64
a 6809 1536 16
a 6810 1456 256
a 6811 12208 16
a 6812 62320 256
a 6813 592 64
a 6814 19056 64
a 6815 2624 16
a 6816 880 256
a 6817 416 256
a 6818 7472 16
a 6819 43840 16
a 6820 864 16
a 6821 1744 16
a 6822 11248 16
a 6823 32032 256
a 6824 3984 16
a 6825 7296 16
a 6826 31584 64
a 6827 480 64
a 6828 1216 16
a 6829 44704 64
a 6830 13936 256
a 6831 19632 256
a 6832 688 16
a 6833 11760 64
a 6834 976 64
a 6835 40512 16
a 6836 16320 256
a 6837 6912 256
a 6838 4384 64
a 6839 1168 256
a 6840 6240 64
a 6841 13824 256
a 6842 1440 16
a 6843 21088 256
a 6844 560 256
a 6845 1520 16
a 6846 11088 256
a 6847 2928 16
a 6848 34048 256
a 6849 32464 16
a 6850 47184 256
a 6851 1424 256
a 6852 864 256
a 6853 864 256
a 6854 14992 16
a 6855 464 16
a 6856 49408 64
a 6857 3968 256
a 6858 880 16
a 6859 3904 64
a 6860 3632 64
a 6861 784 64
a 6862 22736 16
a 6863 1264 16
a 6864 21360 64
a 6865 12912 64
a 6866 27216 16
a 6867 61600 16
a 6868 12800 256
a 6869 9328 64
a 6870 16192 256
a 6871 17312 256
a 6872 1792 16
a 6873 55072 64
a 6874 704 256
a 6875 448 256
a 6876 24624 64
a 6877 3760 256
a 6878 272 64
a 6879 464 256
a 6880 60176 64
a 6881 2032 16
a 6882 2528 256
a 6883 50432 64
a 6884 288 64
a 6885 2032 64
a 6886 51776 256
a 6887 37264 16
a 6888 512 16
a 6889 10336 64
a 6890 4112 64
a 6891 3376 16
a 6892 1664 16
a 6893 448 256
a 6894 9024 256
a 6895 14496 256
a 6896 31584 64
a 6897 41424 64
a 6898 896 16
a 6899 3568 64
a 6900 65328 16
a 6901 14992 16
a 6902 752 64
a 6903 496 256
a 6904 1296 16
a 6905 1824 64
a 6906 50880 64
a 6907 24816 64
a 6908 7696 16
a 6909 63664 64
a 6910 496 16
a 6911 3056 64
a 6912 928 16
a 6913 30944 256
a 6914 400 64
a 6915 31792 64
a 6916 18464 16
a 6917 1984 64
a 6918 272 256
a 6919 6032 16
a 6920 1344 256
a 6921 2112 16
a 6922 272 256
a 6923 1440 64
a 6924 28992 256
a 6925 288 64
a 6926 14256 64
a 6927 336 256
a 6928 672 16
a 6929 8096 16
a 6930 47136 256
a 6931 896 16
a 6932 1712 16
a 6933 5104 256
a 6934 416 256
a 6935 4048 16
a 6936 416 16
a 6937 6736 16
a 6938 976 16
a 6939 3600 64
a 6940 7776 64
a 6941 7952 256
a 6942 1792 256
a 6943 4672 64
a 6944 288 64
a 6945 960 64
a 6946 3232 256
a 6947 46352 256
a 6948 8016 256
a 6949 2336 16
a 6950 13344 16
a 6951 7648 16
a 6952 1488 16
a 6953 64096 256
a 6954 4224 64
a 6955 1152 16
a 6956 816 64
a 6957 336 16
a 6958 1328 16
a 6959 26528 64
a 6960 18928 16
a 6961 2720 256
a 6962 2592 64
a 6963 3904 64
a 6964 1456 256
a 6965 688 16
a 6966 2432 16
a 6967 1024 64
a 6968 13808 64
a 6969 10720 16
a 6970 496 64
a 6971 14656 16
a 6972 944 64
a 6973 3904 16
a 6974 528 256
a 6975 1104 256
a 6976 6384 16
a 6977 3040 64
a 6978 3152 16
a 6979 5888 256
a 6980 336 64
a 6981 544 256
a 6982 1568 256
a 6983 1232 64
a 6984 512 256
a 6985 6768 64
a 6986 1264 256
a 6987 64320 16
a 6988 1392 64
a 6989 34144 64
a 6990 27072 256
a 6991 15120 16
a 6992 720 256
a 6993 5296 64
a 6994 848 256
a 6995 13456 64
a 6996 51312 64
a 6997 288 256
a 6998 41152 16
a 6999 1600 256
a 7000 688 256
a 7001 720 64
a 7002 3152 256
a 7003 22368 256
a 7004 464 16
a 7005 1600 64
a 7006 7744 64
a 7007 25248 16
a 7008 608 16
a 7009 6320 256
a 7010 896 16
a 7011 288 256
a 7012 20672 16
a 7013 56400 64
a 7014 27216 64
a 7015 60768 64
a 7016 6208 64
a 7017 21744 256
a 7018 288 64
a 7019 31040 256
a 7020 2048 64
a 7021 5376 64
a 7022 448 64
a 7023 65248 64
a 7024 6272 64
a 7025 11824 64
a 7026 1568 64
a 7027 448 256
a 7028 5552 16
a 7029 14064 16
a 7030 7072 16
a 7031 384 64
a 7032 592 256
a 7033 3552 64
a 7034 704 16
a 7035 352 16
a 7036 320 16
a 7037 2064 256
a 7038 368 64
a 7039 2304 64
a 7040 1584 64
a 7041 448 256
a 7042 2992 16
a 7043 40464 64
a 7044 4784 16
a 7045 1136 256
a 7046 31712 64
a 7047 816 256
a 7048 21264 256
a 7049 1440 64
a 7050 31456 64
a 7051 46592 64
a 7052 5968 64
a 7053 4320 16
a 7054 2288 64
a 7055 9472 256
a 7056 23168 64
a 7057 49440 16
a 7058 1952 256
a 7059 2464 16
a 7060 32736 64
a 7061 32656 64
a 7062 400 64
a 7063 49440 64
a 7064 480 16
a 7065 64352 256
a 7066 43712 64
a 7067 368 16
a 7068 1840 256
a 7069 44096 256
a 7070 6256 64
a 7071 32752 16
a 7072 22816 64
a 7073 2512 64
a 7074 624 256
a 7075 28992 256
a 7076 1568 64
a 7077 2208 16
a 7078 12096 256
a 7079 400 64
a 7080 28592 64
a 7081 784 16
a 7082 9824 64
a 7083 1792 16
a 7084 1840 16
a 7085 880 256
a 7086 1600 16
a 7087 27696 16
a 7088 64992 64
a 7089 4640 64
a 7090 2832 64
a 7091 61056 16
a 7092 38448 64
a 7093 2000 16
a 7094 29792 16
a 7095 2688 64
a 7096 23824 16
a 7097 512 64
a 7098 37568 16
a 7099 26016 64
a 7100 4080 64
a 7101 53232 256
a 7102 28176 16
a 7103 544 64
a 7104 47456 16
a 7105 368 16
a 7106 31648 256
a 7107 26048 256
a 7108 1104 256
a 7109 15184 16
a 7110 38448 16
a 7111 40640 256
a 7112 1920 256
a 7113 1184 256
a 7114 6576 16
a 7115 47024 64
a 7116 544 64
a 7117 36304 64
a 7118 6848 256
a 7119 11744 64
a 7120 11536 256
a 7121 14432 256
a 7122 9312 64
a 7123 3088 256
a 7124 368 16
a 7125 7552 256
a 7126 2384 64
a 7127 23328 256
a 7128 39024 256
a 7129 784 64
a 7130 2912 16
a 7131 1056 256
a 7132 9744 16
a 7133 1056 16
a 7134 5552 16
a 7135 2816 64
a 7136 7408 256
a 7137 416 64
a 7138 1104 16
a 7139 11424 64
a 7140 5888 64
a 7141 4048 16
a 7142 1936 16
a 7143 1376 16
a 7144 768 16
a 7145 560 16
a 7146 1152 64
a 7147 19840 64
a 7148 40048 64
a 7149 29648 256
a 7150 432 64
a 7151 11056 64
a 7152 9744 256
a 7153 29776 64
a 7154 16656 256
a 7155 4000 64
a 7156 12896 256
a 7157 62080 64
a 7158 512 256
a 7159 12016 16
a 7160 28272 64
a 7161 288 256
a 7162 2816 64
a 7163 528 16
a 7164 6912 16
a 7165 57440 256
a 7166 61808 16
a 7167 8544 256
a 7168 57296 64
a 7169 29264 64
a 7170 26592 256
a 7171 1248 64
a 7172 384 64
a 7173 36272 64
a 7174 12912 16
a 7175 7360 64
a 7176 2048 64
a 7177 53696 16
a 7178 8048 256
a 7179 1312 16
a 7180 432 256
a 7181 1616 64
a 7182 480 256
a 7183 10960 16
a 7184 20496 16
a 7185 368 256
a 7186 400 64
a 7187 4816 16
a 7188 62880 256
a 7189 11232 256
a 7190 1792 16
a 7191 15808 16
a 7192 24912 16
a 7193 29552 256
a 7194 704 16
a 7195 19264 16
a 7196 17872 64
a 7197 6896 256
a 7198 1280 256
a 7199 15824 16
a 7200 3792 16
a 7201 2288 256
a 7202 6912 16
a 7203 896 64
a 7204 10144 16
a 7205 816 256
a 7206 512 16
a 7207 400 256
a 7208 4416 64
a 7209 352 256
a 7210 2752 64
a 7211 44960 64
a 7212 9440 64
a 7213 55200 16
a 7214 3072 256
a 7215 3184 16
a 7216 976 256
a 7217 61760 16
a 7218 4528 64
a 7219 1232 16
a 7220 992 64
a 7221 1744 256
a 7222 14592 16
a 7223 464 256
a 7224 448 64
a 7225 608 16
a 7226 44352 16
a 7227 976 16
a 7228 544 64
a 7229 560 16
a 7230 3040 64
a 7231 2544 64
a 7232 15296 256
a 7233 4144 64
a 7234 496 256
a 7235 976 16
a 7236 2240 64
a 7237 13344 256
a 7238 7824 256
a 7239 1632 16
a 7240 832 16
a 7241 39360 256
a 7242 62800 256
a 7243 15840 64
a 7244 1008 256
a 7245 8176 64
a 7246 38416 16
a 7247 1696 256
a 7248 864 64
a 7249 40688 16
a 7250 2080 16
a 7251 464 64
a 7252 432 64
a 7253 22560 256
a 7254 27712 256
a 7255 20000 64
a 7256 12368 64
a 7257 1040 16
a 7258 672 16
a 7259 23520 64
a 7260 272 64
a 7261 464 16
a 7262 864 64
a 7263 44880 256
a 7264 1152 16
a 7265 1200 16
a 7266 624 64
a 7267 29312 64
a 7268 6880 256
a 7269 720 16
a 7270 2688 64
a 7271 1280 16
a 7272 9360 64
a 7273 7488 256
a 7274 59552 256
a 7275 304 16
a 7276 2096 256
a 7277 14928 256
a 7278 8656 256
a 7279 3760 256
a 7280 57344 64
a 7281 928 256
a 7282 24512 16
a 7283 3120 64
a 7284 40384 256
a 7285 20768 64
a 7286 8768 64
a 7287 5360 256
a 7288 13664 16
a 7289 10256 16
a 7290 4784 64
a 7291 54416 256
a 7292 27168 64
a 7293 37952 64
a 7294 2992 16
a 7295 32432 16
a 7296 864 256
a 7297 2576 256
a 7298 14080 64
a 7299 9600 16
a 7300 736 64
a 7301 13600 256
a 7302 3760 64
a 7303 21824 256
a 7304 864 256
a 7305 2688 256
a 7306 14976 256
a 7307 1968 64
a 7308 9360 16
a 7309 7936 16
a 7310 560 256
a 7311 16032 16
a 7312 5120 256
a 7313 288 256
a 7314 4720 64
a 7315 1968 256
a 7316 2080 64
a 7317 33104 64
a 7318 65296 16
a 7319 4352 16
a 7320 2304 16
a 7321 1280 16
a 7322 14240 256
a 7323 3264 64
a 7324 30048 256
a 7325 44960 64
a 7326 30848 64
a 7327 16496 64
a 7328 1824 64
a 7329 13600 256
a 7330 1008 64
a 7331 32144 16
a 7332 41280 64
a 7333 880 256
a 7334 19632 16
a 7335 480 64
a 7336 3472 16
a 7337 65040 16
a 7338 8032 64
a 7339 432 256
a 7340 24176 16
a 7341 11408 256
a 7342 256 16
a 7343 14432 64
a 7344 320 64
a 7345 656 16
a 7346 2096 256
a 7347 29952 16
a 7348 12896 256
a 7349 1968 64
a 7350 12176 16
a 7351 11168 64
a 7352 38032 64
a 7353 13584 16
a 7354 2544 256
a 7355 2496 256
a 7356 1664 16
a 7357 3664 64
a 7358 7632 256
a 7359 2512 16
a 7360 7904 256
a 7361 51328 256
a 7362 3888 256
a 7363 1600 16
a 7364 25888 256
a 7365 27344 256
a 7366 1968 64
a 7367 352 256
a 7368 1984 256
a 7369 7536 16
a 7370 848 64
a 7371 2032 16
a 7372 63856 64
a 7373 19584 256
a 7374 7344 256
a 7375 720 256
a 7376 57728 64
a 7377 1952 64
a 7378 8528 16
a 7379 2240 64
a 7380 29856 256
a 7381 1312 16
a 7382 3040 256
a 7383 1760 16
a 7384 10432 64
a 7385 320 256
a 7386 43744 256
a 7387 3728 256
a 7388 38944 16
a 7389 1744 256
a 7390 1376 256
a 7391 16272 256
a 7392 6480 16
a 7393 464 256
a 7394 11616 256
a 7395 1504 256
a 7396 1104 256
a 7397 13200 16
a 7398 4928 64
a 7399 17296 64
a 7400 2256 16
a 7401 656 16
a 7402 1968 256
a 7403 384 64
a 7404 43440 256
a 7405 272 256
a 7406 1712 64
a 7407 16784 256
a 7408 13680 256
a 7409 46768 64
a 7410 624 64
a 7411 10896 64
a 7412 8208 256
a 7413 4784 256
a 7414 288 16
a 7415 3856 64
a 7416 1072 256
a 7417 2032 256
a 7418 47440 16
a 7419 1760 16
a 7420 2832 256
a 7421 7808 64
a 7422 496 16
a 7423 12192 16
a 7424 10512 256
a 7425 304 16
a 7426 9744 64
a 7427 2560 256
a 7428 39920 256
a 7429 11200 256
a 7430 3760 64
a 7431 640 16
a 7432 8032 64
a 7433 20368 16
a 7434 13792 64
a 7435 39920 16
a 7436 3488 64
a 7437 464 256
a 7438 2064 64
a 7439 54992 256
a 7440 1328 64
a 7441 15536 256
a 7442 32592 256
a 7443 10912 256
a 7444 2656 16
a 7445 33136 64
a 7446 1024 16
a 7447 14304 256
a 7448 2944 256
a 7449 43168 16
a 7450 15920 64
a 7451 1776 256
a 7452 1248 256
a 7453 1776 16
a 7454 928 16
a 7455 672 64
a 7456 1296 64
a 7457 31728 64
a 7458 47008 16
a 7459 24112 16
a 7460 2560 64
a 7461 3920 256
a 7462 3968 64
a 7463 352 16
a 7464 3632 64
a 7465 5296 64
a 7466 1504 64
a 7467 3744 256
a 7468 4512 64
a 7469 17856 16
a 7470 6384 64
a 7471 4544 64
a 7472 21936 256
a 7473 496 256
a 7474 3696 256
a 7475 9984 64
a 7476 1600 256
a 7477 1856 64
a 7478 17680 256
a 7479 36480 16
a 7480 1264 16
a 7481 784 64
a 7482 17104 256
a 7483 2656 64
a 7484 44576 16
a 7485 288 64
a 7486 15600 64
a 7487 59632 256
a 7488 20944 16
a 7489 29872 64
a 7490 784 64
a 7491 1648 256
a 7492 2384 64
a 7493 400 256
a 7494 15072 16
a 7495 1936 16
a 7496 10272 64
a 7497 4272 16
a 7498 512 16
a 7499 1824 256
a 7500 11568 64
a 7501 25232 64
a 7502 2400 64
a 7503 2640 16
a 7504 1088 16
a 7505 512 16
a 7506 26896 256
a 7507 3664 64
a 7508 14048 256
a 7509 1232 256
a 7510 1216 64
a 7511 50960 64
a 7512 480 256
a 7513 20992 256
a 7514 2000 16
a 7515 1488 16
a 7516 15440 256
a 7517 3264 16
a 7518 59232 16
a 7519 26640 256
a 7520 304 256
a 7521 3776 256
a 7522 928 256
a 7523 368 16
a 7524 560 16
a 7525 57808 64
a 7526 320 256
a 7527 864 256
a 7528 992 16
a 7529 23488 64
a 7530 3072 64
a 7531 2960 16
a 7532 38160 16
a 7533 51424 16
a 7534 4768 16
a 7535 7696 16
a 7536 14288 16
a 7537 1760 256
a 7538 35264 256
a 7539 11392 16
a 7540 992 16
a 7541 544 16
a 7542 34416 64
a 7543 752 16
a 7544 50384 256
a 7545 32064 256
a 7546 352 64
a 7547 37328 16
a 7548 3744 64
a 7549 496 64
a 7550 640 16
a 7551 608 16
a 7552 3504 16
a 7553 784 64
a 7554 704 16
a 7555 30608 16
a 7556 1152 64
a 7557 320 256
a 7558 352 256
a 7559 2080 16
a 7560 752 64
a 7561 10768 16
a 7562 2896 64
a 7563 15424 16
a 7564 11312 64
a 7565 7264 64
a 7566 896 256
a 7567 5392 256
a 7568 63648 64
a 7569 592 256
a 7570 432 16
a 7571 11392 256
a 7572 62912 256
a 7573 1888 16
a 7574 1072 64
a 7575 6656 256
a 7576 25120 16
a 7577 2464 16
a 7578 27120 64
a 7579 656 64
a 7580 28096 64
a 7581 2256 256
a 7582 7216 256
a 7583 896 256
a 7584 400 16
a 7585 288 64
a 7586 58624 256
a 7587 1552 256
a 7588 15696 16
a 7589 52624 64
a 7590 1488 64
a 7591 19760 256
a 7592 14864 64
a 7593 9040 256
a 7594 11376 64
a 7595 7920 16
a 7596 736 64
a 7597 1408 64
a 7598 1456 256
a 7599 38416 256
a 7600 464 16
a 7601 2688 64
a 7602 21616 16
a 7603 2656 256
a 7604 6208 16
a 7605 10592 256
a 7606 42528 256
a 7607 3344 256
a 7608 5408 64
a 7609 4208 64
a 7610 3984 64
a 7611 15776 256
a 7612 21056 256
a 7613 11120 64
a 7614 2544 64
a 7615 11232 256
a 7616 2592 256
a 7617 464 16
a 7618 976 16
a 7619 14960 64
a 7620 13696 64
a 7621 5328 64
a 7622 480 256
a 7623 9968 16
a 7624 13136 16
a 7625 384 256
a 7626 496 256
a 7627 3152 64
a 7628 1136 256
a 7629 3264 256
a 7630 640 64
a 7631 1184 256
a 7632 62144 256
a 7633 9104 16
a 7634 4272 256
a 7635 56784 16
a 7636 528 16
a 7637 3888 64
a 7638 2016 256
a 7639 12080 256
a 7640 33984 16
a 7641 52240 16
a 7642 960 16
a 7643 2720 16
a 7644 6336 256
a 7645 640 256
a 7646 23664 64
a 7647 7904 64
a 7648 18256 256
a 7649 3328 256
a 7650 30832 256
a 7651 56256 256
a 7652 6192 64
a 7653 400 64
a 7654 10816 16
a 7655 27568 16
a 7656 784 256
a 7657 3040 256
a 7658 1456 256
a 7659 288 16
a 7660 448 64
a 7661 39264 256
a 7662 11616 256
a 7663 816 256
a 7664 6336 16
a 7665 10800 64
a 7666 1328 16
a 7667 32400 256
a 7668 3632 64
a 7669 2896 256
a 7670 1456 64
a 7671 8592 64
a 7672 512 256
a 7673 4224 64
a 7674 624 64
a 7675 464 256
a 7676 4192 16
a 7677 3632 16
a 7678 272 256
a 7679 6016 256
a 7680 23488 256
a 7681 10864 256
a 7682 35072 256
a 7683 18624 64
a 7684 5920 16
a 7685 49008 256
a 7686 7344 16
a 7687 1776 16
a 7688 1936 256
a 7689 2080 16
a 7690 3072 256
a 7691 352 16
a 7692 3216 64
a 7693 25792 64
a 7694 2768 256
a 7695 11056 64
a 7696 880 64
a 7697 56912 256
a 7698 14944 16
a 7699 2272 16
a 7700 816 16
a 7701 880 16
a 7702 6704 256
a 7703 8512 256
a 7704 944 256
a 7705 928 16
a 7706 2608 16
a 7707 31936 16
a 7708 7408 16
a 7709 1984 64
a 7710 33200 64
a 7711 12784 256
a 7712 736 64
a 7713 14288 16
a 7714 7664 256
a 7715 5312 256
a 7716 816 16
a 7717 29232 64
a 7718 40880 64
a 7719 36704 256
a 7720 1760 16
a 7721 63952 16
a 7722 848 16
a 7723 19392 16
a 7724 2976 16
a 7725 2192 64
a 7726 2704 256
a 7727 47840 256
a 7728 736 16
a 7729 15008 16
a 7730 8016 64
a 7731 9648 256
a 7732 1312 64
a 7733 3952 256
a 7734 4960 64
a 7735 7632 256
a 7736 33952 64
a 7737 688 16
a 7738 2896 256
a 7739 63168 64
a 7740 10432 16
a 7741 1584 256
a 7742 8832 16
a 7743 2160 256
a 7744 5264 16
a 7745 10240 64
a 7746 24704 64
a 7747 432 256
a 7748 816 16
a 7749 512 256
a 7750 13632 64
a 7751 1744 64
a 7752 15776 64
a 7753 47504 64
a 7754 9136 64
a 7755 8096 64
a 7756 400 16
a 7757 17296 256
a 7758 3792 16
a 7759 1520 16
a 7760 464 64
a 7761 8448 256
a 7762 400 16
a 7763 976 256
a 7764 31648 16
a 7765 31392 16
a 7766 496 64
a 7767 7808 16
a 7768 2208 256
a 7769 336 64
a 7770 688 256
a 7771 304 16
a 7772 7168 256
a 7773 4048 64
a 7774 6496 256
a 7775 496 64
a 7776 880 256
a 7777 10240 16
a 7778 43344 64
a 7779 2784 256
a 7780 8752 256
a 7781 928 64
a 7782 26736 64
a 7783 4672 64
a 7784 10304 64
a 7785 432 64
a 7786 2368 64
a 7787 21632 64
a 7788 864 64
a 7789 8208 16
a 7790 3296 64
a 7791 9296 256
a 7792 29184 16
a 7793 8112 64
a 7794 42960 64
a 7795 27280 256
a 7796 2400 256
a 7797 8064 16
a 7798 3120 256
a 7799 31616 16
a 7800 3664 16
a 7801 2016 64
a 7802 432 256
a 7803 1648 64
a 7804 57952 16
a 7805 10320 256
a 7806 46144 16
a 7807 1344 16
a 7808 48048 16
a 7809 768 64
a 7810 1792 64
a 7811 3152 64
a 7812 656 64
a 7813 592 64
a 7814 56960 64
a 7815 4064 64
a 7816 1856 256
a 7817 4480 64
a 7818 1504 256
a 7819 58336 64
a 7820 3360 16
a 7821 2336 256
a 7822 25520 64
a 7823 64608 16
a 7824 22416 64
a 7825 3296 64
a 7826 9600 64
a 7827 3104 16
a 7828 368 64
a 7829 1712 16
a 7830 7504 64
a 7831 8224 64
a 7832 5392 64
a 7833 3968 16
a 7834 304 256
a 7835 20432 64
a 7836 18656 64
a 7837 464 256
a 7838 11040 256
a 7839 3312 16
a 7840 4800 64
a 7841 2240 256
a 7842 6192 16
a 7843 1104 16
a 7844 3312 64
a 7845 352 16
a 7846 7120 256
a 7847 35648 64
a 7848 624 64
a 7849 4352 256
a 7850 13456 256
a 7851 14832 16
a 7852 672 64
a 7853 480 64
a 7854 6400 64
a 7855 1136 256
a 7856 12736 64
a 7857 1568 64
a 7858 2240 256
a 7859 49008 16
a 7860 19312 256
a 7861 1856 16
a 7862 17152 16
a 7863 7424 256
a 7864 960 16
a 7865 27104 16
a 7866 4240 256
a 7867 3616 16
a 7868 736 16
a 7869 3664 256
a 7870 880 16
a 7871 4560 64
a 7872 352 256
a 7873 7840 64
a 7874 3072 64
a 7875 15808 64
a 7876 720 256
a 7877 5280 16
a 7878 3168 16
a 7879 23792 16
a 7880 42448 256
a 7881 9248 256
a 7882 6816 256
a 7883 512 256
a 7884 6544 256
a 7885 2464 256
a 7886 752 256
a 7887 42880 64
a 7888 864 256
a 7889 25040 16
a 7890 2112 256
a 7891 1056 64
a 7892 34704 16
a 7893 29424 256
a 7894 53424 256
a 7895 688 256
a 7896 5216 64
a 7897 2864 256
a 7898 50768 16
a 7899 1648 64
a 7900 272 16
a 7901 576 16
a 7902 1888 16
a 7903 1664 16
a 7904 720 64
a 7905 14880 16
a 7906 1840 64
a 7907 32928 16
a 7908 416 16
a 7909 720 64
a 7910 13264 16
a 7911 544 256
a 7912 6848 256
a 7913 11552 16
a 7914 672 256
a 7915 3088 256
a 7916 2192 64
a 7917 768 16
a 7918 416 256
a 7919 1904 256
a 7920 528 16
a 7921 17360 64
a 7922 9280 256
a 7923 17456 16
a 7924 416 256
a 7925 10528 64
a 7926 4576 64
a 7927 3440 64
a 7928 384 16
a 7929 23808 64
a 7930 58848 64
a 7931 21264 64
a 7932 1376 16
a 7933 21216 64
a 7934 1008 16
a 7935 7616 16
a 7936 912 16
a 7937 1168 256
a 7938 960 64
a 7939 4272 256
a 7940 448 16
a 7941 544 256
a 7942 29584 256
a 7943 4016 256
a 7944 30864 16
a 7945 28416 64
a 7946 512 64
a 7947 27568 256
a 7948 48848 16
a 7949 27472 16
a 7950 832 256
a 7951 61824 256
a 7952 6336 16
a 7953 4512 64
a 7954 2784 16
a 7955 656 256
a 7956 12512 256
a 7957 33456 64
a 7958 384 16
a 7959 512 64
a 7960 592 16
a 7961 6560 64
a 7962 8816 256
a 7963 10096 64
a 7964 528 64
a 7965 11488 64
a 7966 6752 256
a 7967 19744 16
a 7968 5488 16
a 7969 1088 256
a 7970 1488 16
a 7971 416 64
a 7972 8272 256
a 7973 976 256
a 7974 23504 64
a 7975 1040 256
a 7976 3744 64
a 7977 22640 64
a 7978 4640 256
a 7979 1920 256
a 7980 4032 16
a 7981 13360 64
a 7982 1120 16
a 7983 448 64
a 7984 1696 16
a 7985 3648 256
a 7986 384 256
a 7987 880 16
a 7988 4880 64
a 7989 3424 256
a 7990 640 16
a 7991 18624 16
a 7992 22496 256
a 7993 448 64
a 7994 9104 64
a 7995 816 64
a 7996 50464 16
a 7997 3808 256
a 7998 14256 16
a 7999 3552 256
a 8000 2000 64
a 8001 21760 16
a 8002 53472 64
a 8003 2400 256
a 8004 640 64
a 8005 15424 64
a 8006 704 64
a 8007 32768 64
a 8008 1296 64
a 8009 22192 64
a 8010 3888 16
a 8011 2288 16
a 8012 1296 64
a 8013 26704 16
a 8014 2784 64
a 8015 32768 64
a 8016 624 16
a 8017 28032 256
a 8018 1856 256
a 8019 14928 256
a 8020 3488 64
a 8021 27392 64
a 8022 10032 64
a 8023 3648 64
a 8024 5264 16
a 8025 3600 256
a 8026 896 16
a 8027 56672 16
a 8028 55184 256
a 8029 1552 64
a 8030 17776 64
a 8031 480 64
a 8032 880 256
a 8033 416 64
a 8034 2400 256
a 8035 4192 64
a 8036 576 16
a 8037 12800 64
a 8038 4912 16
a 8039 704 64
a 8040 6576 16
a 8041 35584 16
a 8042 848 256
a 8043 512 16
a 8044 2208 256
a 8045 432 16
a 8046 496 64
a 8047 29120 16
a 8048 368 16
a 8049 58944 256
a 8050 9440 256
a 8051 320 64
a 8052 464 256
a 8053 16640 256
a 8054 1920 16
a 8055 15360 256
a 8056 1248 256
a 8057 848 256
a 8058 512 64
a 8059 21648 256
a 8060 29616 256
a 8061 304 64
a 8062 12176 16
a 8063 44880 64
a 8064 55440 16
a 8065 656 256
a 8066 432 64
a 8067 19312 64
a 8068 9568 256
a 8069 1760 64
a 8070 416 256
a 8071 36432 256
a 8072 10256 64
a 8073 448 64
a 8074 368 16
a 8075 288 64
a 8076 1904 256
a 8077 27184 64
a 8078 400 256
a 8079 54576 256
a 8080 7616 256
a 8081 1792 64
a 8082 1408 256
a 8083 2064 64
a 8084 864 64
a 8085 36864 64
a 8086 800 256
a 8087 1568 16
a 8088 10064 256
a 8089 6480 256
a 8090 1616 16
a 8091 3744 256
a 8092 832 16
a 8093 336 256
a 8094 304 64
a 8095 416 64
a 8096 23872 16
a 8097 15568 256
a 8098 65536 256
a 8099 4112 256
a 8100 1792 16
a 8101 2016 64
a 8102 5248 64
a 8103 7120 256
a 8104 21392 256
a 8105 992 64
a 8106 40320 64
a 8107 13712 16
a 8108 384 64
a 8109 3696 16
a 8110 12208 64
a 8111 5424 256
a 8112 912 16
a 8113 2176 64
a 8114 912 16
a 8115 480 256
a 8116 7792 256
a 8117 28592 256
a 8118 26464 256
a 8119 688 256
a 8120 832 64
a 8121 2048 64
a 8122 5536 256
a 8123 400 16
a 8124 272 16
a 8125 368 64
a 8126 31008 256
a 8127 1968 256
a 8128 928 64
a 8129 3616 64
a 8130 55376 64
a 8131 7120 256
a 8132 640 256
a 8133 1360 256
a 8134 15056 16
a 8135 52576 64
a 8136 2992 256
a 8137 5936 16
a 8138 59744 16
a 8139 4064 64
a 8140 6672 256
a 8141 1536 16
a 8142 416 16
a 8143 2880 64
a 8144 1648 16
a 8145 32976 16
a 8146 2544 16
a 8147 9520 16
a 8148 480 256
a 8149 32064 64
a 8150 8144 64
a 8151 8032 256
a 8152 480 64
a 8153 1120 64
a 8154 2544 64
a 8155 3776 64
a 8156 14384 256
a 8157 6624 64
a 8158 3312 256
a 8159 57056 256
a 8160 5456 256
a 8161 3600 16
a 8162 6720 64
a 8163 480 64
a 8164 42928 64
a 8165 48448 256
a 8166 304 256
a 8167 61456 16
a 8168 7664 64
a 8169 6832 256
a 8170 8352 64
a 8171 736 64
a 8172 31408 256
a 8173 464 16
a 8174 320 16
a 8175 35920 64
a 8176 640 64
a 8177 5360 64
a 8178 34560 64
a 8179 3680 256
a 8180 400 256
a 8181 800 16
a 8182 22736 16
a 8183 2032 256
a 8184 13664 64
a 8185 384 256
a 8186 1744 16
a 8187 3952 16
a 8188 3696 256
a 8189 1024 16
a 8190 2432 256
a 8191 4848 16
a 8192 14096 64
a 8193 20864 64
a 8194 58864 256
a 8195 304 16
a 8196 432 16
a 8197 18240 256
a 8198 9088 16
a 8199 6304 256
a 8200 61584 64
a 8201 384 16
a 8202 64704 256
a 8203 320 16
a 8204 22928 64
a 8205 832 64
a 8206 10704 64
a 8207 480 64
a 8208 464 16
a 8209 19568 64
a 8210 784 64
a 8211 13072 64
a 8212 752 256
a 8213 10304 256
a 8214 53344 16
a 8215 768 16
a 8216 6416 16
a 8217 5456 256
a 8218 12336 64
a 8219 26064 64
a 8220 688 256
a 8221 3440 256
a 8222 720 16
a 8223 368 16
a 8224 4336 256
a 8225 3936 64
a 8226 53664 64
a 8227 17424 64
a 8228 1120 16
a 8229 19136 64
a 8230 33920 64
a 8231 1504 16
a 8232 23472 64
a 8233 29424 16
a 8234 6176 256
a 8235 1280 16
a 8236 1344 64
a 8237 1408 16
a 8238 6256 16
a 8239 1072 64
a 8240 992 64
a 8241 31424 256
a 8242 5840 256
a 8243 352 64
a 8244 8736 64
a 8245 432 16
a 8246 5840 16
a 8247 1616 64
a 8248 13808 64
a 8249 14752 16
a 8250 464 64
a 8251 45232 64
a 8252 688 64
a 8253 1360 256
a 8254 38256 64
a 8255 288 16
a 8256 12160 256
a 8257 47120 64
a 8258 3728 16
a 8259 57264 256
a 8260 320 64
a 8261 1696 64
a 8262 2528 16
a 8263 42064 256
a 8264 29776 16
a 8265 22368 16
a 8266 304 16
a 8267 544 16
a 8268 6960 256
a 8269 15040 256
a 8270 4720 256
a 8271 768 16
a 8272 560 16
a 8273 1024 256
a 8274 720 16
a 8275 13872 16
a 8276 2624 64
a 8277 12608 256
a 8278 18992 64
a 8279 464 256
a 8280 18016 256
a 8281 10912 16
a 8282 272 64
a 8283 3856 16
a 8284 688 16
a 8285 51744 16
a 8286 10448 256
a 8287 6784 256
a 8288 1584 256
a 8289 7200 64
a 8290 4000 16
a 8291 7136 64
a 8292 928 256
a 8293 28176 64
a 8294 912 256
a 8295 8624 64
a 8296 39728 16
a 8297 58864 256
a 8298 784 256
a 8299 304 16
a 8300 1680 256
a 8301 14224 64
a 8302 13712 16
a 8303 608 16
a 8304 1888 16
a 8305 1632 64
a 8306 3792 64
a 8307 464 256
a 8308 32720 256
a 8309 2496 64
a 8310 1472 16
a 8311 34880 256
a 8312 25504 64
a 8313 1264 256
a 8314 1840 16
a 8315 1216 256
a 8316 62592 256
a 8317 3136 64
a 8318 304 256
a 8319 1664 256
a 8320 1520 256
a 8321 22800 64
a 8322 432 16
a 8323 576 64
a 8324 13040 256
a 8325 3248 64
a 8326 256 256
a 8327 416 16
a 8328 49936 64
a 8329 45792 256
a 8330 15088 256
a 8331 368 256
a 8332 432 256
a 8333 9360 256
a 8334 13760 256
a 8335 416 16
a 8336 2112 64
a 8337 1184 64
a 8338 15232 64
a 8339 13312 256
a 8340 12368 64
a 8341 4176 16
a 8342 10352 16
a 8343 14048 64
a 8344 4096 64
a 8345 1216 64
a 8346 13680 16
a 8347 9904 256
a 8348 736 16
a 8349 496 64
a 8350 800 256
a 8351 28912 16
a 8352 2752 16
a 8353 1712 16
a 8354 2880 64
a 8355 1088 16
a 8356 1248 256
a 8357 30528 16
a 8358 400 256
a 8359 768 64
a 8360 13808 16
a 8361 25296 256
a 8362 3536 16
a 8363 6624 16
a 8364 60336 16
a 8365 416 64
a 8366 13632 256
a 8367 1808 64
a 8368 30880 256
a 8369 2944 16
a 8370 512 16
a 8371 61840 64
a 8372 11200 256
a 8373 32064 64
a 8374 368 256
a 8375 7856 16
a 8376 17056 256
a 8377 544 64
a 8378 40048 64
a 8379 36192 256
a 8380 5680 16
a 8381 5184 64
a 8382 27568 256
a 8383 2096 64
a 8384 15712 16
a 8385 704 64
a 8386 24144 64
a 8387 58736 16
a 8388 10960 64
a 8389 1616 64
a 8390 47216 16
a 8391 704 256
a 8392 29376 16
a 8393 19776 256
a 8394 400 64
a 8395 1936 64
a 8396 7088 16
a 8397 59168 64
a 8398 36752 256
a 8399 5568 256
a 8400 60768 256
a 8401 1520 256
a 8402 416 16
a 8403 15056 64
a 8404 6544 64
a 8405 384 16
a 8406 20864 16
a 8407 54720 256
a 8408 10000 64
a 8409 11952 16
a 8410 4384 64
a 8411 448 64
a 8412 9456 16
a 8413 7696 256
a 8414 5488 256
a 8415 15632 256
a 8416 6512 256
a 8417 34704 64
a 8418 17824 64
a 8419 12576 16
a 8420 4416 16
a 8421 1776 256
a 8422 31824 16
a 8423 800 256
a 8424 16240 256
a 8425 304 64
a 8426 12672 256
a 8427 13520 256
a 8428 4448 64
a 8429 704 256
a 8430 528 256
a 8431 1744 64
a 8432 608 64
a 8433 27792 64
a 8434 944 16
a 8435 1568 256
a 8436 12928 16
a 8437 624 256
a 8438 14400 64
a 8439 640 256
a 8440 9232 256
a 8441 2352 64
a 8442 512 256
a 8443 27808 64
a 8444 7888 256
a 8445 544 64
a 8446 3392 256
a 8447 5216 64
a 8448 39632 64
a 8449 37968 16
a 8450 3472 256
a 8451 43920 256
a 8452 384 64
a 8453 27664 256
a 8454 28240 64
a 8455 65536 16
a 8456 49488 64
a 8457 59744 64
a 8458 4368 16
a 8459 2656 256
a 8460 18336 256
a 8461 1392 64
a 8462 2272 16
a 8463 10624 16
a 8464 58768 64
a 8465 688 256
a 8466 35536 64
a 8467 25824 64
a 8468 2128 16
a 8469 1296 64
a 8470 4592 16
a 8471 496 256
a 8472 58208 64
a 8473 816 16
a 8474 5520 256
a 8475 10320 256
a 8476 720 64
a 8477 13632 16
a 8478 35296 256
a 8479 7344 16
a 8480 63520 256
a 8481 3424 64
a 8482 43792 256
a 8483 4192 16
a 8484 43040 64
a 8485 320 16
a 8486 3120 256
a 8487 14432 16
a 8488 49776 16
a 8489 736 256
a 8490 4192 256
a 8491 8096 256
a 8492 1664 16
a 8493 336 64
a 8494 832 64
a 8495 2048 256
a 8496 2528 64
a 8497 40112 256
a 8498 304 16
a 8499 12784 64
a 8500 24752 64
a 8501 24208 256
a 8502 1424 16
a 8503 800 64
a 8504 15424 16
a 8505 6240 16
a 8506 11744 16
a 8507 6992 256
a 8508 20448 64
a 8509 44704 16
a 8510 1232 256
a 8511 32272 64
a 8512 2496 256
a 8513 832 64
a 8514 4064 256
a 8515 3456 256
a 8516 27392 16
a 8517 16640 16
a 8518 17712 64
a 8519 10608 16
a 8520 832 256
a 8521 32096 16
a 8522 31456 16
a 8523 448 64
a 8524 15808 256
a 8525 17056 64
a 8526 9312 256
a 8527 272 64
a 8528 13568 64
a 8529 448 16
a 8530 13584 256
a 8531 1264 16
a 8532 6592 16
a 8533 44464 64
a 8534 3888 16
a 8535 320 256
a 8536 58928 64
a 8537 11616 16
a 8538 704 16
a 8539 22320 256
a 8540 52512 64
a 8541 4912 16
a 8542 11056 64
a 8543 480 64
a 8544 13504 64
a 8545 448 64
a 8546 1744 16
a 8547 4912 256
a 8548 3792 16
a 8549 1952 64
a 8550 62320 16
a 8551 1360 16
a 8552 384 16
a 8553 30480 256
a 8554 480 64
a 8555 17536 16
a 8556 18464 64
a 8557 47712 16
a 8558 63776 64
a 8559 448 64
a 8560 7872 64
a 8561 7680 16
a 8562 12880 256
a 8563 15504 64
a 8564 736 16
a 8565 368 256
a 8566 7728 256
a 8567 25296 256
a 8568 688 16
a 8569 896 16
a 8570 50224 256
a 8571 672 256
a 8572 2160 64
a 8573 57744 16
a 8574 63952 16
a 8575 41808 16
a 8576 63520 64
a 8577 320 256
a 8578 352 64
a 8579 4512 64
a 8580 656 256
a 8581 1824 256
a 8582 3872 256
a 8583 5952 16
a 8584 6384 16
a 8585 480 256
a 8586 7216 64
a 8587 304 256
a 8588 2320 256
a 8589 1552 16
a 8590 3216 256
a 8591 7984 256
a 8592 2368 16
a 8593 11696 16
a 8594 32096 64
a 8595 12512 256
a 8596 4080 64
a 8597 736 256
a 8598 46576 16
a 8599 6528 256
a 8600 21888 64
a 8601 1552 16
a 8602 3488 256
a 8603 1008 16
a 8604 400 64
a 8605 416 16
a 8606 7488 256
a 8607 1984 256
a 8608 512 16
a 8609 5056 64
a 8610 10128 64
a 8611 1024 256
a 8612 272 256
a 8613 55808 256
a 8614 848 256
a 8615 1632 16
a 8616 288 256
a 8617 7376 64
a 8618 336 64
a 8619 29536 16
a 8620 800 64
a 8621 7744 64
a 8622 1760 64
a 8623 60704 64
a 8624 7040 16
a 8625 22720 64
a 8626 50432 256
a 8627 12144 64
a 8628 10016 256
a 8629 47984 64
a 8630 816 64
a 8631 12640 64
a 8632 1472 64
a 8633 560 64
a 8634 15232 64
a 8635 448 256
a 8636 416 256
a 8637 3424 16
a 8638 1792 64
a 8639 8000 16
a 8640 480 16
a 8641 1536 64
a 8642 448 256
a 8643 28672 16
a 8644 384 256
a 8645 688 16
a 8646 16832 16
a 8647 3408 16
a 8648 52080 64
a 8649 480 16
a 8650 18048 64
a 8651 1808 16
a 8652 5520 16
a 8653 13360 256
a 8654 12864 64
a 8655 688 64
a 8656 3024 64
a 8657 44016 256
a 8658 40976 256
a 8659 4304 64
a 8660 1840 64
a 8661 6224 64
a 8662 1504 256
a 8663 1744 64
a 8664 48320 16
a 8665 29696 64
a 8666 61920 256
a 8667 11984 64
a 8668 47760 64
a 8669 1888 256
a 8670 3488 256
a 8671 6080 64
a 8672 2640 16
a 8673 5088 256
a 8674 9888 16
a 8675 4528 16
a 8676 27264 64
a 8677 336 256
a 8678 352 256
a 8679 6464 256
a 8680 2256 256
a 8681 21104 64
a 8682 288 256
a 8683 4176 256
a 8684 4944 256
a 8685 960 256
a 8686 29696 16
a 8687 31584 256
a 8688 896 256
a 8689 8384 256
a 8690 672 64
a 8691 512 256
a 8692 1696 16
a 8693 496 16
a 8694 53760 256
a 8695 7632 64
a 8696 24688 64
a 8697 36768 64
a 8698 448 64
a 8699 352 256
a 8700 20048 256
a 8701 19840 256
a 8702 6800 16
a 8703 4064 64
a 8704 1376 64
a 8705 1472 16
a 8706 1552 16
a 8707 50592 16
a 8708 6832 64
a 8709 54304 64
a 8710 2592 64
a 8711 7536 16
a 8712 416 16
a 8713 2832 16
a 8714 1344 16
a 8715 1248 16
a 8716 18944 256
a 8717 35808 64
a 8718 288 16
a 8719 10608 64
a 8720 496 64
a 8721 560 16
a 8722 11536 64
a 8723 24096 64
a 8724 22368 16
a 8725 20800 64
a 8726 7840 256
a 8727 5760 64
a 8728 4608 256
a 8729 4880 16
a 8730 22672 256
a 8731 5328 16
a 8732 1296 16
a 8733 976 256
a 8734 5024 256
a 8735 6752 64
a 8736 3088 256
a 8737 832 16
a 8738 55008 64
a 8739 11824 16
a 8740 496 16
a 8741 1088 16
a 8742 39808 64
a 8743 1712 256
a 8744 3376 64
a 8745 3568 64
a 8746 3808 256
a 8747 1072 256
a 8748 53792 256
a 8749 41056 256
a 8750 3328 256
a 8751 7776 16
a 8752 352 64
a 8753 55536 16
a 8754 384 256
a 8755 912 64
a 8756 7936 256
a 8757 41440 256
a 8758 25408 256
a 8759 42720 64
a 8760 52944 256
a 8761 416 16
a 8762 512 256
a 8763 57872 256
a 8764 624 256
a 8765 816 256
a 8766 48976 16
a 8767 688 256
a 8768 336 64
a 8769 464 256
a 8770 52048 16
a 8771 416 16
a 8772 11360 16
a 8773 2032 256
a 8774 3760 16
a 8775 2000 16
a 8776 2656 16
a 8777 7072 16
a 8778 720 64
a 8779 7856 16
a 8780 1120 256
a 8781 656 256
a 8782 2912 256
a 8783 20720 64
a 8784 20880 64
a 8785 14928 64
a 8786 400 16
a 8787 38368 256
a 8788 13152 16
a 8789 1440 16
a 8790 8096 64
a 8791 1520 256
a 8792 944 256
a 8793 400 64
a 8794 2160 256
a 8795 656 16
a 8796 4976 16
a 8797 7040 256
a 8798 27472 64
a 8799 2944 16
a 8800 576 256
a 8801 4080 16
a 8802 1856 16
a 8803 928 64
a 8804 63904 256
a 8805 5552 256
a 8806 1136 16
a 8807 1328 64
a 8808 576 64
a 8809 46144 16
a 8810 41488 64
a 8811 15616 256
a 8812 18304 64
a 8813 60928 16
a 8814 14896 16
a 8815 6832 64
a 8816 2048 256
a 8817 6416 16
a 8818 41024 256
a 8819 320 64
a 8820 320 16
a 8821 50432 256
a 8822 496 256
a 8823 1936 16
a 8824 28064 64
a 8825 43184 64
a 8826 848 16
a 8827 25296 256
a 8828 41088 64
a 8829 10368 16
a 8830 4608 256
a 8831 2592 16
a 8832 33392 16
a 8833 400 256
a 8834 1120 16
a 8835 4080 16
a 8836 3392 64
a 8837 3664 16
a 8838 1056 256
a 8839 38224 16
a 8840 3488 64
a 8841 7840 64
a 8842 288 16
a 8843 7712 16
a 8844 1024 64
a 8845 8176 16
a 8846 40064 64
a 8847 27584 16
a 8848 54752 256
a 8849 3632 256
a 8850 20144 64
a 8851 352 16
a 8852 49664 256
a 8853 1664 256
a 8854 9232 16
a 8855 752 256
a 8856 26240 16
a 8857 7200 256
a 8858 2128 64
a 8859 7472 64
a 8860 496 64
a 8861 26784 64
a 8862 26992 256
a 8863 816 256
a 8864 656 16
a 8865 992 256
a 8866 6992 64
a 8867 5152 256
a 8868 1008 64
a 8869 6304 256
a 8870 10768 256
a 8871 35296 64
a 8872 1952 64
a 8873 8048 256
a 8874 7280 256
a 8875 832 64
a 8876 2688 64
a 8877 4992 64
a 8878 6032 16
a 8879 20096 16
a 8880 22864 256
a 8881 2848 64
a 8882 5248 256
a 8883 2224 256
a 8884 16080 64
a 8885 15664 64
a 8886 1856 64
a 8887 16384 256
a 8888 15568 64
a 8889 6512 64
a 8890 58272 256
a 8891 1312 256
a 8892 36736 16
a 8893 11936 64
a 8894 912 64
a 8895 15888 64
a 8896 1920 16
a 8897 592 64
a 8898 9328 256
a 8899 512 16
a 8900 928 16
a 8901 7872 256
a 8902 2048 16
a 8903 23360 256
a 8904 43616 16
a 8905 27680 256
a 8906 28864 64
a 8907 52736 16
a 8908 33184 16
a 8909 6096 16
a 8910 1072 16
a 8911 17472 256
a 8912 8928 64
a 8913 1296 16
a 8914 352 64
a 8915 2016 16
a 8916 45296 256
a 8917 576 64
a 8918 8912 16
a 8919 13776 16
a 8920 1024 16
a 8921 704 16
a 8922 8288 16
a 8923 2896 64
a 8924 928 64
a 8925 352 16
a 8926 688 16
a 8927 416 16
a 8928 15952 64
a 8929 27168 256
a 8930 2944 16
a 8931 18512 64
a 8932 544 256
a 8933 896 16
a 8934 28528 256
a 8935 14160 64
a 8936 41648 64
a 8937 3584 256
a 8938 480 256
a 8939 7568 64
a 8940 5248 256
a 8941 13616 16
a 8942 30176 256
a 8943 3168 64
a 8944 1680 64
a 8945 480 64
a 8946 800 16
a 8947 768 256
a 8948 304 256
a 8949 1888 64
a 8950 944 64
a 8951 800 256
a 8952 22480 256
a 8953 6832 256
a 8954 59744 16
a 8955 896 16
a 8956 15296 16
a 8957 2400 256
a 8958 8256 16
a 8959 3424 16
a 8960 1600 64
a 8961 9424 64
a 8962 304 64
a 8963 48544 16
a 8964 61360 16
a 8965 12032 64
a 8966 352 64
a 8967 50832 256
a 8968 13136 256
a 8969 4048 16
a 8970 3936 16
a 8971 3840 256
a 8972 1792 64
a 8973 53408 64
a 8974 15328 64
a 8975 57744 256
a 8976 448 64
a 8977 720 256
a 8978 7664 16
a 8979 8816 256
a 8980 576 256
a 8981 26000 256
a 8982 400 256
a 8983 1952 64
a 8984 63824 64
a 8985 2160 64
a 8986 32000 16
a 8987 1968 16
a 8988 1104 64
a 8989 1616 256
a 8990 13088 64
a 8991 416 16
a 8992 912 16
a 8993 1632 64
a 8994 1440 256
a 8995 896 64
a 8996 7072 64
a 8997 1104 16
a 8998 4432 64
a 8999 8128 16
a 9000 352 256
a 9001 54432 64
a 9002 65120 256
a 9003 272 64
a 9004 1440 16
a 9005 48016 16
a 9006 61712 64
a 9007 528 16
a 9008 23712 256
a 9009 16304 16
a 9010 60096 256
a 9011 656 16
a 9012 1136 16
a 9013 1568 256
a 9014 384 256
a 9015 944 256
a 9016 24256 16
a 9017 10304 64
a 9018 12160 64
a 9019 1424 16
a 9020 38544 256
a 9021 1744 16
a 9022 304 16
a 9023 63408 16
a 9024 25456 16
a 9025 13200 64
a 9026 3696 64
a 9027 352 16
a 9028 18848 16
a 9029 61520 64
a 9030 6560 64
a 9031 32592 256
a 9032 720 256
a 9033 640 256
a 9034 2928 16
a 9035 960 16
a 9036 704 16
a 9037 848 256
a 9038 1376 64
a 9039 1952 64
a 9040 1216 64
a 9041 6208 256
a 9042 57376 256
a 9043 15904 16
a 9044 1488 256
a 9045 5952 256
a 9046 416 16
a 9047 30512 256
a 9048 3424 256
a 9049 1232 64
a 9050 45344 64
a 9051 432 16
a 9052 13824 16
a 9053 8416 16
a 9054 3056 64
a 9055 896 256
a 9056 1744 64
a 9057 15600 16
a 9058 1792 16
a 9059 608 64
a 9060 384 64
a 9061 2560 64
a 9062 4624 16
a 9063 384 16
a 9064 48288 256
a 9065 13312 64
a 9066 608 16
a 9067 15376 256
a 9068 3264 16
a 9069 51824 256
a 9070 10576 256
a 9071 8112 64
a 9072 1568 256
a 9073 2160 64
a 9074 30368 64
a 9075 12528 64
a 9076 2128 16
a 9077 4688 256
a 9078 2048 64
a 9079 752 16
a 9080 19568 256
a 9081 16144 64
a 9082 7280 256
a 9083 6736 64
a 9084 23040 16
a 9085 2032 256
a 9086 4000 256
a 9087 24720 64
a 9088 14368 256
a 9089 3856 16
a 9090 53312 16
a 9091 1488 16
a 9092 2160 64
a 9093 3680 256
a 9094 6112 16
a 9095 624 16
a 9096 3584 16
a 9097 13024 16
a 9098 10704 64
a 9099 1888 64
a 9100 18272 64
a 9101 53056 256
a 9102 1760 16
a 9103 304 16
a 9104 368 256
a 9105 30912 256
a 9106 2544 64
a 9107 7504 256
a 9108 1424 256
a 9109 768 16
a 9110 32208 64
a 9111 912 16
a 9112 1584 16
a 9113 464 256
a 9114 16352 256
a 9115 352 256
a 9116 480 256
a 9117 41088 64
a 9118 48976 64
a 9119 7168 64
a 9120 12528 16
a 9121 32672 64
a 9122 24544 16
a 9123 39696 256
a 9124 992 64
a 9125 320 16
a 9126 448 256
a 9127 15312 64
a 9128 28800 256
a 9129 336 64
a 9130 25760 256
a 9131 4416 256
a 9132 13456 256
a 9133 3904 256
a 9134 3840 64
a 9135 384 16
a 9136 48032 256
a 9137 3008 16
a 9138 7568 256
a 9139 432 256
a 9140 12256 256
a 9141 5840 256
a 9142 14352 256
a 9143 400 64
a 9144 10624 64
a 9145 1744 16
a 9146 1984 64
a 9147 1680 16
a 9148 25744 256
a 9149 2336 64
a 9150 336 256
a 9151 608 16
a 9152 14784 256
a 9153 31616 256
a 9154 41280 64
a 9155 1072 64
a 9156 368 16
a 9157 37408 64
a 9158 448 64
a 9159 7888 64
a 9160 3488 16
a 9161 1472 64
a 9162 1248 16
a 9163 880 256
a 9164 1024 256
a 9165 19248 256
a 9166 976 256
a 9167 8688 256
a 9168 14256 16
a 9169 1008 256
a 9170 34272 256
a 9171 31920 256
a 9172 656 16
a 9173 7792 16
a 9174 944 256
a 9175 58048 256
a 9176 16240 256
a 9177 7264 64
a 9178 4288 64
a 9179 10016 64
a 9180 11648 64
a 9181 1376 64
a 9182 1344 16
a 9183 1312 16
a 9184 4256 64
a 9185 1424 64
a 9186 27312 64
a 9187 13600 256
a 9188 20480 64
a 9189 9984 16
a 9190 544 64
a 9191 448 256
a 9192 1824 256
a 9193 6016 64
a 9194 5408 256
a 9195 24512 256
a 9196 7952 256
a 9197 38224 16
a 9198 34400 16
a 9199 400 64
a 9200 1024 64
a 9201 1776 256
a 9202 6608 256
a 9203 49824 256
a 9204 16208 256
a 9205 63776 256
a 9206 7472 16
a 9207 1680 256
a 9208 336 64
a 9209 6656 64
a 9210 416 16
a 9211 18960 64
a 9212 9968 256
a 9213 19168 64
a 9214 15136 16
a 9215 29088 16
a 9216 35808 64
a 9217 12816 16
a 9218 32256 64
a 9219 416 64
a 9220 2016 64
a 9221 272 256
a 9222 272 16
a 9223 14640 16
a 9224 63056 16
a 9225 464 64
a 9226 46384 64
a 9227 912 256
a 9228 3840 64
a 9229 7248 256
a 9230 3072 64
a 9231 1440 16
a 9232 29168 16
a 9233 272 256
a 9234 2208 64
a 9235 272 64
a 9236 3152 256
a 9237 480 256
a 9238 5568 16
a 9239 28000 256
a 9240 832 256
a 9241 36512 16
a 9242 736 16
a 9243 44192 16
a 9244 17296 256
a 9245 33168 16
a 9246 26448 16
a 9247 7072 64
a 9248 1168 64
a 9249 54128 64
a 9250 6000 256
a 9251 13216 256
a 9252 1632 16
a 9253 400 64
a 9254 9104 16
a 9255 10576 64
a 9256 1520 256
a 9257 1552 16
a 9258 35728 64
a 9259 28208 16
a 9260 13232 64
a 9261 16080 16
a 9262 2240 16
a 9263 1904 64
a 9264 560 16
a 9265 38256 16
a 9266 1312 256
a 9267 2464 64
a 9268 26864 16
a 9269 5248 16
a 9270 15792 16
a 9271 448 256
a 9272 56368 16
a 9273 5984 256
a 9274 32464 256
a 9275 5552 256
a 9276 10016 64
a 9277 1072 256
a 9278 1408 16
a 9279 2160 64
a 9280 23984 256
a 9281 24080 256
a 9282 1680 16
a 9283 38256 256
a 9284 2256 64
a 9285 288 16
a 9286 592 64
a 9287 464 256
a 9288 56048 64
a 9289 17696 16
a 9290 672 16
a 9291 16016 16
a 9292 352 64
a 9293 35568 16
a 9294 800 256
a 9295 13264 64
a 9296 1696 64
a 9297 25584 64
a 9298 304 16
a 9299 4512 16
a 9300 3744 256
a 9301 416 64
a 9302 4960 256
a 9303 2368 16
a 9304 6624 256
a 9305 38160 64
a 9306 576 256
a 9307 1056 16
a 9308 7136 64
a 9309 40176 16
a 9310 4864 256
a 9311 49712 64
a 9312 31056 64
a 9313 5552 256
a 9314 38576 256
a 9315 4304 64
a 9316 9264 64
a 9317 464 64
a 9318 11952 64
a 9319 47136 256
a 9320 624 64
a 9321 11200 16
a 9322 3040 64
a 9323 42080 256
a 9324 18768 16
a 9325 9584 256
a 9326 336 256
a 9327 928 16
a 9328 5184 64
a 9329 384 64
a 9330 62496 256
a 9331 352 256
a 9332 1888 64
a 9333 22720 256
a 9334 976 16
a 9335 1696 64
a 9336 976 256
a 9337 720 64
a 9338 14544 16
a 9339 384 256
a 9340 336 16
a 9341 12848 256
a 9342 496 16
a 9343 1904 256
a 9344 20416 64
a 9345 38080 64
a 9346 304 16
a 9347 12944 256
a 9348 944 256
a 9349 9936 64
a 9350 1056 256
a 9351 12896 64
a 9352 33968 16
a 9353 7328 256
a 9354 18192 256
a 9355 7088 16
a 9356 3792 256
a 9357 416 16
a 9358 1472 16
a 9359 12640 64
a 9360 368 256
a 9361 31792 64
a 9362 3072 64
a 9363 24496 64
a 9364 1904 256
a 9365 33984 64
a 9366 11168 16
a 9367 304 64
a 9368 480 256
a 9369 848 64
a 9370 976 16
a 9371 45056 64
a 9372 21744 16
a 9373 6528 64
a 9374 2496 64
a 9375 288 16
a 9376 432 16
a 9377 51984 256
a 9378 1632 16
a 9379 23648 16
a 9380 5744 64
a 9381 2832 64
a 9382 7264 64
a 9383 304 16
a 9384 12784 256
a 9385 14832 64
a 9386 2048 64
a 9387 17504 16
a 9388 3104 64
a 9389 13152 16
a 9390 1248 256
a 9391 3360 256
a 9392 61328 16
a 9393 976 256
a 9394 11648 256
a 9395 2176 64
a 9396 1584 256
a 9397 50944 16
a 9398 384 256
a 9399 33696 256
a 9400 1744 16
a 9401 2640 256
a 9402 3984 64
a 9403 20272 16
a 9404 12688 16
a 9405 432 16
a 9406 18544 16
a 9407 18624 256
a 9408 720 64
a 9409 6384 256
a 9410 28608 16
a 9411 1984 64
a 9412 62784 16
a 9413 288 256
a 9414 4896 16
a 9415 368 256
a 9416 22352 64
a 9417 20800 64
a 9418 288 16
a 9419 1088 64
a 9420 12576 256
a 9421 624 16
a 9422 5648 64
a 9423 336 256
a 9424 1088 16
a 9425 512 64
a 9426 12304 16
a 9427 30480 64
a 9428 15856 64
a 9429 320 256
a 9430 38448 256
a 9431 36160 16
a 9432 384 256
a 9433 9344 256
a 9434 3088 64
a 9435 8736 16
a 9436 31120 64
a 9437 448 256
a 9438 11504 16
a 9439 21552 256
a 9440 5488 16
a 9441 1520 16
a 9442 38224 16
a 9443 688 16
a 9444 11744 16
a 9445 512 64
a 9446 720 16
a 9447 1872 64
a 9448 1200 256
a 9449 1344 64
a 9450 928 64
a 9451 39344 16
a 9452 37456 256
a 9453 54080 16
a 9454 3536 64
a 9455 320 16
a 9456 35120 16
a 9457 15600 64
a 9458 2368 256
a 9459 1232 256
a 9460 1776 16
a 9461 16928 64
a 9462 1072 64
a 9463 6944 256
a 9464 608 64
a 9465 4192 256
a 9466 12720 64
a 9467 18480 256
a 9468 11088 16
a 9469 15072 16
a 9470 12928 16
a 9471 35744 256
a 9472 432 16
a 9473 55664 256
a 9474 13856 64
a 9475 3376 256
a 9476 272 16
a 9477 1568 256
a 9478 512 64
a 9479 13152 256
a 9480 400 16
a 9481 272 256
a 9482 3808 256
a 9483 29552 64
a 9484 14560 64
a 9485 29056 256
a 9486 15152 256
a 9487 35824 16
a 9488 35520 64
a 9489 512 256
a 9490 2624 256
a 9491 5184 16
a 9492 14832 256
a 9493 656 64
a 9494 5936 64
a 9495 4560 64
a 9496 640 256
a 9497 7136 256
a 9498 10416 64
a 9499 11776 64
a 9500 480 256
a 9501 21904 256
a 9502 8256 64
a 9503 9504 64
a 9504 1984 16
a 9505 1584 64
a 9506 22736 64
a 9507 896 64
a 9508 352 64
a 9509 1696 64
a 9510 15712 64
a 9511 21312 256
a 9512 25600 16
a 9513 9056 256
a 9514 19008 16
a 9515 54608 256
a 9516 54016 256
a 9517 58576 16
a 9518 3184 64
a 9519 528 64
a 9520 40224 16
a 9521 22816 16
a 9522 1856 256
a 9523 4192 64
a 9524 7360 256
a 9525 4112 256
a 9526 16352 64
a 9527 1888 256
a 9528 4224 256
a 9529 13744 16
a 9530 384 16
a 9531 46496 256
a 9532 39280 256
a 9533 5824 16
a 9534 8736 256
a 9535 368 256
a 9536 6880 16
a 9537 30032 64
a 9538 3696 256
a 9539 272 64
a 9540 1008 256
a 9541 53168 64
a 9542 19840 16
a 9543 17712 256
a 9544 11840 64
a 9545 1232 256
a 9546 25920 64
a 9547 1200 64
a 9548 848 64
a 9549 4432 16
a 9550 1872 256
a 9551 4512 16
a 9552 22672 16
a 9553 4960 64
a 9554 1600 16
a 9555 960 256
a 9556 2384 64
a 9557 2256 16
a 9558 1184 64
a 9559 6224 64
a 9560 39904 64
a 9561 752 64
a 9562 11312 64
a 9563 3488 16
a 9564 1248 64
a 9565 880 16
a 9566 19600 16
a 9567 16912 256
a 9568 16160 256
a 9569 416 256
a 9570 384 16
a 9571 15488 256
a 9572 13600 16
a 9573 42688 256
a 9574 33808 16
a 9575 56288 64
a 9576 496 16
a 9577 2688 256
a 9578 368 16
a 9579 39824 64
a 9580 30144 16
a 9581 8720 256
a 9582 29008 256
a 9583 3840 16
a 9584 2048 64
a 9585 1504 256
a 9586 7984 256
a 9587 3792 256
a 9588 816 16
a 9589 5472 16
a 9590 2192 64
a 9591 352 64
a 9592 352 16
a 9593 528 256
a 9594 400 64
a 9595 720 16
a 9596 416 256
a 9597 37920 64
a 9598 2608 64
a 9599 2896 256
a 9600 432 64
a 9601 432 64
a 9602 15168 256
a 9603 6288 16
a 9604 592 256
a 9605 13648 64
a 9606 12864 64
a 9607 464 64
a 9608 30960 16
a 9609 1648 256
a 9610 44400 64
a 9611 3232 16
a 9612 15120 16
a 9613 27568 64
a 9614 3536 16
a 9615 9648 16
a 9616 6768 256
a 9617 28016 64
a 9618 480 256
a 9619 48928 64
a 9620 272 256
a 9621 6160 256
a 9622 320 256
a 9623 4416 256
a 9624 2368 64
a 9625 9056 64
a 9626 688 256
a 9627 45536 16
a 9628 22640 16
a 9629 3056 64
a 9630 464 16
a 9631 8432 256
a 9632 4784 64
a 9633 16752 64
a 9634 54192 16
a 9635 1968 256
a 9636 464 256
a 9637 1152 64
a 9638 4928 256
a 9639 46544 256
a 9640 336 64
a 9641 720 16
a 9642 2128 256
a 9643 17024 64
a 9644 928 16
a 9645 3872 64
a 9646 15872 256
a 9647 32960 64
a 9648 272 256
a 9649 304 16
a 9650 672 256
a 9651 28672 256
a 9652 400 16
a 9653 528 256
a 9654 848 64
a 9655 272 16
a 9656 5760 256
a 9657 14736 64
a 9658 10048 16
a 9659 15888 64
a 9660 24976 64
a 9661 46832 64
a 9662 3248 256
a 9663 14576 64
a 9664 47200 16
a 9665 12416 256
a 9666 21808 16
a 9667 2624 256
a 9668 384 64
a 9669 1776 16
a 9670 7664 256
a 9671 5968 64
a 9672 8592 16
a 9673 480 64
a 9674 10016 64
a 9675 2656 64
a 9676 40000 64
a 9677 9856 256
a 9678 2048 256
a 9679 1984 256
a 9680 1072 64
a 9681 2208 16
a 9682 2592 16
a 9683 400 16
a 9684 1600 256
a 9685 30016 64
a 9686 1232 16
a 9687 61568 16
a 9688 1552 256
a 9689 11488 16
a 9690 1760 256
a 9691 848 16
a 9692 14752 64
a 9693 8656 64
a 9694 18592 256
a 9695 320 64
a 9696 29312 64
a 9697 14704 256
a 9698 3216 16
a 9699 5472 64
a 9700 384 16
a 9701 640 256
a 9702 1856 256
a 9703 896 16
a 9704 448 64
a 9705 54064 64
a 9706 928 256
a 9707 6704 16
a 9708 48416 64
a 9709 7232 16
a 9710 12160 16
a 9711 496 16
a 9712 17024 256
a 9713 5888 256
a 9714 4880 16
a 9715 464 256
a 9716 11936 256
a 9717 27792 256
a 9718 4784 16
a 9719 720 16
a 9720 480 16
a 9721 6672 256
a 9722 62944 64
a 9723 368 16
a 9724 2512 256
a 9725 6384 16
a 9726 448 16
a 9727 6656 64
a 9728 3888 256
a 9729 14800 64
a 9730 336 64
a 9731 704 256
a 9732 1696 256
a 9733 10256 16
a 9734 2256 64
a 9735 320 16
a 9736 7936 256
a 9737 48544 64
a 9738 30352 256
a 9739 368 16
a 9740 64960 256
a 9741 23088 16
a 9742 14400 256
a 9743 480 256
a 9744 39680 256
a 9745 816 16
a 9746 7488 256
a 9747 4672 16
a 9748 400 64
a 9749 928 64
a 9750 2720 16
a 9751 9472 16
a 9752 1344 256
a 9753 13744 256
a 9754 752 64
a 9755 1104 256
a 9756 43680 256
a 9757 624 256
a 9758 1488 16
a 9759 2544 64
a 9760 976 16
a 9761 6800 16
a 9762 2608 256
a 9763 3632 16
a 9764 448 256
a 9765 27072 64
a 9766 2656 256
a 9767 25296 64
a 9768 32848 16
a 9769 11648 256
a 9770 832 64
a 9771 304 64
a 9772 464 64
a 9773 52320 64
a 9774 6640 64
a 9775 2896 64
a 9776 1600 16
a 9777 19472 64
a 9778 288 256
a 9779 15104 16
a 9780 46256 16
a 9781 944 16
a 9782 21552 16
a 9783 19328 64
a 9784 8848 64
a 9785 3184 64
a 9786 12192 16
a 9787 3216 16
a 9788 26880 16
a 9789 976 64
a 9790 736 256
a 9791 2816 16
a 9792 1584 256
a 9793 11568 16
a 9794 656 256
a 9795 2928 16
a 9796 960 64
a 9797 384 256
a 9798 928 256
a 9799 272 64
a 9800 28864 64
a 9801 7024 64
a 9802 288 64
a 9803 1680 16
a 9804 7936 16
a 9805 592 16
a 9806 480 256
a 9807 304 64
a 9808 480 64
a 9809 55328 256
a 9810 49968 64
a 9811 528 16
a 9812 1344 64
a 9813 5248 256
a 9814 12400 64
a 9815 2736 16
a 9816 320 64
a 9817 480 256
a 9818 10384 64
a 9819 3120 16
a 9820 336 16
a 9821 336 16
a 9822 1840 256
a 9823 1104 64
a 9824 16048 64
a 9825 39200 64
a 9826 4080 64
a 9827 6112 16
a 9828 2768 256
a 9829 41360 64
a 9830 4176 64
a 9831 944 256
a 9832 14384 16
a 9833 24656 64
a 9834 3840 64
a 9835 30608 64
a 9836 2080 256
a 9837 928 256
a 9838 3648 256
a 9839 5264 256
a 9840 12880 16
a 9841 3232 16
a 9842 496 256
a 9843 5344 64
a 9844 608 16
a 9845 2144 16
a 9846 1280 64
a 9847 2736 16
a 9848 3920 64
a 9849 1600 16
a 9850 832 64
a 9851 50672 16
a 9852 2832 256
a 9853 9056 64
a 9854 5264 256
a 9855 2976 256
a 9856 63008 16
a 9857 36720 64
a 9858 320 64
a 9859 6432 64
a 9860 31824 256
a 9861 7584 256
a 9862 4560 256
a 9863 5360 64
a 9864 22464 64
a 9865 2832 16
a 9866 944 256
a 9867 14288 256
a 9868 2912 16
a 9869 416 16
a 9870 10160 16
a 9871 3600 256
a 9872 21888 256
a 9873 4496 256
a 9874 23840 256
a 9875 40112 256
a 9876 416 16
a 9877 5744 64
a 9878 384 64
a 9879 304 256
a 9880 2896 256
a 9881 50672 16
a 9882 7984 256
a 9883 3520 64
a 9884 3024 16
a 9885 22848 256
a 9886 8656 256
a 9887 976 256
a 9888 1520 16
a 9889 16368 16
a 9890 21184 256
a 9891 432 256
a 9892 624 16
a 9893 1088 256
a 9894 3280 64
a 9895 352 64
a 9896 26656 64
a 9897 576 64
a 9898 880 16
a 9899 288 64
a 9900 17792 64
a 9901 1312 64
a 9902 2352 256
a 9903 1344 16
a 9904 6224 16
a 9905 48736 256
a 9906 13888 16
a 9907 10704 256
a 9908 5216 16
a 9909 14080 256
a 9910 1920 16
a 9911 1168 64
a 9912 2608 16
a 9913 1872 256
a 9914 288 64
a 9915 3520 16
a 9916 1680 64
a 9917 3136 256
a 9918 3072 16
a 9919 992 256
a 9920 18368 16
a 9921 864 256
a 9922 3344 256
a 9923 3168 64
a 9924 50224 16
a 9925 320 256
a 9926 27552 64
a 9927 336 256
a 9928 384 64
a 9929 22784 64
a 9930 2160 16
a 9931 55008 256
a 9932 51280 256
a 9933 1760 64
a 9934 304 256
a 9935 50064 64
a 9936 13536 64
a 9937 528 16
a 9938 288 256
a 9939 39424 16
a 9940 15536 64
a 9941 7216 256
a 9942 576 256
a 9943 21616 64
a 9944 13584 16
a 9945 656 16
a 9946 4432 256
a 9947 1504 64
a 9948 976 16
a 9949 896 64
a 9950 13952 16
a 9951 1360 16
a 9952 4560 256
a 9953 496 16
a 9954 1360 256
a 9955 33856 256
a 9956 31040 256
a 9957 4368 64
a 9958 3104 64
a 9959 4352 256
a 9960 51472 256
a 9961 40864 64
a 9962 3264 64
a 9963 17456 64
a 9964 43952 64
a 9965 9696 64
a 9966 9440 256
a 9967 784 64
a 9968 304 64
a 9969 736 16
a 9970 992 64
a 9971 33968 16
a 9972 752 16
a 9973 1696 64
a 9974 6560 64
a 9975 20768 64
a 9976 2304 256
a 9977 9600 64
a 9978 63312 64
a 9979 336 256
a 9980 1216 64
a 9981 272 64
a 9982 432 64
a 9983 42416 64
a 9984 34544 64
a 9985 416 16
a 9986 1152 16
a 9987 7040 256
a 9988 10368 256
a 9989 42672 64
a 9990 400 16
a 9991 1792 64
a 9992 1712 16
a 9993 44304 64
a 9994 22096 16
a 9995 2256 16
a 9996 54800 64
a 9997 4080 256
a 9998 464 256
a 9999 50688 256
c filled
f 4044
a 10000 5648 256
f 1750
a 10001 28016 64
f 4346
a 10002 41264 256
f 2196
a 10003 368 16
f 3476
a 10004 832 256
f 7900
a 10005 432 256
f 1016
a 10006 24944 16
f 1417
a 10007 5008 256
f 9131
a 10008 512 16
f 6220
a 10009 30096 256
f 6108
a 10010 64320 64
f 2766
a 10011 3664 64
f 6934
a 10012 10480 16
f 6136
a 10013 2976 16
f 5989
a 10014 2800 16
f 1611
a 10015 49632 256
f 1978
a 10016 46784 256
f 9567
a 10017 336 256
f 2679
a 10018 3120 16
f 378
a 10019 416 64
f 2987
a 10020 4512 64
f 190
a 10021 12192 64
f 7935
a 10022 720 64
f 3906
a 10023 384 16
f 8404
a 10024 832 64
f 8516
a 10025 25392 16
f 3015
a 10026 10992 16
f 9485
a 10027 39808 16
f 8945
a 10028 3024 256
f 1636
a 10029 336 64
f 5612
a 10030 51376 16
f 2431
a 10031 5424 256
f 3340
a 10032 4464 16
f 5516
a 10033 848 64
f 2547
a 10034 22592 64
f 4604
a 10035 6400 256
f 9253
a 10036 41104 64
f 5907
a 10037 44688 256
f 3414
a 10038 19680 256
f 5459
a 10039 7408 64
f 5192
a 10040 272 16
f 8799
a 10041 2624 16
f 9878
a 10042 480 16
f 5310
a 10043 1952 256
f 3066
a 10044 12944 64
f 6261
a 10045 624 16
f 4999
a 10046 9888 256
f 7043
a 10047 20880 64
f 1057
a 10048 13040 256
f 1369
a 10049 1440 256
f 2085
a 10050 3968 64
f 5707
a 10051 496 256
f 2915
a 10052 5280 256
f 1277
a 10053 8320 16
f 4701
a 10054 1488 16
f 5252
a 10055 2048 64
f 7754
a 10056 6400 64
f 7815
a 10057 7392 64
f 7443
a 10058 656 64
f 5661
a 10059 20560 64
f 937
a 10060 59888 16
f 1776
a 10061 50336 256
f 850
a 10062 27744 64
f 5864
a 10063 9504 64
f 9542
a 10064 368 64
f 9083
a 10065 784 64
f 2542
a 10066 21056 16
f 5406
a 10067 23680 64
f 9536
a 10068 2912 64
f 3550
a 10069 6048 64
f 5136
a 10070 17680 64
f 9064
a 10071 4608 256
f 9278
a 10072 2464 64
f 9586
a 10073 1616 64
f 6022
a 10074 26736 256
f 8244
a 10075 1904 16
f 7795
a 10076 1584 64
f 4274
a 10077 704 16
f 1516
a 10078 52768 256
f 3518
a 10079 7024 16
f 2934
a 10080 512 16
f 4871
a 10081 656 64
f 2354
a 10082 512 64
f 1465
a 10083 11024 16
f 5507
a 10084 3776 256
f 9986
a 10085 1744 16
f 8696
a 10086 1744 64
f 7296
a 10087 54368 64
f 652
a 10088 20640 64
f 3811
a 10089 8096 16
f 4544
a 10090 1872 256
f 1792
a 10091 6528 256
f 9565
a 10092 3568 256
f 8726
a 10093 1328 256
f 7712
a 10094 3744 16
f 3372
a 10095 56320 16
f 5611
a 10096 12192 64
f 5562
a 10097 18288 256
f 6900
a 10098 5472 64
f 1892
a 10099 6512 16
f 1822
a 10100 432 16
f 1817
a 10101 26976 16
f 6257
a 10102 10368 64
f 9502
a 10103 2064 16
f 3186
a 10104 1424 256
f 6377
a 10105 960 64
f 9712
a 10106 54992 16
f 5621
a 10107 27344 16
f 4038
a 10108 560 64
f 4321
a 10109 7968 64
f 7735
a 10110 45296 64
f 7938
a 10111 10912 64
f 9865
a 10112 10688 256
f 6569
a 10113 12768 16
f 2509
a 10114 3840 16
f 5843
a 10115 1536 64
f 59
a 10116 1600 64
f 2007
a 10117 3424 16
f 4990
a 10118 32288 256
f 9382
a 10119 3184 256
f 137
a 10120 7168 16
f 926
a 10121 9584 64
f 857
a 10122 880 64
f 5502
a 10123 1824 64
f 7366
a 10124 3968 256
f 489
a 10125 24128 64
f 1777
a 10126 3760 256
f 1260
a 10127 48864 256
f 7231
a 10128 10192 64
f 9313
a 10129 2576 64
f 6143
a 10130 976 16
f 5184
a 10131 416 256
f 6518
a 10132 10208 256
f 5739
a 10133 9104 64
f 4014
a 10134 288 256
f 8671
a 10135 3504 256
f 584
a 10136 4896 16
f 6032
a 10137 12240 256
f 5307
a 10138 272 16
f 5421
a 10139 2336 256
f 5769
a 10140 1680 256
f 4053
a 10141 1520 256
f 5625
a 10142 63936 64
f 6653
a 10143 672 16
f 1860
a 10144 46320 16
f 7154
a 10145 1264 64
f 2231
a 10146 1920 256
f 3795
a 10147 3184 64
f 1487
a 10148 1872 256
f 3459
a 10149 3648 64
f 7503
a 10150 3168 256
f 1846
a 10151 560 256
f 492
a 10152 31568 16
f 7495
a 10153 800 256
f 10040
a 10154 19376 256
f 2906
a 10155 9376 256
f 5412
a 10156 43888 256
f 8384
a 10157 4704 256
f 2286
a 10158 944 64
f 2307
a 10159 368 256
f 4171
a 10160 288 16
f 8612
a 10161 58144 16
f 2605
a 10162 1440 256
f 495
a 10163 8976 256
f 5669
a 10164 1888 64
f 4415
a 10165 2640 256
f 3379
a 10166 560 256
f 2447
a 10167 512 16
f 4931
a 10168 448 256
f 9100
a 10169 41984 16
f 2939
a 10170 2096 64
f 2567
a 10171 2176 256
f 227
a 10172 48064 16
f 2377
a 10173 44608 16
f 9926
a 10174 26384 64
f 1635
a 10175 1840 16
f 9056
a 10176 19152 16
f 4168
a 10177 31888 64
f 3302
a 10178 44240 64
f 8214
a 10179 7088 64
f 9553
a 10180 560 16
f 1332
a 10181 896 64
f 5882
a 10182 1728 64
f 8694
a 10183 432 256
f 3959
a 10184 12992 64
f 963
a 10185 41056 64
f 4667
a 10186 27808 256
f 1919
a 10187 45024 64
f 2153
a 10188 49264 16
f 7800
a 10189 34672 16
f 5670
a 10190 576 256
f 4946
a 10191 736 16
f 2747
a 10192 1376 64
f 7797
a 10193 960 16
f 219
a 10194 4352 64
f 4874
a 10195 6496 64
f 4227
a 10196 2592 64
f 3866
a 10197 11520 256
f 4726
a 10198 17040 64
f 4915
a 10199 1680 256
f 4972
a 10200 5536 64
f 2392
a 10201 1440 64
f 218
a 10202 5744 16
f 9155
a 10203 60512 256
f 1024
a 10204 48880 16
f 922
a 10205 46416 16
f 6596
a 10206 9648 64
f 51
a 10207 912 64
f 6833
a 10208 768 64
f 5452
a 10209 24032 64
f 4371
a 10210 544 256
f 1364
a 10211 2592 64
f 88
a 10212 464 256
f 3789
a 10213 10160 64
f 7396
a 10214 27088 256
f 5847
a 10215 384 256
f 1233
a 10216 1408 256
f 1689
a 10217 35328 64
f 3347
a 10218 512 16
f 2952
a 10219 1072 64
f 9125
a 10220 496 256
f 10090
a 10221 8080 64
f 3622
a 10222 3440 64
f 249
a 10223 7392 64
f 7914
a 10224 37344 16
f 7945
a 10225 656 64
f 598
a 10226 41824 256
f 6797
a 10227 2016 256
f 4890
a 10228 35536 16
f 2913
a 10229 400 64
f 9640
a 10230 2304 256
f 6472
a 10231 5872 256
f 3500
a 10232 3376 16
f 4783
a 10233 42576 256
f 1783
a 10234 1072 16
f 6386
a 10235 1744 256
f 1604
a 10236 38976 16
f 10001
a 10237 38880 64
f 8225
a 10238 4528 16
f 9216
a 10239 48608 256
f 5829
a 10240 1792 256
f 5687
a 10241 10960 16
f 7380
a 10242 5248 16
f 9811
a 10243 48288 256
f 3411
a 10244 4416 16
f 2552
a 10245 576 256
f 5754
a 10246 496 16
f 168
a 10247 1424 256
f 2845
a 10248 11440 16
f 4677
a 10249 512 256
f 6783
a 10250 7696 256
f 1517
a 10251 448 64
f 2937
a 10252 7568 256
f 7285
a 10253 15088 256
f 812
a 10254 11952 64
f 9816
a 10255 512 16
f 2408
a 10256 7760 16
f 240
a 10257 17424 16
f 5568
a 10258 13472 16
f 715
a 10259 576 64
f 5339
a 10260 18624 16
f 8118
a 10261 30384 256
f 3855
a 10262 448 256
f 6214
a 10263 54688 64
f 4926
a 10264 800 64
f 1779
a 10265 6448 256
f 9758
a 10266 8304 256
f 3672
a 10267 1808 256
f 3814
a 10268 27104 256
f 2515
a 10269 24976 64
f 5218
a 10270 3952 64
f 4124
a 10271 3680 16
f 4395
a 10272 30240 16
f 6101
a 10273 576 64
f 7057
a 10274 272 64
f 2677
a 10275 976 256
f 3059
a 10276 992 256
f 3511
a 10277 3680 64
f 9013
a 10278 26928 64
f 721
a 10279 2960 64
f 4380
a 10280 1232 16
f 2072
a 10281 1296 256
f 9351
a 10282 11824 16
f 2912
a 10283 42992 256
f 4127
a 10284 10208 64
f 6820
a 10285 416 64
f 8690
a 10286 16096 16
f 7401
a 10287 43312 16
f 6339
a 10288 1184 256
f 5644
a 10289 60304 16
f 2778
a 10290 31584 256
f 551
a 10291 736 16
f 6307
a 10292 3712 256
f 2011
a 10293 272 256
f 2665
a 10294 13264 64
f 10122
a 10295 272 64
f 831
a 10296 1024 64
f 3418
a 10297 2208 64
f 3292
a 10298 1600 64
f 8014
a 10299 1888 256
f 1393
a 10300 18400 256
f 6068
a 10301 52784 16
f 1756
a 10302 42544 64
f 5376
a 10303 42448 16
f 9221
a 10304 20288 256
f 6869
a 10305 2368 16
f 1084
a 10306 512 64
f 4236
a 10307 1632 16
f 6692
a 10308 720 256
f 732
a 10309 9680 256
f 3137
a 10310 14096 16
f 9004
a 10311 1744 16
f 2437
a 10312 9280 16
f 5464
a 10313 1824 16
f 855
a 10314 384 256
f 8722
a 10315 5712 64
f 158
a 10316 20976 256
f 915
a 10317 272 64
f 4184
a 10318 1680 64
f 5693
a 10319 6048 16
f 5877
a 10320 6416 64
f 9754
a 10321 1936 64
f 1886
a 10322 17760 256
f 1894
a 10323 27728 64
f 8542
a 10324 4928 16
f 3817
a 10325 960 256
f 2207
a 10326 608 256
f 7508
a 10327 14080 16
f 3894
a 10328 6656 256
f 5871
a 10329 31600 16
f 4724
a 10330 2432 256
f 3072
a 10331 26192 64
f 6844
a 10332 1504 16
f 5584
a 10333 960 64
f 7849
a 10334 4000 16
f 343
a 10335 2384 16
f 418
a 10336 26400 64
f 3142
a 10337 512 16
f 201
a 10338 11824 256
f 6047
a 10339 336 64
f 1235
a 10340 352 16
f 5740
a 10341 272 16
f 3445
a 10342 1440 64
f 9853
a 10343 19568 256
f 4138
a 10344 3584 64
f 5176
a 10345 50704 16
f 9546
a 10346 7952 256
f 3577
a 10347 2832 64
f 10094
a 10348 23232 256
f 6617
a 10349 3504 16
f 4764
a 10350 3840 16
f 4745
a 10351 2000 64
f 9893
a 10352 61808 256
f 8506
a 10353 3568 64
f 2842
a 10354 34368 64
f 4614
a 10355 352 64
f 5476
a 10356 5552 16
f 8679
a 10357 400 64
f 4275
a 10358 22336 16
f 7249
a 10359 320 64
f 4387
a 10360 37376 16
f 6174
a 10361 976 16
f 10010
a 10362 1568 64
f 8262
a 10363 896 256
f 3260
a 10364 3712 16
f 8069
a 10365 768 64
f 6284
a 10366 896 256
f 8850
a 10367 13856 256
f 1272
a 10368 4272 16
f 2558
a 10369 2016 256
f 8370
a 10370 39504 16
f 8455
a 10371 720 256
f 10211
a 10372 592 64
f 5168
a 10373 17648 256
f 1475
a 10374 3568 256
f 2044
a 10375 8864 256
f 4004
a 10376 3616 16
f 5294
a 10377 12784 64
f 6943
a 10378 11504 256
f 1448
a 10379 8672 16
f 1583
a 10380 40624 64
f 315
a 10381 432 64
f 3521
a 10382 608 16
f 4947
a 10383 672 64
f 7192
a 10384 320 256
f 9379
a 10385 7344 16
f 10008
a 10386 4336 16
f 999
a 10387 14336 16
f 7940
a 10388 1280 64
f 4784
a 10389 7376 64
f 2277
a 10390 37680 64
f 5355
a 10391 30864 16
f 2342
a 10392 49024 256
f 3813
a 10393 320 16
f 9014
a 10394 1344 16
f 1310
a 10395 9344 16
f 3050
a 10396 7856 64
f 4711
a 10397 864 64
f 10251
a 10398 22112 64
f 1687
a 10399 2464 256
f 2570
a 10400 12736 16
f 10082
a 10401 13504 16
f 1143
a 10402 272 256
f 8392
a 10403 7280 256
f 7027
a 10404 800 16
f 8347
a 10405 368 16
f 9360
a 10406 8016 256
f 8211
a 10407 6816 64
f 6163
a 10408 12224 256
f 7745
a 10409 7776 16
f 9769
a 10410 272 16
f 2999
a 10411 1072 64
f 7065
a 10412 12032 256
f 10102
a 10413 15792 64
f 1081
a 10414 23296 64
f 5814
a 10415 576 256
f 4646
a 10416 7216 256
f 3185
a 10417 35296 64
f 95
a 10418 464 64
f 4051
a 10419 39584 256
f 6803
a 10420 51696 256
f 6063
a 10421 37792 16
f 4553
a 10422 31664 64
f 6776
a 10423 38832 64
f 9532
a 10424 10320 256
f 2967
a 10425 10656 256
f 8693
a 10426 12896 64
f 10351
a 10427 3104 64
f 286
a 10428 352 256
f 6879
a 10429 7136 64
f 4619
a 10430 11824 64
f 8741
a 10431 560 256
f 6819
a 10432 2352 256
f 9980
a 10433 352 64
f 1461
a 10434 62064 64
f 7763
a 10435 50512 256
f 3646
a 10436 3920 64
f 2131
a 10437 20848 64
f 7648
a 10438 928 64
f 8362
a 10439 1040 64
f 9210
a 10440 336 256
f 9742
a 10441 496 16
f 2093
a 10442 42720 16
f 4386
a 10443 58128 16
f 4224
a 10444 3344 16
f 7846
a 10445 832 16
f 2894
a 10446 11984 256
f 5319
a 10447 48896 16
f 1709
a 10448 1792 256
f 5897
a 10449 384 64
f 6729
a 10450 320 16
f 305
a 10451 944 64
f 7131
a 10452 3856 256
f 7300
a 10453 960 64
f 2242
a 10454 8576 256
f 746
a 10455 4768 256
f 4816
a 10456 3248 64
f 596
a 10457 1088 16
f 8207
a 10458 44928 64
f 1045
a 10459 24576 64
f 4873
a 10460 26208 16
f 2324
a 10461 1344 64
f 5593
a 10462 11280 64
f 7550
a 10463 45584 16
f 2028
a 10464 1888 64
f 2754
a 10465 8368 256
f 1169
a 10466 18912 64
f 2416
a 10467 7376 256
f 6363
a 10468 12544 64
f 7149
a 10469 656 64
f 10469
a 10470 44160 16
f 4985
a 10471 43184 16
f 6028
a 10472 2368 16
f 8428
a 10473 384 16
f 9207
a 10474 4464 256
f 2460
a 10475 1200 16
f 2891
a 10476 3584 16
f 1037
a 10477 2672 64
f 9086
a 10478 1440 256
f 2077
a 10479 400 64
f 471
a 10480 1776 256
f 198
a 10481 1424 256
f 1581
a 10482 6800 16
f 2613
a 10483 44752 16
f 1354
a 10484 15520 16
f 869
a 10485 1888 64
f 5114
a 10486 21488 16
f 6817
a 10487 432 16
f 7127
a 10488 960 64
f 4971
a 10489 65344 64
f 8041
a 10490 10976 256
f 3583
a 10491 6816 16
f 10202
a 10492 28512 16
f 9276
a 10493 704 16
f 3319
a 10494 688 256
f 3089
a 10495 1904 64
f 1572
a 10496 960 256
f 5915
a 10497 6768 256
f 5845
a 10498 2336 256
f 1829
a 10499 3568 16
c step-500
f 380
a 10500 26112 64
f 6049
a 10501 11328 16
f 7697
a 10502 17504 16
f 547
a 10503 960 64
f 230
a 10504 42880 16
f 3318
a 10505 4032 16
f 8311
a 10506 27056 64
f 1094
a 10507 41872 256
f 3970
a 10508 1552 256
f 7436
a 10509 512 256
f 6905
a 10510 1040 64
f 5985
a 10511 55904 16
f 6792
a 10512 16336 16
f 4933
a 10513 46176 64
f 2167
a 10514 832 256
f 3444
a 10515 4160 16
f 5977
a 10516 22176 16
f 5084
a 10517 1200 64
f 9965
a 10518 12416 64
f 5577
a 10519 38400 256
f 5543
a 10520 1152 64
f 8101
a 10521 43968 64
f 2014
a 10522 768 256
f 1500
a 10523 1680 16
f 7876
a 10524 1520 256
f 163
a 10525 50128 16
f 5227
a 10526 19824 16
f 1668
a 10527 336 64
f 6314
a 10528 10672 256
f 7254
a 10529 944 256
f 4487
a 10530 496 256
f 1420
a 10531 6016 256
f 2331
a 10532 13040 256
f 1453
a 10533 14240 16
f 5705
a 10534 272 64
f 1319
a 10535 19632 16
f 4231
a 10536 304 16
f 6993
a 10537 4896 64
f 4160
a 10538 448 16
f 2439
a 10539 2960 16
f 9059
a 10540 5008 256
f 5630
a 10541 28384 16
f 10520
a 10542 1344 16
f 4685
a 10543 2528 16
f 5028
a 10544 720 16
f 2012
a 10545 2384 64
f 2812
a 10546 5136 64
f 8557
a 10547 15392 256
f 10384
a 10548 4416 256
f 4135
a 10549 5024 256
f 7217
a 10550 20496 256
f 10107
a 10551 23744 16
f 9258
a 10552 63440 256
f 1125
a 10553 47392 16
f 430
a 10554 12384 64
f 1881
a 10555 5120 256
f 1678
a 10556 42864 256
f 6892
a 10557 28704 16
f 1511
a 10558 2656 256
f 1141
a 10559 16128 16
f 8858
a 10560 37152 256
f 9298
a 10561 1488 256
f 6138
a 10562 416 256
f 8100
a 10563 33376 256
f 6048
a 10564 832 64
f 1663
a 10565 4096 256
f 3096
a 10566 39280 64
f 8842
a 10567 18240 256
f 9389
a 10568 1248 256
f 6841
a 10569 1504 256
f 1518
a 10570 11584 256
f 6310
a 10571 352 16
f 323
a 10572 51296 256
f 7207
a 10573 400 64
f 8196
a 10574 624 16
f 8543
a 10575 3056 256
f 7587
a 10576 6416 256
f 10467
a 10577 1168 256
f 10386
a 10578 11168 64
f 10562
a 10579 4160 16
f 5708
a 10580 992 64
f 5837
a 10581 8624 64
f 7288
a 10582 7936 64
f 9184
a 10583 19488 16
f 1181
a 10584 60944 256
f 10246
a 10585 1024 16
f 4081
a 10586 304 64
f 5859
a 10587 64944 256
f 2144
a 10588 352 16
f 8573
a 10589 512 64
f 2989
a 10590 656 256
f 6572
a 10591 9888 256
f 9032
a 10592 800 256
f 1747
a 10593 23488 256
f 3242
a 10594 416 64
f 9959
a 10595 1984 16
f 8171
a 10596 1408 16
f 70
a 10597 3568 64
f 4357
a 10598 30832 256
f 8974
a 10599 57424 256
f 7449
a 10600 1168 256
f 1543
a 10601 50480 16
f 5270
a 10602 6720 256
f 9812
a 10603 30240 64
f 8903
a 10604 880 16
f 4531
a 10605 480 16
f 7979
a 10606 57168 16
f 9122
a 10607 45712 256
f 2150
a 10608 624 256
f 10166
a 10609 3968 256
f 2977
a 10610 1008 256
f 7869
a 10611 33632 256
f 640
a 10612 46160 16
f 9035
a 10613 656 64
f 7676
a 10614 4016 16
f 6868
a 10615 608 16
f 1231
a 10616 5216 64
f 7195
a 10617 944 16
f 10228
a 10618 6960 64
f 4082
a 10619 288 256
f 2237
a 10620 288 64
f 516
a 10621 1744 16
f 648
a 10622 56768 64
f 1922
a 10623 368 16
f 5210
a 10624 512 256
f 757
a 10625 18480 16
f 4230
a 10626 45696 256
f 834
a 10627 848 64
f 6197
a 10628 12864 256
f 758
a 10629 26064 256
f 1255
a 10630 1056 16
f 2343
a 10631 3792 64
f 1840
a 10632 800 16
f 3432
a 10633 4736 256
f 10448
a 10634 12592 64
f 8139
a 10635 400 64
f 966
a 10636 3504 256
f 867
a 10637 15408 64
f 3150
a 10638 59312 64
f 10530
a 10639 816 64
f 658
a 10640 1872 256
f 1002
a 10641 1504 256
f 5093
a 10642 20464 16
f 7733
a 10643 10448 16
f 6966
a 10644 27200 256
f 4143
a 10645 14560 64
f 83
a 10646 27344 16
f 9886
a 10647 8624 16
f 7599
a 10648 2464 16
f 4853
a 10649 1248 64
f 567
a 10650 7632 16
f 6909
a 10651 1248 16
f 4559
a 10652 28432 64
f 9383
a 10653 784 64
f 5852
a 10654 496 16
f 7022
a 10655 14144 64
f 5810
a 10656 2320 256
f 6860
a 10657 848 64
f 6013
a 10658 19536 64
f 4298
a 10659 5728 16
f 412
a 10660 2880 256
f 1592
a 10661 2784 256
f 10080
a 10662 6096 16
f 8093
a 10663 18480 64
f 7845
a 10664 1104 256
f 3343
a 10665 48304 256
f 10313
a 10666 480 16
f 8950
a 10667 880 16
f 5130
a 10668 352 16
f 968
a 10669 1280 64
f 6469
a 10670 1536 256
f 6456
a 10671 11904 16
f 8667
a 10672 1264 16
f 9031
a 10673 3856 64
f 8401
a 10674 816 64
f 3997
a 10675 9632 64
f 7137
a 10676 2672 64
f 5582
a 10677 7440 16
f 548
a 10678 2016 256
f 5198
a 10679 6288 16
f 10392
a 10680 23584 16
f 2732
a 10681 1328 16
f 8109
a 10682 432 64
f 1032
a 10683 11136 256
f 875
a 10684 12960 256
f 10320
a 10685 47328 256
f 1533
a 10686 28528 64
f 7667
a 10687 40096 64
f 4564
a 10688 464 64
f 9077
a 10689 3920 256
f 7434
a 10690 592 256
f 10395
a 10691 22176 64
f 3656
a 10692 21632 64
f 7014
a 10693 288 256
f 5532
a 10694 416 256
f 7642
a 10695 40800 16
f 3515
a 10696 6304 256
f 2461
a 10697 25872 256
f 6932
a 10698 2064 64
f 348
a 10699 5120 256
f 4345
a 10700 640 64
f 1189
a 10701 7024 256
f 2790
a 10702 336 256
f 9632
a 10703 13648 256
f 6212
a 10704 368 16
f 712
a 10705 56704 256
f 3018
a 10706 944 256
f 7998
a 10707 7328 256
f 7855
a 10708 5248 256
f 3501
a 10709 27680 16
f 8814
a 10710 12816 64
f 4716
a 10711 1168 16
f 7518
a 10712 1024 64
f 4905
a 10713 53616 256
f 9715
a 10714 432 64
f 909
a 10715 688 64
f 599
a 10716 6416 64
f 1872
a 10717 2880 64
f 4525
a 10718 7808 16
f 9989
a 10719 784 64
f 3783
a 10720 15856 16
f 9205
a 10721 29552 256
f 5491
a 10722 2512 256
f 8167
a 10723 384 64
f 4658
a 10724 288 64
f 4935
a 10725 11184 64
f 9142
a 10726 17408 16
f 2750
a 10727 23680 64
f 2772
a 10728 14208 16
f 8668
a 10729 5008 256
f 8787
a 10730 13344 256
f 9578
a 10731 5856 256
f 4102
a 10732 880 256
f 1975
a 10733 608 64
f 10691
a 10734 320 256
f 2554
a 10735 1856 256
f 10725
a 10736 752 64
f 8775
a 10737 1424 16
f 9478
a 10738 38720 16
f 1639
a 10739 3536 256
f 7898
a 10740 16816 256
f 10559
a 10741 544 64
f 4035
a 10742 1568 16
f 20
a 10743 464 64
f 2432
a 10744 5712 64
f 7120
a 10745 1904 256
f 10671
a 10746 6784 256
f 6700
a 10747 384 256
f 165
a 10748 11440 16
f 8253
a 10749 1360 64
f 4814
a 10750 37888 16
f 7165
a 10751 336 256
f 10587
a 10752 13856 64
f 9027
a 10753 39408 16
f 1446
a 10754 448 64
f 2281
a 10755 512 64
f 9325
a 10756 640 16
f 6674
a 10757 480 256
f 4967
a 10758 40464 256
f 10738
a 10759 18528 256
f 9695
a 10760 1424 256
f 7227
a 10761 6720 16
f 4140
a 10762 1952 64
f 5626
a 10763 336 64
f 5628
a 10764 33728 256
f 5304
a 10765 61408 64
f 9984
a 10766 48144 256
f 10343
a 10767 1632 64
f 7446
a 10768 60896 256
f 9734
a 10769 3216 16
f 2363
a 10770 1872 64
f 8199
a 10771 22528 256
f 7635
a 10772 1920 64
f 3490
a 10773 2064 256
f 7737
a 10774 720 256
f 6114
a 10775 15088 16
f 3713
a 10776 7088 64
f 1782
a 10777 56384 256
f 2375
a 10778 736 256
f 4633
a 10779 22864 256
f 4150
a 10780 10672 16
f 1102
a 10781 32384 64
f 216
a 10782 8272 256
f 907
a 10783 2656 256
f 7101
a 10784 5920 256
f 8198
a 10785 704 64
f 2038
a 10786 4144 16
f 4055
a 10787 6688 256
f 9423
a 10788 1312 256
f 9104
a 10789 21008 16
f 7500
a 10790 10480 16
f 2428
a 10791 4656 64
f 10012
a 10792 624 64
f 1967
a 10793 7824 256
f 2098
a 10794 31216 256
f 10147
a 10795 19696 64
f 519
a 10796 384 16
f 9321
a 10797 13008 256
f 582
a 10798 5392 256
f 9650
a 10799 720 16
f 42
a 10800 10656 256
f 7470
a 10801 4736 16
f 9618
a 10802 1952 64
f 2940
a 10803 400 64
f 4907
a 10804 576 16
f 9199
a 10805 336 256
f 6989
a 10806 2912 256
f 9790
a 10807 45648 16
f 9846
a 10808 4208 16
f 1156
a 10809 336 64
f 4894
a 10810 384 16
f 4136
a 10811 672 64
f 2
a 10812 368 256
f 10579
a 10813 1408 16
f 157
a 10814 2208 16
f 2867
a 10815 624 16
f 8528
a 10816 1008 16
f 4120
a 10817 39216 16
f 253
a 10818 1280 256
f 7827
a 10819 2480 64
f 5665
a 10820 11232 16
f 8256
a 10821 6784 16
f 4895
a 10822 2016 64
f 4307
a 10823 704 64
f 8308
a 10824 37040 64
f 6704
a 10825 51664 256
f 7215
a 10826 5152 256
f 4617
a 10827 1216 256
f 5196
a 10828 1952 64
f 362
a 10829 416 64
f 797
a 10830 736 256
f 7542
a 10831 3856 256
f 232
a 10832 15984 256
f 10702
a 10833 47648 16
f 8119
a 10834 2144 16
f 1953
a 10835 13104 16
f 7061
a 10836 48848 64
f 2326
a 10837 640 64
f 1997
a 10838 1872 256
f 9407
a 10839 29728 64
f 5538
a 10840 1616 256
f 2854
a 10841 928 64
f 910
a 10842 28192 64
f 6627
a 10843 18464 64
f 2734
a 10844 336 64
f 9416
a 10845 848 16
f 10741
a 10846 1952 256
f 7103
a 10847 17920 256
f 946
a 10848 1536 16
f 2337
a 10849 9472 64
f 10484
a 10850 6720 256
f 4504
a 10851 18512 64
f 3393
a 10852 6608 16
f 2235
a 10853 704 256
f 2107
a 10854 928 64
f 1012
a 10855 14032 16
f 9078
a 10856 1008 16
f 8
a 10857 12016 256
f 8818
a 10858 912 256
f 9347
a 10859 3728 16
f 2692
a 10860 5680 256
f 5202
a 10861 3968 256
f 2280
a 10862 7056 16
f 61
a 10863 8160 256
f 6166
a 10864 1072 16
f 9009
a 10865 7472 64
f 10198
a 10866 704 64
f 4146
a 10867 51648 256
f 7030
a 10868 64848 64
f 2423
a 10869 4256 256
f 542
a 10870 19072 256
f 2055
a 10871 11312 16
f 3071
a 10872 816 64
f 10130
a 10873 416 256
f 2398
a 10874 28576 256
f 8491
a 10875 784 256
f 773
a 10876 7712 256
f 9745
a 10877 22208 64
f 7342
a 10878 2016 256
f 1737
a 10879 448 64
f 8062
a 10880 3856 256
f 9842
a 10881 19136 256
f 3905
a 10882 5792 256
f 6312
a 10883 33520 16
f 2157
a 10884 1504 256
f 5399
a 10885 10112 256
f 6913
a 10886 2208 64
f 8964
a 10887 576 256
f 5518
a 10888 16864 256
f 508
a 10889 608 256
f 2548
a 10890 3632 64
f 24
a 10891 3728 16
f 8714
a 10892 35360 16
f 9350
a 10893 304 256
f 7736
a 10894 35264 256
f 5056
a 10895 7072 64
f 9499
a 10896 1984 256
f 8021
a 10897 8160 16
f 4327
a 10898 41424 16
f 10642
a 10899 4992 256
f 4429
a 10900 36896 16
f 10517
a 10901 32512 256
f 1814
a 10902 1344 64
f 6525
a 10903 3376 64
f 8634
a 10904 8688 16
f 5264
a 10905 2224 64
f 1739
a 10906 9088 64
f 256
a 10907 3040 256
f 2180
a 10908 3760 256
f 6017
a 10909 992 16
f 7973
a 10910 6208 64
f 4100
a 10911 14448 64
f 3095
a 10912 640 64
f 10761
a 10913 54432 256
f 5228
a 10914 1008 16
f 7476
a 10915 37120 64
f 3585
a 10916 2720 256
f 1497
a 10917 12624 64
f 4662
a 10918 10240 256
f 1587
a 10919 23392 16
f 3727
a 10920 8272 256
f 6971
a 10921 1968 64
f 8609
a 10922 2720 64
f 6119
a 10923 1952 256
f 9186
a 10924 480 64
f 6658
a 10925 880 256
f 4630
a 10926 608 16
f 5387
a 10927 10640 16
f 7980
a 10928 1744 256
f 4610
a 10929 352 64
f 10076
a 10930 1440 64
f 6346
a 10931 23008 16
f 10919
a 10932 6000 256
f 8719
a 10933 720 16
f 8103
a 10934 3984 16
f 4899
a 10935 20848 256
f 9348
a 10936 14512 64
f 10432
a 10937 29568 256
f 2931
a 10938 1808 256
f 978
a 10939 928 16
f 6491
a 10940 1808 256
f 876
a 10941 14528 256
f 1474
a 10942 496 64
f 7656
a 10943 15664 16
f 10414
a 10944 12112 64
f 3207
a 10945 11040 256
f 5632
a 10946 304 16
f 9257
a 10947 1648 16
f 6406
a 10948 448 64
f 5194
a 10949 9712 64
f 10814
a 10950 15344 16
f 7793
a 10951 44640 64
f 1819
a 10952 1888 64
f 4248
a 10953 37760 16
f 10323
a 10954 336 16
f 3988
a 10955 17840 256
f 2887
a 10956 384 16
f 7643
a 10957 432 16
f 2406
a 10958 3856 256
f 2796
a 10959 592 256
f 2731
a 10960 48512 64
f 2074
a 10961 2560 16
f 5802
a 10962 576 64
f 2649
a 10963 23696 64
f 9920
a 10964 4544 256
f 2095
a 10965 17376 256
f 10241
a 10966 6896 16
f 8497
a 10967 1392 64
f 1275
a 10968 50688 16
f 684
a 10969 2432 64
f 3611
a 10970 352 256
f 4142
a 10971 2016 16
f 2893
a 10972 1984 256
f 3978
a 10973 1168 64
f 2084
a 10974 48096 64
f 8533
a 10975 2848 256
f 5174
a 10976 560 64
f 506
a 10977 816 256
f 3473
a 10978 7104 16
f 1282
a 10979 12112 64
f 3725
a 10980 496 16
f 3589
a 10981 6832 64
f 6490
a 10982 1792 16
f 2080
a 10983 6896 64
f 5283
a 10984 5760 64
f 1324
a 10985 1744 64
f 698
a 10986 2000 16
f 8705
a 10987 61152 64
f 6316
a 10988 14112 256
f 197
a 10989 11936 256
f 4549
a 10990 12384 64
f 9037
a 10991 63648 64
f 4552
a 10992 1728 256
f 3141
a 10993 4816 64
f 5798
a 10994 15936 16
f 7548
a 10995 1216 16
f 6475
a 10996 10224 16
f 2991
a 10997 1936 256
f 187
a 10998 4368 64
f 7982
a 10999 34400 16
c step-1000
f 6111
a 11000 848 64
f 3736
a 11001 624 256
f 3961
a 11002 1568 256
f 9969
a 11003 624 64
f 1171
a 11004 1840 64
f 7369
a 11005 64000 16
f 9198
a 11006 13696 256
f 4807
a 11007 3664 256
f 3648
a 11008 848 16
f 6448
a 11009 27328 64
f 9361
a 11010 15632 256
f 10533
a 11011 3520 256
f 781
a 11012 2768 64
f 861
a 11013 512 16
f 2858
a 11014 32080 256
f 1330
a 11015 13392 256
f 9941
a 11016 15376 16
f 908
a 11017 55120 64
f 6350
a 11018 4048 16
f 2187
a 11019 976 256
f 6553
a 11020 25472 256
f 10703
a 11021 14608 16
f 3688
a 11022 1680 16
f 10023
a 11023 25600 256
f 2489
a 11024 35408 64
f 188
a 11025 3328 64
f 1222
a 11026 1376 64
f 2553
a 11027 1792 16
f 991
a 11028 49168 64
f 1407
a 11029 4608 256
f 2111
a 11030 11200 16
f 4997
a 11031 368 256
f 3545
a 11032 52272 256
f 1126
a 11033 416 64
f 2653
a 11034 19728 256
f 10525
a 11035 57968 64
f 10282
a 11036 2544 256
f 7902
a 11037 304 16
f 9923
a 11038 11488 64
f 10599
a 11039 28976 256
f 8697
a 11040 48768 64
f 5954
a 11041 3936 16
f 6052
a 11042 5136 256
f 973
a 11043 912 16
f 4232
a 11044 1008 256
f 3003
a 11045 38512 64
f 4458
a 11046 13584 64
f 10348
a 11047 16288 256
f 7626
a 11048 3200 64
f 5844
a 11049 12704 64
f 10797
a 11050 384 16
f 5631
a 11051 512 16
f 1356
a 11052 29056 64
f 2015
a 11053 8240 64
f 3160
a 11054 29776 16
f 7730
a 11055 448 16
f 9561
a 11056 7200 256
f 2485
a 11057 944 256
f 4995
a 11058 2880 256
f 5819
a 11059 848 16
f 3943
a 11060 272 256
f 4572
a 11061 6032 256
f 2119
a 11062 16032 64
f 6931
a 11063 5760 64
f 4030
a 11064 976 64
f 5371
a 11065 928 64
f 5936
a 11066 3424 16
f 577
a 11067 1088 16
f 6625
a 11068 1808 16
f 406
a 11069 7008 256
f 5831
a 11070 20064 64
f 4913
a 11071 41488 256
f 5123
a 11072 53408 16
f 3770
a 11073 27408 256
f 1246
a 11074 304 64
f 2049
a 11075 22944 256
f 2504
a 11076 1616 64
f 5094
a 11077 1552 64
f 10735
a 11078 19344 16
f 3073
a 11079 29792 16
f 9296
a 11080 61216 16
f 4068
a 11081 24000 256
f 4204
a 11082 5568 256
f 9574
a 11083 52672 256
f 997
a 11084 25520 16
f 6584
a 11085 640 256
f 8922
a 11086 496 16
f 10600
a 11087 17952 256
f 9962
a 11088 25504 256
f 5046
a 11089 11168 16
f 7848
a 11090 21216 16
f 2607
a 11091 1120 64
f 5007
a 11092 6560 16
f 654
a 11093 2384 256
f 10513
a 11094 3184 64
f 7044
a 11095 20784 16
f 10764
a 11096 5024 16
f 3830
a 11097 62560 256
f 1696
a 11098 3280 16
f 6751
a 11099 320 64
f 5724
a 11100 1056 16
f 7268
a 11101 46704 256
f 6555
a 11102 11168 16
f 9486
a 11103 5120 256
f 381
a 11104 12704 16
f 9961
a 11105 28144 16
f 8647
a 11106 448 64
f 7040
a 11107 17408 256
f 7913
a 11108 288 256
f 1513
a 11109 9104 16
f 6795
a 11110 3024 16
f 625
a 11111 29904 256
f 1440
a 11112 35200 256
f 882
a 11113 416 16
f 3662
a 11114 41632 16
f 759
a 11115 43344 256
f 6216
a 11116 31808 16
f 7809
a 11117 16368 16
f 2943
a 11118 22064 64
f 4850
a 11119 4208 16
f 53
a 11120 20736 16
f 7442
a 11121 1568 256
f 6495
a 11122 45440 256
f 743
a 11123 1584 16
f 9231
a 11124 6128 16
f 7069
a 11125 1872 16
f 11082
a 11126 496 256
f 4788
a 11127 53312 64
f 3747
a 11128 576 64
f 3762
a 11129 13888 256
f 10844
a 11130 880 256
f 6152
a 11131 7888 256
f 2535
a 11132 38064 256
f 2124
a 11133 31552 64
f 94
a 11134 656 16
f 10740
a 11135 17904 64
f 1337
a 11136 688 256
f 4708
a 11137 336 16
f 6303
a 11138 58224 256
f 1210
a 11139 35184 64
f 7874
a 11140 27680 256
f 4041
a 11141 44752 16
f 5477
a 11142 28320 16
f 8126
a 11143 960 64
f 1018
a 11144 37632 256
f 10597
a 11145 1872 64
f 5182
a 11146 32384 64
f 7882
a 11147 7776 64
f 9261
a 11148 63744 16
f 11037
a 11149 928 16
f 8772
a 11150 61376 256
f 7853
a 11151 15040 64
f 7585
a 11152 18352 16
f 8233
a 11153 12672 16
f 8611
a 11154 1616 64
f 4239
a 11155 1936 64
f 2663
a 11156 784 16
f 6773
a 11157 288 16
f 918
a 11158 1488 64
f 10158
a 11159 784 64
f 4351
a 11160 11760 256
f 8952
a 11161 1504 256
f 2318
a 11162 36416 256
f 5745
a 11163 12688 256
f 2603
a 11164 656 64
f 1489
a 11165 58480 256
f 2530
a 11166 464 16
f 236
a 11167 4448 256
f 4690
a 11168 26672 256
f 3405
a 11169 12720 256
f 7842
a 11170 22880 64
f 9805
a 11171 912 64
f 6631
a 11172 1920 64
f 5380
a 11173 1248 256
f 5116
a 11174 1424 64
f 5549
a 11175 288 256
f 583
a 11176 2800 16
f 159
a 11177 48160 256
f 10070
a 11178 15824 16
f 1529
a 11179 7456 256
f 2855
a 11180 1904 64
f 6688
a 11181 2208 64
f 9206
a 11182 60336 256
f 2743
a 11183 1696 64
f 2577
a 11184 672 64
f 6880
a 11185 1936 64
f 2330
a 11186 7424 256
f 2415
a 11187 288 256
f 2082
a 11188 34752 16
f 6116
a 11189 3504 64
f 9915
a 11190 5504 64
f 10811
a 11191 2720 64
f 2479
a 11192 6560 16
f 5590
a 11193 13488 16
f 7191
a 11194 3808 16
f 8436
a 11195 1168 16
f 10128
a 11196 1984 256
f 3632
a 11197 368 256
f 1436
a 11198 18608 16
f 10238
a 11199 2272 16
f 7005
a 11200 2496 64
f 8365
a 11201 384 64
f 10415
a 11202 55248 64
f 9201
a 11203 816 16
f 7362
a 11204 13488 256
f 7363
a 11205 1440 256
f 3082
a 11206 960 64
f 1243
a 11207 7808 256
f 9399
a 11208 40736 256
f 4934
a 11209 560 256
f 2955
a 11210 784 64
f 3796
a 11211 304 16
f 5471
a 11212 1440 16
f 6839
a 11213 1136 256
f 7372
a 11214 30592 256
f 8529
a 11215 1440 64
f 2018
a 11216 512 64
f 6712
a 11217 320 256
f 1408
a 11218 7936 64
f 688
a 11219 288 16
f 8913
a 11220 1792 256
f 3022
a 11221 8880 256
f 2993
a 11222 7312 16
f 7299
a 11223 23520 64
f 10897
a 11224 336 16
f 2399
a 11225 12032 64
f 9557
a 11226 25584 64
f 4671
a 11227 12128 256
f 7338
a 11228 32560 256
f 8464
a 11229 912 64
f 9741
a 11230 29488 256
f 2853
a 11231 288 64
f 4212
a 11232 14688 16
f 5566
a 11233 1184 64
f 1731
a 11234 1696 64
f 5132
a 11235 16032 16
f 9922
a 11236 1728 256
f 6741
a 11237 912 256
f 353
a 11238 1984 256
f 9756
a 11239 272 16
f 1283
a 11240 3440 16
f 1090
a 11241 39216 16
f 89
a 11242 35776 64
f 7572
a 11243 25728 16
f 4072
a 11244 61440 64
f 3706
a 11245 2240 16
f 3048
a 11246 1536 16
f 2644
a 11247 2304 16
f 5383
a 11248 6544 16
f 1720
a 11249 704 256
f 4789
a 11250 1104 64
f 6178
a 11251 2912 16
f 2512
a 11252 3312 256
f 3258
a 11253 848 16
f 10547
a 11254 20336 256
f 4730
a 11255 1856 256
f 1982
a 11256 23456 64
f 8490
a 11257 512 16
f 8040
a 11258 9376 16
f 2994
a 11259 432 256
f 5250
a 11260 1120 256
f 4469
a 11261 336 64
f 9916
a 11262 18064 16
f 8803
a 11263 14256 64
f 3413
a 11264 9280 256
f 11061
a 11265 1280 16
f 5062
a 11266 1568 256
f 4631
a 11267 3792 16
f 5135
a 11268 2800 256
f 7405
a 11269 1920 64
f 11208
a 11270 12016 256
f 11196
a 11271 16064 16
f 10402
a 11272 432 256
f 7152
a 11273 52880 64
f 9058
a 11274 31376 64
f 1555
a 11275 3072 64
f 697
a 11276 4768 16
f 10248
a 11277 1136 64
f 7173
a 11278 12512 64
f 8572
a 11279 19792 256
f 10281
a 11280 31664 256
f 10061
a 11281 15328 64
f 1157
a 11282 3024 256
f 8674
a 11283 5856 64
f 3907
a 11284 1952 16
f 9620
a 11285 65040 16
f 485
a 11286 432 16
f 9710
a 11287 13344 256
f 5111
a 11288 13680 16
f 4509
a 11289 23104 16
f 543
a 11290 1888 256
f 7870
a 11291 2688 16
f 8504
a 11292 10720 16
f 4639
a 11293 48448 256
f 10471
a 11294 9760 256
f 5885
a 11295 3456 16
f 2097
a 11296 63536 64
f 10141
a 11297 32176 16
f 8278
a 11298 11648 64
f 8819
a 11299 336 256
f 9267
a 11300 2992 256
f 7658
a 11301 288 64
f 5101
a 11302 25776 64
f 9951
a 11303 20000 16
f 6689
a 11304 320 256
f 3300
a 11305 31072 256
f 3118
a 11306 992 16
f 2760
a 11307 416 64
f 4670
a 11308 1856 256
f 6730
a 11309 6512 16
f 11144
a 11310 6352 16
f 11254
a 11311 432 64
f 3338
a 11312 11712 16
f 10974
a 11313 368 16
f 1092
a 11314 624 16
f 4153
a 11315 496 256
f 10528
a 11316 4976 16
f 11275
a 11317 11936 256
f 5092
a 11318 19696 16
f 3430
a 11319 480 16
f 9318
a 11320 37104 256
f 2917
a 11321 30592 16
f 7213
a 11322 13248 64
f 8043
a 11323 10608 64
f 682
a 11324 3856 16
f 9424
a 11325 23600 256
f 10109
a 11326 15872 16
f 3492
a 11327 60752 16
f 1329
a 11328 45824 256
f 7144
a 11329 10912 256
f 7150
a 11330 26608 16
f 7166
a 11331 272 16
f 9520
a 11332 23920 64
f 10245
a 11333 2432 64
f 1445
a 11334 23024 64
f 4381
a 11335 2416 256
f 9925
a 11336 1088 256
f 9626
a 11337 7008 64
f 457
a 11338 448 16
f 87
a 11339 3888 64
f 4190
a 11340 2800 16
f 4207
a 11341 14128 16
f 2789
a 11342 320 16
f 2848
a 11343 14784 256
f 9905
a 11344 2928 16
f 8580
a 11345 36576 256
f 6015
a 11346 2256 256
f 2246
a 11347 1232 256
f 10380
a 11348 18208 16
f 4863
a 11349 11904 256
f 8935
a 11350 1008 64
f 10259
a 11351 1504 256
f 3731
a 11352 1840 256
f 8718
a 11353 784 256
f 2276
a 11354 7248 16
f 777
a 11355 36784 64
f 1412
a 11356 1184 16
f 2664
a 11357 704 64
f 5199
a 11358 56032 256
f 4433
a 11359 864 16
f 11209
a 11360 400 64
f 9703
a 11361 30768 16
f 5026
a 11362 28688 16
f 9219
a 11363 7008 16
f 11198
a 11364 9536 256
f 5912
a 11365 2576 16
f 4587
a 11366 1712 16
f 2228
a 11367 21936 256
f 9815
a 11368 5248 256
f 9458
a 11369 3600 256
f 10714
a 11370 11920 64
f 2506
a 11371 13952 256
f 6830
a 11372 384 16
f 4629
a 11373 5664 256
f 6242
a 11374 1344 256
f 10722
a 11375 34960 64
f 2047
a 11376 43664 16
f 9419
a 11377 1584 16
f 263
a 11378 2448 256
f 9570
a 11379 1696 64
f 6619
a 11380 14064 64
f 985
a 11381 2768 64
f 6484
a 11382 2720 16
f 2586
a 11383 20176 16
f 5565
a 11384 464 64
f 9370
a 11385 1280 256
f 484
a 11386 30608 16
f 816
a 11387 6768 64
f 11303
a 11388 640 16
f 465
a 11389 2832 256
f 5018
a 11390 272 16
f 11132
a 11391 59856 64
f 10910
a 11392 10960 16
f 2831
a 11393 34768 16
f 3554
a 11394 2848 64
f 7033
a 11395 1920 64
f 5735
a 11396 6272 16
f 11009
a 11397 2096 64
f 8395
a 11398 13360 64
f 2811
a 11399 8896 256
f 9778
a 11400 4416 16
f 3388
a 11401 576 64
f 10955
a 11402 1536 16
f 4941
a 11403 1216 64
f 1994
a 11404 41056 16
f 2839
a 11405 2016 256
f 10255
a 11406 1984 256
f 9552
a 11407 1056 256
f 11329
a 11408 400 64
f 853
a 11409 3376 256
f 11353
a 11410 31328 256
f 2104
a 11411 512 16
f 8568
a 11412 48272 256
f 10506
a 11413 512 64
f 7284
a 11414 22352 64
f 5131
a 11415 432 64
f 1804
a 11416 2816 16
f 2711
a 11417 944 256
f 10652
a 11418 8736 256
f 8175
a 11419 496 16
f 7580
a 11420 1488 64
f 3200
a 11421 352 64
f 9018
a 11422 496 256
f 2619
a 11423 880 64
f 9849
a 11424 10832 256
f 11418
a 11425 960 256
f 4647
a 11426 272 64
f 8307
a 11427 3808 16
f 1810
a 11428 3280 64
f 9065
a 11429 2672 256
f 3364
a 11430 416 16
f 4869
a 11431 6224 256
f 9245
a 11432 6784 16
f 9698
a 11433 17024 64
f 3664
a 11434 3840 256
f 11237
a 11435 976 64
f 8715
a 11436 3728 16
f 7223
a 11437 3824 64
f 2001
a 11438 2080 64
f 1373
a 11439 1952 256
f 10829
a 11440 2416 64
f 3618
a 11441 30880 256
f 3223
a 11442 5296 256
f 9892
a 11443 23376 64
f 6274
a 11444 3840 256
f 170
a 11445 36368 16
f 3192
a 11446 44416 256
f 870
a 11447 28288 256
f 3289
a 11448 15168 256
f 10853
a 11449 14416 16
f 6924
a 11450 30176 64
f 9289
a 11451 1232 64
f 9230
a 11452 8864 64
f 7067
a 11453 1120 16
f 1875
a 11454 336 256
f 5926
a 11455 5376 256
f 2597
a 11456 61680 64
f 9510
a 11457 30096 256
f 3423
a 11458 15216 16
f 1640
a 11459 896 16
f 6706
a 11460 832 16
f 6737
a 11461 13808 64
f 6113
a 11462 320 256
f 7406
a 11463 29280 16
f 6871
a 11464 3024 256
f 65
a 11465 31136 64
f 1669
a 11466 1312 64
f 8002
a 11467 8080 16
f 5981
a 11468 64432 64
f 6282
a 11469 864 256
f 401
a 11470 304 16
f 3224
a 11471 52096 64
f 4808
a 11472 4448 256
f 6912
a 11473 23152 256
f 8977
a 11474 848 64
f 9868
a 11475 1568 16
f 1847
a 11476 352 16
f 10626
a 11477 41264 256
f 10474
a 11478 28112 16
f 2646
a 11479 16800 256
f 1710
a 11480 400 16
f 3660
a 11481 688 16
f 982
a 11482 1440 256
f 1675
a 11483 2880 256
f 8518
a 11484 416 256
f 10582
a 11485 2400 256
f 2178
a 11486 3696 16
f 11012
a 11487 7424 16
f 9075
a 11488 1920 256
f 8793
a 11489 464 16
f 1568
a 11490 14224 64
f 2726
a 11491 23088 64
f 693
a 11492 3056 256
f 7485
a 11493 944 256
f 10186
a 11494 3472 256
f 10561
a 11495 928 16
f 10992
a 11496 6112 16
f 3903
a 11497 24064 64
f 47
a 11498 3264 256
f 4366
a 11499 3664 16
c step-1500
f 4839
a 11500 13488 16
f 8992
a 11501 1744 256
f 5689
a 11502 1632 16
f 3045
a 11503 640 256
f 9071
a 11504 928 16
f 4455
a 11505 5520 16
f 1220
a 11506 848 16
f 6499
a 11507 768 256
f 1239
a 11508 320 256
f 3561
a 11509 816 256
f 7575
a 11510 2640 256
f 5223
a 11511 528 64
f 9268
a 11512 6992 256
f 7505
a 11513 5776 16
f 5930
a 11514 9552 64
f 3243
a 11515 7232 256
f 6976
a 11516 8048 16
f 2681
a 11517 1888 16
f 8075
a 11518 7376 64
f 8254
a 11519 30400 64
f 478
a 11520 13376 256
f 6765
a 11521 3744 256
f 4329
a 11522 41584 256
f 2634
a 11523 12096 256
f 3801
a 11524 6176 64
f 7711
a 11525 1200 16
f 4223
a 11526 3936 256
f 7927
a 11527 1024 16
f 1685
a 11528 752 16
f 6598
a 11529 2784 256
f 716
a 11530 1328 16
f 1073
a 11531 832 16
f 550
a 11532 928 256
f 615
a 11533 16192 16
f 474
a 11534 28784 16
f 6513
a 11535 14976 16
f 5579
a 11536 3792 64
f 6571
a 11537 6720 256
f 4542
a 11538 47168 64
f 9767
a 11539 28992 16
f 2584
a 11540 1408 256
f 7408
a 11541 288 256
f 7706
a 11542 9424 256
f 3596
a 11543 24080 64
f 9757
a 11544 7344 256
f 5379
a 11545 2928 256
f 8290
a 11546 31040 256
f 4577
a 11547 25664 64
f 1039
a 11548 47248 64
f 276
a 11549 11840 16
f 292
a 11550 400 256
f 11531
a 11551 5840 16
f 6176
a 11552 368 256
f 509
a 11553 4880 16
f 186
a 11554 6256 256
f 4838
a 11555 3216 64
f 2992
a 11556 352 256
f 9516
a 11557 2672 256
f 10436
a 11558 19136 64
f 2162
a 11559 352 256
f 6606
a 11560 17696 16
f 7909
a 11561 2448 16
f 3085
a 11562 26288 64
f 4420
a 11563 40752 256
f 6140
a 11564 3088 256
f 1444
a 11565 9632 16
f 3103
a 11566 18256 256
f 3255
a 11567 19152 256
f 3753
a 11568 24656 64
f 9060
a 11569 55120 64
f 990
a 11570 1904 64
f 7451
a 11571 560 64
f 4780
a 11572 4096 256
f 5785
a 11573 12912 256
f 7732
a 11574 58016 256
f 6752
a 11575 8688 256
f 4489
a 11576 4704 256
f 11152
a 11577 5824 64
f 11025
a 11578 6704 64
f 5336
a 11579 34000 64
f 10802
a 11580 53616 64
f 3926
a 11581 4000 16
f 3202
a 11582 624 16
f 2557
a 11583 320 64
f 4108
a 11584 28448 16
f 293
a 11585 22960 256
f 559
a 11586 1520 16
f 3126
a 11587 1632 64
f 895
a 11588 23920 256
f 7641
a 11589 4768 64
f 5170
a 11590 1328 64
f 9990
a 11591 10368 64
f 9409
a 11592 14736 64
f 1971
a 11593 304 256
f 6721
a 11594 768 256
f 2194
a 11595 6112 16
f 5867
a 11596 368 16
f 2451
a 11597 7856 64
f 6511
a 11598 3648 16
f 4076
a 11599 5856 16
f 6240
a 11600 5088 64
f 1382
a 11601 480 256
f 1437
a 11602 16928 64
f 8156
a 11603 720 64
f 7576
a 11604 496 64
f 6087
a 11605 13248 256
f 10548
a 11606 6800 256
f 1647
a 11607 560 16
f 2872
a 11608 9648 256
f 1673
a 11609 1632 64
f 9139
a 11610 368 256
f 5717
a 11611 31056 64
f 2590
a 11612 53968 64
f 104
a 11613 37792 256
f 2143
a 11614 448 16
f 11595
a 11615 4048 64
f 6916
a 11616 1744 16
f 3193
a 11617 14032 16
f 1966
a 11618 3056 256
f 10771
a 11619 43088 256
f 5998
a 11620 1440 16
f 2654
a 11621 368 256
f 10002
a 11622 1632 256
f 10773
a 11623 16800 256
f 8270
a 11624 2832 16
f 3083
a 11625 6096 16
f 9425
a 11626 608 256
f 4084
a 11627 59920 64
f 5978
a 11628 1152 256
f 5764
a 11629 2032 64
f 10027
a 11630 464 16
f 1969
a 11631 1728 64
f 1338
a 11632 15216 16
f 7199
a 11633 20496 16
f 1565
a 11634 14960 16
f 3832
a 11635 1856 16
f 9981
a 11636 1152 256
f 8434
a 11637 2384 64
f 2282
a 11638 2384 64
f 4060
a 11639 19504 256
f 6681
a 11640 10784 256
f 7536
a 11641 17360 64
f 11510
a 11642 1216 64
f 9600
a 11643 368 256
f 10155
a 11644 3296 16
f 7379
a 11645 23920 16
f 5756
a 11646 6336 16
f 3673
a 11647 7536 64
f 4217
a 11648 5616 16
f 10461
a 11649 8656 16
f 3975
a 11650 4144 256
f 575
a 11651 7392 256
f 4615
a 11652 3248 64
f 1590
a 11653 304 64
f 10420
a 11654 46464 64
f 1561
a 11655 2528 16
f 8502
a 11656 544 16
f 8138
a 11657 672 256
f 10058
a 11658 896 16
f 553
a 11659 10944 16
f 1823
a 11660 31760 64
f 3847
a 11661 24944 64
f 6698
a 11662 5088 256
f 11421
a 11663 2240 16
f 7307
a 11664 2768 64
f 173
a 11665 35232 256
f 11
a 11666 864 64
f 8752
a 11667 12912 16
f 11612
a 11668 4432 256
f 8879
a 11669 736 64
f 151
a 11670 7136 16
f 1781
a 11671 1936 64
f 2910
a 11672 7712 16
f 842
a 11673 2912 256
f 807
a 11674 15792 64
f 6838
a 11675 848 256
f 7729
a 11676 608 16
f 1053
a 11677 53776 256
f 535
a 11678 7056 16
f 6805
a 11679 22592 16
f 9637
a 11680 1632 256
f 5900
a 11681 4176 256
f 9691
a 11682 28752 256
f 5676
a 11683 496 256
f 9796
a 11684 58640 256
f 8526
a 11685 2560 16
f 4233
a 11686 480 256
f 3640
a 11687 1040 256
f 8643
a 11688 40080 64
f 6517
a 11689 12896 16
f 10540
a 11690 39184 16
f 6228
a 11691 560 16
f 1401
a 11692 21552 16
f 6373
a 11693 16304 16
f 4937
a 11694 15104 64
f 1965
a 11695 288 64
f 4537
a 11696 19488 16
f 8523
a 11697 54336 16
f 6468
a 11698 960 16
f 7543
a 11699 1232 256
f 7936
a 11700 992 256
f 11295
a 11701 880 16
f 6444
a 11702 14640 64
f 8153
a 11703 272 256
f 8704
a 11704 2144 16
f 3499
a 11705 18096 64
f 2944
a 11706 512 256
f 6873
a 11707 736 16
f 2717
a 11708 25424 64
f 5528
a 11709 688 16
f 7164
a 11710 10432 64
f 9167
a 11711 3536 16
f 1897
a 11712 19344 16
f 8477
a 11713 928 16
f 685
a 11714 416 256
f 7402
a 11715 7952 64
f 8759
a 11716 8112 256
f 2200
a 11717 24144 16
f 2037
a 11718 52240 16
f 9871
a 11719 60416 64
f 10480
a 11720 53344 64
f 4664
a 11721 20896 16
f 9177
a 11722 272 256
f 9908
a 11723 720 64
f 10478
a 11724 2432 256
f 2545
a 11725 3056 256
f 2828
a 11726 4416 16
f 10578
a 11727 640 256
f 5137
a 11728 1392 64
f 4137
a 11729 3888 256
f 3972
a 11730 448 64
f 4034
a 11731 7376 16
f 5278
a 11732 13024 256
f 1113
a 11733 4560 256
f 11278
a 11734 3328 256
f 1938
a 11735 400 16
f 3870
a 11736 24480 64
f 3527
a 11737 3248 16
f 5395
a 11738 880 256
f 5142
a 11739 18288 16
f 11447
a 11740 4080 64
f 8360
a 11741 1936 256
f 4516
a 11742 2000 16
f 2978
a 11743 11888 256
f 5508
a 11744 1264 256
f 7384
a 11745 12080 64
f 10825
a 11746 44336 256
f 6735
a 11747 1696 256
f 7537
a 11748 8016 16
f 1902
a 11749 1696 256
f 6845
a 11750 5440 64
f 3493
a 11751 1312 256
f 3691
a 11752 1648 256
f 6094
a 11753 28096 16
f 3226
a 11754 944 16
f 6586
a 11755 5968 64
f 6842
a 11756 3680 256
f 4264
a 11757 384 64
f 5146
a 11758 7808 256
f 9333
a 11759 6528 16
f 4522
a 11760 36144 16
f 241
a 11761 24416 16
f 4474
a 11762 352 16
f 3552
a 11763 3456 256
f 9011
a 11764 10656 16
f 11321
a 11765 9952 256
f 1008
a 11766 304 64
f 6252
a 11767 2016 16
f 7811
a 11768 25808 16
f 5809
a 11769 3728 256
f 5494
a 11770 2368 64
f 3909
a 11771 512 256
f 9993
a 11772 2128 16
f 5234
a 11773 5568 256
f 11489
a 11774 9088 256
f 10439
a 11775 512 16
f 11522
a 11776 1104 64
f 6061
a 11777 3936 256
f 2565
a 11778 4736 16
f 11084
a 11779 14448 16
f 1549
a 11780 2992 256
f 3133
a 11781 24480 64
f 2417
a 11782 288 256
f 355
a 11783 368 16
f 1176
a 11784 56176 16
f 5479
a 11785 9072 64
f 4012
a 11786 2800 64
f 9901
a 11787 4112 256
f 2190
a 11788 720 16
f 1727
a 11789 3472 16
f 4736
a 11790 5088 256
f 6071
a 11791 384 16
f 7045
a 11792 560 64
f 6089
a 11793 24320 16
f 4336
a 11794 2256 256
f 5634
a 11795 3696 64
f 7967
a 11796 448 64
f 8888
a 11797 288 256
f 11044
a 11798 35600 16
f 4467
a 11799 624 64
f 6746
a 11800 832 16
f 4067
a 11801 21328 16
f 11336
a 11802 1168 16
f 9209
a 11803 12640 64
f 8415
a 11804 50816 64
f 7175
a 11805 928 256
f 8804
a 11806 62256 16
f 5564
a 11807 33280 256
f 8970
a 11808 816 16
f 3593
a 11809 7120 64
f 10487
a 11810 848 256
f 6788
a 11811 3648 16
f 7293
a 11812 1280 64
f 5247
a 11813 17984 64
f 10473
a 11814 3856 256
f 5956
a 11815 544 16
f 832
a 11816 416 16
f 11371
a 11817 8848 256
f 5448
a 11818 5760 256
f 10056
a 11819 32432 16
f 2033
a 11820 1312 16
f 6165
a 11821 464 64
f 3900
a 11822 24064 16
f 9476
a 11823 9120 64
f 1132
a 11824 304 16
f 4404
a 11825 11216 256
f 129
a 11826 1728 16
f 2271
a 11827 5280 16
f 2615
a 11828 1312 256
f 4428
a 11829 480 16
f 6429
a 11830 25232 256
f 11402
a 11831 31936 64
f 4911
a 11832 2048 64
f 1131
a 11833 51296 64
f 11160
a 11834 416 64
f 10679
a 11835 7808 64
f 2075
a 11836 6848 16
f 2960
a 11837 31136 256
f 2362
a 11838 5088 256
f 441
a 11839 24848 16
f 1651
a 11840 656 16
f 848
a 11841 304 256
f 975
a 11842 416 64
f 8535
a 11843 1776 64
f 9266
a 11844 2112 16
f 11359
a 11845 304 256
f 8238
a 11846 21760 64
f 7832
a 11847 1168 64
f 11828
a 11848 4512 16
f 1562
a 11849 61936 64
f 9711
a 11850 592 64
f 7245
a 11851 26992 256
f 9240
a 11852 20784 16
f 4832
a 11853 1056 16
f 6581
a 11854 41808 256
f 531
a 11855 3568 64
f 6744
a 11856 3264 256
f 2632
a 11857 6384 64
f 8898
a 11858 592 64
f 6911
a 11859 30848 256
f 8151
a 11860 2000 256
f 5483
a 11861 736 256
f 3768
a 11862 2304 64
f 2756
a 11863 25296 256
f 6351
a 11864 26208 256
f 2305
a 11865 416 64
f 4208
a 11866 3888 64
f 1643
a 11867 1008 64
f 6426
a 11868 976 16
f 7091
a 11869 19584 64
f 2334
a 11870 8128 16
f 4824
a 11871 4352 256
f 11322
a 11872 992 16
f 9952
a 11873 42816 64
f 9696
a 11874 7712 256
f 1404
a 11875 2032 256
f 1937
a 11876 30048 16
f 9008
a 11877 1248 16
f 11039
a 11878 288 16
f 4422
a 11879 528 64
f 3290
a 11880 13424 256
f 704
a 11881 432 16
f 5591
a 11882 3328 64
f 11853
a 11883 21456 256
f 539
a 11884 7776 256
f 7414
a 11885 14576 16
f 6149
a 11886 12688 16
f 6815
a 11887 832 16
f 6577
a 11888 528 256
f 5552
a 11889 1056 64
f 5269
a 11890 8800 16
f 5880
a 11891 22320 16
f 11013
a 11892 39568 64
f 11454
a 11893 26896 64
f 7646
a 11894 42304 16
f 437
a 11895 2592 16
f 9119
a 11896 53136 64
f 4490
a 11897 19488 64
f 2023
a 11898 17744 16
f 1216
a 11899 54848 16
f 1028
a 11900 1072 256
f 2426
a 11901 384 64
f 11849
a 11902 1616 64
f 10565
a 11903 24704 16
f 7529
a 11904 27216 256
f 859
a 11905 47712 256
f 5008
a 11906 57440 256
f 2304
a 11907 432 64
f 5510
a 11908 15984 16
f 3650
a 11909 1424 16
f 1483
a 11910 1760 16
f 1415
a 11911 4000 64
f 3757
a 11912 304 256
f 9973
a 11913 50752 16
f 1821
a 11914 54352 16
f 7235
a 11915 768 64
f 3896
a 11916 1664 256
f 1434
a 11917 2256 16
f 424
a 11918 864 256
f 3718
a 11919 3712 16
f 1908
a 11920 3008 16
f 11654
a 11921 13120 64
f 841
a 11922 2528 16
f 8454
a 11923 1328 256
f 8457
a 11924 640 64
f 7068
a 11925 7856 256
f 7051
a 11926 768 64
f 4214
a 11927 1904 64
f 11720
a 11928 3808 16
f 3878
a 11929 11760 64
f 9202
a 11930 2672 64
f 115
a 11931 2320 256
f 2386
a 11932 4384 64
f 5919
a 11933 1024 64
f 6889
a 11934 9088 256
f 5164
a 11935 912 16
f 3349
a 11936 10288 16
f 10162
a 11937 9984 16
f 4178
a 11938 15376 16
f 10031
a 11939 17200 64
f 4398
a 11940 2928 64
f 10069
a 11941 15072 64
f 431
a 11942 5104 16
f 3007
a 11943 9664 16
f 11797
a 11944 22672 16
f 8937
a 11945 7360 256
f 11721
a 11946 336 64
f 5525
a 11947 336 16
f 748
a 11948 46784 16
f 565
a 11949 2976 16
f 6003
a 11950 816 256
f 267
a 11951 37280 16
f 11469
a 11952 37936 256
f 4091
a 11953 784 16
f 337
a 11954 43312 16
f 9297
a 11955 17232 64
f 2359
a 11956 48912 256
f 243
a 11957 2960 256
f 11014
a 11958 1632 16
f 9937
a 11959 14352 64
f 4439
a 11960 1824 64
f 11148
a 11961 12208 256
f 2427
a 11962 55632 256
f 2004
a 11963 1952 64
f 8816
a 11964 58704 16
f 1262
a 11965 2192 64
f 4767
a 11966 1168 64
f 6607
a 11967 30576 16
f 2966
a 11968 736 64
f 5870
a 11969 3680 64
f 6001
a 11970 5280 64
f 10715
a 11971 33296 16
f 7158
a 11972 5280 16
f 1098
a 11973 384 64
f 5887
a 11974 3168 16
f 11072
a 11975 61680 64
f 3494
a 11976 976 16
f 11512
a 11977 62720 16
f 6368
a 11978 4752 64
f 11523
a 11979 4016 16
f 11973
a 11980 496 64
f 4496
a 11981 288 16
f 8536
a 11982 23968 16
f 637
a 11983 3232 16
f 11658
a 11984 896 16
f 7726
a 11985 18864 16
f 10345
a 11986 5936 16
f 10564
a 11987 3168 64
f 7472
a 11988 1808 256
f 6264
a 11989 9344 256
f 7948
a 11990 816 64
f 11727
a 11991 13056 256
f 5658
a 11992 560 64
f 7597
a 11993 23904 256
f 9921
a 11994 54480 16
f 9827
a 11995 64464 256
f 2488
a 11996 576 256
f 2287
a 11997 1360 256
f 10603
a 11998 10368 64
f 10185
a 11999 400 256
c step-2000
f 11028
a 12000 30160 64
f 7568
a 12001 640 64
f 2869
a 12002 19904 256
f 8751
a 12003 16000 64
f 8374
a 12004 8016 16
f 9625
a 12005 592 256
f 1990
a 12006 2240 64
f 4770
a 12007 42240 64
f 4172
a 12008 17856 16
f 8015
a 12009 5168 256
f 10850
a 12010 2736 16
f 6609
a 12011 3680 16
f 9066
a 12012 10352 64
f 7511
a 12013 5392 16
f 2222
a 12014 21360 64
f 9271
a 12015 15888 256
f 5815
a 12016 45888 256
f 4006
a 12017 52064 16
f 2113
a 12018 45696 256
f 3734
a 12019 7088 16
f 7743
a 12020 1248 64
f 6693
a 12021 2336 16
f 10333
a 12022 54128 16
f 2774
a 12023 864 16
f 4369
a 12024 14256 256
f 6254
a 12025 17952 16
f 5932
a 12026 256 16
f 8445
a 12027 416 64
f 6984
a 12028 22768 16
f 11157
a 12029 496 256
f 10276
a 12030 16480 16
f 5225
a 12031 8560 64
f 987
a 12032 15184 64
f 9384
a 12033 976 256
f 4045
a 12034 1824 256
f 5444
a 12035 880 256
f 8099
a 12036 320 256
f 10657
a 12037 16496 16
f 9380
a 12038 1920 256
f 11419
a 12039 20176 256
f 58
a 12040 2128 64
f 3742
a 12041 11344 16
f 10330
a 12042 432 64
f 12015
a 12043 464 64
f 11560
a 12044 8320 256
f 10045
a 12045 720 64
f 4325
a 12046 10912 16
f 6318
a 12047 1792 256
f 3219
a 12048 55184 256
f 11095
a 12049 26064 64
f 8999
a 12050 4224 64
f 9134
a 12051 2160 64
f 1603
a 12052 288 256
f 11579
a 12053 704 256
f 9935
a 12054 1344 64
f 4440
a 12055 5424 16
f 1699
a 12056 1200 16
f 3204
a 12057 496 256
f 416
a 12058 4592 256
f 3101
a 12059 46256 16
f 3152
a 12060 15168 64
f 435
a 12061 1024 16
f 11748
a 12062 704 256
f 8620
a 12063 6192 256
f 4880
a 12064 1424 64
f 891
a 12065 720 256
f 4163
a 12066 3456 64
f 4775
a 12067 42432 16
f 9663
a 12068 1168 16
f 10864
a 12069 3936 64
f 3954
a 12070 448 64
f 9388
a 12071 6560 16
f 1746
a 12072 16928 64
f 579
a 12073 31344 64
f 10801
a 12074 52320 256
f 9480
a 12075 35952 16
f 6514
a 12076 832 64
f 7769
a 12077 976 64
f 8054
a 12078 13424 64
f 9212
a 12079 336 256
f 11313
a 12080 912 256
f 4538
a 12081 976 256
f 8209
a 12082 22816 64
f 10956
a 12083 15520 256
f 3966
a 12084 4016 16
f 943
a 12085 2016 256
f 4854
a 12086 54464 64
f 3784
a 12087 1824 256
f 532
a 12088 42976 256
f 7361
a 12089 1360 256
f 1600
a 12090 5216 16
f 11318
a 12091 448 64
f 9282
a 12092 4144 256
f 10616
a 12093 704 256
f 8205
a 12094 432 64
f 11525
a 12095 368 256
f 8105
a 12096 7776 16
f 3636
a 12097 24480 64
f 9505
a 12098 10480 16
f 2002
a 12099 28192 64
f 4723
a 12100 5168 64
f 10507
a 12101 496 64
f 3546
a 12102 14768 16
f 7242
a 12103 14944 256
f 2384
a 12104 24352 64
f 9830
a 12105 5040 16
f 5486
a 12106 368 16
f 6849
a 12107 11872 256
f 2636
a 12108 32512 16
f 5610
a 12109 272 64
f 1130
a 12110 2560 64
f 800
a 12111 39248 64
f 3653
a 12112 23856 16
f 11150
a 12113 5952 256
f 2026
a 12114 6528 256
f 7001
a 12115 656 256
f 8355
a 12116 320 16
f 5573
a 12117 12880 16
f 8216
a 12118 50752 64
f 2212
a 12119 5120 16
f 12069
a 12120 40112 64
f 2971
a 12121 3840 256
f 269
a 12122 26208 256
f 10062
a 12123 56640 64
f 5607
a 12124 58832 64
f 6376
a 12125 12352 64
f 2889
a 12126 400 64
f 5086
a 12127 23968 256
f 4917
a 12128 3568 256
f 6219
a 12129 37568 256
f 7620
a 12130 1056 16
f 4703
a 12131 9456 16
f 5172
a 12132 272 64
f 9554
a 12133 26176 64
f 10696
a 12134 34816 16
f 8419
a 12135 27504 256
f 6454
a 12136 6896 256
f 5105
a 12137 1184 16
f 5840
a 12138 23776 64
f 11111
a 12139 2784 64
f 9684
a 12140 368 256
f 4173
a 12141 6128 16
f 6159
a 12142 18688 256
f 6919
a 12143 2128 256
f 9735
a 12144 1168 256
f 6668
a 12145 13872 256
f 8420
a 12146 1104 16
f 3262
a 12147 13104 64
f 1838
a 12148 1088 64
f 11271
a 12149 816 256
f 9562
a 12150 432 256
f 9612
a 12151 1040 256
f 10589
a 12152 58400 64
f 3403
a 12153 11184 256
f 6004
a 12154 56192 16
f 5796
a 12155 464 64
f 10558
a 12156 3456 16
f 11538
a 12157 816 64
f 4287
a 12158 5952 256
f 8116
a 12159 928 16
f 11486
a 12160 480 64
f 5438
a 12161 2048 16
f 1001
a 12162 448 64
f 8538
a 12163 1760 256
f 7012
a 12164 20192 16
f 7975
a 12165 23728 16
f 10973
a 12166 13360 16
f 11509
a 12167 5520 16
f 5314
a 12168 1456 256
f 4391
a 12169 3280 16
f 9512
a 12170 57696 16
f 8857
a 12171 43792 256
f 3136
a 12172 1072 64
f 7841
a 12173 1264 256
f 5536
a 12174 3600 16
f 5718
a 12175 48288 16
f 8700
a 12176 13792 16
f 10405
a 12177 27168 16
f 8275
a 12178 9552 16
f 6969
a 12179 3248 16
f 4203
a 12180 992 16
f 3510
a 12181 1104 16
f 8317
a 12182 26784 256
f 8786
a 12183 1168 64
f 4836
a 12184 3344 256
f 4778
a 12185 12352 64
f 9671
a 12186 1440 256
f 7417
a 12187 25216 16
f 12045
a 12188 2672 256
f 1869
a 12189 7728 64
f 2452
a 12190 928 64
f 7953
a 12191 2448 256
f 2174
a 12192 2224 64
f 488
a 12193 4400 256
f 3267
a 12194 848 256
f 3634
a 12195 304 64
f 4198
a 12196 61584 16
f 8090
a 12197 1888 16
f 6345
a 12198 6704 64
f 10871
a 12199 560 256
f 8698
a 12200 26336 64
f 9633
a 12201 4000 256
f 8621
a 12202 10928 16
f 1654
a 12203 320 256
f 10889
a 12204 416 16
f 5642
a 12205 14720 16
f 919
a 12206 4016 64
f 7441
a 12207 1040 64
f 6245
a 12208 27616 256
f 5503
a 12209 56368 256
f 9105
a 12210 384 16
f 7662
a 12211 40720 64
f 11068
a 12212 656 64
f 9506
a 12213 1584 256
f 4216
a 12214 30704 256
f 1457
a 12215 18720 16
f 5876
a 12216 1520 256
f 5759
a 12217 15792 64
f 11553
a 12218 640 16
f 5691
a 12219 1264 256
f 8403
a 12220 1568 256
f 10363
a 12221 1952 256
f 3358
a 12222 10912 16
f 2058
a 12223 912 64
f 4026
a 12224 912 16
f 11422
a 12225 26576 256
f 1267
a 12226 52512 256
f 5881
a 12227 1632 16
f 9447
a 12228 58048 256
f 4305
a 12229 544 64
f 4849
a 12230 896 256
f 1796
a 12231 3008 64
f 8164
a 12232 2448 64
f 1070
a 12233 1120 64
f 5335
a 12234 1280 64
f 6645
a 12235 64000 64
f 12194
a 12236 33680 256
f 1662
a 12237 1472 64
f 10026
a 12238 480 256
f 2972
a 12239 23184 16
f 7621
a 12240 12592 64
f 10435
a 12241 6464 16
f 9515
a 12242 272 256
f 7595
a 12243 29984 64
f 11809
a 12244 14576 16
f 7680
a 12245 24672 16
f 9894
a 12246 3888 256
f 10124
a 12247 41056 256
f 10486
a 12248 928 64
f 5120
a 12249 640 64
f 5480
a 12250 29696 64
f 11714
a 12251 55840 16
f 1269
a 12252 416 64
f 10052
a 12253 3952 256
f 7094
a 12254 896 256
f 10762
a 12255 30720 16
f 8076
a 12256 8960 16
f 7459
a 12257 3696 16
f 2388
a 12258 1120 64
f 8883
a 12259 7504 16
f 8802
a 12260 4192 256
f 4844
a 12261 1408 64
f 11347
a 12262 27296 256
f 2840
a 12263 32896 16
f 5997
a 12264 12912 64
f 3508
a 12265 896 256
f 1423
a 12266 28336 16
f 5266
a 12267 656 64
f 10908
a 12268 2032 16
f 2850
a 12269 2240 16
f 6269
a 12270 1392 64
f 11283
a 12271 5360 256
f 6457
a 12272 13088 256
f 6808
a 12273 12336 16
f 5541
a 12274 416 256
f 2694
a 12275 4848 16
f 7386
a 12276 25392 256
f 8025
a 12277 7328 64
f 8624
a 12278 928 256
f 11499
a 12279 26752 16
f 11481
a 12280 3680 64
f 3929
a 12281 288 64
f 9339
a 12282 44240 256
f 10272
a 12283 15440 64
f 6955
a 12284 752 16
f 6561
a 12285 800 64
f 9376
a 12286 400 64
f 1017
a 12287 464 256
f 5398
a 12288 22192 16
f 9346
a 12289 7680 256
f 11338
a 12290 15152 64
f 755
a 12291 432 64
f 2749
a 12292 1552 16
f 3797
a 12293 2752 64
f 3049
a 12294 816 64
f 8515
a 12295 416 64
f 8770
a 12296 63616 256
f 8585
a 12297 336 64
f 8534
a 12298 592 16
f 8168
a 12299 3472 64
f 9822
a 12300 40544 64
f 3334
a 12301 608 64
f 11796
a 12302 304 64
f 12038
a 12303 53200 256
f 4840
a 12304 3408 16
f 12274
a 12305 9648 256
f 10721
a 12306 11936 16
f 1719
a 12307 3616 64
f 9229
a 12308 5936 16
f 3332
a 12309 976 256
f 3287
a 12310 720 16
f 9639
a 12311 2352 64
f 246
a 12312 2320 16
f 1472
a 12313 1200 256
f 7419
a 12314 47952 256
f 661
a 12315 368 64
f 4364
a 12316 2176 64
f 3477
a 12317 18688 64
f 261
a 12318 6992 64
f 1536
a 12319 7920 64
f 1466
a 12320 39904 64
f 11768
a 12321 576 16
f 2226
a 12322 3904 16
f 10935
a 12323 272 64
f 8460
a 12324 2528 16
f 3158
a 12325 12544 16
f 10831
a 12326 3792 256
f 8086
a 12327 784 16
f 5230
a 12328 55840 64
f 5113
a 12329 448 16
f 3922
a 12330 320 64
f 10265
a 12331 2336 256
f 8606
a 12332 35904 16
f 9373
a 12333 2352 256
f 9002
a 12334 1824 16
f 2106
a 12335 15680 64
f 11459
a 12336 5776 256
f 9722
a 12337 22016 64
f 3539
a 12338 28704 64
f 7085
a 12339 1024 256
f 11898
a 12340 11856 16
f 8117
a 12341 2160 256
f 6104
a 12342 352 256
f 9111
a 12343 1216 64
f 7179
a 12344 50464 16
f 1247
a 12345 576 256
f 6982
a 12346 32528 256
f 2810
a 12347 1008 256
f 10060
a 12348 1728 256
f 4294
a 12349 4336 64
f 12049
a 12350 880 16
f 11461
a 12351 10624 256
f 8559
a 12352 31616 16
f 11488
a 12353 13024 16
f 2279
a 12354 320 16
f 483
a 12355 3952 64
f 11126
a 12356 512 16
f 9944
a 12357 2816 64
f 2248
a 12358 6112 64
f 5636
a 12359 1808 256
f 3058
a 12360 24704 64
f 765
a 12361 56000 16
f 1851
a 12362 51104 256
f 500
a 12363 5088 64
f 3120
a 12364 18112 16
f 10257
a 12365 384 64
f 12215
a 12366 33616 256
f 3180
a 12367 1952 64
f 3187
a 12368 9664 16
f 2533
a 12369 496 16
f 3945
a 12370 15776 256
f 3264
a 12371 2848 64
f 10922
a 12372 15248 256
f 11248
a 12373 368 16
f 11218
a 12374 59152 16
f 2526
a 12375 58272 16
f 9914
a 12376 17264 16
f 563
a 12377 1840 16
f 12200
a 12378 2464 256
f 3758
a 12379 49168 256
f 8364
a 12380 12160 256
f 6991
a 12381 688 64
f 10219
a 12382 34704 64
f 9934
a 12383 2960 16
f 8849
a 12384 25152 16
f 1011
a 12385 22800 64
f 6675
a 12386 576 256
f 3740
a 12387 5104 256
f 9287
a 12388 2768 16
f 3087
a 12389 1984 16
f 8032
a 12390 2336 16
f 11527
a 12391 864 16
f 11222
a 12392 44176 64
f 5296
a 12393 1584 256
f 7696
a 12394 1616 64
f 423
a 12395 496 64
f 739
a 12396 4256 64
f 7600
a 12397 26992 16
f 2501
a 12398 2432 256
f 7931
a 12399 544 16
f 10822
a 12400 21088 16
f 10136
a 12401 4912 16
f 1071
a 12402 33072 64
f 11414
a 12403 5408 256
f 11901
a 12404 11408 64
f 1742
a 12405 352 256
f 10449
a 12406 16608 256
f 12275
a 12407 6720 16
f 1773
a 12408 30736 64
f 3220
a 12409 9952 256
f 8894
a 12410 832 256
f 5767
a 12411 1744 16
f 2642
a 12412 5008 256
f 6615
a 12413 24112 64
f 6506
a 12414 60080 256
f 12176
a 12415 50416 256
f 11035
a 12416 1120 64
f 3549
a 12417 53872 256
f 460
a 12418 29168 16
f 466
a 12419 7296 64
f 6447
a 12420 3360 64
f 4002
a 12421 2720 256
f 9686
a 12422 11008 16
f 11394
a 12423 1008 256
f 593
a 12424 784 64
f 5860
a 12425 2032 64
f 4535
a 12426 3408 256
f 1698
a 12427 54160 64
f 10117
a 12428 432 16
f 5408
a 12429 23248 64
f 5175
a 12430 5936 64
f 7194
a 12431 3728 256
f 10756
a 12432 10704 64
f 12147
a 12433 41824 16
f 1918
a 12434 2464 16
f 4057
a 12435 21648 16
f 9976
a 12436 25136 16
f 4363
a 12437 704 64
f 2579
a 12438 752 16
f 4251
a 12439 55600 64
f 8838
a 12440 9120 16
f 5957
a 12441 1696 256
f 5058
a 12442 1904 256
f 3422
a 12443 784 64
f 12431
a 12444 9776 16
f 10962
a 12445 26368 64
f 1280
a 12446 2640 16
f 184
a 12447 11456 64
f 6232
a 12448 21392 16
f 3690
a 12449 1552 256
f 8394
a 12450 28944 256
f 11238
a 12451 1088 256
f 8237
a 12452 55856 16
f 707
a 12453 4832 256
f 4811
a 12454 1504 256
f 7394
a 12455 12192 16
f 3280
a 12456 464 256
f 2602
a 12457 24656 16
f 11435
a 12458 8944 16
f 4520
a 12459 5008 64
f 2360
a 12460 2896 16
f 6760
a 12461 1024 64
f 2518
a 12462 400 64
f 6696
a 12463 30640 256
f 10247
a 12464 4128 64
f 12107
a 12465 2464 256
f 5760
a 12466 2464 64
f 8847
a 12467 43280 256
f 12313
a 12468 8016 256
f 6846
a 12469 6960 256
f 11701
a 12470 640 256
f 7080
a 12471 1312 16
f 12402
a 12472 11504 256
f 900
a 12473 46656 256
f 8997
a 12474 8928 256
f 12316
a 12475 47008 64
f 11908
a 12476 288 256
f 10385
a 12477 2448 256
f 8876
a 12478 27856 16
f 11787
a 12479 51872 16
f 5467
a 12480 27968 16
f 3163
a 12481 2944 256
f 8896
a 12482 704 64
f 1482
a 12483 1728 64
f 12054
a 12484 9696 256
f 2293
a 12485 752 256
f 4407
a 12486 3936 256
f 10465
a 12487 1488 256
f 4158
a 12488 40224 64
f 11620
a 12489 4928 16
f 8397
a 12490 2592 16
f 6894
a 12491 17312 64
f 2794
a 12492 2464 16
f 6641
a 12493 304 256
f 7895
a 12494 8416 16
f 11568
a 12495 464 256
f 5108
a 12496 544 16
f 568
a 12497 7136 64
f 1768
a 12498 2592 64
f 6436
a 12499 2144 16
c step-2500
f 9484
a 12500 4016 16
f 10346
a 12501 1536 256
f 10862
a 12502 3424 64
f 3911
a 12503 496 256
f 7828
a 12504 13488 64
f 5872
a 12505 544 256
f 6199
a 12506 1920 64
f 11894
a 12507 7008 64
f 2031
a 12508 3088 256
f 6691
a 12509 4672 16
f 5733
a 12510 448 256
f 5354
a 12511 32640 64
f 11341
a 12512 1552 16
f 4556
a 12513 7296 64
f 780
a 12514 560 64
f 11262
a 12515 39792 64
f 5275
a 12516 3824 256
f 2383
a 12517 17088 16
f 10207
a 12518 816 256
f 10120
a 12519 416 256
f 6482
a 12520 896 16
f 9918
a 12521 65088 64
f 2907
a 12522 21408 16
f 1551
a 12523 1312 64
f 7651
a 12524 19312 256
f 1525
a 12525 1856 16
f 17
a 12526 8608 256
f 1772
a 12527 3312 64
f 11492
a 12528 6256 256
f 1809
a 12529 31168 64
f 2958
a 12530 45168 256
f 5711
a 12531 2160 256
f 11449
a 12532 2560 64
f 2608
a 12533 512 64
f 9900
a 12534 7808 16
f 3387
a 12535 992 64
f 2884
a 12536 48000 64
f 8917
a 12537 3520 64
f 10370
a 12538 2784 16
f 352
a 12539 13056 64
f 1917
a 12540 15312 16
f 8676
a 12541 5648 64
f 9
a 12542 1408 256
f 9309
a 12543 4112 16
f 12432
a 12544 2944 64
f 3989
a 12545 1616 16
f 6530
a 12546 48608 16
f 8252
a 12547 624 16
f 1723
a 12548 12016 256
f 3194
a 12549 3696 64
f 4151
a 12550 16032 256
f 934
a 12551 992 16
f 8771
a 12552 432 64
f 1372
a 12553 1824 64
f 5219
a 12554 11664 16
f 5186
a 12555 1712 16
f 4473
a 12556 34224 64
f 1358
a 12557 8368 16
f 7462
a 12558 688 16
f 7377
a 12559 5072 256
f 4016
a 12560 2864 256
f 12480
a 12561 464 64
f 6781
a 12562 288 64
f 9683
a 12563 1936 256
f 8182
a 12564 16464 16
f 9431
a 12565 352 16
f 6141
a 12566 4272 64
f 10550
a 12567 49536 16
f 9280
a 12568 48064 16
f 1896
a 12569 544 16
f 12279
a 12570 976 256
f 2241
a 12571 58640 256
f 1904
a 12572 16624 256
f 5833
a 12573 624 64
f 3623
a 12574 48272 16
f 1712
a 12575 2144 256
f 10350
a 12576 3136 64
f 5027
a 12577 28352 256
f 5492
a 12578 4976 16
f 7779
a 12579 7776 16
f 11805
a 12580 27760 16
f 7388
a 12581 1920 256
f 3597
a 12582 62624 64
f 9677
a 12583 13008 64
f 6862
a 12584 7760 256
f 4886
a 12585 23952 256
f 5089
a 12586 2672 64
f 113
a 12587 7744 256
f 8882
a 12588 2048 64
f 9661
a 12589 3328 16
f 2672
a 12590 2640 256
f 7734
a 12591 7616 64
f 4518
a 12592 10128 16
f 10638
a 12593 784 16
f 3582
a 12594 304 16
f 7971
a 12595 62368 16
f 9606
a 12596 41936 64
f 11638
a 12597 1328 64
f 7186
a 12598 60112 16
f 8836
a 12599 26256 256
f 7297
a 12600 56512 64
f 1700
a 12601 352 256
f 11427
a 12602 3424 64
f 1230
a 12603 6544 16
f 63
a 12604 13200 64
f 12579
a 12605 320 64
f 7858
a 12606 13504 256
f 12190
a 12607 368 64
f 10720
a 12608 5216 256
f 2232
a 12609 51680 64
f 5673
a 12610 36736 16
f 11847
a 12611 960 64
f 5171
a 12612 4208 16
f 6099
a 12613 2608 16
f 4909
a 12614 528 64
f 3534
a 12615 6224 64
f 3621
a 12616 4128 64
f 6536
a 12617 3392 256
f 8589
a 12618 3952 256
f 2064
a 12619 56320 256
f 2704
a 12620 1072 256
f 4482
a 12621 1984 256
f 10527
a 12622 3408 64
f 1540
a 12623 3760 256
f 11158
a 12624 33248 16
f 3712
a 12625 1104 256
f 10229
a 12626 50720 256
f 10987
a 12627 1008 64
f 5575
a 12628 1344 16
f 4444
a 12629 320 256
f 1683
a 12630 1888 256
f 5377
a 12631 7344 16
f 11385
a 12632 3408 256
f 10310
a 12633 704 16
f 9543
a 12634 1936 64
f 1363
a 12635 17712 256
f 4355
a 12636 4256 64
f 12140
a 12637 288 16
f 8194
a 12638 1792 256
f 6337
a 12639 29984 16
f 3981
a 12640 5328 256
f 11962
a 12641 2048 16
f 7623
a 12642 55552 256
f 11804
a 12643 31296 64
f 3285
a 12644 14032 16
f 6626
a 12645 5632 256
f 6716
a 12646 400 64
f 6428
a 12647 51824 64
f 10111
a 12648 288 256
f 9652
a 12649 1728 256
f 9019
a 12650 1824 64
f 11200
a 12651 63488 256
f 351
a 12652 35904 16
f 12648
a 12653 10304 16
f 1850
a 12654 2912 256
f 2949
a 12655 608 16
f 8993
a 12656 656 16
f 109
a 12657 2032 16
f 6526
a 12658 43312 256
f 1336
a 12659 16224 64
f 1449
a 12660 29424 256
f 11149
a 12661 22192 256
f 11231
a 12662 832 16
f 11822
a 12663 27728 256
f 5045
a 12664 57728 64
f 4273
a 12665 1488 16
f 12071
a 12666 56336 64
f 6424
a 12667 960 256
f 11919
a 12668 1312 256
f 5522
a 12669 1984 256
f 10339
a 12670 1152 256
f 3581
a 12671 944 64
f 2350
a 12672 7728 64
f 8630
a 12673 1136 64
f 8887
a 12674 18848 256
f 374
a 12675 33696 64
f 11928
a 12676 57312 256
f 4560
a 12677 14880 64
f 6973
a 12678 352 256
f 5327
a 12679 1520 16
f 11386
a 12680 1664 16
f 822
a 12681 544 256
f 5347
a 12682 656 256
f 7843
a 12683 4416 64
f 12012
a 12684 19392 16
f 5004
a 12685 4000 64
f 6315
a 12686 688 64
f 6997
a 12687 14608 16
f 11354
a 12688 29056 256
f 6945
a 12689 11888 64
f 5220
a 12690 4976 256
f 12608
a 12691 6912 64
f 191
a 12692 5312 64
f 10175
a 12693 1344 64
f 12266
a 12694 816 256
f 8854
a 12695 384 16
f 7490
a 12696 1840 64
f 10393
a 12697 896 16
f 6072
a 12698 7888 256
f 11567
a 12699 2496 16
f 8652
a 12700 12304 16
f 12532
a 12701 22960 64
f 6299
a 12702 1728 256
f 3112
a 12703 40880 256
f 2149
a 12704 59504 64
f 5052
a 12705 21312 256
f 7415
a 12706 4096 16
f 4156
a 12707 14288 256
f 8670
a 12708 416 16
f 9576
a 12709 400 16
f 2352
a 12710 4032 64
f 1887
a 12711 704 16
f 1624
a 12712 4176 64
f 3614
a 12713 496 64
f 10273
a 12714 39968 64
f 29
a 12715 27808 16
f 4721
a 12716 6560 16
f 7666
a 12717 560 64
f 5706
a 12718 3248 256
f 3208
a 12719 320 64
f 11883
a 12720 992 16
f 8767
a 12721 336 64
f 10459
a 12722 32912 16
f 12401
a 12723 640 16
f 9635
a 12724 12608 256
f 11532
a 12725 7104 64
f 1339
a 12726 1024 256
f 4118
a 12727 9024 64
f 4652
a 12728 4000 64
f 7102
a 12729 400 16
f 9053
a 12730 25408 256
f 1161
a 12731 464 256
f 953
a 12732 6160 16
f 4191
a 12733 13536 256
f 7596
a 12734 7376 16
f 7704
a 12735 2912 64
f 8020
a 12736 9184 16
f 8825
a 12737 1664 256
f 962
a 12738 864 16
f 7687
a 12739 63056 16
f 4330
a 12740 31472 64
f 3567
a 12741 1776 16
f 10361
a 12742 19760 256
f 11736
a 12743 688 256
f 1900
a 12744 43216 256
f 9582
a 12745 2080 64
f 7960
a 12746 2768 64
f 6205
a 12747 672 16
f 12195
a 12748 2864 256
f 4286
a 12749 14224 64
f 7189
a 12750 672 64
f 7591
a 12751 14608 64
f 3921
a 12752 6864 256
f 288
a 12753 17856 64
f 10366
a 12754 2368 16
f 3232
a 12755 17600 16
f 8417
a 12756 3504 16
f 10760
a 12757 28368 64
f 2193
a 12758 51200 64
f 6486
a 12759 20896 64
f 9880
a 12760 40560 64
f 4262
a 12761 320 256
f 10129
a 12762 5952 64
f 8310
a 12763 1072 16
f 3932
a 12764 31296 16
f 3824
a 12765 1776 64
f 6542
a 12766 1392 64
f 7398
a 12767 5392 16
f 2745
a 12768 3072 256
f 9251
a 12769 1616 64
f 4019
a 12770 27296 16
f 1395
a 12771 56544 16
f 8900
a 12772 3344 16
f 12577
a 12773 28912 256
f 7188
a 12774 40288 256
f 242
a 12775 13856 16
f 9456
a 12776 7696 16
f 5805
a 12777 304 16
f 2899
a 12778 4000 256
f 9020
a 12779 12688 64
f 6385
a 12780 560 16
f 4195
a 12781 3408 64
f 5248
a 12782 320 16
f 3776
a 12783 720 64
f 6338
a 12784 3120 64
f 9284
a 12785 18288 16
f 10059
a 12786 2240 256
f 1576
a 12787 3248 64
f 8475
a 12788 7632 256
f 5006
a 12789 5408 16
f 2418
a 12790 1792 64
f 5668
a 12791 26816 256
f 3436
a 12792 15248 64
f 6948
a 12793 22528 256
f 6148
a 12794 59456 64
f 5602
a 12795 512 256
f 1347
a 12796 864 256
f 1451
a 12797 61152 64
f 11731
a 12798 5104 256
f 3337
a 12799 1136 16
f 6952
a 12800 8032 16
f 12466
a 12801 4016 16
f 2135
a 12802 848 64
f 7096
a 12803 4480 16
f 12083
a 12804 12480 16
f 12626
a 12805 16880 16
f 12273
a 12806 31952 16
f 8361
a 12807 1312 64
f 3969
a 12808 10928 256
f 371
a 12809 9456 64
f 7277
a 12810 448 64
f 7463
a 12811 14400 64
f 11564
a 12812 3936 256
f 12619
a 12813 50896 16
f 7644
a 12814 1856 64
f 8734
a 12815 3616 16
f 4970
a 12816 53088 16
f 11319
a 12817 29552 64
f 12706
a 12818 7616 64
f 12068
a 12819 3376 64
f 12659
a 12820 1008 256
f 3336
a 12821 1376 64
f 11228
a 12822 1360 256
f 4411
a 12823 3344 16
f 1833
a 12824 5264 64
f 2729
a 12825 5488 256
f 2025
a 12826 8304 256
f 4782
a 12827 16384 16
f 10398
a 12828 11200 256
f 11378
a 12829 1648 64
f 9566
a 12830 4512 16
f 10038
a 12831 400 16
f 12754
a 12832 3152 256
f 3599
a 12833 1248 16
f 6996
a 12834 8016 64
f 5683
a 12835 3200 256
f 12695
a 12836 1424 256
f 11806
a 12837 25504 64
f 11588
a 12838 24272 256
f 1853
a 12839 28992 16
f 9217
a 12840 320 64
f 6328
a 12841 15376 64
f 10103
a 12842 2592 16
f 12671
a 12843 30096 256
f 3410
a 12844 5760 64
f 5697
a 12845 496 256
f 7466
a 12846 1952 16
f 11189
a 12847 14832 16
f 110
a 12848 3488 64
f 4669
a 12849 19376 64
f 7802
a 12850 19248 64
f 11487
a 12851 17120 64
f 3421
a 12852 34976 64
f 9573
a 12853 272 64
f 10006
a 12854 2400 64
f 8102
a 12855 37840 64
f 1745
a 12856 3024 64
f 3624
a 12857 9568 256
f 2170
a 12858 400 256
f 9645
a 12859 13424 64
f 8683
a 12860 2672 16
f 2336
a 12861 576 256
f 8423
a 12862 16144 256
f 7616
a 12863 336 16
f 2195
a 12864 880 256
f 11279
a 12865 752 16
f 10021
a 12866 1984 64
f 11766
a 12867 17152 64
f 12310
a 12868 9600 64
f 8399
a 12869 7296 64
f 8264
a 12870 3744 64
f 11070
a 12871 1936 16
f 1009
a 12872 16352 256
f 3362
a 12873 272 256
f 2983
a 12874 1872 16
f 6031
a 12875 496 64
f 718
a 12876 368 16
f 12059
a 12877 1232 64
f 5963
a 12878 3712 64
f 11855
a 12879 12576 64
f 6038
a 12880 27760 16
f 5430
a 12881 432 64
f 5396
a 12882 6016 64
f 1007
a 12883 3872 64
f 10680
a 12884 21872 16
f 8480
a 12885 60656 256
f 6811
a 12886 15936 256
f 914
a 12887 4112 256
f 720
a 12888 592 64
f 3
a 12889 928 64
f 9377
a 12890 640 256
f 4612
a 12891 432 64
f 8286
a 12892 47200 64
f 3100
a 12893 4448 16
f 10242
a 12894 37968 64
f 10434
a 12895 64800 64
f 1111
a 12896 8896 64
f 5065
a 12897 1424 256
f 6959
a 12898 672 64
f 12375
a 12899 29536 16
f 10884
a 12900 1968 16
f 4590
a 12901 10976 256
f 10727
a 12902 16704 256
f 1798
a 12903 8960 64
f 12703
a 12904 51616 64
f 6397
a 12905 7344 256
f 10113
a 12906 10256 64
f 2588
a 12907 880 256
f 10900
a 12908 2112 64
f 7776
a 12909 14320 16
f 6556
a 12910 9904 16
f 73
a 12911 10432 16
f 1960
a 12912 10016 16
f 4064
a 12913 44816 64
f 9228
a 12914 20320 64
f 538
a 12915 1040 64
f 7890
a 12916 52432 64
f 9417
a 12917 672 16
f 2234
a 12918 6048 64
f 3555
a 12919 1520 64
f 10203
a 12920 17984 256
f 2539
a 12921 352 16
f 6107
a 12922 7456 16
f 10880
a 12923 2064 64
f 1109
a 12924 480 16
f 10952
a 12925 1264 256
f 7455
a 12926 464 16
f 1345
a 12927 15712 16
f 8654
a 12928 2800 64
f 4249
a 12929 3296 256
f 12421
a 12930 36304 256
f 546
a 12931 3152 16
f 5699
a 12932 58512 256
f 48
a 12933 23616 64
f 5774
a 12934 6752 64
f 4942
a 12935 37920 256
f 11764
a 12936 3536 64
f 5973
a 12937 2112 256
f 10816
a 12938 288 64
f 5242
a 12939 912 16
f 12837
a 12940 1184 256
f 11760
a 12941 4256 64
f 7454
a 12942 12672 64
f 11210
a 12943 544 64
f 4423
a 12944 2848 64
f 7831
a 12945 1296 64
f 10340
a 12946 22832 256
f 10188
a 12947 12592 16
f 4982
a 12948 2000 16
f 5201
a 12949 14912 64
f 7280
a 12950 19984 256
f 12453
a 12951 30432 16
f 8509
a 12952 55424 64
f 11057
a 12953 12928 256
f 9843
a 12954 20368 64
f 2021
a 12955 12304 256
f 1729
a 12956 3696 16
f 10244
a 12957 10720 256
f 4447
a 12958 7664 16
f 9832
a 12959 55488 16
f 11056
a 12960 50512 256
f 6347
a 12961 592 16
f 9475
a 12962 41760 64
f 8162
a 12963 2976 64
f 7650
a 12964 1808 256
f 10322
a 12965 848 64
f 2659
a 12966 368 256
f 8295
a 12967 560 256
f 11446
a 12968 26368 64
f 3865
a 12969 1360 64
f 8653
a 12970 7744 16
f 2092
a 12971 480 256
f 11498
a 12972 416 256
f 11997
a 12973 15424 256
f 3544
a 12974 2032 16
f 7862
a 12975 1360 256
f 866
a 12976 35760 16
f 3835
a 12977 1392 256
f 1841
a 12978 1840 64
f 1883
a 12979 2144 16
f 10319
a 12980 5744 16
f 6364
a 12981 7968 64
f 3723
a 12982 384 256
f 4650
a 12983 22416 256
f 6503
a 12984 13440 64
f 3586
a 12985 65120 256
f 7647
a 12986 3872 256
f 11740
a 12987 880 16
f 11660
a 12988 960 64
f 7821
a 12989 5888 256
f 12901
a 12990 480 16
f 5580
a 12991 13904 256
f 4796
a 12992 1488 256
f 6826
a 12993 960 64
f 11274
a 12994 7584 16
f 320
a 12995 42576 16
f 5906
a 12996 47632 64
f 5155
a 12997 1856 16
f 513
a 12998 51680 256
f 9571
a 12999 2672 16
c step-3000
f 9676
a 13000 15904 16
f 6613
a 13001 22816 256
f 2202
a 13002 33120 64
f 5531
a 13003 5216 16
f 3222
a 13004 432 64
f 6489
a 13005 56832 256
f 298
a 13006 448 64
f 11463
a 13007 52048 16
f 3920
a 13008 7600 16
f 12533
a 13009 704 16
f 128
a 13010 3648 256
f 660
a 13011 1376 16
f 9322
a 13012 9184 256
f 4543
a 13013 4240 64
f 4876
a 13014 752 256
f 7374
a 13015 2352 16
f 3580
a 13016 24144 256
f 11458
a 13017 62208 16
f 12518
a 13018 6768 16
f 11363
a 13019 848 256
f 12615
a 13020 46224 256
f 7741
a 13021 12816 64
f 3247
a 13022 352 64
f 10201
a 13023 37664 64
f 1964
a 13024 4432 16
f 789
a 13025 6816 16
f 8809
a 13026 6016 16
f 12935
a 13027 6256 16
f 5378
a 13028 1488 64
f 84
a 13029 864 256
f 2956
a 13030 1696 64
f 12821
a 13031 13888 256
f 9482
a 13032 816 256
f 2725
a 13033 64512 256
f 2881
a 13034 7312 64
f 5024
a 13035 8016 64
f 10204
a 13036 1632 256
f 8487
a 13037 656 256
f 5571
a 13038 2864 64
f 1759
a 13039 23696 64
f 9185
a 13040 6944 256
f 5783
a 13041 2272 64
f 7262
a 13042 1072 256
f 7329
a 13043 41216 16
f 8241
a 13044 19024 256
f 9402
a 13045 432 256
f 5200
a 13046 2064 64
f 2919
a 13047 2032 16
f 5128
a 13048 51120 64
f 2657
a 13049 26192 256
f 3686
a 13050 256 16
f 6816
a 13051 1152 16
f 11076
a 13052 12288 16
f 5645
a 13053 448 64
f 5640
a 13054 2672 256
f 7860
a 13055 18336 64
f 6886
a 13056 2320 64
f 10874
a 13057 432 64
f 12446
a 13058 11200 16
f 11456
a 13059 12016 64
f 9095
a 13060 5584 16
f 9641
a 13061 400 16
f 4003
a 13062 1584 16
f 7263
a 13063 384 256
f 3558
a 13064 1616 16
f 5832
a 13065 5648 256
f 6605
a 13066 16192 256
f 3051
a 13067 32672 64
f 2563
a 13068 304 16
f 5152
a 13069 26784 256
f 12964
a 13070 15424 256
f 8492
a 13071 1312 64
f 810
a 13072 18096 64
f 3872
a 13073 2656 256
f 1757
a 13074 11344 16
f 7209
a 13075 1264 256
f 12973
a 13076 14208 256
f 3538
a 13077 9968 16
f 1413
a 13078 6112 16
f 11732
a 13079 11808 64
f 8591
a 13080 496 256
f 8636
a 13081 400 256
f 4367
a 13082 35568 256
f 12911
a 13083 6512 16
f 10790
a 13084 480 256
f 994
a 13085 304 16
f 6041
a 13086 14112 16
f 6652
a 13087 1872 64
f 541
a 13088 368 64
f 7105
a 13089 5648 16
f 8973
a 13090 3712 16
f 4818
a 13091 528 16
f 1041
a 13092 28768 64
f 837
a 13093 21200 64
f 11831
a 13094 4608 16
f 1947
a 13095 31872 64
f 6034
a 13096 12896 256
f 1079
a 13097 6688 256
f 1734
a 13098 448 16
f 1933
a 13099 272 256
f 2648
a 13100 496 256
f 8344
a 13101 56016 64
f 6330
a 13102 6528 64
f 12102
a 13103 2544 16
f 8810
a 13104 1152 16
f 12264
a 13105 8000 64
f 10284
a 13106 24352 16
f 9504
a 13107 288 64
f 6
a 13108 848 64
f 7609
a 13109 2912 16
f 1708
a 13110 6080 16
f 3962
a 13111 5136 256
f 6618
a 13112 768 16
f 8934
a 13113 464 16
f 13054
a 13114 976 16
f 12865
a 13115 320 256
f 761
a 13116 3040 64
f 25
a 13117 48528 256
f 10003
a 13118 560 256
f 130
a 13119 3600 256
f 9775
a 13120 12368 64
f 12312
a 13121 6480 256
f 6949
a 13122 40432 64
f 4843
a 13123 1168 256
f 363
a 13124 2048 256
f 9290
a 13125 864 16
f 5722
a 13126 22768 64
f 6403
a 13127 848 64
f 9441
a 13128 22896 16
f 1400
a 13129 368 16
f 9140
a 13130 50688 256
f 3239
a 13131 14256 64
f 7942
a 13132 37072 16
f 6646
a 13133 1088 256
f 12120
a 13134 448 16
f 2885
a 13135 8512 64
f 10629
a 13136 18816 16
f 7951
a 13137 21936 256
f 980
a 13138 1536 64
f 12553
a 13139 30768 16
f 3069
a 13140 2560 16
f 6233
a 13141 2128 16
f 10039
a 13142 848 256
f 9103
a 13143 3616 64
f 3987
a 13144 2512 256
f 2245
a 13145 57440 16
f 5265
a 13146 1216 64
f 6902
a 13147 8736 16
f 1078
a 13148 1664 256
f 296
a 13149 6448 64
f 18
a 13150 1360 64
f 4276
a 13151 1840 256
f 662
a 13152 384 16
f 5049
a 13153 5168 64
f 3383
a 13154 7616 16
f 3392
a 13155 7552 16
f 12646
a 13156 60848 16
f 6676
a 13157 3136 64
f 4074
a 13158 320 64
f 2458
a 13159 1120 16
f 10445
a 13160 2000 16
f 2243
a 13161 784 256
f 2635
a 13162 2032 16
f 10539
a 13163 33888 64
f 8684
a 13164 60784 64
f 2793
a 13165 1328 64
f 4950
a 13166 30928 256
f 10731
a 13167 24416 256
f 4180
a 13168 2080 256
f 5249
a 13169 384 256
f 2795
a 13170 26928 16
f 11980
a 13171 5776 16
f 4020
a 13172 1392 256
f 7409
a 13173 384 64
f 11647
a 13174 6576 16
f 6664
a 13175 16288 64
f 856
a 13176 2928 16
f 5761
a 13177 1920 64
f 2471
a 13178 752 256
f 7367
a 13179 304 256
f 1250
a 13180 4112 256
f 7467
a 13181 944 16
f 12790
a 13182 6352 256
f 11288
a 13183 736 16
f 12202
a 13184 63280 16
f 6589
a 13185 20320 256
f 373
a 13186 688 16
f 6317
a 13187 304 16
f 1711
a 13188 848 64
f 9819
a 13189 49936 16
f 11837
a 13190 576 256
f 11397
a 13191 432 64
f 6710
a 13192 992 256
f 2962
a 13193 3696 64
f 12811
a 13194 8608 16
f 3504
a 13195 3712 16
f 11439
a 13196 944 256
f 8817
a 13197 912 256
f 1697
a 13198 5952 16
f 3547
a 13199 352 64
f 12106
a 13200 336 16
f 11119
a 13201 28320 64
f 2349
a 13202 23904 64
f 10305
a 13203 30864 16
f 5539
a 13204 12528 64
f 5554
a 13205 2912 256
f 5741
a 13206 16624 64
f 4900
a 13207 15968 16
f 7087
a 13208 592 16
f 9817
a 13209 816 256
f 3965
a 13210 5648 16
f 5032
a 13211 5840 16
f 5629
a 13212 480 16
f 580
a 13213 13776 256
f 12900
a 13214 6368 256
f 10053
a 13215 656 16
f 1154
a 13216 61360 256
f 4011
a 13217 352 64
f 1771
a 13218 15680 64
f 4256
a 13219 384 256
f 1184
a 13220 1760 16
f 3509
a 13221 6816 64
f 2513
a 13222 13280 256
f 2578
a 13223 15504 256
f 7243
a 13224 32960 256
f 9519
a 13225 11936 64
f 11575
a 13226 912 64
f 12593
a 13227 2416 64
f 13080
a 13228 2624 16
f 2562
a 13229 464 64
f 8577
a 13230 29120 64
f 3853
a 13231 36608 16
f 384
a 13232 448 16
f 11645
a 13233 10960 256
f 7458
a 13234 544 16
f 5748
a 13235 624 256
f 11396
a 13236 960 16
f 3034
a 13237 432 16
f 9531
a 13238 2928 16
f 331
a 13239 336 64
f 12020
a 13240 464 16
f 2695
a 13241 13088 256
f 5939
a 13242 40224 256
f 2209
a 13243 20672 256
f 6904
a 13244 3456 16
f 4105
a 13245 672 16
f 6085
a 13246 30192 64
f 4678
a 13247 7328 64
f 12937
a 13248 816 16
f 2727
a 13249 20608 64
f 10097
a 13250 51072 16
f 5949
a 13251 29648 256
f 9572
a 13252 3728 256
f 9488
a 13253 19392 64
f 2027
a 13254 19152 256
f 11666
a 13255 50880 64
f 8498
a 13256 928 16
f 415
a 13257 8608 16
f 760
a 13258 7408 256
f 5969
a 13259 11216 256
f 2965
a 13260 14832 64
f 2946
a 13261 37408 256
f 11933
a 13262 1200 256
f 1138
a 13263 288 256
f 7365
a 13264 8272 16
f 7997
a 13265 5984 16
f 9091
a 13266 15776 64
f 9910
a 13267 464 16
f 11649
a 13268 640 64
f 1198
a 13269 320 64
f 383
a 13270 36512 256
f 6388
a 13271 52448 256
f 5909
a 13272 512 256
f 391
a 13273 800 16
f 2017
a 13274 39568 256
f 1424
a 13275 21264 256
f 10170
a 13276 24000 16
f 11667
a 13277 448 16
f 5190
a 13278 9216 16
f 1042
a 13279 3840 64
f 687
a 13280 944 16
f 11870
a 13281 9744 64
f 11572
a 13282 41024 16
f 2411
a 13283 24512 256
f 8496
a 13284 976 64
f 820
a 13285 3648 256
f 2199
a 13286 43440 64
f 4954
a 13287 1312 16
f 12668
a 13288 512 256
f 12651
a 13289 43392 256
f 8094
a 13290 2800 256
f 394
a 13291 1776 64
f 11739
a 13292 32544 256
f 8918
a 13293 736 256
f 6265
a 13294 720 256
f 11786
a 13295 4064 16
f 8388
a 13296 5696 16
f 6870
a 13297 512 16
f 127
a 13298 320 64
f 11361
a 13299 7856 16
f 2963
a 13300 2144 16
f 1146
a 13301 8576 64
f 7588
a 13302 11696 256
f 9719
a 13303 1664 64
f 8874
a 13304 5648 16
f 11343
a 13305 1632 64
f 7084
a 13306 12928 64
f 1835
a 13307 1744 64
f 2627
a 13308 8224 16
f 7618
a 13309 4384 64
f 12606
a 13310 3360 64
f 7397
a 13311 62416 64
f 10227
a 13312 1168 256
f 11021
a 13313 54800 256
f 6288
a 13314 304 256
f 2138
a 13315 62656 256
f 10425
a 13316 576 256
f 5235
a 13317 480 16
f 11604
a 13318 1200 64
f 9109
a 13319 704 16
f 5589
a 13320 352 256
f 10660
a 13321 2256 16
f 1633
a 13322 4800 64
f 3570
a 13323 1280 64
f 10701
a 13324 1744 256
f 3105
a 13325 5136 256
f 6901
a 13326 20080 64
f 9180
a 13327 1552 16
f 1160
a 13328 560 16
f 234
a 13329 31296 16
f 9549
a 13330 5088 64
f 2502
a 13331 800 16
f 10142
a 13332 384 16
f 3937
a 13333 5696 256
f 12618
a 13334 16096 16
f 3934
a 13335 1872 16
f 9774
a 13336 1360 256
f 11866
a 13337 1568 256
f 2094
a 13338 4304 64
f 5786
a 13339 5056 64
f 8018
a 13340 43088 64
f 11641
a 13341 960 256
f 10968
a 13342 2896 16
f 703
a 13343 3168 64
f 1952
a 13344 272 64
f 6396
a 13345 26736 256
f 13212
a 13346 12144 256
f 10119
a 13347 7136 16
f 10890
a 13348 3008 256
f 6289
a 13349 14768 64
f 8266
a 13350 37056 16
f 9042
a 13351 18176 256
f 8728
a 13352 2064 64
f 11199
a 13353 21472 16
f 9308
a 13354 848 16
f 3037
a 13355 5184 64
f 12853
a 13356 1168 256
f 4048
a 13357 7152 64
f 11332
a 13358 2800 16
f 7261
a 13359 19040 16
f 1388
a 13360 25360 256
f 2528
a 13361 1040 64
f 3408
a 13362 368 64
f 5257
a 13363 1952 64
f 1013
a 13364 13408 64
f 13167
a 13365 8000 256
f 8629
a 13366 1552 64
f 7216
a 13367 18208 64
f 12786
a 13368 1584 16
f 9970
a 13369 6080 16
f 11364
a 13370 576 16
f 5241
a 13371 1232 64
f 2288
a 13372 272 64
f 3923
a 13373 7152 256
f 10037
a 13374 31600 64
f 1660
a 13375 832 64
f 6709
a 13376 848 64
f 3703
a 13377 45488 16
f 9306
a 13378 3152 64
f 4229
a 13379 592 256
f 12822
a 13380 18864 64
f 11992
a 13381 816 64
f 9623
a 13382 688 16
f 1989
a 13383 2672 256
f 10650
a 13384 11456 16
f 10481
a 13385 448 256
f 5513
a 13386 16032 16
f 1837
a 13387 432 256
f 854
a 13388 14768 16
f 12252
a 13389 7072 256
f 8176
a 13390 1952 256
f 8082
a 13391 7536 64
f 12990
a 13392 8736 16
f 3135
a 13393 56048 64
f 6534
a 13394 6016 256
f 1752
a 13395 29200 16
f 6158
a 13396 1408 16
f 2156
a 13397 1344 16
f 11133
a 13398 61424 256
f 6366
a 13399 576 256
f 7445
a 13400 1280 256
f 9889
a 13401 17184 64
f 4921
a 13402 58064 256
f 7925
a 13403 21392 64
f 9178
a 13404 35440 256
f 7184
a 13405 7328 256
f 3823
a 13406 4096 16
f 6286
a 13407 1168 256
f 9804
a 13408 320 64
f 10758
a 13409 896 64
f 12913
a 13410 10064 16
f 11799
a 13411 6352 64
f 10877
a 13412 320 16
f 7926
a 13413 25008 256
f 10649
a 13414 1600 256
f 11395
a 13415 480 16
f 4957
a 13416 288 64
f 3402
a 13417 18208 64
f 12641
a 13418 7584 64
f 12005
a 13419 25280 64
f 11703
a 13420 16064 64
f 8978
a 13421 20512 256
f 10640
a 13422 11232 256
f 4320
a 13423 4064 64
f 13340
a 13424 368 64
f 5035
a 13425 8480 64
f 4400
a 13426 15488 16
f 655
a 13427 9968 64
f 9501
a 13428 56896 16
f 449
a 13429 992 256
f 13102
a 13430 352 64
f 2492
a 13431 12944 64
f 8813
a 13432 368 64
f 13248
a 13433 464 64
f 12967
a 13434 1648 16
f 13373
a 13435 32016 64
f 4806
a 13436 768 64
f 6355
a 13437 17312 256
f 3291
a 13438 37632 64
f 1724
a 13439 928 256
f 10830
a 13440 15664 64
f 3296
a 13441 3536 256
f 12688
a 13442 21440 64
f 116
a 13443 8960 64
f 12917
a 13444 3520 64
f 11290
a 13445 3136 256
f 3108
a 13446 41696 256
f 3668
a 13447 15872 256
f 12572
a 13448 46416 64
f 8983
a 13449 688 256
f 10768
a 13450 528 16
f 7872
a 13451 48624 16
f 2687
a 13452 6960 256
f 11513
a 13453 38032 256
f 11653
a 13454 7568 16
f 4545
a 13455 34576 256
f 8648
a 13456 16256 16
f 3404
a 13457 7328 256
f 7780
a 13458 40560 16
f 7634
a 13459 7456 64
f 8723
a 13460 672 256
f 9874
a 13461 49808 64
f 2136
a 13462 60288 64
f 2748
a 13463 10592 256
f 3669
a 13464 2816 16
f 5758
a 13465 864 256
f 11614
a 13466 7968 64
f 162
a 13467 7152 64
f 8677
a 13468 5056 16
f 2844
a 13469 592 16
f 167
a 13470 800 16
f 11330
a 13471 5824 256
f 2643
a 13472 5232 64
f 12700
a 13473 53504 16
f 6946
a 13474 1520 16
f 10105
a 13475 320 16
f 8063
a 13476 20704 64
f 13307
a 13477 512 64
f 1795
a 13478 25216 64
f 5417
a 13479 8800 16
f 6975
a 13480 50592 256
f 245
a 13481 25360 64
f 7011
a 13482 3904 256
f 9302
a 13483 800 16
f 2445
a 13484 336 16
f 6437
a 13485 5040 64
f 7753
a 13486 1616 16
f 6185
a 13487 31664 256
f 4827
a 13488 19984 64
f 8049
a 13489 896 16
f 6940
a 13490 32448 256
f 11603
a 13491 24656 64
f 12766
a 13492 2912 16
f 7275
a 13493 64464 16
f 450
a 13494 528 16
f 13489
a 13495 8272 256
f 2470
a 13496 31696 16
f 8389
a 13497 3168 16
f 7287
a 13498 1472 256
f 7920
a 13499 14832 16
c step-3500
f 12488
a 13500 624 256
f 6223
a 13501 352 256
f 4303
a 13502 9360 16
f 2042
a 13503 24112 64
f 7990
a 13504 2400 256
f 12382
a 13505 752 256
f 11630
a 13506 14496 16
f 11331
a 13507 18736 256
f 6824
a 13508 26720 256
f 12546
a 13509 832 64
f 11537
a 13510 464 64
f 7324
a 13511 1776 256
f 1888
a 13512 6256 16
f 11860
a 13513 20048 256
f 8587
a 13514 18736 16
f 10325
a 13515 22592 16
f 5990
a 13516 2672 16
f 10143
a 13517 2320 256
f 10736
a 13518 48960 16
f 9917
a 13519 976 256
f 7321
a 13520 4896 16
f 5609
a 13521 7856 16
f 4627
a 13522 384 16
f 11155
a 13523 8000 64
f 2413
a 13524 10064 16
f 3020
a 13525 3632 64
f 13025
a 13526 3872 256
f 8812
a 13527 26592 256
f 8034
a 13528 63568 64
f 782
a 13529 1920 16
f 1387
a 13530 11616 256
f 4293
a 13531 1216 64
f 7675
a 13532 656 64
f 4475
a 13533 19328 64
f 1911
a 13534 16656 64
f 10494
a 13535 2608 256
f 3377
a 13536 5888 64
f 10925
a 13537 22240 16
f 3230
a 13538 11632 16
f 912
a 13539 448 64
f 4820
a 13540 2000 64
f 11776
a 13541 736 256
f 12886
a 13542 18560 64
f 5069
a 13543 10704 64
f 1946
a 13544 7776 16
f 1139
a 13545 2864 16
f 1268
a 13546 2544 256
f 5841
a 13547 11104 256
f 3407
a 13548 26464 16
f 1574
a 13549 2960 16
f 12800
a 13550 61552 16
f 8442
a 13551 33776 64
f 12439
a 13552 15408 256
f 8745
a 13553 496 64
f 10168
a 13554 4480 256
f 8891
a 13555 672 256
f 5188
a 13556 2480 16
f 4889
a 13557 6384 64
f 6640
a 13558 20656 16
f 12561
a 13559 2016 16
f 8675
a 13560 1088 64
f 12521
a 13561 32224 64
f 5716
a 13562 9712 256
f 8733
a 13563 45280 16
f 3994
a 13564 16000 16
f 8313
a 13565 384 256
f 1397
a 13566 16080 64
f 5163
a 13567 2528 256
f 12880
a 13568 28576 256
f 8774
a 13569 3776 16
f 762
a 13570 7328 256
f 9595
a 13571 2688 256
f 6806
a 13572 1056 16
f 2970
a 13573 1120 64
f 10554
a 13574 4400 256
f 1285
a 13575 816 16
f 13304
a 13576 656 16
f 701
a 13577 336 64
f 11775
a 13578 496 64
f 3373
a 13579 528 256
f 7447
a 13580 3216 64
f 8143
a 13581 42128 64
f 9470
a 13582 36080 16
f 3841
a 13583 7584 256
f 2387
a 13584 2480 16
f 2029
a 13585 6352 64
f 4399
a 13586 12560 16
f 3694
a 13587 14032 256
f 7479
a 13588 25408 256
f 5540
a 13589 28800 16
f 11118
a 13590 1760 256
f 13299
a 13591 1280 256
f 4528
a 13592 12960 16
f 1322
a 13593 32560 64
f 9391
a 13594 672 64
f 798
a 13595 288 64
f 2117
a 13596 9488 64
f 10571
a 13597 896 64
f 13294
a 13598 12864 256
f 3798
a 13599 272 256
f 3252
a 13600 9696 256
f 10216
a 13601 22112 16
f 5081
a 13602 7312 64
f 473
a 13603 800 256
f 12229
a 13604 28704 64
f 3863
a 13605 3344 256
f 12868
a 13606 2240 256
f 12888
a 13607 17248 256
f 5617
a 13608 62400 256
f 8285
a 13609 33472 256
f 5911
a 13610 39024 64
f 2394
a 13611 2944 64
f 4676
a 13612 672 64
f 11651
a 13613 63584 64
f 8128
a 13614 6928 64
f 7702
a 13615 57504 256
f 12847
a 13616 12656 256
f 11175
a 13617 48448 64
f 3093
a 13618 3632 16
f 12249
a 13619 7280 64
f 6632
a 13620 2112 256
f 2414
a 13621 2752 64
f 9327
a 13622 3648 256
f 7333
a 13623 62176 256
f 5672
a 13624 1392 256
f 11358
a 13625 32560 64
f 13057
a 13626 432 64
f 9982
a 13627 12976 64
f 8316
a 13628 2320 256
f 10132
a 13629 880 256
f 12814
a 13630 3648 256
f 10373
a 13631 2816 64
f 3122
a 13632 4320 256
f 2813
a 13633 42240 64
f 9023
a 13634 624 256
f 10013
a 13635 5248 256
f 12380
a 13636 7456 256
f 7276
a 13637 55504 256
f 1398
a 13638 59328 16
f 10839
a 13639 57552 16
f 6990
a 13640 12320 64
f 13552
a 13641 608 16
f 3354
a 13642 6784 64
f 4802
a 13643 40320 64
f 2474
a 13644 544 16
f 6002
a 13645 59536 256
f 2120
a 13646 6128 64
f 2262
a 13647 944 256
f 12965
a 13648 26384 16
f 12710
a 13649 3248 16
f 1480
a 13650 2208 64
f 10005
a 13651 400 16
f 5272
a 13652 3936 64
f 9932
a 13653 25552 64
f 3013
a 13654 1440 64
f 4583
a 13655 6672 256
f 2976
a 13656 4880 64
f 3199
a 13657 960 256
f 1601
a 13658 5968 64
f 10742
a 13659 320 16
f 10033
a 13660 2432 256
f 13374
a 13661 7248 64
f 766
a 13662 384 64
f 11383
a 13663 4880 16
f 3756
a 13664 61216 64
f 972
a 13665 720 64
f 463
a 13666 5168 256
f 5484
a 13667 960 64
f 12756
a 13668 44384 16
f 10805
a 13669 17408 256
f 4340
a 13670 48688 64
f 8210
a 13671 38896 16
f 6549
a 13672 1200 16
f 12408
a 13673 912 64
f 6463
a 13674 704 64
f 11655
a 13675 28304 64
f 11179
a 13676 560 64
f 2594
a 13677 3168 256
f 4867
a 13678 16384 16
f 12086
a 13679 496 64
f 1237
a 13680 32096 16
f 13252
a 13681 3408 64
f 11745
a 13682 3568 64
f 10269
a 13683 1024 16
f 10287
a 13684 63520 64
f 6311
a 13685 41344 64
f 8448
a 13686 31984 64
f 1034
a 13687 39472 16
f 12139
a 13688 15072 64
f 13676
a 13689 3824 64
f 5082
a 13690 19472 64
f 9390
a 13691 480 64
f 709
a 13692 64800 16
f 2367
a 13693 560 256
f 7399
a 13694 912 16
f 12753
a 13695 27248 256
f 5836
a 13696 8656 16
f 6057
a 13697 14912 256
f 12663
a 13698 384 64
f 185
a 13699 10032 16
f 5360
a 13700 28336 256
f 8778
a 13701 2112 256
f 6175
a 13702 1456 16
f 740
a 13703 15200 16
f 7400
a 13704 2688 64
f 8141
a 13705 1968 64
f 11592
a 13706 13440 16
f 2233
a 13707 784 64
f 10230
a 13708 2848 256
f 12371
a 13709 6656 16
f 10787
a 13710 1440 256
f 9779
a 13711 1664 64
f 7955
a 13712 32400 16
f 11362
a 13713 7984 64
f 1426
a 13714 1760 64
f 3457
a 13715 24992 256
f 2215
a 13716 2320 16
f 8135
a 13717 656 64
f 341
a 13718 816 64
f 6190
a 13719 1920 64
f 3437
a 13720 2208 64
f 5280
a 13721 400 64
f 5747
a 13722 1888 16
f 183
a 13723 368 256
f 3676
a 13724 8080 256
f 354
a 13725 1024 64
f 3883
a 13726 8432 64
f 940
a 13727 896 256
f 6231
a 13728 720 256
f 747
a 13729 32464 256
f 13401
a 13730 368 256
f 8125
a 13731 46496 64
f 7497
a 13732 56624 256
f 10427
a 13733 3648 16
f 4247
a 13734 64576 256
f 204
a 13735 2048 256
f 4128
a 13736 5664 256
f 12481
a 13737 21632 256
f 10876
a 13738 432 64
f 7283
a 13739 8000 64
f 4930
a 13740 5232 64
f 5284
a 13741 15792 16
f 2366
a 13742 30784 256
f 2589
a 13743 39712 16
f 6866
a 13744 480 64
f 3229
a 13745 320 256
f 4166
a 13746 13840 16
f 9913
a 13747 13536 64
f 4605
a 13748 8160 16
f 10015
a 13749 21168 16
f 3904
a 13750 1344 256
f 3167
a 13751 944 16
f 10294
a 13752 2240 16
f 8174
a 13753 6144 256
f 13728
a 13754 12608 64
f 2183
a 13755 34352 16
f 12750
a 13756 25936 16
f 5423
a 13757 5632 64
f 1661
a 13758 63296 16
f 9397
a 13759 9232 256
f 6287
a 13760 384 64
f 11582
a 13761 7568 256
f 7823
a 13762 1520 256
f 3270
a 13763 320 256
f 9545
a 13764 3024 256
f 4959
a 13765 3488 256
f 7652
a 13766 12864 256
f 5342
a 13767 400 64
f 3890
a 13768 6272 256
f 10163
a 13769 27728 256
f 6215
a 13770 60368 64
f 2837
a 13771 46080 64
f 4304
a 13772 1296 64
f 8472
a 13773 31680 64
f 11890
a 13774 3024 256
f 8007
a 13775 31440 16
f 5641
a 13776 31424 256
f 4265
a 13777 64624 16
f 2612
a 13778 6816 256
f 1701
a 13779 1920 256
f 5544
a 13780 816 256
f 4130
a 13781 7136 64
f 9312
a 13782 992 64
f 2592
a 13783 6816 256
f 4254
a 13784 3616 64
f 1447
a 13785 976 16
f 10994
a 13786 2768 16
f 10344
a 13787 496 16
f 1096
a 13788 8992 64
f 12236
a 13789 928 256
f 4595
a 13790 20992 64
f 1591
a 13791 11824 16
f 2272
a 13792 1664 64
f 7994
a 13793 9936 64
f 13350
a 13794 3744 16
f 3831
a 13795 30016 64
f 3428
a 13796 4096 256
f 5511
a 13797 480 64
f 1630
a 13798 17648 256
f 490
a 13799 2400 16
f 4714
a 13800 352 16
f 8435
a 13801 640 64
f 8031
a 13802 2048 64
f 9052
a 13803 544 64
f 12347
a 13804 15456 64
f 2301
a 13805 416 256
f 1135
a 13806 12928 64
f 12918
a 13807 12080 16
f 784
a 13808 1968 256
f 8348
a 13809 3184 256
f 2299
a 13810 7312 16
f 9320
a 13811 2864 256
f 5033
a 13812 1024 256
f 7871
a 13813 43520 256
f 9191
a 13814 2576 64
f 1563
a 13815 2320 256
f 622
a 13816 9392 16
f 11752
a 13817 464 64
f 2826
a 13818 43504 16
f 12435
a 13819 400 64
f 5414
a 13820 928 16
f 8991
a 13821 4352 256
f 11324
a 13822 1408 16
f 2210
a 13823 368 256
f 5925
a 13824 7712 16
f 8735
a 13825 28704 64
f 5853
a 13826 976 16
f 3313
a 13827 62336 16
f 6807
a 13828 544 16
f 1988
a 13829 16256 64
f 10818
a 13830 15472 64
f 12248
a 13831 15104 64
f 8251
a 13832 6720 16
f 9933
a 13833 2880 16
f 7180
a 13834 8752 256
f 3175
a 13835 33664 64
f 10374
a 13836 6064 256
f 1858
a 13837 64880 64
f 7074
a 13838 576 256
f 10047
a 13839 26368 16
f 9497
a 13840 5664 16
f 4795
a 13841 4960 16
f 6739
a 13842 9424 256
f 9875
a 13843 31552 16
f 8208
a 13844 2448 16
f 4851
a 13845 480 16
f 10881
a 13846 432 16
f 555
a 13847 512 64
f 10595
a 13848 2032 16
f 12335
a 13849 2784 64
f 2484
a 13850 12448 16
f 8226
a 13851 1248 64
f 10753
a 13852 816 16
f 5742
a 13853 51600 16
f 12513
a 13854 27296 256
f 11182
a 13855 15536 64
f 11610
a 13856 2864 64
f 4623
a 13857 400 256
f 6793
a 13858 4320 256
f 8024
a 13859 53360 16
f 6319
a 13860 400 16
f 12644
a 13861 15088 256
f 2799
a 13862 54672 64
f 5392
a 13863 1008 16
f 7004
a 13864 320 64
f 5600
a 13865 38448 16
f 3212
a 13866 576 64
f 4734
a 13867 1472 256
f 8553
a 13868 880 64
f 6717
a 13869 1152 256
f 8776
a 13870 1168 256
f 824
a 13871 6512 16
f 6671
a 13872 25616 256
f 11484
a 13873 2224 64
f 4315
a 13874 544 16
f 10087
a 13875 544 16
f 4681
a 13876 880 64
f 13703
a 13877 1504 256
f 11633
a 13878 1328 16
f 12580
a 13879 20224 16
f 10555
a 13880 50864 256
f 7248
a 13881 1776 16
f 8754
a 13882 21888 64
f 3721
a 13883 1072 256
f 4493
a 13884 704 256
f 12829
a 13885 368 256
f 13447
a 13886 5024 64
f 5959
a 13887 1520 16
f 1596
a 13888 4912 256
f 2244
a 13889 1648 16
f 3485
a 13890 11952 64
f 1598
a 13891 37568 256
f 11693
a 13892 8736 64
f 10450
a 13893 46880 64
f 5386
a 13894 304 256
f 11281
a 13895 14400 16
f 9236
a 13896 560 256
f 11910
a 13897 512 64
f 3818
a 13898 5984 64
f 666
a 13899 7136 256
f 2203
a 13900 272 256
f 36
a 13901 14400 256
f 11154
a 13902 3664 64
f 11631
a 13903 1696 16
f 5929
a 13904 10688 64
f 6467
a 13905 11520 64
f 10499
a 13906 57984 256
f 5889
a 13907 3056 64
f 13581
a 13908 2976 16
f 4033
a 13909 1424 256
f 12523
a 13910 3584 16
f 9016
a 13911 23888 64
f 11937
a 13912 1904 64
f 3710
a 13913 15632 16
f 4334
a 13914 13376 64
f 9628
a 13915 9184 64
f 7258
a 13916 13840 16
f 8083
a 13917 51664 256
f 10388
a 13918 28224 16
f 9535
a 13919 432 256
f 9833
a 13920 16112 16
f 624
a 13921 1904 16
f 8961
a 13922 368 16
f 8860
a 13923 3248 64
f 1226
a 13924 4800 64
f 3940
a 13925 2880 16
f 6145
a 13926 1536 256
f 2322
a 13927 3184 64
f 9041
a 13928 37456 16
f 10299
a 13929 704 16
f 8500
a 13930 448 64
f 10865
a 13931 1664 256
f 6636
a 13932 26480 64
f 4753
a 13933 18848 64
f 9461
a 13934 1056 16
f 8904
a 13935 47904 64
f 9740
a 13936 20848 256
f 13858
a 13937 4064 256
f 7950
a 13938 10128 64
f 9445
a 13939 5792 16
f 10475
a 13940 61808 16
f 11945
a 13941 9968 64
f 13143
a 13942 2864 256
f 8146
a 13943 2496 16
f 7530
a 13944 976 64
f 8038
a 13945 464 16
f 138
a 13946 53760 64
f 11936
a 13947 5936 64
f 6480
a 13948 13616 16
f 750
a 13949 896 64
f 3588
a 13950 52208 16
f 12056
a 13951 61536 256
f 5795
a 13952 464 256
f 6100
a 13953 24768 16
f 10146
a 13954 60528 64
f 475
a 13955 592 16
f 13778
a 13956 1696 256
f 12220
a 13957 3968 256
f 10077
a 13958 28640 16
f 2574
a 13959 9280 16
f 7228
a 13960 5712 256
f 2623
a 13961 1968 256
f 13505
a 13962 60784 16
f 9797
a 13963 896 16
f 2537
a 13964 6528 16
f 4600
a 13965 1296 16
f 6275
a 13966 43056 64
f 2870
a 13967 2464 256
f 7654
a 13968 1184 16
f 6226
a 13969 10192 256
f 224
a 13970 496 256
f 6006
a 13971 304 64
f 13772
a 13972 3232 256
f 13547
a 13973 50704 16
f 10148
a 13974 30784 256
f 8132
a 13975 49376 16
f 6703
a 13976 2784 64
f 6410
a 13977 19536 256
f 1477
a 13978 768 256
f 9466
a 13979 3984 256
f 6907
a 13980 1712 64
f 2835
a 13981 12288 64
f 2249
a 13982 784 64
f 7095
a 13983 1456 256
f 8520
a 13984 1648 64
f 9841
a 13985 28656 64
f 12473
a 13986 448 16
f 13071
a 13987 416 64
f 4175
a 13988 560 64
f 7181
a 13989 20624 64
f 11573
a 13990 4288 16
f 4123
a 13991 1504 256
f 5054
a 13992 8928 16
f 7605
a 13993 14720 16
f 5079
a 13994 480 16
f 6395
a 13995 2896 16
f 13207
a 13996 49680 16
f 11024
a 13997 752 256
f 12367
a 13998 12640 16
f 455
a 13999 2896 16
c step-4000
f 5992
a 14000 55792 256
f 1935
a 14001 1168 64
f 12247
a 14002 1184 64
f 5519
a 14003 656 16
f 11725
a 14004 43552 16
f 13315
a 14005 11536 64
f 2849
a 14006 320 64
f 9147
a 14007 928 64
f 6888
a 14008 400 16
f 72
a 14009 416 256
f 8957
a 14010 3328 64
f 10066
a 14011 3120 16
f 11214
a 14012 32768 256
f 12832
a 14013 4752 256
f 3716
a 14014 448 256
f 1344
a 14015 1248 64
f 12500
a 14016 6480 64
f 3880
a 14017 18704 16
f 8471
a 14018 256 16
f 4379
a 14019 544 256
f 10852
a 14020 4352 64
f 13033
a 14021 3888 256
f 12117
a 14022 63568 256
f 8626
a 14023 288 64
f 8552
a 14024 544 16
f 5158
a 14025 18960 64
f 4592
a 14026 2256 64
f 3367
a 14027 10288 16
f 8578
a 14028 1136 64
f 6036
a 14029 1536 16
f 1931
a 14030 496 64
f 6509
a 14031 560 16
f 13233
a 14032 44976 64
f 11954
a 14033 1472 256
f 4291
a 14034 624 64
f 8628
a 14035 13168 256
f 8122
a 14036 11456 16
f 9038
a 14037 1904 16
f 4308
a 14038 1008 16
f 11180
a 14039 896 256
f 877
a 14040 336 256
f 7653
a 14041 3520 64
f 7077
a 14042 22480 16
f 1225
a 14043 25488 256
f 1196
a 14044 56992 16
f 13504
a 14045 63872 64
f 835
a 14046 4976 256
f 13861
a 14047 29872 16
f 8091
a 14048 10528 256
f 9490
a 14049 9120 64
f 6187
a 14050 1744 256
f 11355
a 14051 7040 64
f 13118
a 14052 3728 16
f 1133
a 14053 4896 16
f 8350
a 14054 496 256
f 8240
a 14055 8016 64
f 11864
a 14056 1952 256
f 13120
a 14057 3808 64
f 8380
a 14058 2576 64
f 6906
a 14059 11360 64
f 9762
a 14060 6144 64
f 1186
a 14061 20848 256
f 2101
a 14062 3136 64
f 13597
a 14063 1264 256
f 5496
a 14064 6160 16
f 12856
a 14065 9232 256
f 10182
a 14066 3040 64
f 12203
a 14067 58960 256
f 160
a 14068 7104 16
f 3286
a 14069 18144 64
f 8871
a 14070 512 256
f 5385
a 14071 18288 256
f 2433
a 14072 512 64
f 7918
a 14073 6144 64
f 7007
a 14074 464 64
f 4018
a 14075 368 16
f 7764
a 14076 800 64
f 388
a 14077 4032 16
f 6832
a 14078 31328 256
f 8068
a 14079 9984 256
f 8261
a 14080 304 16
f 4666
a 14081 58816 64
f 7059
a 14082 1520 256
f 9365
a 14083 784 256
f 3075
a 14084 3264 16
f 849
a 14085 1072 256
f 2446
a 14086 5776 256
f 1320
a 14087 3184 256
f 11741
a 14088 50272 64
f 4857
a 14089 7136 16
f 10091
a 14090 33488 64
f 10542
a 14091 7296 16
f 11634
a 14092 384 16
f 1499
a 14093 17712 16
f 633
a 14094 12432 64
f 10810
a 14095 19072 16
f 11985
a 14096 752 256
f 3166
a 14097 7376 256
f 13892
a 14098 1952 64
f 13345
a 14099 24688 64
f 12080
a 14100 2912 256
f 6859
a 14101 6448 16
f 306
a 14102 7024 16
f 5090
a 14103 4288 64
f 7071
a 14104 1696 64
f 1859
a 14105 944 64
f 3061
a 14106 464 64
f 10860
a 14107 25776 16
f 13114
a 14108 17872 256
f 5277
a 14109 59456 64
f 13750
a 14110 49024 16
f 12451
a 14111 2000 64
f 11676
a 14112 1536 16
f 12403
a 14113 12016 64
f 1244
a 14114 11712 16
f 2823
a 14115 944 256
f 13935
a 14116 1328 64
f 7830
a 14117 5232 16
f 2620
a 14118 62000 64
f 8514
a 14119 864 16
f 2364
a 14120 2000 16
f 8681
a 14121 416 256
f 6050
a 14122 4464 64
f 12144
a 14123 960 16
f 11909
a 14124 4432 16
f 11702
a 14125 464 64
f 13969
a 14126 43040 16
f 6200
a 14127 1840 64
f 741
a 14128 400 64
f 5794
a 14129 48864 64
f 8160
a 14130 10960 16
f 154
a 14131 15296 16
f 13150
a 14132 16144 16
f 7716
a 14133 432 16
f 4699
a 14134 6240 256
f 13482
a 14135 6784 64
f 534
a 14136 1696 16
f 2053
a 14137 5680 256
f 12535
a 14138 2208 256
f 14002
a 14139 752 16
f 8708
a 14140 21008 256
f 7984
a 14141 1872 64
f 13134
a 14142 50272 256
f 4521
a 14143 3632 16
f 10167
a 14144 19216 64
f 12051
a 14145 57264 16
f 8352
a 14146 544 256
f 12034
a 14147 18592 64
f 10063
a 14148 5808 16
f 9395
a 14149 1424 16
f 8383
a 14150 704 256
f 12170
a 14151 7648 16
f 7954
a 14152 1760 16
f 10234
a 14153 25648 16
f 1183
a 14154 1968 256
f 4070
a 14155 384 16
f 13361
a 14156 4704 16
f 7081
a 14157 9904 256
f 11845
a 14158 13728 64
f 9110
a 14159 9536 16
f 12762
a 14160 45232 256
f 284
a 14161 12208 256
f 6775
a 14162 1232 16
f 7448
a 14163 7872 16
f 13563
a 14164 44544 16
f 4729
a 14165 43616 256
f 10580
a 14166 1072 64
f 1127
a 14167 464 16
f 6016
a 14168 12336 256
f 7775
a 14169 36496 16
f 5309
a 14170 4496 16
f 13939
a 14171 976 64
f 5649
a 14172 6624 16
f 10332
a 14173 6192 64
f 2585
a 14174 6048 16
f 7566
a 14175 2672 16
f 14082
a 14176 784 64
f 13815
a 14177 32544 64
f 8276
a 14178 59824 16
f 12787
a 14179 864 16
f 11494
a 14180 1088 16
f 11878
a 14181 60704 64
f 6861
a 14182 1264 256
f 5025
a 14183 29952 256
f 6699
a 14184 816 16
f 9860
a 14185 3120 256
f 5022
a 14186 400 256
f 13224
a 14187 37248 64
f 5526
a 14188 10368 256
f 5714
a 14189 19120 256
f 6313
a 14190 2384 64
f 6488
a 14191 384 64
f 11596
a 14192 56960 64
f 12538
a 14193 3584 16
f 3481
a 14194 26512 16
f 4297
a 14195 42384 64
f 1149
a 14196 7840 16
f 6867
a 14197 496 256
f 1930
a 14198 1088 16
f 13424
a 14199 2208 256
f 1153
a 14200 16192 64
f 12637
a 14201 1056 64
f 4738
a 14202 576 16
f 10101
a 14203 1936 16
f 7887
a 14204 10320 256
f 6654
a 14205 22304 256
f 5678
a 14206 832 256
f 9093
a 14207 3472 64
f 3052
a 14208 9584 16
f 3269
a 14209 3376 16
f 7492
a 14210 704 256
f 9462
a 14211 1888 256
f 11824
a 14212 49968 16
f 7790
a 14213 44656 64
f 14053
a 14214 12816 64
f 1290
a 14215 27984 16
f 1063
a 14216 15424 64
f 5276
a 14217 1632 256
f 12130
a 14218 416 64
f 11902
a 14219 56896 64
f 14192
a 14220 4384 16
f 9141
a 14221 15424 64
f 9642
a 14222 42544 64
f 9789
a 14223 400 256
f 11130
a 14224 54528 16
f 3610
a 14225 4032 16
f 11983
a 14226 4096 64
f 8769
a 14227 336 16
f 5597
a 14228 2336 16
f 11904
a 14229 44704 256
f 5555
a 14230 23568 256
f 11294
a 14231 272 256
f 5000
a 14232 47696 64
f 8485
a 14233 13328 64
f 11405
a 14234 8800 256
f 1301
a 14235 544 64
f 2341
a 14236 1776 256
f 2278
a 14237 3872 16
f 1064
a 14238 12160 64
f 11040
a 14239 2640 16
f 13260
a 14240 18848 16
f 13915
a 14241 38864 16
f 11000
a 14242 400 64
f 10546
a 14243 6768 64
f 3578
a 14244 1424 256
f 9146
a 14245 21696 16
f 13302
a 14246 688 64
f 1905
a 14247 560 16
f 3819
a 14248 4432 16
f 4828
a 14249 1600 64
f 3763
a 14250 15696 16
f 5923
a 14251 544 64
f 8191
a 14252 17792 64
f 2429
a 14253 64976 64
f 11505
a 14254 14064 16
f 10150
a 14255 736 64
f 4179
a 14256 6784 16
f 9329
a 14257 7072 64
f 11112
a 14258 1984 16
f 3128
a 14259 42064 64
f 13178
a 14260 768 16
f 11944
a 14261 816 64
f 5561
a 14262 29360 64
f 8607
a 14263 1360 16
f 10190
a 14264 288 64
f 2378
a 14265 21296 64
f 4374
a 14266 2464 256
f 8097
a 14267 5024 64
f 3884
a 14268 512 64
f 4134
a 14269 336 256
f 1506
a 14270 34240 16
f 12986
a 14271 21216 256
f 13656
a 14272 7408 64
f 2658
a 14273 15536 64
f 3738
a 14274 22624 64
f 2544
a 14275 2736 64
f 6985
a 14276 3536 64
f 13255
a 14277 43824 256
f 5404
a 14278 31344 256
f 1494
a 14279 1440 16
f 10164
a 14280 63984 256
f 10217
a 14281 13344 256
f 11540
a 14282 17808 64
f 4688
a 14283 512 16
f 1178
a 14284 45216 64
f 2048
a 14285 2304 256
f 11835
a 14286 53456 256
f 13437
a 14287 10016 64
f 13576
a 14288 576 64
f 683
a 14289 17824 64
f 2876
a 14290 1328 256
f 8282
a 14291 880 256
f 9777
a 14292 8592 16
f 5537
a 14293 3504 256
f 13516
a 14294 1312 256
f 10915
a 14295 32272 64
f 5834
a 14296 57392 16
f 892
a 14297 2400 256
f 6375
a 14298 14688 256
f 7767
a 14299 7504 16
f 7818
a 14300 15856 64
f 12686
a 14301 40352 16
f 1705
a 14302 9008 256
f 4063
a 14303 3104 64
f 12940
a 14304 18800 16
f 12996
a 14305 320 256
f 552
a 14306 480 16
f 1443
a 14307 8160 64
f 2425
a 14308 416 256
f 7901
a 14309 14768 256
f 1049
a 14310 640 64
f 7957
a 14311 1664 16
f 1288
a 14312 15632 16
f 6593
a 14313 4384 64
f 119
a 14314 7904 256
f 9646
a 14315 13056 16
f 6305
a 14316 10624 64
f 10250
a 14317 50480 256
f 8320
a 14318 14592 16
f 14017
a 14319 5968 64
f 14074
a 14320 2592 16
f 12288
a 14321 22176 16
f 7784
a 14322 304 64
f 9946
a 14323 16928 16
f 1791
a 14324 8464 16
f 13298
a 14325 1232 256
f 6802
a 14326 12416 16
f 5428
a 14327 1024 64
f 12622
a 14328 2256 16
f 4025
a 14329 40096 64
f 7786
a 14330 49312 64
f 3211
a 14331 6480 16
f 13964
a 14332 28464 16
f 13989
a 14333 4064 256
f 1785
a 14334 3248 256
f 13856
a 14335 4000 64
f 9589
a 14336 21680 16
f 11370
a 14337 704 16
f 7016
a 14338 24576 64
f 12027
a 14339 8640 16
f 2146
a 14340 384 64
f 9073
a 14341 368 16
f 14015
a 14342 8064 256
f 8047
a 14343 4688 16
f 9657
a 14344 64176 64
f 12216
a 14345 56896 256
f 12119
a 14346 624 64
f 5763
a 14347 768 64
f 13981
a 14348 784 64
f 5043
a 14349 4320 256
f 4654
a 14350 2048 16
f 12796
a 14351 62720 16
f 787
a 14352 976 256
f 664
a 14353 4192 64
f 13601
a 14354 54208 16
f 3417
a 14355 832 64
f 6014
a 14356 352 16
f 12803
a 14357 2096 16
f 14310
a 14358 11920 256
f 6779
a 14359 3616 256
f 13073
a 14360 12928 16
f 11765
a 14361 5504 16
f 2482
a 14362 1808 64
f 10846
a 14363 15072 16
f 6342
a 14364 272 64
f 10931
a 14365 4896 16
f 8761
a 14366 752 16
f 1158
a 14367 832 256
f 1110
a 14368 5328 256
f 7264
a 14369 39680 64
f 5251
a 14370 3408 16
f 8912
a 14371 14848 256
f 13729
a 14372 736 64
f 10605
a 14373 2912 256
f 13757
a 14374 1248 16
f 12293
a 14375 3120 16
f 2051
a 14376 5712 16
f 10632
a 14377 544 256
f 1867
a 14378 7264 16
f 12299
a 14379 928 64
f 544
a 14380 49792 256
f 4337
a 14381 272 16
f 749
a 14382 30128 256
f 1462
a 14383 272 16
f 609
a 14384 1392 64
f 1718
a 14385 2800 64
f 1321
a 14386 9392 64
f 11699
a 14387 1056 16
f 11515
a 14388 416 64
f 2348
a 14389 27392 256
f 5694
a 14390 20640 16
f 3543
a 14391 2208 256
f 10789
a 14392 320 256
f 5651
a 14393 48080 256
f 12545
a 14394 20576 256
f 2065
a 14395 2240 64
f 4389
a 14396 5520 64
f 5040
a 14397 480 256
f 7988
a 14398 624 64
f 9765
a 14399 1744 64
f 4147
a 14400 7808 256
f 3169
a 14401 31984 64
f 3455
a 14402 17104 256
f 6294
a 14403 14608 64
f 4983
a 14404 23232 64
f 13833
a 14405 28384 256
f 9876
a 14406 1744 64
f 8554
a 14407 29456 16
f 9854
a 14408 3072 256
f 6684
a 14409 34416 64
f 3498
a 14410 4688 64
f 2522
a 14411 272 256
f 3939
a 14412 59312 64
f 8257
a 14413 38288 64
f 2546
a 14414 4720 64
f 10418
a 14415 848 256
f 13060
a 14416 352 16
f 12442
a 14417 63200 64
f 1068
a 14418 5392 64
f 4772
a 14419 624 256
f 16
a 14420 368 16
f 9689
a 14421 1040 64
f 7978
a 14422 13840 16
f 1486
a 14423 1632 16
f 11611
a 14424 22672 64
f 11398
a 14425 22320 64
f 13839
a 14426 10480 16
f 14062
a 14427 864 256
f 8619
a 14428 496 64
f 13226
a 14429 15088 64
f 11580
a 14430 59296 64
f 7113
a 14431 2352 256
f 5031
a 14432 33280 64
f 558
a 14433 1088 64
f 6516
a 14434 832 16
f 11571
a 14435 4880 64
f 121
a 14436 752 64
f 5331
a 14437 320 64
f 9708
a 14438 512 64
f 2270
a 14439 400 256
f 12512
a 14440 2480 64
f 638
a 14441 416 64
f 9607
a 14442 656 64
f 5384
a 14443 864 16
f 3887
a 14444 38800 256
f 12476
a 14445 61520 256
f 7132
a 14446 4160 16
f 12908
a 14447 624 64
f 13654
a 14448 1952 64
f 14330
a 14449 624 256
f 10921
a 14450 60912 256
f 14300
a 14451 1728 256
f 12731
a 14452 3312 64
f 13972
a 14453 1760 16
f 5750
a 14454 47552 256
f 11213
a 14455 896 256
f 8895
a 14456 6608 256
f 10377
a 14457 22384 256
f 2543
a 14458 8048 256
f 4456
a 14459 35232 256
f 86
a 14460 624 64
f 13117
a 14461 3504 256
f 11823
a 14462 512 64
f 9702
a 14463 336 64
f 57
a 14464 8112 16
f 3775
a 14465 3888 64
f 12794
a 14466 7520 16
f 1992
a 14467 3328 64
f 4161
a 14468 912 256
f 12167
a 14469 2672 256
f 3936
a 14470 23232 64
f 3092
a 14471 14640 64
f 7143
a 14472 720 16
f 2353
a 14473 22336 64
f 6759
a 14474 1552 256
f 9879
a 14475 7520 256
f 10911
a 14476 336 64
f 9983
a 14477 4928 256
f 14249
a 14478 46656 64
f 11298
a 14479 33504 16
f 6162
a 14480 352 256
f 11865
a 14481 6368 16
f 8284
a 14482 8816 16
f 314
a 14483 14416 256
f 6263
a 14484 16320 16
f 2442
a 14485 50848 64
f 4362
a 14486 5728 256
f 11696
a 14487 320 16
f 4263
a 14488 64144 64
f 12674
a 14489 25968 256
f 7323
a 14490 496 64
f 4628
a 14491 7696 256
f 12590
a 14492 29280 16
f 8202
a 14493 2928 256
f 135
a 14494 912 64
f 5808
a 14495 2944 256
f 417
a 14496 51536 64
f 11830
a 14497 8768 256
f 13297
a 14498 3232 256
f 4024
a 14499 20432 16
c step-4500
f 5215
a 14500 37136 256
f 99
a 14501 24016 16
f 1580
a 14502 2896 256
f 10518
a 14503 40512 256
f 11121
a 14504 3904 256
f 8259
a 14505 272 256
f 13317
a 14506 912 64
f 11242
a 14507 9712 64
f 11688
a 14508 7888 256
f 7009
a 14509 8272 256
f 8969
a 14510 3984 256
f 9855
a 14511 1440 64
f 12830
a 14512 25520 16
f 2147
a 14513 2176 256
f 952
a 14514 720 16
f 11202
a 14515 11456 16
f 702
a 14516 5888 256
f 12574
a 14517 7968 16
f 14113
a 14518 384 256
f 10621
a 14519 31552 16
f 3781
a 14520 4112 256
f 13325
a 14521 25200 16
f 1722
a 14522 38528 16
f 9427
a 14523 25632 256
f 10848
a 14524 336 256
f 346
a 14525 2016 64
f 5245
a 14526 16208 64
f 1593
a 14527 18256 64
f 1083
a 14528 63776 256
f 10684
a 14529 1984 16
f 5698
a 14530 2080 16
f 9509
a 14531 1728 64
f 8181
a 14532 7312 16
f 12932
a 14533 15424 256
f 6172
a 14534 1008 16
f 13749
a 14535 28544 256
f 6011
a 14536 23904 16
f 4341
a 14537 480 16
f 3351
a 14538 27808 256
f 7525
a 14539 17280 16
f 2184
a 14540 10688 256
f 12470
a 14541 640 64
f 6308
a 14542 2224 16
f 10806
a 14543 2480 16
f 14050
a 14544 5632 64
f 6008
a 14545 3680 256
f 1159
a 14546 30544 256
f 3540
a 14547 23520 64
f 7657
a 14548 3456 64
f 11101
a 14549 1024 256
f 14255
a 14550 912 64
f 1515
a 14551 752 256
f 8730
a 14552 1072 16
f 7047
a 14553 1568 16
f 3450
a 14554 28288 16
f 7302
a 14555 1104 256
f 1939
a 14556 1104 16
f 6167
a 14557 6048 16
f 843
a 14558 31312 256
f 5359
a 14559 5104 64
f 8391
a 14560 3392 64
f 1559
a 14561 1184 256
f 4706
a 14562 5824 16
f 7519
a 14563 704 16
f 4253
a 14564 368 16
f 14085
a 14565 960 256
f 1907
a 14566 11056 16
f 4609
a 14567 1264 256
f 8045
a 14568 5664 256
f 12163
a 14569 800 256
f 1005
a 14570 25824 256
f 1254
a 14571 8576 16
f 6417
a 14572 944 64
f 8142
a 14573 4400 64
f 2069
a 14574 3696 64
f 5023
a 14575 368 256
f 7018
a 14576 288 64
f 5091
a 14577 2160 64
f 3010
a 14578 49424 16
f 46
a 14579 13728 64
f 10145
a 14580 11616 16
f 10279
a 14581 528 16
f 14305
a 14582 2672 16
f 1784
a 14583 7920 16
f 2791
a 14584 20640 64
f 13003
a 14585 1968 16
f 13425
a 14586 30432 256
f 10502
a 14587 304 256
f 10563
a 14588 18928 16
f 12834
a 14589 1888 16
f 6683
a 14590 47200 64
f 387
a 14591 4880 64
f 8371
a 14592 2000 256
f 4961
a 14593 2592 64
f 10809
a 14594 3616 256
f 525
a 14595 7296 16
f 4752
a 14596 944 16
f 1054
a 14597 1792 16
f 7891
a 14598 15920 256
f 5344
a 14599 640 16
f 2108
a 14600 22800 256
f 5820
a 14601 496 64
f 13844
a 14602 1584 256
f 12505
a 14603 17920 16
f 9070
a 14604 7008 16
f 1923
a 14605 2368 16
f 13659
a 14606 7216 16
f 6067
a 14607 4976 16
f 4797
a 14608 2208 256
f 2419
a 14609 13504 16
f 6711
a 14610 5168 64
f 420
a 14611 17200 16
f 14496
a 14612 432 16
f 12377
a 14613 5344 64
f 11094
a 14614 16912 16
f 5828
a 14615 1264 16
f 1830
a 14616 1200 16
f 3241
a 14617 336 256
f 301
a 14618 3440 64
f 11051
a 14619 15888 16
f 11434
a 14620 272 64
f 12846
a 14621 7248 256
f 7089
a 14622 3520 16
f 3698
a 14623 624 256
f 5042
a 14624 2144 256
f 126
a 14625 34448 16
f 11108
a 14626 30928 64
f 8217
a 14627 4128 256
f 10888
a 14628 496 16
f 11648
a 14629 2544 256
f 13955
a 14630 336 64
f 5558
a 14631 864 256
f 12217
a 14632 6096 16
f 10960
a 14633 11632 256
f 2407
a 14634 28176 64
f 12881
a 14635 10656 256
f 4956
a 14636 14800 16
f 13284
a 14637 15184 64
f 1101
a 14638 7344 16
f 7320
a 14639 9424 16
f 13344
a 14640 19888 16
f 6435
a 14641 43152 16
f 11046
a 14642 21520 64
f 2825
a 14643 49472 16
f 7561
a 14644 10608 256
f 14000
a 14645 352 64
f 12504
a 14646 3136 16
f 8641
a 14647 7040 16
f 13530
a 14648 9968 256
f 5952
a 14649 25536 64
f 13626
a 14650 832 16
f 1060
a 14651 416 64
f 12096
a 14652 992 256
f 769
a 14653 2272 256
f 9337
a 14654 7104 16
f 2873
a 14655 3296 256
f 1844
a 14656 53248 16
f 13090
a 14657 25680 256
f 7607
a 14658 7952 64
f 223
a 14659 24560 64
f 12396
a 14660 6096 16
f 2890
a 14661 12912 256
f 14210
a 14662 624 256
f 7589
a 14663 1872 256
f 1755
a 14664 5904 64
f 3651
a 14665 288 256
f 7958
a 14666 18576 256
f 2401
a 14667 40320 64
f 9752
a 14668 24512 16
f 5710
a 14669 16768 64
f 5403
a 14670 2048 64
f 9082
a 14671 3664 64
f 2476
a 14672 1936 16
f 13254
a 14673 320 64
f 14125
a 14674 2832 16
f 4015
a 14675 2320 256
f 694
a 14676 46464 16
f 13723
a 14677 14064 256
f 4539
a 14678 1840 64
f 1257
a 14679 960 64
f 10543
a 14680 1968 64
f 13500
a 14681 43072 64
f 13767
a 14682 60624 256
f 815
a 14683 4352 16
f 3033
a 14684 656 256
f 13409
a 14685 560 64
f 6418
a 14686 31952 16
f 4547
a 14687 5200 64
f 10964
a 14688 9840 64
f 3363
a 14689 28656 16
f 12871
a 14690 19280 256
f 4885
a 14691 976 64
f 2410
a 14692 8176 64
f 13638
a 14693 18864 256
f 10792
a 14694 1808 16
f 426
a 14695 21744 16
f 2556
a 14696 864 64
f 12053
a 14697 2672 256
f 2197
a 14698 63296 64
f 13668
a 14699 15936 256
f 10360
a 14700 384 64
f 12547
a 14701 9696 64
f 1439
a 14702 26160 64
f 13046
a 14703 15584 256
f 8618
a 14704 1264 64
f 14405
a 14705 5360 256
f 10837
a 14706 2016 64
f 11735
a 14707 896 256
f 11413
a 14708 384 64
f 13688
a 14709 400 64
f 12241
a 14710 8128 256
f 13442
a 14711 368 64
f 13512
a 14712 28064 256
f 12647
a 14713 4032 256
f 9281
a 14714 25552 256
f 13971
a 14715 10064 64
f 9718
a 14716 896 16
f 8712
a 14717 1104 64
f 146
a 14718 1104 256
f 6446
a 14719 25840 256
f 5701
a 14720 17744 256
f 14502
a 14721 272 64
f 14632
a 14722 48704 64
f 8292
a 14723 560 64
f 11412
a 14724 752 16
f 12667
a 14725 4912 16
f 2052
a 14726 16496 256
f 1652
a 14727 2144 64
f 13891
a 14728 2080 16
f 12405
a 14729 6832 64
f 11943
a 14730 1104 16
f 12001
a 14731 832 16
f 10978
a 14732 39456 256
f 2645
a 14733 560 64
f 6740
a 14734 848 64
f 7471
a 14735 848 256
f 3124
a 14736 1392 256
f 1542
a 14737 6128 16
f 7161
a 14738 3104 16
f 3809
a 14739 1488 64
f 611
a 14740 800 64
f 727
a 14741 13936 16
f 561
a 14742 976 16
f 14029
a 14743 52928 16
f 4257
a 14744 56016 256
f 7727
a 14745 912 16
f 6651
a 14746 496 16
f 10412
a 14747 2016 16
f 5015
a 14748 832 64
f 6157
a 14749 288 16
f 3324
a 14750 688 256
f 4459
a 14751 15792 256
f 5162
a 14752 2576 16
f 6105
a 14753 38240 256
f 14582
a 14754 1216 64
f 2204
a 14755 2240 64
f 11479
a 14756 3264 64
f 1754
a 14757 5600 16
f 1353
a 14758 19328 16
f 5226
a 14759 4624 16
f 5942
a 14760 11888 16
f 1147
a 14761 624 64
f 4936
a 14762 18432 64
f 5038
a 14763 304 16
f 6120
a 14764 1824 64
f 12887
a 14765 28144 64
f 11869
a 14766 9808 16
f 13679
a 14767 3632 64
f 7
a 14768 28944 16
f 1342
a 14769 336 64
f 14627
a 14770 352 256
f 6433
a 14771 432 256
f 14545
a 14772 896 64
f 641
a 14773 1248 16
f 13377
a 14774 1040 64
f 9487
a 14775 13888 64
f 4642
a 14776 448 256
f 10270
a 14777 1312 16
f 4259
a 14778 384 16
f 4722
a 14779 5872 16
f 14037
a 14780 21056 256
f 8546
a 14781 3936 256
f 4969
a 14782 1056 256
f 11391
a 14783 448 16
f 3416
a 14784 912 64
f 13451
a 14785 3696 256
f 9863
a 14786 1040 64
f 7552
a 14787 8992 64
f 3699
a 14788 912 16
f 14228
a 14789 4064 256
f 6520
a 14790 6416 16
f 744
a 14791 1664 64
f 3732
a 14792 448 256
f 14782
a 14793 1056 256
f 12548
a 14794 24512 16
f 3649
a 14795 768 256
f 6810
a 14796 896 16
f 9794
a 14797 23552 16
f 7373
a 14798 5616 256
f 3606
a 14799 1856 16
f 1291
a 14800 336 64
f 5103
a 14801 51952 64
f 8926
a 14802 1024 16
f 5104
a 14803 29568 16
f 12922
a 14804 49040 64
f 3630
a 14805 2704 64
f 3205
a 14806 752 16
f 5713
a 14807 1584 256
f 10923
a 14808 448 16
f 3042
a 14809 560 256
f 1656
a 14810 26912 16
f 11839
a 14811 47680 16
f 13119
a 14812 1936 64
f 2112
a 14813 61408 16
f 7713
a 14814 5808 256
f 2633
a 14815 992 16
f 8915
a 14816 12160 256
f 5285
a 14817 1136 256
f 10196
a 14818 17584 256
f 5753
a 14819 1488 64
f 11345
a 14820 512 256
f 8327
a 14821 7584 16
f 14615
a 14822 6496 16
f 6851
a 14823 336 16
f 10961
a 14824 464 256
f 1976
a 14825 7360 64
f 7123
a 14826 1168 64
f 2172
a 14827 5680 16
f 5443
a 14828 2896 256
f 11763
a 14829 1376 16
f 7125
a 14830 61088 16
f 11090
a 14831 3328 16
f 7723
a 14832 17920 16
f 13683
a 14833 368 64
f 7205
a 14834 27872 256
f 7229
a 14835 10112 64
f 3361
a 14836 464 16
f 8943
a 14837 63760 256
f 2361
a 14838 11056 256
f 6980
a 14839 656 16
f 9909
a 14840 5568 16
f 379
a 14841 64480 256
f 905
a 14842 23152 64
f 7066
a 14843 2592 16
f 6381
a 14844 9600 256
f 2006
a 14845 27200 256
f 6659
a 14846 5360 256
f 11521
a 14847 1632 16
f 3438
a 14848 57040 16
f 8231
a 14849 3808 16
f 1276
a 14850 24368 64
f 12091
a 14851 23296 64
f 3062
a 14852 480 256
f 7919
a 14853 7872 64
f 10990
a 14854 6448 64
f 646
a 14855 15040 16
f 8291
a 14856 18032 16
f 3104
a 14857 10816 64
f 14043
a 14858 880 64
f 8646
a 14859 14176 16
f 7259
a 14860 6944 256
f 3011
a 14861 2784 16
f 179
a 14862 19872 256
f 4659
a 14863 512 16
f 5879
a 14864 36480 256
f 12662
a 14865 768 64
f 6349
a 14866 20512 64
f 4613
a 14867 4096 16
f 9955
a 14868 14240 16
f 7509
a 14869 368 256
f 12757
a 14870 45712 16
f 13813
a 14871 15216 16
f 69
a 14872 1984 256
f 5432
a 14873 14944 64
f 13291
a 14874 30768 16
f 4979
a 14875 49024 16
f 3948
a 14876 5072 64
f 14296
a 14877 496 64
f 13008
a 14878 384 256
f 6247
a 14879 1776 256
f 6035
a 14880 2064 64
f 12033
a 14881 480 64
f 13481
a 14882 6816 64
f 8057
a 14883 7664 256
f 11120
a 14884 24304 256
f 78
a 14885 3360 256
f 13349
a 14886 3232 64
f 14364
a 14887 56736 256
f 6936
a 14888 56448 16
f 1302
a 14889 64160 256
f 7159
a 14890 1936 64
f 10906
a 14891 432 16
f 6950
a 14892 480 64
f 9580
a 14893 56000 16
f 2804
a 14894 864 16
f 7358
a 14895 3696 256
f 9332
a 14896 11936 64
f 11310
a 14897 3008 256
f 14315
a 14898 23728 16
f 1006
a 14899 384 64
f 13269
a 14900 864 64
f 14108
a 14901 1520 64
f 1839
a 14902 416 64
f 6243
a 14903 47264 64
f 1498
a 14904 29568 64
f 2621
a 14905 272 64
f 10591
a 14906 1440 64
f 10815
a 14907 1808 64
f 6206
a 14908 928 256
f 12976
a 14909 6704 16
f 12353
a 14910 14352 64
f 7857
a 14911 15552 64
f 12573
a 14912 10240 256
f 2128
a 14913 6112 64
f 6670
a 14914 50880 64
f 6189
a 14915 304 16
f 753
a 14916 54928 256
f 4938
a 14917 34240 16
f 10335
a 14918 1280 256
f 3284
a 14919 10816 256
f 4579
a 14920 864 64
f 12002
a 14921 320 16
f 12989
a 14922 800 64
f 10560
a 14923 576 64
f 10620
a 14924 416 256
f 9033
a 14925 864 64
f 9387
a 14926 5360 16
f 8982
a 14927 64256 64
f 12956
a 14928 8144 16
f 10712
a 14929 40656 64
f 12417
a 14930 880 16
f 10454
a 14931 2656 256
f 12898
a 14932 11664 16
f 13689
a 14933 736 64
f 5441
a 14934 36736 16
f 272
a 14935 47952 256
f 2005
a 14936 288 16
f 14183
a 14937 464 64
f 14586
a 14938 2224 16
f 8385
a 14939 1936 16
f 5914
a 14940 400 64
f 9705
a 14941 7248 64
f 14175
a 14942 3264 256
f 8055
a 14943 49696 256
f 14339
a 14944 20848 16
f 5077
a 14945 1584 256
f 4692
a 14946 752 256
f 1695
a 14947 45104 16
f 14693
a 14948 8288 256
f 1790
a 14949 2464 256
f 6551
a 14950 25088 16
f 783
a 14951 21392 16
f 13221
a 14952 27536 256
f 8574
a 14953 272 64
f 7910
a 14954 288 64
f 13371
a 14955 384 64
f 13089
a 14956 6256 64
f 589
a 14957 13184 64
f 8851
a 14958 1552 16
f 1265
a 14959 3712 64
f 2723
a 14960 33088 256
f 13141
a 14961 1824 256
f 8272
a 14962 4032 256
f 8136
a 14963 384 16
f 10049
a 14964 2208 64
f 2883
a 14965 9840 256
f 3874
a 14966 65536 64
f 7052
a 14967 24128 256
f 7256
a 14968 5104 64
f 7269
a 14969 57856 16
f 10338
a 14970 2720 16
f 6290
a 14971 1152 16
f 5415
a 14972 20256 256
f 5922
a 14973 15984 64
f 3839
a 14974 6528 16
f 6939
a 14975 5120 16
f 4557
a 14976 1744 256
f 6121
a 14977 1152 16
f 5013
a 14978 2896 64
f 9724
a 14979 1408 64
f 1715
a 14980 464 256
f 11811
a 14981 1232 16
f 1107
a 14982 432 64
f 11425
a 14983 944 256
f 12082
a 14984 1648 16
f 14308
a 14985 39904 64
f 5752
a 14986 60944 64
f 592
a 14987 384 256
f 5493
a 14988 22160 256
f 5921
a 14989 736 256
f 14764
a 14990 2688 256
f 4774
a 14991 8240 256
f 13822
a 14992 27616 16
f 6354
a 14993 912 64
f 14946
a 14994 288 16
f 5169
a 14995 31600 64
f 5588
a 14996 752 64
f 274
a 14997 288 16
f 14156
a 14998 1904 256
f 5144
a 14999 1408 256
c step-5000
