# hetoimasia allocator parity trace, format 1; see README.md
# Synthetic, hypothetical: 100 live buffers of 256 B to 64 KiB, log-uniform, alignments 16, 64 or 256,
# filling 75% of the block, then 5,000 steps of one random free and one allocation.
trace sweep-live-00100-occupancy-75
capacity 2162688
seed 1001
a 0 7088 64
a 1 57008 64
a 2 448 256
a 3 960 256
a 4 15744 256
a 5 31936 16
a 6 6800 16
a 7 816 256
a 8 416 64
a 9 720 16
a 10 528 16
a 11 3536 256
a 12 25792 16
a 13 53744 64
a 14 62384 16
a 15 288 256
a 16 4992 16
a 17 44352 256
a 18 5056 16
a 19 39632 64
a 20 656 64
a 21 24368 16
a 22 15328 256
a 23 1088 16
a 24 62896 16
a 25 3840 256
a 26 13104 256
a 27 10784 64
a 28 560 256
a 29 3104 16
a 30 2800 64
a 31 6160 256
a 32 288 16
a 33 15712 256
a 34 58208 16
a 35 18864 64
a 36 39616 16
a 37 5808 64
a 38 352 256
a 39 36128 16
a 40 14976 16
a 41 46256 64
a 42 33696 256
a 43 2144 256
a 44 1200 16
a 45 1920 16
a 46 1040 256
a 47 37392 64
a 48 400 64
a 49 1024 256
a 50 1072 256
a 51 3728 64
a 52 12016 256
a 53 56960 256
a 54 368 64
a 55 15184 16
a 56 20192 256
a 57 59984 256
a 58 1408 64
a 59 592 256
a 60 45744 256
a 61 1632 64
a 62 448 16
a 63 512 256
a 64 11440 64
a 65 54912 64
a 66 2528 64
a 67 7488 16
a 68 60352 256
a 69 5584 16
a 70 272 256
a 71 768 16
a 72 9632 16
a 73 35856 256
a 74 8160 64
a 75 7072 64
a 76 272 64
a 77 1872 256
a 78 59056 16
a 79 52848 64
a 80 28720 256
a 81 6592 256
a 82 61888 256
a 83 39120 64
a 84 2272 256
a 85 672 256
a 86 15440 64
a 87 336 16
a 88 496 16
a 89 2304 64
a 90 1232 256
a 91 11904 256
a 92 688 256
a 93 880 64
a 94 10240 256
a 95 32160 16
a 96 2000 16
a 97 416 64
a 98 15952 64
a 99 448 16
c filled
f 0
a 100 3296 16
f 21
a 101 16240 256
f 42
a 102 63648 256
f 50
a 103 6144 256
f 60
a 104 2960 256
f 1
a 105 7616 64
f 27
a 106 52544 64
f 91
a 107 14944 16
f 46
a 108 992 256
f 72
a 109 22272 256
f 65
a 110 992 64
f 10
a 111 44000 64
f 47
a 112 496 16
f 6
a 113 432 64
f 62
a 114 51520 64
f 15
a 115 1648 64
f 87
a 116 848 64
f 14
a 117 17744 256
f 106
a 118 45744 256
f 3
a 119 17696 64
f 83
a 120 8416 256
f 26
a 121 1504 256
f 19
a 122 23776 16
f 32
a 123 4688 256
f 7
a 124 528 16
f 44
a 125 23728 16
f 61
a 126 1168 64
f 98
a 127 4720 16
f 124
a 128 848 64
f 81
a 129 672 64
f 108
a 130 1952 256
f 64
a 131 320 64
f 12
a 132 5424 64
f 40
a 133 11600 64
f 8
a 134 2128 64
f 24
a 135 5584 256
f 33
a 136 47280 16
f 66
a 137 40528 64
f 80
a 138 9632 16
f 133
a 139 43344 256
f 78
a 140 464 64
f 92
a 141 1152 64
f 52
a 142 9472 256
f 77
a 143 3984 64
f 76
a 144 56368 16
f 23
a 145 14816 16
f 51
a 146 29600 64
f 54
a 147 31888 256
f 107
a 148 272 16
f 28
a 149 2544 64
f 25
a 150 37440 16
f 100
a 151 14992 256
f 55
a 152 400 64
f 13
a 153 752 16
f 143
a 154 12992 16
f 82
a 155 1344 64
f 94
a 156 47392 64
f 2
a 157 3392 256
f 137
a 158 14304 16
f 101
a 159 432 256
f 22
a 160 448 16
f 149
a 161 1312 16
f 89
a 162 592 16
f 34
a 163 1584 16
f 105
a 164 8992 16
f 119
a 165 1024 256
f 127
a 166 7168 64
f 86
a 167 368 16
f 30
a 168 544 64
f 135
a 169 16128 16
f 16
a 170 62640 64
f 150
a 171 16960 256
f 53
a 172 19888 64
f 11
a 173 55424 16
f 5
a 174 43968 16
f 142
a 175 2800 256
f 36
a 176 27472 64
f 99
a 177 5872 64
f 154
a 178 864 64
f 160
a 179 54592 64
f 48
a 180 912 256
f 140
a 181 3184 16
f 38
a 182 592 16
f 70
a 183 14400 64
f 96
a 184 8000 256
f 132
a 185 864 16
f 170
a 186 62352 16
f 43
a 187 1648 64
f 18
a 188 1776 16
f 188
a 189 496 64
f 180
a 190 3904 256
f 115
a 191 13408 256
f 167
a 192 5824 16
f 173
a 193 1840 16
f 71
a 194 1280 64
f 103
a 195 368 64
f 195
a 196 480 256
f 41
a 197 14640 16
f 68
a 198 1616 64
f 138
a 199 432 256
f 114
a 200 2816 64
f 75
a 201 3104 16
f 144
a 202 53824 16
f 79
a 203 61200 16
f 104
a 204 2832 256
f 118
a 205 27904 256
f 112
a 206 3344 16
f 116
a 207 688 64
f 93
a 208 40784 16
f 95
a 209 36160 16
f 49
a 210 57632 16
f 191
a 211 480 256
f 139
a 212 1792 256
f 204
a 213 1120 16
f 131
a 214 35856 16
f 35
a 215 464 16
f 56
a 216 3120 256
f 179
a 217 12624 16
f 165
a 218 5696 64
f 197
a 219 4784 256
f 187
a 220 6736 256
f 181
a 221 41120 64
f 210
a 222 1872 64
f 178
a 223 18368 16
f 186
a 224 304 16
f 164
a 225 2272 64
f 175
a 226 54896 256
f 199
a 227 16352 16
f 153
a 228 27392 64
f 9
a 229 11696 64
f 213
a 230 56016 16
f 29
a 231 4432 16
f 172
a 232 32832 16
f 161
a 233 6496 64
f 148
a 234 14144 16
f 166
a 235 1152 256
f 120
a 236 2544 64
f 222
a 237 43648 64
f 125
a 238 16480 64
f 207
a 239 26944 64
f 206
a 240 5584 16
f 129
a 241 960 256
f 146
a 242 464 64
f 233
a 243 304 64
f 203
a 244 25664 16
f 218
a 245 54256 16
f 244
a 246 48384 256
f 211
a 247 384 64
f 113
a 248 14848 64
f 185
a 249 24928 16
f 225
a 250 1024 16
f 192
a 251 288 16
f 251
a 252 12816 16
f 189
a 253 304 64
f 236
a 254 2928 256
f 110
a 255 2656 16
f 224
a 256 14816 64
f 171
a 257 53648 256
f 252
a 258 4160 64
f 85
a 259 6416 64
f 217
a 260 16208 16
f 241
a 261 11568 64
f 122
a 262 1616 64
f 152
a 263 944 64
f 168
a 264 3504 256
f 141
a 265 3280 256
f 45
a 266 3392 64
f 200
a 267 55312 16
f 234
a 268 17600 16
f 227
a 269 2592 64
f 193
a 270 28848 256
f 130
a 271 4960 256
f 126
a 272 26672 16
f 31
a 273 32176 64
f 67
a 274 608 16
f 259
a 275 1632 16
f 202
a 276 8352 256
f 176
a 277 1040 256
f 215
a 278 592 16
f 214
a 279 55520 256
f 182
a 280 752 256
f 4
a 281 688 64
f 276
a 282 64608 64
f 262
a 283 704 16
f 109
a 284 592 64
f 174
a 285 5120 16
f 226
a 286 60960 256
f 238
a 287 272 64
f 253
a 288 18400 16
f 157
a 289 17792 16
f 264
a 290 62160 256
f 269
a 291 39632 64
f 198
a 292 848 256
f 247
a 293 1152 16
f 183
a 294 384 64
f 285
a 295 12704 64
f 284
a 296 45872 16
f 102
a 297 2176 64
f 279
a 298 39504 64
f 246
a 299 3232 16
f 162
a 300 1872 64
f 275
a 301 25344 256
f 281
a 302 3152 256
f 59
a 303 6304 256
f 274
a 304 35376 64
f 223
a 305 65232 64
f 17
a 306 54880 16
f 147
a 307 1552 64
f 235
a 308 50944 64
f 156
a 309 1936 16
f 283
a 310 59024 64
f 287
a 311 50976 16
f 298
a 312 60896 64
f 277
a 313 15504 256
f 90
a 314 6144 256
f 304
a 315 3280 16
f 209
a 316 42080 64
f 256
a 317 7040 64
f 248
a 318 608 16
f 317
a 319 12544 16
f 272
a 320 28000 16
f 205
a 321 15088 64
f 312
a 322 29792 256
f 265
a 323 12224 256
f 74
a 324 8896 16
f 311
a 325 9472 16
f 273
a 326 960 256
f 196
a 327 41360 256
f 266
a 328 52384 64
f 145
a 329 352 64
f 292
a 330 3120 64
f 307
a 331 464 16
f 330
a 332 1648 256
f 254
a 333 2336 16
f 201
a 334 6288 256
f 231
a 335 4704 64
f 288
a 336 13056 256
f 316
a 337 20128 64
f 290
a 338 2432 256
f 136
a 339 336 64
f 282
a 340 58464 16
f 289
a 341 13872 64
f 245
a 342 464 64
f 299
a 343 496 256
f 322
a 344 3424 256
f 305
a 345 3584 256
f 57
a 346 1104 64
f 261
a 347 1904 64
f 220
a 348 27968 64
f 280
a 349 7152 64
f 314
a 350 1216 256
f 295
a 351 24960 16
f 306
a 352 10976 256
f 250
a 353 10064 16
f 121
a 354 32784 16
f 328
a 355 19120 16
f 39
a 356 16256 64
f 353
a 357 784 64
f 321
a 358 62592 16
f 345
a 359 3488 64
f 37
a 360 12400 64
f 294
a 361 1472 16
f 243
a 362 24880 64
f 360
a 363 2112 64
f 293
a 364 1984 256
f 228
a 365 16416 256
f 219
a 366 656 16
f 350
a 367 25344 256
f 84
a 368 1264 256
f 333
a 369 7968 256
f 309
a 370 1120 64
f 315
a 371 864 256
f 257
a 372 31824 64
f 169
a 373 16528 16
f 352
a 374 12512 256
f 69
a 375 5712 256
f 313
a 376 56016 256
f 73
a 377 26768 16
f 237
a 378 55504 16
f 303
a 379 3968 64
f 297
a 380 480 16
f 134
a 381 57264 16
f 58
a 382 5200 256
f 242
a 383 3312 16
f 268
a 384 304 16
f 340
a 385 752 16
f 365
a 386 11888 64
f 208
a 387 21520 16
f 339
a 388 15440 64
f 329
a 389 1344 256
f 334
a 390 2944 256
f 375
a 391 816 64
f 318
a 392 7328 256
f 20
a 393 6144 256
f 324
a 394 832 16
f 221
a 395 35760 16
f 270
a 396 928 256
f 63
a 397 39904 256
f 379
a 398 58928 16
f 367
a 399 25120 16
f 378
a 400 27648 256
f 335
a 401 3136 16
f 387
a 402 2368 16
f 278
a 403 49584 64
f 308
a 404 608 256
f 397
a 405 20272 64
f 343
a 406 23376 256
f 258
a 407 9872 256
f 381
a 408 6016 256
f 117
a 409 15200 256
f 394
a 410 2528 256
f 348
a 411 1312 16
f 409
a 412 35680 64
f 396
a 413 1008 16
f 155
a 414 4480 256
f 392
a 415 13712 16
f 216
a 416 1808 64
f 380
a 417 16272 16
f 370
a 418 1648 64
f 391
a 419 1680 16
f 404
a 420 48832 64
f 267
a 421 5584 256
f 296
a 422 7840 64
f 408
a 423 1216 256
f 354
a 424 6064 256
f 320
a 425 2208 16
f 323
a 426 320 16
f 229
a 427 64736 16
f 344
a 428 20784 256
f 337
a 429 3760 16
f 407
a 430 8256 256
f 376
a 431 1568 16
f 424
a 432 416 256
f 399
a 433 7072 64
f 338
a 434 5088 16
f 319
a 435 2624 16
f 420
a 436 14624 256
f 405
a 437 1344 256
f 415
a 438 1504 256
f 336
a 439 544 64
f 383
a 440 496 256
f 384
a 441 38304 64
f 388
a 442 32320 16
f 249
a 443 7456 64
f 428
a 444 32528 64
f 385
a 445 24480 64
f 128
a 446 400 256
f 373
a 447 37808 16
f 263
a 448 352 16
f 448
a 449 672 16
f 347
a 450 3056 64
f 403
a 451 336 256
f 302
a 452 4688 16
f 438
a 453 7920 64
f 412
a 454 976 256
f 177
a 455 4048 256
f 356
a 456 2800 64
f 432
a 457 25392 16
f 413
a 458 368 16
f 395
a 459 2416 16
f 434
a 460 2480 64
f 401
a 461 30704 256
f 406
a 462 304 16
f 366
a 463 3920 64
f 151
a 464 13184 64
f 446
a 465 1872 256
f 260
a 466 2752 64
f 435
a 467 2000 16
f 433
a 468 10896 64
f 416
a 469 864 256
f 355
a 470 2848 64
f 400
a 471 13328 256
f 310
a 472 55376 256
f 429
a 473 320 64
f 470
a 474 30768 64
f 301
a 475 2640 16
f 184
a 476 1440 16
f 421
a 477 3824 64
f 159
a 478 65376 64
f 97
a 479 9056 16
f 450
a 480 59120 256
f 372
a 481 2336 16
f 123
a 482 38016 64
f 286
a 483 13264 64
f 462
a 484 27664 64
f 342
a 485 30528 64
f 454
a 486 2768 256
f 158
a 487 6800 256
f 271
a 488 736 64
f 431
a 489 4800 64
f 488
a 490 47840 64
f 377
a 491 13008 16
f 393
a 492 13120 16
f 445
a 493 1104 64
f 331
a 494 1264 64
f 451
a 495 12016 16
f 357
a 496 1664 16
f 427
a 497 832 256
f 453
a 498 432 64
f 463
a 499 2048 256
f 497
a 500 4000 64
f 500
a 501 57248 16
f 419
a 502 16656 64
f 422
a 503 33552 256
f 489
a 504 1728 256
f 486
a 505 1120 256
f 300
a 506 20288 64
f 369
a 507 592 256
f 425
a 508 6912 256
f 492
a 509 3568 256
f 351
a 510 336 16
f 472
a 511 49168 256
f 212
a 512 12512 64
f 240
a 513 560 16
f 111
a 514 7840 64
f 501
a 515 1984 256
f 327
a 516 288 64
f 437
a 517 720 64
f 349
a 518 1968 64
f 474
a 519 4416 64
f 503
a 520 12592 16
f 487
a 521 15024 16
f 326
a 522 14352 16
f 371
a 523 464 16
f 374
a 524 6096 16
f 362
a 525 6128 16
f 520
a 526 2912 64
f 341
a 527 14864 16
f 485
a 528 704 64
f 499
a 529 336 16
f 504
a 530 288 256
f 515
a 531 272 64
f 417
a 532 400 64
f 521
a 533 38432 64
f 480
a 534 52448 256
f 484
a 535 912 16
f 467
a 536 17488 64
f 522
a 537 832 256
f 461
a 538 32736 256
f 386
a 539 31232 256
f 398
a 540 448 256
f 507
a 541 4384 16
f 163
a 542 13056 16
f 476
a 543 25936 256
f 418
a 544 63184 16
f 458
a 545 13952 256
f 473
a 546 7008 16
f 436
a 547 21536 16
f 526
a 548 3280 16
f 528
a 549 57488 256
f 534
a 550 288 64
f 455
a 551 5760 64
f 471
a 552 464 16
f 537
a 553 16432 16
f 523
a 554 384 64
f 363
a 555 720 256
f 519
a 556 27600 16
f 545
a 557 1264 256
f 291
a 558 56160 64
f 527
a 559 720 64
f 88
a 560 22016 16
f 361
a 561 19504 256
f 541
a 562 65488 256
f 509
a 563 53648 16
f 364
a 564 11536 16
f 554
a 565 3536 16
f 516
a 566 672 16
f 346
a 567 13568 16
f 414
a 568 736 64
f 478
a 569 10128 16
f 452
a 570 6144 256
f 443
a 571 752 64
f 465
a 572 46800 16
f 562
a 573 10144 256
f 410
a 574 9168 16
f 510
a 575 3920 16
f 530
a 576 4304 256
f 475
a 577 8752 256
f 439
a 578 14640 256
f 325
a 579 14864 64
f 518
a 580 5952 64
f 444
a 581 3520 64
f 491
a 582 432 256
f 440
a 583 11200 64
f 239
a 584 30912 64
f 583
a 585 1200 64
f 332
a 586 13872 64
f 584
a 587 10112 16
f 564
a 588 2992 256
f 457
a 589 1424 256
f 577
a 590 23600 16
f 582
a 591 11488 16
f 514
a 592 11008 64
f 495
a 593 928 64
f 513
a 594 1792 256
f 456
a 595 26176 256
f 546
a 596 3056 256
f 574
a 597 11552 64
f 524
a 598 9456 16
f 426
a 599 704 256
c step-500
f 553
a 600 16368 64
f 572
a 601 1824 16
f 482
a 602 608 64
f 556
a 603 3648 64
f 581
a 604 32464 64
f 459
a 605 5984 16
f 561
a 606 912 256
f 600
a 607 25136 256
f 496
a 608 4720 16
f 563
a 609 384 16
f 447
a 610 880 16
f 559
a 611 288 64
f 382
a 612 272 64
f 464
a 613 288 16
f 565
a 614 640 16
f 557
a 615 688 256
f 468
a 616 448 16
f 575
a 617 12944 64
f 568
a 618 6192 16
f 230
a 619 8368 256
f 585
a 620 15216 16
f 423
a 621 5760 64
f 621
a 622 14784 16
f 552
a 623 18944 64
f 605
a 624 7072 16
f 498
a 625 1200 64
f 411
a 626 976 64
f 555
a 627 672 16
f 389
a 628 54224 16
f 617
a 629 25632 256
f 551
a 630 54672 256
f 549
a 631 1232 256
f 558
a 632 22560 256
f 630
a 633 5024 16
f 628
a 634 9792 256
f 517
a 635 864 64
f 548
a 636 26720 256
f 632
a 637 14528 256
f 573
a 638 37360 16
f 502
a 639 576 16
f 525
a 640 5168 16
f 529
a 641 3248 64
f 536
a 642 64784 16
f 599
a 643 34608 256
f 533
a 644 2528 16
f 560
a 645 17936 64
f 449
a 646 1328 256
f 255
a 647 2096 16
f 543
a 648 6352 64
f 622
a 649 800 256
f 631
a 650 17232 256
f 493
a 651 352 64
f 593
a 652 46112 64
f 586
a 653 3520 16
f 430
a 654 1232 64
f 442
a 655 1424 16
f 654
a 656 736 256
f 570
a 657 304 256
f 606
a 658 832 16
f 481
a 659 41952 256
f 544
a 660 18976 16
f 619
a 661 976 16
f 650
a 662 22048 256
f 610
a 663 2944 64
f 644
a 664 45968 16
f 590
a 665 3536 16
f 614
a 666 15056 16
f 598
a 667 56176 256
f 636
a 668 6080 256
f 588
a 669 3696 64
f 618
a 670 1376 256
f 658
a 671 672 16
f 540
a 672 22048 64
f 359
a 673 1456 64
f 613
a 674 29920 64
f 567
a 675 50256 64
f 673
a 676 29408 64
f 594
a 677 32352 256
f 669
a 678 2960 64
f 657
a 679 14128 16
f 542
a 680 1872 16
f 596
a 681 29248 16
f 642
a 682 36000 64
f 665
a 683 448 16
f 635
a 684 448 256
f 602
a 685 672 256
f 578
a 686 14848 256
f 494
a 687 288 64
f 684
a 688 15440 256
f 633
a 689 400 64
f 539
a 690 1824 16
f 688
a 691 272 16
f 441
a 692 62064 16
f 569
a 693 18368 256
f 659
a 694 7952 16
f 607
a 695 8384 64
f 663
a 696 1024 64
f 603
a 697 672 256
f 666
a 698 3472 64
f 609
a 699 7904 16
f 580
a 700 2128 64
f 402
a 701 21952 256
f 625
a 702 8128 64
f 483
a 703 20816 256
f 490
a 704 464 16
f 466
a 705 39824 64
f 639
a 706 13728 64
f 690
a 707 992 16
f 672
a 708 6800 256
f 626
a 709 43232 256
f 643
a 710 2112 64
f 682
a 711 640 256
f 696
a 712 448 64
f 566
a 713 9056 64
f 587
a 714 512 256
f 683
a 715 6032 64
f 689
a 716 1888 16
f 469
a 717 896 256
f 675
a 718 51008 64
f 604
a 719 2112 16
f 550
a 720 43440 256
f 531
a 721 1040 256
f 671
a 722 512 256
f 629
a 723 432 64
f 611
a 724 3296 256
f 720
a 725 1584 64
f 601
a 726 41808 64
f 190
a 727 27600 64
f 694
a 728 7968 16
f 711
a 729 1024 64
f 656
a 730 1008 16
f 479
a 731 18160 64
f 612
a 732 11040 64
f 715
a 733 2368 64
f 678
a 734 464 16
f 724
a 735 528 64
f 460
a 736 704 16
f 734
a 737 3936 16
f 712
a 738 62272 256
f 691
a 739 53760 256
f 532
a 740 1136 16
f 653
a 741 1152 16
f 685
a 742 832 256
f 736
a 743 4416 16
f 535
a 744 704 256
f 579
a 745 656 16
f 700
a 746 6784 16
f 645
a 747 46864 16
f 733
a 748 992 16
f 747
a 749 1616 64
f 640
a 750 33104 16
f 721
a 751 752 256
f 637
a 752 720 64
f 745
a 753 320 64
f 647
a 754 6992 256
f 667
a 755 28992 16
f 676
a 756 2256 64
f 358
a 757 416 64
f 651
a 758 352 16
f 744
a 759 816 256
f 681
a 760 30736 16
f 760
a 761 6144 256
f 732
a 762 2048 256
f 718
a 763 3088 16
f 390
a 764 1488 256
f 716
a 765 1312 256
f 710
a 766 992 16
f 589
a 767 3520 16
f 701
a 768 1024 64
f 576
a 769 6752 256
f 768
a 770 13792 16
f 762
a 771 17696 256
f 769
a 772 416 256
f 194
a 773 272 256
f 687
a 774 8880 256
f 695
a 775 944 16
f 677
a 776 38368 16
f 723
a 777 21168 256
f 765
a 778 368 64
f 771
a 779 3168 256
f 668
a 780 672 256
f 725
a 781 832 64
f 661
a 782 6992 256
f 780
a 783 65088 64
f 749
a 784 36224 64
f 616
a 785 15104 16
f 709
a 786 25264 64
f 646
a 787 2240 16
f 649
a 788 5584 64
f 730
a 789 304 64
f 761
a 790 15168 256
f 505
a 791 6224 64
f 477
a 792 928 16
f 680
a 793 656 16
f 620
a 794 14080 256
f 756
a 795 32256 256
f 623
a 796 2128 64
f 707
a 797 1264 256
f 717
a 798 672 64
f 615
a 799 7520 256
f 740
a 800 7424 64
f 506
a 801 784 16
f 738
a 802 64336 64
f 793
a 803 59856 64
f 772
a 804 11264 64
f 795
a 805 464 16
f 652
a 806 384 16
f 595
a 807 13344 256
f 674
a 808 2064 16
f 778
a 809 12608 64
f 726
a 810 50880 64
f 796
a 811 560 64
f 697
a 812 27328 256
f 809
a 813 2960 64
f 803
a 814 62784 16
f 731
a 815 21440 16
f 799
a 816 32000 64
f 624
a 817 44912 256
f 767
a 818 11232 64
f 784
a 819 4976 64
f 655
a 820 1568 16
f 728
a 821 752 16
f 779
a 822 60448 256
f 751
a 823 768 256
f 693
a 824 28992 256
f 811
a 825 336 64
f 754
a 826 17536 256
f 821
a 827 10544 256
f 608
a 828 12336 64
f 741
a 829 30352 256
f 807
a 830 1888 64
f 814
a 831 288 64
f 763
a 832 480 16
f 786
a 833 608 16
f 773
a 834 17296 16
f 727
a 835 480 256
f 819
a 836 11392 64
f 706
a 837 1648 16
f 788
a 838 1632 16
f 816
a 839 1760 64
f 703
a 840 60528 256
f 757
a 841 8656 64
f 818
a 842 5024 256
f 817
a 843 320 64
f 232
a 844 1792 256
f 660
a 845 14576 64
f 831
a 846 448 16
f 828
a 847 11008 256
f 835
a 848 4592 256
f 794
a 849 17920 64
f 800
a 850 432 256
f 627
a 851 736 256
f 729
a 852 672 16
f 719
a 853 5632 64
f 789
a 854 528 256
f 591
a 855 304 64
f 634
a 856 288 64
f 670
a 857 1296 64
f 704
a 858 6960 64
f 679
a 859 2752 16
f 855
a 860 432 64
f 824
a 861 2800 16
f 759
a 862 2640 16
f 781
a 863 13600 16
f 785
a 864 41808 64
f 845
a 865 7520 256
f 755
a 866 12480 16
f 857
a 867 3600 256
f 810
a 868 5424 256
f 638
a 869 7568 64
f 862
a 870 2000 16
f 597
a 871 30544 256
f 842
a 872 7376 64
f 686
a 873 3056 64
f 812
a 874 912 256
f 737
a 875 14784 16
f 774
a 876 5952 64
f 820
a 877 26640 256
f 782
a 878 800 16
f 791
a 879 28320 64
f 571
a 880 29488 256
f 766
a 881 20608 16
f 777
a 882 784 16
f 511
a 883 4064 64
f 641
a 884 288 16
f 847
a 885 11488 256
f 790
a 886 9104 16
f 722
a 887 59248 256
f 846
a 888 512 256
f 742
a 889 31328 256
f 804
a 890 1856 256
f 538
a 891 12640 16
f 802
a 892 2768 256
f 881
a 893 384 64
f 878
a 894 15568 256
f 815
a 895 52624 64
f 888
a 896 12432 256
f 839
a 897 16752 16
f 805
a 898 21200 256
f 890
a 899 1296 256
f 859
a 900 2016 64
f 792
a 901 14448 16
f 856
a 902 17184 256
f 898
a 903 272 16
f 880
a 904 7664 16
f 900
a 905 49552 256
f 758
a 906 1296 256
f 829
a 907 12720 16
f 897
a 908 11520 256
f 905
a 909 7744 256
f 848
a 910 22160 16
f 801
a 911 8608 64
f 883
a 912 10768 16
f 822
a 913 512 256
f 913
a 914 1952 64
f 875
a 915 53040 256
f 368
a 916 5040 64
f 838
a 917 944 64
f 885
a 918 752 16
f 592
a 919 1072 16
f 919
a 920 51424 16
f 823
a 921 512 16
f 830
a 922 57168 16
f 735
a 923 10000 64
f 869
a 924 1584 64
f 806
a 925 1440 16
f 851
a 926 7072 16
f 915
a 927 33568 256
f 892
a 928 6160 64
f 887
a 929 5424 64
f 547
a 930 1792 64
f 871
a 931 2656 256
f 917
a 932 9568 16
f 713
a 933 1024 256
f 662
a 934 1280 16
f 901
a 935 36560 256
f 743
a 936 64832 64
f 861
a 937 5760 64
f 834
a 938 42032 16
f 837
a 939 60432 256
f 867
a 940 384 16
f 870
a 941 624 64
f 918
a 942 496 16
f 705
a 943 1936 16
f 865
a 944 15312 256
f 512
a 945 2688 256
f 937
a 946 288 16
f 930
a 947 16272 16
f 916
a 948 13136 16
f 692
a 949 18400 64
f 702
a 950 59744 64
f 903
a 951 1872 64
f 945
a 952 39056 64
f 860
a 953 288 64
f 920
a 954 32912 16
f 914
a 955 560 16
f 950
a 956 320 256
f 827
a 957 17472 256
f 938
a 958 26688 256
f 882
a 959 464 16
f 947
a 960 17104 256
f 699
a 961 3440 16
f 787
a 962 1712 64
f 944
a 963 4256 16
f 963
a 964 1696 16
f 863
a 965 368 16
f 708
a 966 39120 16
f 940
a 967 31424 64
f 872
a 968 28384 16
f 836
a 969 432 64
f 907
a 970 432 16
f 854
a 971 7632 64
f 943
a 972 3600 256
f 966
a 973 800 64
f 964
a 974 1248 16
f 879
a 975 12896 64
f 698
a 976 63552 256
f 952
a 977 7552 64
f 508
a 978 2832 16
f 977
a 979 3136 16
f 973
a 980 448 16
f 957
a 981 512 16
f 808
a 982 1072 256
f 852
a 983 6656 64
f 962
a 984 53888 256
f 928
a 985 13152 64
f 739
a 986 432 256
f 750
a 987 1920 256
f 961
a 988 5808 64
f 902
a 989 12720 64
f 873
a 990 32928 256
f 874
a 991 800 64
f 935
a 992 64736 64
f 942
a 993 1264 64
f 912
a 994 65488 16
f 894
a 995 2752 16
f 985
a 996 7264 64
f 969
a 997 16256 16
f 971
a 998 4832 256
f 978
a 999 5216 16
f 841
a 1000 3040 256
f 813
a 1001 28624 16
f 936
a 1002 1216 16
f 958
a 1003 1520 256
f 896
a 1004 4192 16
f 748
a 1005 51840 16
f 899
a 1006 28448 64
f 949
a 1007 32016 16
f 884
a 1008 11184 256
f 1003
a 1009 3824 64
f 987
a 1010 816 64
f 970
a 1011 896 16
f 926
a 1012 3664 64
f 1005
a 1013 400 16
f 924
a 1014 2416 16
f 929
a 1015 320 16
f 975
a 1016 24144 16
f 925
a 1017 1776 256
f 983
a 1018 15456 64
f 990
a 1019 15440 256
f 992
a 1020 480 16
f 923
a 1021 3504 16
f 868
a 1022 416 64
f 948
a 1023 304 16
f 891
a 1024 5504 64
f 965
a 1025 1408 64
f 974
a 1026 2368 256
f 1000
a 1027 60096 16
f 1004
a 1028 1152 256
f 994
a 1029 304 64
f 1015
a 1030 512 64
f 998
a 1031 944 256
f 1019
a 1032 1920 16
f 1010
a 1033 31792 16
f 1028
a 1034 14720 256
f 1034
a 1035 7648 64
f 941
a 1036 816 64
f 927
a 1037 8960 256
f 959
a 1038 7728 256
f 895
a 1039 59120 64
f 908
a 1040 54304 64
f 976
a 1041 32848 256
f 866
a 1042 29072 256
f 797
a 1043 49344 256
f 1041
a 1044 464 16
f 1042
a 1045 2448 256
f 1006
a 1046 1184 16
f 980
a 1047 1280 16
f 982
a 1048 352 16
f 956
a 1049 912 256
f 968
a 1050 496 256
f 1009
a 1051 1072 64
f 1026
a 1052 848 16
f 843
a 1053 1760 16
f 954
a 1054 608 16
f 770
a 1055 528 256
f 776
a 1056 36272 256
f 850
a 1057 480 64
f 714
a 1058 848 16
f 960
a 1059 1664 16
f 933
a 1060 320 256
f 775
a 1061 1504 256
f 826
a 1062 592 64
f 853
a 1063 304 64
f 648
a 1064 3312 64
f 1017
a 1065 10272 256
f 1013
a 1066 1120 16
f 921
a 1067 5968 64
f 833
a 1068 8816 64
f 1030
a 1069 6656 256
f 1025
a 1070 2992 256
f 910
a 1071 56496 64
f 1036
a 1072 2608 256
f 1037
a 1073 1840 16
f 886
a 1074 10480 16
f 1040
a 1075 21104 64
f 1068
a 1076 26096 256
f 877
a 1077 3536 64
f 1035
a 1078 1088 64
f 993
a 1079 1552 256
f 783
a 1080 10368 256
f 1069
a 1081 4736 256
f 1054
a 1082 6464 16
f 1045
a 1083 29120 256
f 1051
a 1084 32976 64
f 991
a 1085 37440 256
f 932
a 1086 1888 256
f 955
a 1087 1040 16
f 967
a 1088 8096 256
f 906
a 1089 1344 256
f 798
a 1090 8928 256
f 1043
a 1091 20512 16
f 1085
a 1092 496 16
f 849
a 1093 8144 16
f 1038
a 1094 12176 256
f 1024
a 1095 44096 256
f 1059
a 1096 7856 64
f 909
a 1097 5296 256
f 1072
a 1098 10368 256
f 1047
a 1099 272 64
c step-1000
f 953
a 1100 19344 64
f 1016
a 1101 3328 64
f 1073
a 1102 384 64
f 1066
a 1103 384 16
f 1018
a 1104 496 256
f 1097
a 1105 48976 64
f 934
a 1106 400 64
f 999
a 1107 2432 64
f 1077
a 1108 18896 64
f 1107
a 1109 20288 64
f 752
a 1110 61264 256
f 1081
a 1111 4080 64
f 1106
a 1112 272 64
f 844
a 1113 6528 16
f 746
a 1114 32448 64
f 1067
a 1115 51008 64
f 1104
a 1116 5328 16
f 864
a 1117 3904 256
f 1061
a 1118 5776 64
f 1050
a 1119 56160 16
f 1048
a 1120 38160 64
f 825
a 1121 19504 64
f 1093
a 1122 1168 256
f 1120
a 1123 32352 16
f 1065
a 1124 5856 16
f 1119
a 1125 60928 64
f 664
a 1126 1600 64
f 1112
a 1127 608 256
f 1014
a 1128 13248 256
f 1126
a 1129 2928 64
f 1092
a 1130 976 16
f 1099
a 1131 34112 64
f 1056
a 1132 768 16
f 1089
a 1133 272 64
f 1021
a 1134 8240 256
f 996
a 1135 368 16
f 911
a 1136 2304 256
f 931
a 1137 3808 256
f 1055
a 1138 2352 64
f 1095
a 1139 15376 64
f 764
a 1140 384 256
f 1057
a 1141 320 16
f 1074
a 1142 4848 256
f 1078
a 1143 32272 64
f 1002
a 1144 31520 64
f 939
a 1145 336 16
f 1082
a 1146 352 256
f 1101
a 1147 18176 256
f 1075
a 1148 4304 16
f 1070
a 1149 3376 256
f 1121
a 1150 992 64
f 984
a 1151 55552 64
f 997
a 1152 7888 256
f 1142
a 1153 880 64
f 1127
a 1154 39744 16
f 1105
a 1155 1584 256
f 1039
a 1156 2928 256
f 1152
a 1157 768 16
f 1090
a 1158 12832 16
f 1058
a 1159 2000 64
f 1031
a 1160 400 64
f 1012
a 1161 60848 16
f 889
a 1162 21920 64
f 1139
a 1163 25488 16
f 1151
a 1164 24128 16
f 1156
a 1165 54400 256
f 1159
a 1166 11056 256
f 1071
a 1167 30048 256
f 1083
a 1168 1312 64
f 1134
a 1169 7888 64
f 1147
a 1170 15504 16
f 1131
a 1171 1984 16
f 1087
a 1172 800 16
f 1033
a 1173 35424 64
f 1049
a 1174 12368 64
f 840
a 1175 272 64
f 1167
a 1176 64880 16
f 1084
a 1177 9600 16
f 1136
a 1178 12864 256
f 1161
a 1179 7360 16
f 1164
a 1180 43792 256
f 1063
a 1181 576 256
f 1111
a 1182 896 16
f 989
a 1183 288 16
f 951
a 1184 928 256
f 1108
a 1185 8432 16
f 1116
a 1186 3280 16
f 922
a 1187 448 256
f 1160
a 1188 49792 16
f 1163
a 1189 2080 16
f 1007
a 1190 384 16
f 1123
a 1191 10080 16
f 1053
a 1192 3104 64
f 858
a 1193 576 64
f 1114
a 1194 3248 16
f 1122
a 1195 336 16
f 1140
a 1196 896 16
f 1129
a 1197 22416 64
f 1091
a 1198 20624 64
f 1133
a 1199 24064 64
f 1173
a 1200 864 256
f 1141
a 1201 1792 16
f 904
a 1202 55888 64
f 1020
a 1203 1536 64
f 876
a 1204 26032 64
f 1102
a 1205 1552 256
f 1100
a 1206 15808 64
f 1174
a 1207 624 256
f 1086
a 1208 8192 16
f 1185
a 1209 512 256
f 1199
a 1210 55520 64
f 1032
a 1211 1216 256
f 1175
a 1212 29072 64
f 1211
a 1213 37104 64
f 1189
a 1214 3616 256
f 1180
a 1215 11904 16
f 1022
a 1216 368 64
f 1098
a 1217 8272 256
f 1150
a 1218 27360 16
f 1046
a 1219 58192 16
f 1064
a 1220 432 256
f 1187
a 1221 61216 16
f 1198
a 1222 304 16
f 1214
a 1223 4736 16
f 893
a 1224 5984 256
f 1176
a 1225 6512 256
f 995
a 1226 304 16
f 1221
a 1227 54608 16
f 988
a 1228 10272 16
f 1001
a 1229 1008 64
f 1210
a 1230 30096 16
f 1103
a 1231 33984 256
f 1223
a 1232 4224 64
f 1222
a 1233 65104 256
f 1138
a 1234 3088 16
f 1202
a 1235 6720 256
f 986
a 1236 1840 64
f 1172
a 1237 1264 256
f 1096
a 1238 8736 16
f 1194
a 1239 14224 16
f 1220
a 1240 25280 256
f 1186
a 1241 1408 16
f 1217
a 1242 3376 16
f 1170
a 1243 7440 16
f 1197
a 1244 1152 64
f 1182
a 1245 41472 256
f 1165
a 1246 272 256
f 1008
a 1247 15488 16
f 1171
a 1248 14752 256
f 1094
a 1249 31648 16
f 1203
a 1250 13712 64
f 1166
a 1251 21312 256
f 1011
a 1252 2608 16
f 1233
a 1253 3568 16
f 1246
a 1254 608 16
f 1230
a 1255 46544 16
f 1132
a 1256 4032 256
f 946
a 1257 1392 256
f 1110
a 1258 2272 16
f 1239
a 1259 12400 256
f 1240
a 1260 480 16
f 1146
a 1261 21552 64
f 1227
a 1262 27024 256
f 1208
a 1263 368 256
f 1245
a 1264 4480 64
f 1079
a 1265 960 16
f 1080
a 1266 16784 256
f 1193
a 1267 5248 256
f 1231
a 1268 592 64
f 1229
a 1269 5984 256
f 1117
a 1270 39312 64
f 1192
a 1271 416 256
f 1241
a 1272 1104 16
f 1148
a 1273 7808 16
f 972
a 1274 944 16
f 1242
a 1275 544 64
f 1155
a 1276 21728 16
f 1060
a 1277 720 64
f 1206
a 1278 832 64
f 1125
a 1279 2224 64
f 1228
a 1280 48992 64
f 1263
a 1281 1296 64
f 1137
a 1282 2912 256
f 1235
a 1283 336 256
f 1184
a 1284 1792 256
f 1267
a 1285 4288 64
f 1277
a 1286 59392 256
f 1247
a 1287 27696 256
f 1272
a 1288 7808 256
f 1259
a 1289 31856 256
f 1179
a 1290 27440 256
f 1113
a 1291 31792 64
f 1216
a 1292 1232 64
f 1273
a 1293 40336 256
f 1219
a 1294 3024 256
f 1287
a 1295 400 64
f 1130
a 1296 57296 64
f 1251
a 1297 4464 64
f 1124
a 1298 5184 64
f 1297
a 1299 1088 16
f 1279
a 1300 1856 16
f 1275
a 1301 11104 16
f 1029
a 1302 13232 64
f 1191
a 1303 624 64
f 1244
a 1304 528 64
f 1044
a 1305 1312 16
f 1281
a 1306 3600 16
f 1027
a 1307 6448 64
f 1278
a 1308 608 64
f 1243
a 1309 17248 256
f 1224
a 1310 1440 64
f 1201
a 1311 480 256
f 1212
a 1312 976 256
f 1307
a 1313 304 16
f 1276
a 1314 3328 256
f 1290
a 1315 37280 16
f 1109
a 1316 576 256
f 1209
a 1317 3408 64
f 1205
a 1318 3744 64
f 1154
a 1319 2848 64
f 1149
a 1320 576 16
f 1291
a 1321 400 16
f 1317
a 1322 5216 16
f 1234
a 1323 1520 64
f 1254
a 1324 448 256
f 1232
a 1325 448 64
f 1253
a 1326 57552 256
f 1320
a 1327 336 256
f 1207
a 1328 1120 64
f 1299
a 1329 12992 256
f 1257
a 1330 1264 64
f 1143
a 1331 320 16
f 1298
a 1332 11536 64
f 1312
a 1333 464 64
f 1332
a 1334 400 64
f 1316
a 1335 1024 64
f 1200
a 1336 5872 64
f 1236
a 1337 832 16
f 1144
a 1338 800 256
f 1249
a 1339 7168 256
f 1178
a 1340 46880 256
f 1183
a 1341 55600 256
f 1190
a 1342 14272 64
f 1342
a 1343 2064 64
f 1341
a 1344 400 64
f 1280
a 1345 3040 64
f 1321
a 1346 1088 64
f 979
a 1347 608 16
f 1284
a 1348 384 16
f 1238
a 1349 272 16
f 1329
a 1350 35104 16
f 1308
a 1351 34192 256
f 1076
a 1352 1776 64
f 1195
a 1353 53856 16
f 1115
a 1354 2000 256
f 1327
a 1355 2384 64
f 1311
a 1356 9360 64
f 1258
a 1357 60624 64
f 1353
a 1358 7312 16
f 1352
a 1359 46080 64
f 1359
a 1360 320 256
f 1265
a 1361 4256 256
f 1215
a 1362 448 64
f 1294
a 1363 1072 256
f 1269
a 1364 1360 16
f 1303
a 1365 7392 16
f 1271
a 1366 3328 256
f 1196
a 1367 1488 16
f 1052
a 1368 44144 256
f 1315
a 1369 13840 64
f 1322
a 1370 672 16
f 1343
a 1371 5792 64
f 1213
a 1372 62528 16
f 1135
a 1373 58464 16
f 1370
a 1374 3120 64
f 1333
a 1375 60128 64
f 1323
a 1376 464 16
f 1256
a 1377 608 16
f 1310
a 1378 47424 256
f 1368
a 1379 864 16
f 1266
a 1380 1152 16
f 1372
a 1381 1504 16
f 1305
a 1382 3616 16
f 1153
a 1383 320 16
f 1157
a 1384 7328 64
f 753
a 1385 720 16
f 1283
a 1386 7520 256
f 1313
a 1387 8448 64
f 1339
a 1388 30624 64
f 1345
a 1389 20288 256
f 1389
a 1390 32544 16
f 1088
a 1391 1456 64
f 1375
a 1392 400 64
f 1337
a 1393 20640 256
f 832
a 1394 15472 64
f 1295
a 1395 688 64
f 1377
a 1396 4832 16
f 1286
a 1397 29968 16
f 1293
a 1398 14416 16
f 1296
a 1399 464 64
f 1158
a 1400 45376 256
f 1347
a 1401 11408 256
f 1362
a 1402 528 64
f 1391
a 1403 13792 16
f 1366
a 1404 47840 16
f 1364
a 1405 864 16
f 1336
a 1406 1520 16
f 1324
a 1407 3552 256
f 1351
a 1408 928 16
f 1250
a 1409 2416 256
f 1177
a 1410 13072 64
f 1365
a 1411 304 64
f 1274
a 1412 5264 16
f 1331
a 1413 1168 16
f 1395
a 1414 5664 256
f 1406
a 1415 54256 16
f 1382
a 1416 1680 64
f 1379
a 1417 336 16
f 1407
a 1418 3936 64
f 1264
a 1419 28832 256
f 1401
a 1420 3728 64
f 1414
a 1421 61696 64
f 1384
a 1422 28272 256
f 1388
a 1423 2032 64
f 1423
a 1424 688 16
f 1399
a 1425 7488 16
f 1344
a 1426 4272 16
f 1262
a 1427 736 16
f 1330
a 1428 3552 16
f 1387
a 1429 448 256
f 1145
a 1430 38608 64
f 1340
a 1431 3872 16
f 1408
a 1432 320 16
f 1348
a 1433 608 16
f 1402
a 1434 13760 16
f 1326
a 1435 23184 64
f 1334
a 1436 3952 16
f 1428
a 1437 13376 256
f 1358
a 1438 2208 256
f 1314
a 1439 368 64
f 1392
a 1440 3616 256
f 1393
a 1441 768 64
f 1427
a 1442 24432 16
f 1255
a 1443 6368 256
f 1424
a 1444 1824 64
f 1398
a 1445 528 256
f 1023
a 1446 2176 16
f 1444
a 1447 3968 64
f 1349
a 1448 32768 16
f 1356
a 1449 464 256
f 1306
a 1450 24816 256
f 1369
a 1451 512 256
f 1381
a 1452 1360 16
f 1420
a 1453 368 16
f 1404
a 1454 20944 16
f 1181
a 1455 47472 64
f 1403
a 1456 18480 64
f 1378
a 1457 5632 16
f 1301
a 1458 14336 16
f 1248
a 1459 18672 16
f 1429
a 1460 7632 64
f 1447
a 1461 9520 16
f 1409
a 1462 15600 16
f 1459
a 1463 41040 256
f 1226
a 1464 320 16
f 1430
a 1465 1552 256
f 1204
a 1466 656 64
f 1261
a 1467 20192 16
f 1350
a 1468 53360 256
f 1260
a 1469 352 16
f 1435
a 1470 33152 64
f 1434
a 1471 384 64
f 1325
a 1472 448 256
f 1438
a 1473 24624 16
f 1397
a 1474 4704 16
f 1473
a 1475 672 64
f 1386
a 1476 4800 256
f 1445
a 1477 17424 64
f 981
a 1478 1312 64
f 1288
a 1479 512 64
f 1062
a 1480 448 64
f 1457
a 1481 352 16
f 1394
a 1482 704 256
f 1456
a 1483 992 16
f 1411
a 1484 2336 16
f 1449
a 1485 12368 256
f 1484
a 1486 400 16
f 1373
a 1487 464 64
f 1448
a 1488 272 16
f 1168
a 1489 3568 16
f 1465
a 1490 26208 16
f 1481
a 1491 52256 16
f 1487
a 1492 26528 256
f 1483
a 1493 11632 16
f 1225
a 1494 53216 16
f 1478
a 1495 50912 16
f 1493
a 1496 704 64
f 1464
a 1497 19472 16
f 1485
a 1498 896 16
f 1289
a 1499 2144 16
f 1162
a 1500 992 256
f 1499
a 1501 912 64
f 1486
a 1502 1168 256
f 1502
a 1503 2336 256
f 1432
a 1504 816 64
f 1188
a 1505 560 16
f 1380
a 1506 1776 256
f 1482
a 1507 1168 256
f 1450
a 1508 1248 16
f 1467
a 1509 22784 16
f 1492
a 1510 65024 256
f 1472
a 1511 416 256
f 1489
a 1512 39968 256
f 1270
a 1513 1440 256
f 1468
a 1514 28800 64
f 1417
a 1515 5616 256
f 1413
a 1516 15600 256
f 1506
a 1517 50736 256
f 1282
a 1518 31600 64
f 1466
a 1519 39216 256
f 1405
a 1520 784 256
f 1511
a 1521 1808 256
f 1268
a 1522 60928 64
f 1169
a 1523 416 64
f 1390
a 1524 1840 256
f 1128
a 1525 704 64
f 1431
a 1526 1312 256
f 1488
a 1527 3216 16
f 1523
a 1528 22928 256
f 1355
a 1529 15680 16
f 1519
a 1530 9296 256
f 1422
a 1531 288 256
f 1494
a 1532 464 256
f 1462
a 1533 8752 64
f 1416
a 1534 17760 16
f 1518
a 1535 26976 256
f 1354
a 1536 26608 256
f 1507
a 1537 11120 16
f 1412
a 1538 336 16
f 1525
a 1539 640 256
f 1514
a 1540 544 256
f 1527
a 1541 496 64
f 1480
a 1542 2368 256
f 1513
a 1543 18272 64
f 1443
a 1544 50576 64
f 1520
a 1545 14096 64
f 1544
a 1546 5504 16
f 1517
a 1547 13392 256
f 1515
a 1548 3136 256
f 1460
a 1549 4000 256
f 1541
a 1550 6416 256
f 1501
a 1551 304 256
f 1505
a 1552 1712 16
f 1237
a 1553 912 256
f 1539
a 1554 832 64
f 1441
a 1555 4048 64
f 1500
a 1556 512 16
f 1455
a 1557 1936 64
f 1471
a 1558 29584 16
f 1548
a 1559 1104 256
f 1440
a 1560 38496 256
f 1400
a 1561 2016 16
f 1285
a 1562 1712 64
f 1304
a 1563 4480 16
f 1522
a 1564 4224 64
f 1477
a 1565 608 256
f 1543
a 1566 3584 16
f 1437
a 1567 1120 16
f 1536
a 1568 960 16
f 1561
a 1569 848 256
f 1546
a 1570 25696 64
f 1512
a 1571 7632 16
f 1425
a 1572 288 64
f 1338
a 1573 448 256
f 1383
a 1574 656 16
f 1552
a 1575 51088 256
f 1495
a 1576 6096 64
f 1479
a 1577 2448 64
f 1528
a 1578 640 256
f 1503
a 1579 4608 64
f 1421
a 1580 720 64
f 1577
a 1581 976 256
f 1504
a 1582 2720 64
f 1439
a 1583 1296 256
f 1491
a 1584 752 16
f 1579
a 1585 46928 16
f 1319
a 1586 11552 16
f 1458
a 1587 15536 64
f 1554
a 1588 10800 16
f 1584
a 1589 656 256
f 1547
a 1590 2560 64
f 1453
a 1591 1104 256
f 1586
a 1592 58032 64
f 1529
a 1593 9744 64
f 1452
a 1594 11520 256
f 1532
a 1595 3680 64
f 1558
a 1596 3808 16
f 1564
a 1597 63200 16
f 1535
a 1598 14928 64
f 1385
a 1599 1968 256
c step-1500
f 1461
a 1600 320 256
f 1555
a 1601 7344 64
f 1560
a 1602 1504 256
f 1595
a 1603 29936 256
f 1118
a 1604 21920 16
f 1559
a 1605 23072 256
f 1542
a 1606 528 64
f 1582
a 1607 39264 64
f 1572
a 1608 2016 16
f 1590
a 1609 4224 64
f 1600
a 1610 15648 64
f 1567
a 1611 976 64
f 1566
a 1612 5760 64
f 1583
a 1613 976 64
f 1550
a 1614 28656 64
f 1346
a 1615 3984 16
f 1601
a 1616 496 256
f 1598
a 1617 7584 64
f 1490
a 1618 12480 256
f 1418
a 1619 13904 64
f 1596
a 1620 448 256
f 1419
a 1621 34256 64
f 1309
a 1622 1376 64
f 1516
a 1623 1280 16
f 1376
a 1624 6320 64
f 1610
a 1625 832 64
f 1363
a 1626 4112 256
f 1573
a 1627 32368 256
f 1576
a 1628 22256 16
f 1565
a 1629 1888 256
f 1609
a 1630 1680 256
f 1436
a 1631 48400 64
f 1620
a 1632 7712 16
f 1469
a 1633 50944 16
f 1624
a 1634 51232 256
f 1599
a 1635 14208 64
f 1607
a 1636 1680 16
f 1592
a 1637 6592 16
f 1510
a 1638 15920 64
f 1530
a 1639 28736 256
f 1508
a 1640 64944 256
f 1545
a 1641 4336 16
f 1585
a 1642 656 64
f 1551
a 1643 30000 256
f 1218
a 1644 1040 64
f 1591
a 1645 1056 16
f 1302
a 1646 5536 256
f 1360
a 1647 1552 256
f 1644
a 1648 2000 256
f 1646
a 1649 496 256
f 1616
a 1650 16992 16
f 1615
a 1651 2864 16
f 1614
a 1652 3632 16
f 1396
a 1653 2368 64
f 1628
a 1654 1312 16
f 1361
a 1655 10000 256
f 1625
a 1656 36816 16
f 1649
a 1657 20288 16
f 1476
a 1658 23968 256
f 1538
a 1659 50656 64
f 1300
a 1660 1808 16
f 1442
a 1661 9008 16
f 1451
a 1662 5328 64
f 1578
a 1663 3728 16
f 1619
a 1664 53152 16
f 1658
a 1665 5472 64
f 1635
a 1666 15184 16
f 1656
a 1667 42752 64
f 1589
a 1668 5424 64
f 1581
a 1669 2768 64
f 1655
a 1670 11856 64
f 1632
a 1671 8048 16
f 1603
a 1672 40080 256
f 1630
a 1673 27344 16
f 1662
a 1674 432 64
f 1665
a 1675 720 16
f 1474
a 1676 10704 16
f 1651
a 1677 1216 256
f 1537
a 1678 29696 256
f 1673
a 1679 3504 64
f 1671
a 1680 62496 256
f 1571
a 1681 464 16
f 1652
a 1682 1232 256
f 1667
a 1683 1952 64
f 1623
a 1684 1584 16
f 1648
a 1685 20336 16
f 1680
a 1686 15488 256
f 1575
a 1687 44448 256
f 1618
a 1688 464 16
f 1534
a 1689 2144 64
f 1597
a 1690 816 16
f 1676
a 1691 1456 64
f 1636
a 1692 15920 64
f 1647
a 1693 46000 64
f 1531
a 1694 1040 256
f 1663
a 1695 49456 256
f 1690
a 1696 13712 256
f 1637
a 1697 1424 16
f 1593
a 1698 14672 256
f 1693
a 1699 2592 16
f 1626
a 1700 42576 16
f 1357
a 1701 7728 64
f 1509
a 1702 65424 64
f 1687
a 1703 3088 256
f 1415
a 1704 25024 16
f 1613
a 1705 15424 16
f 1562
a 1706 23536 16
f 1684
a 1707 688 16
f 1707
a 1708 928 16
f 1668
a 1709 5824 16
f 1675
a 1710 1600 16
f 1691
a 1711 4592 16
f 1521
a 1712 4080 16
f 1702
a 1713 50176 64
f 1569
a 1714 4384 64
f 1692
a 1715 14656 64
f 1612
a 1716 5584 64
f 1533
a 1717 1152 64
f 1678
a 1718 32128 256
f 1660
a 1719 352 64
f 1685
a 1720 2464 16
f 1666
a 1721 49872 16
f 1638
a 1722 15888 64
f 1605
a 1723 3088 64
f 1328
a 1724 40208 64
f 1629
a 1725 3840 16
f 1621
a 1726 29616 64
f 1602
a 1727 15968 256
f 1724
a 1728 464 256
f 1709
a 1729 1984 64
f 1659
a 1730 432 16
f 1699
a 1731 2128 64
f 1704
a 1732 62096 16
f 1524
a 1733 6608 16
f 1318
a 1734 28000 64
f 1496
a 1735 60608 256
f 1650
a 1736 4912 16
f 1735
a 1737 24544 64
f 1677
a 1738 30576 16
f 1727
a 1739 1968 256
f 1722
a 1740 5424 64
f 1335
a 1741 7520 64
f 1731
a 1742 8528 16
f 1641
a 1743 3360 256
f 1701
a 1744 39632 256
f 1454
a 1745 6912 16
f 1634
a 1746 7136 256
f 1682
a 1747 8768 256
f 1526
a 1748 848 64
f 1696
a 1749 272 64
f 1664
a 1750 1136 16
f 1703
a 1751 2672 16
f 1743
a 1752 2448 256
f 1497
a 1753 368 256
f 1705
a 1754 16256 64
f 1604
a 1755 3952 64
f 1712
a 1756 49424 16
f 1446
a 1757 2000 16
f 1726
a 1758 7024 64
f 1728
a 1759 2160 16
f 1689
a 1760 19360 16
f 1706
a 1761 19568 64
f 1733
a 1762 16752 16
f 1252
a 1763 9488 64
f 1622
a 1764 4080 256
f 1729
a 1765 24448 64
f 1587
a 1766 6016 256
f 1371
a 1767 976 256
f 1716
a 1768 320 64
f 1642
a 1769 960 256
f 1708
a 1770 704 256
f 1732
a 1771 13712 16
f 1713
a 1772 688 16
f 1756
a 1773 448 64
f 1654
a 1774 16144 16
f 1568
a 1775 832 64
f 1463
a 1776 9296 16
f 1711
a 1777 368 64
f 1674
a 1778 20848 16
f 1747
a 1779 3792 64
f 1679
a 1780 65392 64
f 1563
a 1781 1744 16
f 1661
a 1782 15248 64
f 1475
a 1783 1024 16
f 1764
a 1784 11024 256
f 1750
a 1785 576 16
f 1778
a 1786 3184 16
f 1657
a 1787 2672 64
f 1580
a 1788 11104 16
f 1570
a 1789 320 16
f 1714
a 1790 2528 16
f 1653
a 1791 44992 64
f 1775
a 1792 992 256
f 1631
a 1793 416 256
f 1292
a 1794 19920 64
f 1672
a 1795 14512 16
f 1792
a 1796 464 256
f 1745
a 1797 1056 256
f 1755
a 1798 2784 256
f 1470
a 1799 55376 16
f 1694
a 1800 3408 64
f 1769
a 1801 1312 256
f 1785
a 1802 1360 16
f 1766
a 1803 6592 64
f 1752
a 1804 944 16
f 1574
a 1805 23776 64
f 1748
a 1806 10192 16
f 1725
a 1807 2544 64
f 1549
a 1808 33280 256
f 1782
a 1809 31376 256
f 1774
a 1810 2000 16
f 1698
a 1811 768 16
f 1734
a 1812 6784 64
f 1643
a 1813 13728 16
f 1796
a 1814 36656 64
f 1794
a 1815 480 64
f 1410
a 1816 32704 256
f 1763
a 1817 672 64
f 1790
a 1818 4640 256
f 1617
a 1819 31344 64
f 1640
a 1820 12592 16
f 1721
a 1821 7984 16
f 1813
a 1822 288 256
f 1822
a 1823 55584 16
f 1723
a 1824 512 256
f 1757
a 1825 352 64
f 1824
a 1826 4048 16
f 1765
a 1827 1504 256
f 1783
a 1828 4048 256
f 1367
a 1829 1280 256
f 1751
a 1830 32384 16
f 1540
a 1831 7488 256
f 1809
a 1832 2944 16
f 1812
a 1833 2032 64
f 1793
a 1834 37792 256
f 1608
a 1835 9984 64
f 1758
a 1836 18496 16
f 1810
a 1837 1184 16
f 1771
a 1838 912 16
f 1768
a 1839 2768 64
f 1806
a 1840 15008 16
f 1730
a 1841 64368 16
f 1556
a 1842 43328 64
f 1834
a 1843 288 16
f 1779
a 1844 6944 256
f 1842
a 1845 26160 256
f 1777
a 1846 992 64
f 1669
a 1847 1456 64
f 1811
a 1848 864 16
f 1846
a 1849 2768 256
f 1805
a 1850 528 256
f 1798
a 1851 39536 64
f 1795
a 1852 1776 16
f 1845
a 1853 8160 16
f 1737
a 1854 272 16
f 1744
a 1855 28112 256
f 1836
a 1856 13888 64
f 1700
a 1857 11952 64
f 1681
a 1858 848 256
f 1789
a 1859 1856 16
f 1627
a 1860 52720 256
f 1828
a 1861 7424 256
f 1780
a 1862 21920 64
f 1791
a 1863 37824 64
f 1823
a 1864 864 64
f 1781
a 1865 6640 16
f 1753
a 1866 464 16
f 1851
a 1867 4016 64
f 1862
a 1868 832 256
f 1759
a 1869 272 16
f 1821
a 1870 2752 16
f 1426
a 1871 64016 16
f 1832
a 1872 52368 64
f 1808
a 1873 43584 64
f 1831
a 1874 272 64
f 1736
a 1875 688 16
f 1865
a 1876 7952 16
f 1873
a 1877 11936 64
f 1835
a 1878 12016 64
f 1683
a 1879 15984 16
f 1830
a 1880 14048 256
f 1639
a 1881 28864 16
f 1848
a 1882 26976 256
f 1802
a 1883 13440 64
f 1816
a 1884 38992 256
f 1770
a 1885 16320 16
f 1633
a 1886 1168 64
f 1801
a 1887 29680 256
f 1860
a 1888 432 256
f 1557
a 1889 704 256
f 1856
a 1890 42608 64
f 1606
a 1891 8864 16
f 1588
a 1892 4896 256
f 1786
a 1893 12112 64
f 1799
a 1894 624 16
f 1866
a 1895 32784 256
f 1855
a 1896 3328 16
f 1800
a 1897 448 256
f 1885
a 1898 2112 64
f 1740
a 1899 3088 64
f 1784
a 1900 3632 256
f 1761
a 1901 272 16
f 1881
a 1902 448 256
f 1742
a 1903 1872 16
f 1903
a 1904 384 16
f 1611
a 1905 44912 64
f 1762
a 1906 4128 16
f 1787
a 1907 544 64
f 1850
a 1908 752 256
f 1891
a 1909 6336 16
f 1754
a 1910 31456 256
f 1854
a 1911 480 256
f 1894
a 1912 22160 16
f 1715
a 1913 688 16
f 1645
a 1914 5504 64
f 1863
a 1915 6688 256
f 1914
a 1916 320 16
f 1849
a 1917 464 16
f 1741
a 1918 22656 256
f 1814
a 1919 2128 16
f 1839
a 1920 20000 256
f 1911
a 1921 384 64
f 1920
a 1922 24384 16
f 1904
a 1923 3024 16
f 1719
a 1924 29552 16
f 1878
a 1925 1984 64
f 1883
a 1926 12224 16
f 1918
a 1927 18352 64
f 1912
a 1928 2368 16
f 1875
a 1929 10288 64
f 1917
a 1930 416 64
f 1840
a 1931 29248 64
f 1874
a 1932 7328 64
f 1869
a 1933 992 16
f 1852
a 1934 848 256
f 1773
a 1935 23376 64
f 1498
a 1936 7168 16
f 1888
a 1937 32528 64
f 1931
a 1938 12416 16
f 1838
a 1939 2832 64
f 1893
a 1940 1952 256
f 1913
a 1941 39536 16
f 1788
a 1942 38832 16
f 1897
a 1943 3264 16
f 1746
a 1944 20976 16
f 1922
a 1945 448 64
f 1833
a 1946 304 64
f 1902
a 1947 512 16
f 1927
a 1948 4080 16
f 1738
a 1949 24832 64
f 1896
a 1950 21840 256
f 1749
a 1951 1776 16
f 1936
a 1952 9920 256
f 1939
a 1953 512 64
f 1720
a 1954 464 16
f 1686
a 1955 5136 16
f 1880
a 1956 59456 256
f 1760
a 1957 17488 256
f 1924
a 1958 2560 256
f 1433
a 1959 2720 16
f 1948
a 1960 1120 256
f 1772
a 1961 3120 16
f 1886
a 1962 1504 256
f 1868
a 1963 480 256
f 1900
a 1964 45104 16
f 1935
a 1965 4512 16
f 1960
a 1966 27568 256
f 1934
a 1967 352 16
f 1853
a 1968 7120 256
f 1374
a 1969 7984 64
f 1930
a 1970 8960 256
f 1864
a 1971 496 16
f 1928
a 1972 7680 64
f 1905
a 1973 1360 16
f 1957
a 1974 2288 64
f 1961
a 1975 320 256
f 1718
a 1976 672 256
f 1890
a 1977 1568 64
f 1803
a 1978 592 256
f 1594
a 1979 1280 16
f 1949
a 1980 3200 256
f 1820
a 1981 22288 256
f 1946
a 1982 6176 256
f 1895
a 1983 23520 16
f 1867
a 1984 63584 256
f 1972
a 1985 6848 16
f 1968
a 1986 5024 64
f 1964
a 1987 672 64
f 1767
a 1988 9472 256
f 1844
a 1989 2480 16
f 1710
a 1990 17024 256
f 1916
a 1991 688 64
f 1985
a 1992 10800 16
f 1967
a 1993 3744 16
f 1944
a 1994 9824 16
f 1966
a 1995 1952 64
f 1942
a 1996 592 64
f 1739
a 1997 6768 256
f 1995
a 1998 19248 256
f 1984
a 1999 1264 64
f 1847
a 2000 3568 256
f 1951
a 2001 1984 256
f 1975
a 2002 30800 64
f 1978
a 2003 61904 64
f 1837
a 2004 11136 16
f 1980
a 2005 32352 16
f 1953
a 2006 31456 256
f 1872
a 2007 54896 64
f 1950
a 2008 10800 256
f 1889
a 2009 2048 16
f 2004
a 2010 2704 64
f 1998
a 2011 2128 256
f 1877
a 2012 6960 256
f 1859
a 2013 15008 64
f 1959
a 2014 17072 64
f 1908
a 2015 416 16
f 1919
a 2016 15744 16
f 1965
a 2017 288 16
f 1983
a 2018 992 64
f 2006
a 2019 18288 256
f 1819
a 2020 480 256
f 1876
a 2021 8608 64
f 1797
a 2022 49168 64
f 1906
a 2023 1984 64
f 1954
a 2024 3776 16
f 1858
a 2025 62688 64
f 2020
a 2026 2560 64
f 1829
a 2027 9488 256
f 1553
a 2028 27360 256
f 2009
a 2029 24336 64
f 2022
a 2030 15648 64
f 2017
a 2031 1232 16
f 1988
a 2032 59408 256
f 1977
a 2033 1760 16
f 1925
a 2034 640 256
f 2018
a 2035 42656 64
f 2014
a 2036 17216 256
f 2032
a 2037 544 256
f 1926
a 2038 496 16
f 1899
a 2039 36960 16
f 2007
a 2040 3920 64
f 1974
a 2041 7792 16
f 1990
a 2042 11824 256
f 1999
a 2043 2656 16
f 1909
a 2044 4256 256
f 1670
a 2045 24720 64
f 1929
a 2046 304 256
f 1979
a 2047 2816 16
f 1870
a 2048 5616 64
f 1807
a 2049 400 16
f 1827
a 2050 656 16
f 2005
a 2051 11120 16
f 2050
a 2052 448 16
f 2012
a 2053 5056 16
f 1941
a 2054 624 16
f 2026
a 2055 20864 64
f 1825
a 2056 3824 16
f 1817
a 2057 4528 64
f 1943
a 2058 384 64
f 1901
a 2059 544 16
f 1843
a 2060 5680 64
f 1857
a 2061 4896 16
f 1688
a 2062 8496 256
f 1994
a 2063 1888 16
f 2000
a 2064 1456 64
f 1945
a 2065 14832 16
f 1996
a 2066 720 256
f 1989
a 2067 5008 16
f 1921
a 2068 1248 64
f 2001
a 2069 352 256
f 2061
a 2070 2704 64
f 1717
a 2071 672 64
f 1952
a 2072 1776 16
f 1962
a 2073 384 16
f 1815
a 2074 2384 64
f 2043
a 2075 6320 16
f 2060
a 2076 320 256
f 1976
a 2077 21552 64
f 2059
a 2078 21792 64
f 1697
a 2079 7264 256
f 1915
a 2080 4272 256
f 2049
a 2081 48416 256
f 1947
a 2082 1808 64
f 2047
a 2083 3952 64
f 1695
a 2084 11296 16
f 1923
a 2085 11152 64
f 1940
a 2086 608 64
f 2072
a 2087 22256 16
f 1879
a 2088 512 16
f 2056
a 2089 15728 16
f 1955
a 2090 15072 16
f 2063
a 2091 11632 16
f 1871
a 2092 1696 256
f 2044
a 2093 944 64
f 2052
a 2094 51088 256
f 2054
a 2095 608 256
f 2083
a 2096 19824 16
f 2090
a 2097 23120 16
f 1882
a 2098 816 64
f 2089
a 2099 7904 16
c step-2000
f 2074
a 2100 672 256
f 2080
a 2101 1024 64
f 2025
a 2102 63264 64
f 1884
a 2103 4096 256
f 1910
a 2104 42096 64
f 1826
a 2105 25008 256
f 2048
a 2106 23040 256
f 2096
a 2107 752 16
f 1973
a 2108 2096 16
f 1804
a 2109 35184 16
f 1932
a 2110 2448 64
f 2016
a 2111 2448 16
f 1986
a 2112 400 256
f 2055
a 2113 864 16
f 2029
a 2114 38416 256
f 2035
a 2115 16704 16
f 2038
a 2116 352 16
f 2092
a 2117 4464 16
f 2011
a 2118 304 256
f 2097
a 2119 32112 256
f 2065
a 2120 288 64
f 2008
a 2121 47840 64
f 2113
a 2122 55232 16
f 1993
a 2123 1024 64
f 2024
a 2124 4672 64
f 1992
a 2125 14912 256
f 2071
a 2126 31824 16
f 2010
a 2127 4080 64
f 2073
a 2128 672 64
f 2126
a 2129 3728 256
f 2084
a 2130 800 16
f 2125
a 2131 16816 64
f 2068
a 2132 3360 64
f 2057
a 2133 4096 256
f 2118
a 2134 320 64
f 2091
a 2135 8240 256
f 2132
a 2136 22208 256
f 2085
a 2137 1216 16
f 2100
a 2138 12432 16
f 2104
a 2139 4272 16
f 1991
a 2140 3696 256
f 2105
a 2141 25968 64
f 2087
a 2142 2416 16
f 2108
a 2143 1952 64
f 2081
a 2144 22816 16
f 2137
a 2145 736 64
f 2088
a 2146 28336 16
f 2138
a 2147 4416 64
f 1987
a 2148 384 256
f 2098
a 2149 1472 16
f 2066
a 2150 656 16
f 2062
a 2151 4992 256
f 1841
a 2152 592 256
f 2124
a 2153 11552 16
f 2123
a 2154 1616 64
f 2082
a 2155 26256 64
f 2042
a 2156 768 64
f 2109
a 2157 4144 16
f 2136
a 2158 7168 256
f 2036
a 2159 12752 256
f 1958
a 2160 1392 64
f 1963
a 2161 1440 256
f 2159
a 2162 400 64
f 2028
a 2163 55536 16
f 2114
a 2164 1488 256
f 2116
a 2165 15184 256
f 2075
a 2166 4016 64
f 2164
a 2167 4960 64
f 2086
a 2168 288 16
f 2094
a 2169 1280 64
f 2069
a 2170 4800 256
f 2167
a 2171 2432 256
f 1982
a 2172 13200 16
f 2079
a 2173 1232 64
f 2019
a 2174 3056 64
f 2067
a 2175 4096 64
f 2117
a 2176 24240 16
f 2145
a 2177 52448 16
f 2169
a 2178 4688 64
f 2040
a 2179 10480 256
f 1898
a 2180 11152 16
f 2147
a 2181 28688 256
f 2149
a 2182 2320 64
f 1971
a 2183 27504 64
f 2165
a 2184 33392 16
f 2119
a 2185 13312 16
f 2046
a 2186 1072 256
f 2135
a 2187 17680 16
f 1892
a 2188 1280 16
f 2144
a 2189 7392 64
f 1818
a 2190 832 16
f 2013
a 2191 736 64
f 1776
a 2192 12144 256
f 2150
a 2193 560 16
f 2103
a 2194 352 16
f 2139
a 2195 5824 256
f 2128
a 2196 6016 256
f 2112
a 2197 61408 64
f 2194
a 2198 2320 64
f 2064
a 2199 64928 64
f 1933
a 2200 41712 256
f 2162
a 2201 7776 64
f 2180
a 2202 3584 256
f 2195
a 2203 816 64
f 2154
a 2204 3488 16
f 2058
a 2205 20928 16
f 1997
a 2206 464 256
f 2173
a 2207 49120 64
f 2163
a 2208 10432 16
f 2045
a 2209 768 16
f 2143
a 2210 2064 16
f 2130
a 2211 512 64
f 2184
a 2212 3264 256
f 2196
a 2213 848 16
f 2146
a 2214 38432 256
f 2175
a 2215 22960 256
f 2174
a 2216 59872 64
f 2181
a 2217 4096 64
f 2161
a 2218 1056 16
f 2134
a 2219 928 64
f 2155
a 2220 15584 64
f 2031
a 2221 52336 64
f 2015
a 2222 19648 64
f 2133
a 2223 14272 64
f 2209
a 2224 1152 64
f 2205
a 2225 34208 64
f 2213
a 2226 4544 16
f 2178
a 2227 2048 64
f 2039
a 2228 28864 16
f 1861
a 2229 15472 64
f 2224
a 2230 496 256
f 2122
a 2231 560 64
f 2107
a 2232 27888 256
f 2037
a 2233 4448 256
f 2106
a 2234 36496 64
f 2148
a 2235 320 64
f 2151
a 2236 18576 16
f 2192
a 2237 3728 64
f 2185
a 2238 288 16
f 2131
a 2239 29824 64
f 2201
a 2240 30432 16
f 2235
a 2241 608 256
f 2233
a 2242 8064 256
f 2127
a 2243 23952 16
f 2176
a 2244 60560 64
f 2053
a 2245 26224 256
f 1970
a 2246 28448 64
f 2244
a 2247 672 16
f 2142
a 2248 3296 16
f 2188
a 2249 6832 16
f 2166
a 2250 720 256
f 2200
a 2251 1184 16
f 2177
a 2252 5424 64
f 2027
a 2253 21168 16
f 2199
a 2254 20784 16
f 2093
a 2255 48928 16
f 2171
a 2256 3424 256
f 2208
a 2257 6080 16
f 2202
a 2258 5584 256
f 2204
a 2259 624 256
f 2218
a 2260 3840 16
f 2152
a 2261 3184 256
f 2102
a 2262 480 256
f 2257
a 2263 2864 256
f 2248
a 2264 704 64
f 2261
a 2265 432 64
f 2189
a 2266 512 16
f 2247
a 2267 1984 256
f 2021
a 2268 1648 256
f 2215
a 2269 5296 256
f 2252
a 2270 768 16
f 2141
a 2271 2096 256
f 2197
a 2272 2768 256
f 2264
a 2273 19392 16
f 2265
a 2274 9680 256
f 2034
a 2275 3488 64
f 2268
a 2276 20064 256
f 2158
a 2277 26336 256
f 2212
a 2278 17600 64
f 1969
a 2279 5072 64
f 2260
a 2280 752 256
f 2172
a 2281 432 64
f 2234
a 2282 9216 256
f 2157
a 2283 1712 256
f 2237
a 2284 43728 256
f 2041
a 2285 23920 256
f 2258
a 2286 3456 64
f 2239
a 2287 448 256
f 2221
a 2288 59072 16
f 2099
a 2289 15280 16
f 2267
a 2290 448 64
f 2245
a 2291 14112 256
f 2232
a 2292 21648 256
f 2033
a 2293 44624 256
f 2242
a 2294 656 64
f 2220
a 2295 35840 64
f 2273
a 2296 7248 64
f 2187
a 2297 14160 16
f 2227
a 2298 352 64
f 2286
a 2299 6400 16
f 2225
a 2300 47280 64
f 2272
a 2301 3552 64
f 2263
a 2302 1824 16
f 2120
a 2303 35744 64
f 2211
a 2304 2560 256
f 2249
a 2305 21856 64
f 2223
a 2306 16080 16
f 2271
a 2307 7072 16
f 2110
a 2308 1648 256
f 2302
a 2309 8016 16
f 2240
a 2310 496 64
f 2306
a 2311 3616 16
f 1887
a 2312 1024 64
f 2285
a 2313 41776 256
f 2256
a 2314 3392 16
f 2076
a 2315 944 16
f 2254
a 2316 928 64
f 2229
a 2317 1600 16
f 2140
a 2318 352 64
f 2262
a 2319 880 256
f 2314
a 2320 1872 16
f 2217
a 2321 3296 64
f 2292
a 2322 1856 256
f 1956
a 2323 1840 16
f 2297
a 2324 6416 64
f 2284
a 2325 432 64
f 2129
a 2326 8016 64
f 2230
a 2327 63120 16
f 2295
a 2328 5440 16
f 2183
a 2329 1904 64
f 2291
a 2330 12656 256
f 2251
a 2331 2400 16
f 2111
a 2332 4048 16
f 2305
a 2333 880 16
f 2332
a 2334 1200 256
f 2222
a 2335 432 256
f 2198
a 2336 1008 16
f 2186
a 2337 528 64
f 2296
a 2338 22512 256
f 2316
a 2339 18144 256
f 1937
a 2340 6320 256
f 2077
a 2341 384 64
f 2182
a 2342 5936 16
f 2236
a 2343 416 256
f 2321
a 2344 3040 16
f 2336
a 2345 6400 64
f 2330
a 2346 2416 16
f 2179
a 2347 1616 16
f 2156
a 2348 336 64
f 2347
a 2349 288 256
f 2228
a 2350 2032 64
f 2070
a 2351 5200 64
f 2003
a 2352 45376 16
f 2349
a 2353 704 64
f 2270
a 2354 8368 16
f 2299
a 2355 928 256
f 2339
a 2356 4832 64
f 2115
a 2357 1024 256
f 2193
a 2358 1968 256
f 2346
a 2359 41728 64
f 2190
a 2360 1616 256
f 2350
a 2361 22640 64
f 2344
a 2362 352 16
f 2354
a 2363 62336 256
f 2216
a 2364 30192 64
f 2334
a 2365 1024 16
f 2360
a 2366 44032 256
f 2348
a 2367 496 256
f 1907
a 2368 352 256
f 2328
a 2369 672 256
f 2358
a 2370 432 256
f 2315
a 2371 288 16
f 2300
a 2372 2288 16
f 2313
a 2373 14320 64
f 2312
a 2374 288 64
f 2361
a 2375 10720 256
f 2269
a 2376 1504 256
f 2243
a 2377 848 64
f 2364
a 2378 384 64
f 2359
a 2379 1328 16
f 2333
a 2380 23664 256
f 2051
a 2381 18672 16
f 2371
a 2382 912 256
f 2367
a 2383 1024 16
f 2287
a 2384 512 16
f 2231
a 2385 4368 256
f 2226
a 2386 960 64
f 2290
a 2387 272 256
f 2282
a 2388 496 256
f 2298
a 2389 5072 256
f 2317
a 2390 13696 64
f 2341
a 2391 4272 256
f 2379
a 2392 1840 256
f 2340
a 2393 23104 64
f 2387
a 2394 4976 16
f 2309
a 2395 432 256
f 2253
a 2396 10608 64
f 2389
a 2397 8224 256
f 2301
a 2398 800 64
f 2378
a 2399 448 256
f 2246
a 2400 1280 256
f 2357
a 2401 11552 256
f 2294
a 2402 7808 256
f 2366
a 2403 7904 64
f 2308
a 2404 800 256
f 2377
a 2405 2656 256
f 2396
a 2406 496 256
f 2331
a 2407 2048 16
f 2380
a 2408 6736 16
f 2370
a 2409 1136 16
f 2363
a 2410 57376 256
f 2324
a 2411 4416 16
f 2402
a 2412 51392 256
f 2365
a 2413 34656 256
f 2281
a 2414 5792 64
f 2352
a 2415 16256 16
f 2369
a 2416 4688 64
f 2343
a 2417 38240 16
f 2391
a 2418 528 16
f 2325
a 2419 272 64
f 2419
a 2420 832 64
f 2002
a 2421 288 256
f 2394
a 2422 2608 64
f 2388
a 2423 2464 64
f 2219
a 2424 10976 256
f 2078
a 2425 6672 256
f 2160
a 2426 1728 256
f 2408
a 2427 816 16
f 2250
a 2428 4096 256
f 1938
a 2429 1024 16
f 2401
a 2430 14000 16
f 2279
a 2431 1024 64
f 2274
a 2432 6864 64
f 2430
a 2433 58304 256
f 2289
a 2434 53808 64
f 2168
a 2435 416 64
f 2374
a 2436 480 16
f 2327
a 2437 10128 256
f 2416
a 2438 800 256
f 2407
a 2439 704 64
f 2413
a 2440 544 64
f 2423
a 2441 6880 256
f 2424
a 2442 3120 16
f 2276
a 2443 864 256
f 2433
a 2444 18656 16
f 2386
a 2445 19984 64
f 2398
a 2446 22352 64
f 2293
a 2447 1088 64
f 2392
a 2448 9120 256
f 2203
a 2449 5216 256
f 2095
a 2450 1600 256
f 2320
a 2451 37584 16
f 2372
a 2452 368 64
f 1981
a 2453 480 64
f 2376
a 2454 60464 64
f 2275
a 2455 3616 64
f 2432
a 2456 10208 16
f 2210
a 2457 21984 16
f 2405
a 2458 1680 256
f 2449
a 2459 1360 256
f 2384
a 2460 4032 64
f 2452
a 2461 4528 16
f 2444
a 2462 57600 16
f 2393
a 2463 19008 16
f 2443
a 2464 24400 256
f 2278
a 2465 3840 64
f 2457
a 2466 11776 64
f 2277
a 2467 36848 256
f 2342
a 2468 5200 64
f 2030
a 2469 480 256
f 2238
a 2470 22320 256
f 2435
a 2471 368 16
f 2422
a 2472 400 16
f 2153
a 2473 384 64
f 2362
a 2474 50272 16
f 2474
a 2475 1696 256
f 2415
a 2476 752 256
f 2455
a 2477 1856 256
f 2303
a 2478 1264 256
f 2453
a 2479 944 16
f 2338
a 2480 4352 256
f 2456
a 2481 24784 64
f 2356
a 2482 56560 64
f 2381
a 2483 880 16
f 2403
a 2484 17648 256
f 2425
a 2485 23760 16
f 2337
a 2486 704 256
f 2307
a 2487 4400 64
f 2445
a 2488 24448 256
f 2486
a 2489 480 16
f 2410
a 2490 560 64
f 2395
a 2491 31888 16
f 2467
a 2492 5520 64
f 2439
a 2493 6640 16
f 2479
a 2494 14752 64
f 2266
a 2495 7744 64
f 2400
a 2496 560 256
f 2310
a 2497 11984 256
f 2478
a 2498 6128 16
f 2496
a 2499 1664 16
f 2461
a 2500 60208 64
f 2304
a 2501 512 256
f 2501
a 2502 5776 64
f 2500
a 2503 2688 16
f 2429
a 2504 7568 64
f 2466
a 2505 10272 256
f 2493
a 2506 640 256
f 2326
a 2507 336 16
f 2480
a 2508 10176 64
f 2417
a 2509 35856 64
f 2504
a 2510 14592 64
f 2318
a 2511 14080 64
f 2368
a 2512 43744 256
f 2487
a 2513 1440 16
f 2503
a 2514 2048 64
f 2414
a 2515 448 256
f 2507
a 2516 576 256
f 2426
a 2517 3792 16
f 2510
a 2518 31264 256
f 2494
a 2519 3968 16
f 2468
a 2520 3680 64
f 2470
a 2521 56864 64
f 2421
a 2522 3552 16
f 2489
a 2523 5744 256
f 2488
a 2524 9616 64
f 2482
a 2525 496 64
f 2451
a 2526 4048 256
f 2412
a 2527 32784 64
f 2170
a 2528 544 256
f 2477
a 2529 6624 64
f 2206
a 2530 2240 16
f 2404
a 2531 304 256
f 2499
a 2532 25296 64
f 2505
a 2533 5472 64
f 2406
a 2534 7872 256
f 2519
a 2535 2864 64
f 2319
a 2536 14080 16
f 2101
a 2537 7520 64
f 2214
a 2538 1984 16
f 2259
a 2539 4288 256
f 2473
a 2540 816 64
f 2537
a 2541 29312 256
f 2280
a 2542 2032 16
f 2524
a 2543 30704 16
f 2390
a 2544 46720 16
f 2420
a 2545 19360 16
f 2288
a 2546 1792 16
f 2543
a 2547 1200 256
f 2431
a 2548 3296 64
f 2434
a 2549 352 256
f 2485
a 2550 448 256
f 2446
a 2551 7056 16
f 2542
a 2552 12976 256
f 2491
a 2553 304 16
f 2541
a 2554 28128 64
f 2458
a 2555 560 64
f 2375
a 2556 33568 64
f 2506
a 2557 2288 64
f 2448
a 2558 1792 64
f 2442
a 2559 800 64
f 2373
a 2560 2224 64
f 2385
a 2561 848 64
f 2311
a 2562 432 256
f 2502
a 2563 28048 256
f 2490
a 2564 6384 64
f 2526
a 2565 37168 16
f 2560
a 2566 848 64
f 2472
a 2567 8800 256
f 2382
a 2568 896 64
f 2464
a 2569 2128 16
f 2450
a 2570 13296 256
f 2481
a 2571 3008 64
f 2509
a 2572 10544 64
f 2558
a 2573 8160 64
f 2023
a 2574 6752 256
f 2573
a 2575 1744 256
f 2572
a 2576 2000 256
f 2471
a 2577 336 16
f 2529
a 2578 3168 256
f 2465
a 2579 672 64
f 2570
a 2580 24560 64
f 2441
a 2581 2304 64
f 2515
a 2582 3248 64
f 2550
a 2583 11200 16
f 2554
a 2584 480 64
f 2579
a 2585 3664 64
f 2548
a 2586 2080 64
f 2121
a 2587 48288 64
f 2569
a 2588 1024 16
f 2538
a 2589 1648 256
f 2428
a 2590 304 256
f 2409
a 2591 2896 64
f 2539
a 2592 65072 16
f 2588
a 2593 1328 256
f 2355
a 2594 2384 64
f 2567
a 2595 784 16
f 2521
a 2596 34112 256
f 2578
a 2597 30256 16
f 2399
a 2598 272 16
f 2483
a 2599 29008 256
c step-2500
f 2508
a 2600 21840 256
f 2463
a 2601 7584 256
f 2323
a 2602 16192 256
f 2545
a 2603 40800 256
f 2516
a 2604 4416 256
f 2533
a 2605 65216 256
f 2580
a 2606 5248 64
f 2602
a 2607 8960 64
f 2534
a 2608 52128 16
f 2459
a 2609 336 16
f 2475
a 2610 13280 256
f 2460
a 2611 23712 64
f 2582
a 2612 37136 64
f 2540
a 2613 464 256
f 2571
a 2614 11360 16
f 2610
a 2615 480 256
f 2601
a 2616 44368 256
f 2549
a 2617 1168 64
f 2255
a 2618 14320 16
f 2608
a 2619 3904 64
f 2594
a 2620 46752 16
f 2600
a 2621 9200 16
f 2603
a 2622 544 64
f 2454
a 2623 9744 64
f 2617
a 2624 3984 64
f 2587
a 2625 59632 16
f 2551
a 2626 6848 16
f 2618
a 2627 10496 16
f 2547
a 2628 22624 64
f 2563
a 2629 40128 256
f 2595
a 2630 512 256
f 2577
a 2631 24096 64
f 2436
a 2632 1328 256
f 2520
a 2633 9424 16
f 2599
a 2634 1600 16
f 2585
a 2635 832 256
f 2462
a 2636 576 16
f 2635
a 2637 3408 64
f 2614
a 2638 16384 16
f 2620
a 2639 1696 16
f 2575
a 2640 5056 64
f 2598
a 2641 416 64
f 2546
a 2642 2224 64
f 2495
a 2643 480 16
f 2643
a 2644 28064 16
f 2532
a 2645 15104 64
f 2535
a 2646 12832 16
f 2630
a 2647 3536 64
f 2604
a 2648 672 16
f 2525
a 2649 1472 64
f 2584
a 2650 8192 64
f 2650
a 2651 592 16
f 2648
a 2652 432 16
f 2530
a 2653 53472 16
f 2629
a 2654 1120 256
f 2649
a 2655 432 256
f 2634
a 2656 57968 256
f 2517
a 2657 56432 64
f 2565
a 2658 384 256
f 2498
a 2659 288 64
f 2640
a 2660 304 16
f 2241
a 2661 624 256
f 2544
a 2662 3472 64
f 2492
a 2663 720 16
f 2383
a 2664 960 256
f 2646
a 2665 5424 64
f 2606
a 2666 1824 256
f 2568
a 2667 14832 16
f 2638
a 2668 21984 64
f 2611
a 2669 528 64
f 2522
a 2670 45552 16
f 2636
a 2671 60176 64
f 2207
a 2672 416 64
f 2622
a 2673 63264 16
f 2556
a 2674 17600 64
f 2616
a 2675 1152 16
f 2574
a 2676 512 16
f 2625
a 2677 8944 256
f 2673
a 2678 63072 16
f 2523
a 2679 432 256
f 2642
a 2680 31456 64
f 2576
a 2681 18816 64
f 2586
a 2682 13520 16
f 2597
a 2683 52416 16
f 2658
a 2684 6912 256
f 2322
a 2685 912 16
f 2559
a 2686 9008 16
f 2513
a 2687 848 256
f 2685
a 2688 1280 64
f 2536
a 2689 15808 16
f 2683
a 2690 5216 256
f 2690
a 2691 58768 16
f 2335
a 2692 832 16
f 2345
a 2693 17920 16
f 2329
a 2694 608 256
f 2566
a 2695 2384 256
f 2687
a 2696 512 64
f 2627
a 2697 1040 16
f 2437
a 2698 11328 64
f 2682
a 2699 8768 256
f 2644
a 2700 752 256
f 2518
a 2701 336 256
f 2593
a 2702 13744 64
f 2672
a 2703 2272 256
f 2657
a 2704 4976 16
f 2681
a 2705 35536 16
f 2665
a 2706 704 256
f 2592
a 2707 624 256
f 2589
a 2708 24064 64
f 2531
a 2709 4144 256
f 2678
a 2710 1056 64
f 2695
a 2711 44128 64
f 2591
a 2712 11744 256
f 2623
a 2713 17472 16
f 2469
a 2714 29520 64
f 2351
a 2715 53040 256
f 2596
a 2716 15328 64
f 2631
a 2717 2832 16
f 2663
a 2718 6240 256
f 2438
a 2719 1984 256
f 2562
a 2720 36048 16
f 2711
a 2721 1856 16
f 2397
a 2722 3360 16
f 2708
a 2723 928 64
f 2677
a 2724 25824 16
f 2613
a 2725 11696 256
f 2528
a 2726 12240 64
f 2715
a 2727 528 64
f 2670
a 2728 1152 256
f 2710
a 2729 816 64
f 2497
a 2730 640 64
f 2581
a 2731 2960 256
f 2639
a 2732 688 16
f 2686
a 2733 24560 64
f 2705
a 2734 272 16
f 2717
a 2735 784 16
f 2680
a 2736 19376 256
f 2512
a 2737 6080 64
f 2730
a 2738 1712 64
f 2727
a 2739 7152 256
f 2511
a 2740 2912 16
f 2612
a 2741 42800 256
f 2651
a 2742 6720 256
f 2694
a 2743 6672 16
f 2418
a 2744 2496 16
f 2743
a 2745 26864 256
f 2725
a 2746 688 64
f 2283
a 2747 12112 16
f 2698
a 2748 6704 256
f 2661
a 2749 9712 16
f 2703
a 2750 17072 256
f 2484
a 2751 32128 64
f 2555
a 2752 336 256
f 2609
a 2753 1152 64
f 2748
a 2754 1952 64
f 2652
a 2755 560 16
f 2191
a 2756 864 256
f 2684
a 2757 1808 16
f 2641
a 2758 336 256
f 2621
a 2759 30240 64
f 2739
a 2760 35424 256
f 2718
a 2761 12768 64
f 2671
a 2762 21584 64
f 2654
a 2763 288 16
f 2737
a 2764 528 256
f 2688
a 2765 43264 64
f 2758
a 2766 3536 256
f 2615
a 2767 32688 16
f 2440
a 2768 12272 16
f 2624
a 2769 912 64
f 2769
a 2770 2448 16
f 2768
a 2771 496 16
f 2759
a 2772 12480 256
f 2583
a 2773 288 64
f 2756
a 2774 22192 16
f 2605
a 2775 8192 256
f 2696
a 2776 32944 256
f 2774
a 2777 11856 64
f 2760
a 2778 784 16
f 2752
a 2779 20768 16
f 2632
a 2780 55024 64
f 2552
a 2781 28896 16
f 2662
a 2782 1968 256
f 2775
a 2783 1600 64
f 2723
a 2784 49216 256
f 2590
a 2785 944 64
f 2776
a 2786 3664 256
f 2653
a 2787 54672 256
f 2736
a 2788 4240 256
f 2709
a 2789 480 16
f 2676
a 2790 1312 256
f 2731
a 2791 7904 256
f 2761
a 2792 24608 16
f 2792
a 2793 2896 64
f 2734
a 2794 35216 64
f 2789
a 2795 4480 256
f 2607
a 2796 16848 256
f 2701
a 2797 4800 256
f 2675
a 2798 496 16
f 2772
a 2799 39328 64
f 2726
a 2800 9904 16
f 2697
a 2801 288 64
f 2735
a 2802 50992 16
f 2770
a 2803 34112 64
f 2679
a 2804 63328 64
f 2720
a 2805 7616 16
f 2805
a 2806 768 16
f 2729
a 2807 50224 16
f 2794
a 2808 5888 16
f 2716
a 2809 800 64
f 2628
a 2810 42144 16
f 2633
a 2811 58912 16
f 2719
a 2812 12432 256
f 2411
a 2813 38416 16
f 2553
a 2814 9088 256
f 2766
a 2815 320 64
f 2712
a 2816 24896 256
f 2557
a 2817 1248 64
f 2817
a 2818 58784 256
f 2809
a 2819 7072 64
f 2647
a 2820 14128 16
f 2782
a 2821 10128 16
f 2818
a 2822 800 64
f 2773
a 2823 26160 16
f 2626
a 2824 20128 64
f 2767
a 2825 432 64
f 2476
a 2826 19680 256
f 2738
a 2827 416 16
f 2804
a 2828 32416 64
f 2667
a 2829 464 16
f 2722
a 2830 512 256
f 2714
a 2831 4704 16
f 2820
a 2832 3552 16
f 2704
a 2833 528 16
f 2833
a 2834 1008 64
f 2655
a 2835 1232 16
f 2787
a 2836 368 256
f 2807
a 2837 51904 64
f 2733
a 2838 13040 256
f 2762
a 2839 1072 256
f 2793
a 2840 656 256
f 2447
a 2841 28736 256
f 2799
a 2842 6080 16
f 2790
a 2843 1872 16
f 2750
a 2844 2576 256
f 2561
a 2845 10032 64
f 2814
a 2846 15584 64
f 2839
a 2847 19568 64
f 2844
a 2848 1440 16
f 2800
a 2849 288 16
f 2706
a 2850 352 64
f 2834
a 2851 3360 64
f 2816
a 2852 800 256
f 2724
a 2853 8608 256
f 2728
a 2854 5616 64
f 2753
a 2855 2336 64
f 2656
a 2856 896 256
f 2747
a 2857 3392 64
f 2797
a 2858 464 64
f 2852
a 2859 416 16
f 2746
a 2860 3680 256
f 2692
a 2861 21360 256
f 2856
a 2862 2000 256
f 2745
a 2863 1792 16
f 2830
a 2864 368 16
f 2846
a 2865 5488 64
f 2821
a 2866 272 64
f 2659
a 2867 752 64
f 2527
a 2868 3872 16
f 2779
a 2869 17184 64
f 2645
a 2870 9888 64
f 2810
a 2871 832 16
f 2741
a 2872 29344 64
f 2786
a 2873 384 16
f 2815
a 2874 12016 256
f 2859
a 2875 1776 256
f 2798
a 2876 640 64
f 2850
a 2877 592 16
f 2863
a 2878 13136 256
f 2876
a 2879 7744 64
f 2668
a 2880 1216 64
f 2619
a 2881 496 64
f 2713
a 2882 45408 64
f 2847
a 2883 4832 64
f 2865
a 2884 464 256
f 2874
a 2885 320 256
f 2848
a 2886 1232 64
f 2811
a 2887 2384 256
f 2765
a 2888 14112 64
f 2353
a 2889 31776 256
f 2806
a 2890 5760 16
f 2514
a 2891 11104 256
f 2832
a 2892 10592 16
f 2881
a 2893 352 64
f 2693
a 2894 7424 64
f 2660
a 2895 12864 16
f 2803
a 2896 37072 256
f 2836
a 2897 3776 64
f 2742
a 2898 832 64
f 2849
a 2899 56112 256
f 2831
a 2900 800 256
f 2878
a 2901 640 16
f 2870
a 2902 1664 64
f 2891
a 2903 29632 64
f 2875
a 2904 26016 64
f 2884
a 2905 400 64
f 2861
a 2906 25952 256
f 2882
a 2907 2848 16
f 2749
a 2908 624 64
f 2855
a 2909 784 256
f 2886
a 2910 17600 256
f 2838
a 2911 2192 64
f 2902
a 2912 752 16
f 2829
a 2913 752 16
f 2812
a 2914 31120 256
f 2883
a 2915 56096 16
f 2905
a 2916 1200 64
f 2637
a 2917 19168 16
f 2732
a 2918 61632 16
f 2888
a 2919 5440 16
f 2788
a 2920 944 256
f 2843
a 2921 1504 64
f 2916
a 2922 39392 16
f 2869
a 2923 5136 256
f 2913
a 2924 5504 64
f 2901
a 2925 864 256
f 2822
a 2926 288 16
f 2808
a 2927 4368 16
f 2892
a 2928 8352 256
f 2674
a 2929 42688 64
f 2755
a 2930 8416 256
f 2666
a 2931 22560 64
f 2893
a 2932 9616 16
f 2763
a 2933 58976 16
f 2933
a 2934 48752 16
f 2702
a 2935 48912 256
f 2932
a 2936 480 64
f 2802
a 2937 368 256
f 2866
a 2938 1120 16
f 2427
a 2939 2608 16
f 2751
a 2940 13760 16
f 2930
a 2941 5392 64
f 2914
a 2942 1616 256
f 2864
a 2943 27568 16
f 2783
a 2944 528 256
f 2943
a 2945 4224 16
f 2819
a 2946 3760 16
f 2919
a 2947 1536 64
f 2853
a 2948 12624 64
f 2858
a 2949 736 16
f 2689
a 2950 48496 16
f 2879
a 2951 26448 256
f 2889
a 2952 9200 64
f 2827
a 2953 20752 64
f 2880
a 2954 6400 64
f 2904
a 2955 48976 64
f 2945
a 2956 704 64
f 2928
a 2957 30720 64
f 2868
a 2958 4048 256
f 2837
a 2959 8416 256
f 2840
a 2960 35568 16
f 2894
a 2961 27136 16
f 2825
a 2962 3456 16
f 2937
a 2963 21056 64
f 2925
a 2964 512 64
f 2795
a 2965 18960 64
f 2828
a 2966 53552 256
f 2854
a 2967 1328 16
f 2841
a 2968 14528 16
f 2845
a 2969 32144 256
f 2785
a 2970 4656 64
f 2963
a 2971 7824 64
f 2908
a 2972 28576 64
f 2968
a 2973 18000 16
f 2907
a 2974 7232 64
f 2777
a 2975 9568 64
f 2966
a 2976 720 16
f 2851
a 2977 4672 16
f 2890
a 2978 1472 64
f 2976
a 2979 752 64
f 2936
a 2980 368 16
f 2960
a 2981 400 16
f 2915
a 2982 368 16
f 2942
a 2983 11328 256
f 2669
a 2984 21520 256
f 2954
a 2985 7888 16
f 2967
a 2986 2128 64
f 2764
a 2987 608 16
f 2950
a 2988 10880 256
f 2962
a 2989 736 64
f 2872
a 2990 50304 256
f 2984
a 2991 1392 256
f 2826
a 2992 2416 256
f 2771
a 2993 3712 16
f 2941
a 2994 6512 16
f 2990
a 2995 1360 16
f 2699
a 2996 1040 16
f 2912
a 2997 46688 256
f 2877
a 2998 21856 64
f 2995
a 2999 3232 256
f 2896
a 3000 528 64
f 2926
a 3001 63072 16
f 2824
a 3002 1536 256
f 2986
a 3003 29456 16
f 2983
a 3004 7200 256
f 2906
a 3005 1488 16
f 2781
a 3006 1392 16
f 2978
a 3007 4288 64
f 2721
a 3008 320 64
f 2929
a 3009 1616 64
f 2969
a 3010 17152 16
f 3008
a 3011 6208 64
f 2965
a 3012 27120 64
f 2900
a 3013 18336 64
f 2909
a 3014 24896 16
f 2922
a 3015 1520 16
f 2927
a 3016 13968 16
f 2974
a 3017 528 64
f 2796
a 3018 24576 16
f 2700
a 3019 5872 64
f 2970
a 3020 24688 64
f 2971
a 3021 7168 256
f 2857
a 3022 8960 16
f 2949
a 3023 2400 16
f 2946
a 3024 816 64
f 2947
a 3025 512 256
f 2973
a 3026 35488 16
f 2903
a 3027 43232 64
f 2757
a 3028 47440 16
f 3028
a 3029 7088 256
f 3014
a 3030 35248 256
f 2744
a 3031 1856 64
f 3016
a 3032 18256 256
f 3013
a 3033 29856 64
f 2953
a 3034 2192 64
f 2835
a 3035 1600 16
f 2691
a 3036 13248 16
f 3021
a 3037 10640 64
f 2972
a 3038 30816 256
f 2979
a 3039 2400 16
f 3026
a 3040 912 16
f 2921
a 3041 320 64
f 3032
a 3042 6880 16
f 2993
a 3043 4768 16
f 3010
a 3044 11536 64
f 3031
a 3045 23968 16
f 2961
a 3046 28704 16
f 2944
a 3047 2944 16
f 2935
a 3048 352 256
f 2989
a 3049 60400 256
f 2938
a 3050 11968 256
f 2918
a 3051 11088 16
f 3011
a 3052 2800 16
f 3040
a 3053 4960 64
f 3036
a 3054 39872 256
f 3037
a 3055 22160 256
f 2996
a 3056 2896 16
f 3049
a 3057 928 64
f 2887
a 3058 1120 16
f 3004
a 3059 352 64
f 2977
a 3060 11920 16
f 2988
a 3061 27776 256
f 2860
a 3062 560 256
f 3002
a 3063 17904 64
f 2923
a 3064 7168 256
f 3050
a 3065 41488 64
f 2917
a 3066 336 16
f 2813
a 3067 3328 256
f 2778
a 3068 9152 64
f 2564
a 3069 3184 16
f 3058
a 3070 1056 16
f 3030
a 3071 352 16
f 3001
a 3072 1168 256
f 3059
a 3073 61520 64
f 3071
a 3074 416 256
f 2997
a 3075 12000 256
f 3064
a 3076 400 256
f 3042
a 3077 576 16
f 2985
a 3078 11456 64
f 2791
a 3079 7632 16
f 2899
a 3080 4016 16
f 2664
a 3081 288 256
f 3056
a 3082 288 64
f 3073
a 3083 1376 256
f 2895
a 3084 2032 16
f 3024
a 3085 2576 16
f 2957
a 3086 2016 64
f 3067
a 3087 1664 16
f 3048
a 3088 496 16
f 3086
a 3089 704 16
f 3023
a 3090 62464 256
f 3087
a 3091 400 256
f 3009
a 3092 11152 64
f 2862
a 3093 512 16
f 3034
a 3094 6736 256
f 3053
a 3095 3568 16
f 3082
a 3096 1600 64
f 2991
a 3097 1664 16
f 2873
a 3098 1936 256
f 3060
a 3099 9792 256
c step-3000
f 3084
a 3100 9424 256
f 3019
a 3101 3152 64
f 2931
a 3102 1824 64
f 3096
a 3103 24480 64
f 2982
a 3104 4224 16
f 3072
a 3105 480 16
f 2911
a 3106 15664 256
f 2784
a 3107 11728 256
f 3052
a 3108 11264 256
f 3035
a 3109 12656 16
f 3100
a 3110 26496 256
f 3080
a 3111 384 64
f 3077
a 3112 320 16
f 2871
a 3113 12432 256
f 3003
a 3114 368 64
f 2934
a 3115 480 64
f 3081
a 3116 6160 256
f 3099
a 3117 4288 256
f 3057
a 3118 336 256
f 2867
a 3119 11792 16
f 2948
a 3120 3344 256
f 2842
a 3121 880 16
f 3041
a 3122 1168 256
f 3106
a 3123 23056 256
f 3119
a 3124 352 16
f 2897
a 3125 7280 16
f 2885
a 3126 336 64
f 3091
a 3127 21360 256
f 2920
a 3128 4448 64
f 3038
a 3129 688 16
f 3012
a 3130 7904 256
f 2958
a 3131 10928 256
f 2956
a 3132 736 256
f 3113
a 3133 29904 64
f 2939
a 3134 1024 64
f 3039
a 3135 864 64
f 3123
a 3136 39408 16
f 3051
a 3137 624 256
f 3101
a 3138 25312 256
f 3118
a 3139 6912 64
f 3117
a 3140 1872 256
f 2952
a 3141 832 16
f 3104
a 3142 4768 16
f 3097
a 3143 52080 64
f 3055
a 3144 1568 64
f 3115
a 3145 496 256
f 3144
a 3146 48224 256
f 3076
a 3147 560 16
f 3075
a 3148 14304 256
f 2910
a 3149 1472 64
f 3124
a 3150 54192 64
f 3066
a 3151 1712 64
f 2980
a 3152 1408 64
f 3074
a 3153 1824 16
f 3105
a 3154 25520 16
f 3146
a 3155 64976 64
f 3006
a 3156 4240 16
f 3138
a 3157 18544 16
f 3065
a 3158 51984 64
f 2959
a 3159 1824 16
f 2754
a 3160 20528 256
f 3155
a 3161 25568 256
f 3063
a 3162 13456 64
f 3134
a 3163 16480 16
f 3136
a 3164 1632 64
f 3005
a 3165 7744 16
f 3127
a 3166 944 256
f 3020
a 3167 528 64
f 3147
a 3168 336 256
f 3152
a 3169 2464 256
f 3149
a 3170 320 64
f 3078
a 3171 2208 256
f 2987
a 3172 2368 64
f 3047
a 3173 3856 64
f 3114
a 3174 26640 64
f 3033
a 3175 512 64
f 3171
a 3176 11312 64
f 3112
a 3177 336 64
f 3017
a 3178 41568 256
f 2707
a 3179 1728 64
f 3116
a 3180 784 16
f 3125
a 3181 3232 16
f 3133
a 3182 18848 256
f 2740
a 3183 58080 64
f 3120
a 3184 2624 16
f 3095
a 3185 46576 64
f 2981
a 3186 51760 16
f 3145
a 3187 2192 256
f 2951
a 3188 59904 64
f 3169
a 3189 10000 256
f 3083
a 3190 22256 16
f 3181
a 3191 6288 64
f 2998
a 3192 12592 64
f 2955
a 3193 1184 64
f 3165
a 3194 9328 64
f 3029
a 3195 4048 256
f 3163
a 3196 1328 16
f 3161
a 3197 432 16
f 3068
a 3198 11600 256
f 2992
a 3199 5040 256
f 3199
a 3200 720 256
f 2964
a 3201 32144 256
f 2801
a 3202 13792 64
f 3184
a 3203 9008 256
f 3180
a 3204 336 256
f 3111
a 3205 62624 16
f 3179
a 3206 288 16
f 3142
a 3207 2752 16
f 3159
a 3208 38336 64
f 3168
a 3209 1392 256
f 3186
a 3210 2160 256
f 3194
a 3211 18512 256
f 3109
a 3212 22848 256
f 3131
a 3213 3904 16
f 3092
a 3214 20176 16
f 3085
a 3215 39920 256
f 3151
a 3216 4992 64
f 3195
a 3217 512 64
f 3046
a 3218 29408 64
f 3069
a 3219 30128 256
f 3203
a 3220 1968 256
f 3054
a 3221 36928 256
f 3183
a 3222 10848 256
f 3143
a 3223 29744 64
f 3150
a 3224 3024 256
f 3108
a 3225 19408 16
f 3223
a 3226 2016 64
f 3193
a 3227 1168 256
f 3198
a 3228 23632 16
f 3164
a 3229 65216 256
f 3201
a 3230 4016 256
f 3154
a 3231 2880 64
f 2898
a 3232 1552 256
f 3166
a 3233 1664 256
f 3185
a 3234 416 256
f 3135
a 3235 1920 64
f 3205
a 3236 42944 256
f 3137
a 3237 416 16
f 3176
a 3238 3312 256
f 2780
a 3239 480 64
f 3044
a 3240 9440 16
f 3233
a 3241 1664 256
f 3090
a 3242 2640 256
f 3170
a 3243 528 64
f 3175
a 3244 1888 16
f 3022
a 3245 3056 256
f 3172
a 3246 58736 16
f 2975
a 3247 44352 16
f 3200
a 3248 65056 16
f 3216
a 3249 608 256
f 2940
a 3250 624 64
f 3045
a 3251 13280 64
f 3192
a 3252 5200 16
f 3235
a 3253 2032 256
f 3231
a 3254 20176 64
f 3191
a 3255 3520 16
f 3156
a 3256 57104 16
f 3094
a 3257 39056 256
f 3070
a 3258 26768 256
f 3153
a 3259 304 64
f 3244
a 3260 6288 16
f 3139
a 3261 4528 256
f 3187
a 3262 1776 64
f 3132
a 3263 2032 64
f 3260
a 3264 29968 256
f 3253
a 3265 50000 64
f 3213
a 3266 7072 16
f 3245
a 3267 896 16
f 2994
a 3268 17600 64
f 3027
a 3269 1232 64
f 3098
a 3270 27424 16
f 3129
a 3271 7088 16
f 3025
a 3272 384 16
f 3089
a 3273 5200 256
f 3000
a 3274 800 64
f 3211
a 3275 560 256
f 3229
a 3276 6272 256
f 3210
a 3277 15584 256
f 3271
a 3278 288 16
f 2999
a 3279 384 16
f 3130
a 3280 57920 16
f 3215
a 3281 8224 16
f 3206
a 3282 1328 256
f 3157
a 3283 896 64
f 3265
a 3284 60912 16
f 3261
a 3285 752 64
f 3232
a 3286 1136 256
f 3228
a 3287 5840 64
f 3208
a 3288 9392 256
f 3288
a 3289 16992 16
f 3273
a 3290 54976 64
f 3178
a 3291 7312 16
f 3079
a 3292 45008 256
f 3287
a 3293 18928 16
f 3088
a 3294 9936 16
f 3214
a 3295 15792 64
f 3241
a 3296 22768 16
f 3266
a 3297 34592 256
f 3262
a 3298 2832 16
f 3190
a 3299 1472 256
f 3285
a 3300 2480 256
f 3281
a 3301 2848 16
f 3279
a 3302 1008 64
f 3277
a 3303 2112 256
f 3297
a 3304 4064 16
f 3294
a 3305 400 64
f 3296
a 3306 2608 256
f 3236
a 3307 2352 16
f 3289
a 3308 336 16
f 3250
a 3309 464 16
f 3226
a 3310 8480 64
f 3267
a 3311 29296 64
f 3309
a 3312 2560 256
f 3217
a 3313 1760 16
f 3043
a 3314 44752 16
f 3015
a 3315 288 256
f 3197
a 3316 3424 256
f 3311
a 3317 464 64
f 3219
a 3318 13136 16
f 3246
a 3319 61856 16
f 3110
a 3320 336 64
f 3304
a 3321 55440 256
f 3249
a 3322 49568 16
f 3269
a 3323 7168 64
f 3221
a 3324 9264 64
f 3102
a 3325 3264 256
f 3121
a 3326 3248 64
f 3259
a 3327 304 16
f 3310
a 3328 512 16
f 3225
a 3329 2080 256
f 3326
a 3330 6096 64
f 3227
a 3331 1360 64
f 3238
a 3332 55776 16
f 3280
a 3333 6064 16
f 3286
a 3334 15856 256
f 3255
a 3335 50064 64
f 3188
a 3336 4320 256
f 3196
a 3337 14384 256
f 3182
a 3338 448 256
f 3275
a 3339 26256 256
f 3330
a 3340 864 64
f 3317
a 3341 2528 16
f 3218
a 3342 22032 256
f 3292
a 3343 7232 256
f 3284
a 3344 42496 64
f 3338
a 3345 30768 256
f 3220
a 3346 6672 256
f 3341
a 3347 9792 16
f 3301
a 3348 1072 64
f 3258
a 3349 912 16
f 3325
a 3350 11664 64
f 3340
a 3351 7728 256
f 3318
a 3352 528 256
f 3173
a 3353 8496 256
f 3321
a 3354 4688 64
f 3243
a 3355 15488 16
f 3322
a 3356 1616 64
f 3122
a 3357 42224 256
f 3303
a 3358 5680 16
f 3162
a 3359 5600 16
f 3062
a 3360 51408 16
f 3348
a 3361 2320 64
f 3357
a 3362 25504 256
f 3268
a 3363 3888 16
f 3248
a 3364 1616 64
f 3347
a 3365 46576 64
f 3361
a 3366 3424 64
f 3339
a 3367 5520 256
f 3177
a 3368 10448 64
f 3278
a 3369 19216 64
f 3331
a 3370 24672 16
f 3293
a 3371 53696 16
f 3335
a 3372 32688 64
f 3247
a 3373 1344 256
f 3312
a 3374 3984 64
f 3148
a 3375 23520 64
f 3314
a 3376 992 64
f 3103
a 3377 7968 256
f 3126
a 3378 28320 256
f 3344
a 3379 512 16
f 3298
a 3380 55632 16
f 3354
a 3381 14288 256
f 3373
a 3382 39056 256
f 3333
a 3383 384 64
f 3359
a 3384 13408 16
f 3295
a 3385 51328 16
f 3355
a 3386 384 16
f 3251
a 3387 20304 16
f 3360
a 3388 368 16
f 3383
a 3389 496 16
f 3308
a 3390 33584 64
f 3061
a 3391 54048 16
f 3324
a 3392 480 64
f 3371
a 3393 2288 256
f 3207
a 3394 10176 256
f 3276
a 3395 592 256
f 3140
a 3396 2864 256
f 3302
a 3397 2320 16
f 3018
a 3398 1952 16
f 3306
a 3399 46688 16
f 3387
a 3400 34528 64
f 3364
a 3401 21616 16
f 3362
a 3402 1696 16
f 3300
a 3403 1040 256
f 3141
a 3404 336 256
f 3402
a 3405 384 64
f 3264
a 3406 22112 16
f 3299
a 3407 608 256
f 3388
a 3408 11248 16
f 3397
a 3409 5888 64
f 3401
a 3410 5376 16
f 3391
a 3411 944 16
f 3234
a 3412 49472 64
f 3386
a 3413 3792 256
f 3256
a 3414 6096 16
f 3408
a 3415 1360 16
f 3376
a 3416 18064 16
f 3352
a 3417 2816 256
f 3282
a 3418 1712 64
f 3406
a 3419 512 16
f 3414
a 3420 2080 16
f 3407
a 3421 18960 64
f 3369
a 3422 28800 256
f 3174
a 3423 6304 16
f 3413
a 3424 528 16
f 3158
a 3425 656 16
f 3400
a 3426 336 256
f 3263
a 3427 16512 64
f 3403
a 3428 1184 256
f 3007
a 3429 8416 64
f 3384
a 3430 14656 64
f 3410
a 3431 928 256
f 3230
a 3432 2960 256
f 3222
a 3433 13872 256
f 3419
a 3434 2288 256
f 3396
a 3435 464 64
f 3385
a 3436 1568 256
f 3349
a 3437 15008 16
f 3257
a 3438 20992 256
f 3316
a 3439 11536 64
f 3430
a 3440 4480 16
f 3252
a 3441 31696 16
f 3240
a 3442 17824 64
f 3416
a 3443 28720 16
f 3224
a 3444 28736 256
f 3426
a 3445 4080 16
f 3320
a 3446 1072 256
f 3274
a 3447 7136 16
f 3423
a 3448 52592 64
f 3093
a 3449 32368 16
f 3363
a 3450 816 256
f 3389
a 3451 45104 256
f 3291
a 3452 15744 64
f 3390
a 3453 1280 256
f 3368
a 3454 15456 16
f 3378
a 3455 8208 256
f 3415
a 3456 14784 16
f 3418
a 3457 18624 64
f 3409
a 3458 1840 64
f 3107
a 3459 14688 256
f 3345
a 3460 6064 256
f 3329
a 3461 45488 16
f 3405
a 3462 1632 16
f 3421
a 3463 10144 64
f 3254
a 3464 42096 16
f 3315
a 3465 8128 256
f 3411
a 3466 6512 256
f 3447
a 3467 2816 16
f 3128
a 3468 63072 16
f 3367
a 3469 3088 64
f 3204
a 3470 368 16
f 3436
a 3471 31792 16
f 3272
a 3472 4832 64
f 3441
a 3473 4736 64
f 3366
a 3474 2752 64
f 3305
a 3475 6960 256
f 3435
a 3476 5424 256
f 3313
a 3477 63776 256
f 3380
a 3478 3120 256
f 3381
a 3479 2752 16
f 3307
a 3480 1184 16
f 3455
a 3481 448 256
f 3336
a 3482 15888 16
f 3374
a 3483 26928 256
f 3466
a 3484 2208 64
f 3448
a 3485 4976 64
f 3399
a 3486 3328 256
f 3464
a 3487 544 16
f 3461
a 3488 480 256
f 3353
a 3489 42528 16
f 3356
a 3490 53888 64
f 3351
a 3491 1232 16
f 3433
a 3492 3744 64
f 3490
a 3493 432 256
f 3319
a 3494 20672 64
f 3444
a 3495 4128 16
f 3469
a 3496 32288 256
f 3479
a 3497 768 256
f 3460
a 3498 65072 256
f 3398
a 3499 7008 256
f 3346
a 3500 4528 256
f 3434
a 3501 2256 16
f 3446
a 3502 62896 64
f 3375
a 3503 2048 16
f 3424
a 3504 6608 16
f 3429
a 3505 30272 256
f 3470
a 3506 832 256
f 3484
a 3507 992 64
f 3507
a 3508 864 256
f 3458
a 3509 6992 16
f 3500
a 3510 1712 256
f 3445
a 3511 576 16
f 3337
a 3512 9904 64
f 3468
a 3513 18640 16
f 3477
a 3514 13520 64
f 3459
a 3515 304 256
f 3511
a 3516 1280 16
f 3242
a 3517 3904 16
f 3439
a 3518 304 256
f 3501
a 3519 336 64
f 3167
a 3520 64160 16
f 3427
a 3521 976 64
f 3493
a 3522 36096 64
f 3517
a 3523 23952 256
f 3393
a 3524 14896 16
f 3212
a 3525 60928 16
f 3372
a 3526 512 64
f 3422
a 3527 400 64
f 3522
a 3528 656 64
f 3453
a 3529 15440 64
f 3524
a 3530 11856 64
f 3283
a 3531 3696 64
f 3450
a 3532 4816 64
f 3382
a 3533 36096 64
f 3425
a 3534 6704 64
f 3350
a 3535 3200 64
f 3270
a 3536 17664 256
f 3482
a 3537 59744 64
f 3334
a 3538 22736 256
f 3323
a 3539 1168 16
f 3535
a 3540 752 64
f 3395
a 3541 16320 16
f 3473
a 3542 4640 16
f 3481
a 3543 57248 16
f 3488
a 3544 3776 64
f 3532
a 3545 1280 256
f 3327
a 3546 1984 64
f 3467
a 3547 4496 64
f 3343
a 3548 1232 16
f 3456
a 3549 3632 16
f 3526
a 3550 1472 64
f 3432
a 3551 19664 16
f 3392
a 3552 42176 64
f 3538
a 3553 15840 256
f 3440
a 3554 2816 64
f 3515
a 3555 53488 16
f 3492
a 3556 6416 256
f 3452
a 3557 24304 64
f 3506
a 3558 42256 16
f 3503
a 3559 6640 64
f 3504
a 3560 22256 16
f 3555
a 3561 4528 256
f 3189
a 3562 1888 256
f 3486
a 3563 2256 16
f 3487
a 3564 400 64
f 3527
a 3565 1952 256
f 3358
a 3566 3376 256
f 3562
a 3567 3584 64
f 3428
a 3568 17312 16
f 3160
a 3569 304 64
f 3531
a 3570 54816 16
f 2924
a 3571 56640 64
f 3545
a 3572 1184 16
f 3557
a 3573 400 64
f 3533
a 3574 2048 16
f 3237
a 3575 25584 16
f 3489
a 3576 2400 64
f 3550
a 3577 432 16
f 3449
a 3578 352 256
f 3475
a 3579 15872 64
f 3554
a 3580 7024 256
f 3443
a 3581 464 16
f 3525
a 3582 1648 256
f 3328
a 3583 640 16
f 3523
a 3584 10384 256
f 3551
a 3585 1904 64
f 3528
a 3586 336 16
f 3586
a 3587 13632 64
f 3491
a 3588 384 16
f 3502
a 3589 43456 16
f 3417
a 3590 32688 16
f 3581
a 3591 6352 256
f 3579
a 3592 64464 64
f 3472
a 3593 1840 256
f 3577
a 3594 17904 16
f 3476
a 3595 352 64
f 3365
a 3596 1088 256
f 3589
a 3597 3312 256
f 3593
a 3598 23680 16
f 3512
a 3599 928 64
c step-3500
f 3442
a 3600 31296 16
f 3529
a 3601 1936 16
f 3370
a 3602 16320 64
f 3570
a 3603 304 256
f 3496
a 3604 448 256
f 3541
a 3605 1072 64
f 3568
a 3606 448 64
f 3582
a 3607 624 16
f 3606
a 3608 640 16
f 3394
a 3609 63040 64
f 3518
a 3610 63968 256
f 3431
a 3611 6416 256
f 3544
a 3612 1200 16
f 3549
a 3613 7008 64
f 3290
a 3614 976 64
f 3583
a 3615 13520 16
f 3590
a 3616 58624 16
f 3534
a 3617 16672 64
f 3598
a 3618 880 256
f 3559
a 3619 7856 64
f 3537
a 3620 1456 16
f 3575
a 3621 2016 16
f 3607
a 3622 2656 256
f 3379
a 3623 11680 64
f 3564
a 3624 12608 256
f 3404
a 3625 3920 16
f 3608
a 3626 7408 64
f 3603
a 3627 512 64
f 3485
a 3628 11568 64
f 3566
a 3629 3392 64
f 3202
a 3630 2608 256
f 3209
a 3631 61920 64
f 3494
a 3632 3024 64
f 3567
a 3633 16000 16
f 3495
a 3634 32224 256
f 3613
a 3635 40384 16
f 3478
a 3636 416 16
f 3454
a 3637 464 16
f 3556
a 3638 25824 256
f 3520
a 3639 6640 16
f 3594
a 3640 26320 64
f 3239
a 3641 1024 16
f 3587
a 3642 1904 64
f 3342
a 3643 3760 16
f 3637
a 3644 752 256
f 3420
a 3645 576 16
f 3597
a 3646 1872 16
f 3628
a 3647 33792 64
f 3643
a 3648 53504 16
f 3457
a 3649 53424 64
f 3332
a 3650 784 16
f 3650
a 3651 912 64
f 3645
a 3652 5120 16
f 3548
a 3653 1264 16
f 3471
a 3654 1360 64
f 3588
a 3655 24304 16
f 3499
a 3656 8096 64
f 3629
a 3657 21728 64
f 3547
a 3658 10048 64
f 3626
a 3659 45584 64
f 3498
a 3660 9808 256
f 3638
a 3661 6736 16
f 3627
a 3662 5872 64
f 3655
a 3663 12400 64
f 3659
a 3664 16160 256
f 3539
a 3665 5344 256
f 3614
a 3666 480 16
f 3602
a 3667 688 16
f 3646
a 3668 432 16
f 3437
a 3669 58128 64
f 3553
a 3670 18976 256
f 3558
a 3671 46816 256
f 3412
a 3672 13200 64
f 3660
a 3673 63536 64
f 3542
a 3674 2608 256
f 3652
a 3675 12752 64
f 3656
a 3676 12720 16
f 3508
a 3677 7856 64
f 3573
a 3678 400 64
f 3609
a 3679 1536 16
f 3599
a 3680 704 16
f 3635
a 3681 9280 16
f 3651
a 3682 2480 16
f 3604
a 3683 1056 64
f 3622
a 3684 14240 256
f 3633
a 3685 23408 16
f 3653
a 3686 32336 16
f 3505
a 3687 848 16
f 3673
a 3688 24432 64
f 3552
a 3689 5360 256
f 3623
a 3690 512 64
f 3605
a 3691 1200 64
f 3666
a 3692 4384 64
f 3578
a 3693 1088 256
f 3497
a 3694 2368 16
f 3438
a 3695 352 64
f 3670
a 3696 992 256
f 3519
a 3697 1104 64
f 3669
a 3698 24672 16
f 3693
a 3699 608 256
f 3648
a 3700 30976 16
f 3516
a 3701 384 256
f 3483
a 3702 4768 16
f 3521
a 3703 6336 64
f 3676
a 3704 3552 256
f 3639
a 3705 400 256
f 3576
a 3706 36528 256
f 3683
a 3707 384 64
f 3675
a 3708 12336 256
f 3668
a 3709 17296 64
f 3698
a 3710 13504 64
f 3513
a 3711 1568 64
f 3703
a 3712 400 16
f 3686
a 3713 13008 256
f 2823
a 3714 37472 64
f 3692
a 3715 432 64
f 3677
a 3716 28416 64
f 3480
a 3717 11024 64
f 3618
a 3718 26080 256
f 3546
a 3719 1088 256
f 3717
a 3720 29824 256
f 3709
a 3721 7472 64
f 3689
a 3722 752 16
f 3563
a 3723 2752 256
f 3674
a 3724 7792 256
f 3714
a 3725 448 16
f 3569
a 3726 3392 256
f 3619
a 3727 512 64
f 3510
a 3728 1200 256
f 3706
a 3729 480 16
f 3691
a 3730 49568 16
f 3647
a 3731 4464 256
f 3630
a 3732 41632 64
f 3474
a 3733 304 256
f 3561
a 3734 1840 64
f 3705
a 3735 9808 16
f 3616
a 3736 1600 16
f 3601
a 3737 2384 16
f 3728
a 3738 464 256
f 3591
a 3739 26288 64
f 3664
a 3740 3856 64
f 3680
a 3741 29648 256
f 3672
a 3742 608 256
f 3723
a 3743 60368 256
f 3665
a 3744 3696 256
f 3667
a 3745 752 256
f 3744
a 3746 9136 256
f 3640
a 3747 11616 64
f 3730
a 3748 2400 64
f 3685
a 3749 752 64
f 3688
a 3750 2304 64
f 3702
a 3751 38224 16
f 3701
a 3752 1328 16
f 3695
a 3753 1984 64
f 3681
a 3754 352 64
f 3631
a 3755 22544 16
f 3700
a 3756 416 64
f 3716
a 3757 21296 256
f 3756
a 3758 8272 16
f 3565
a 3759 53120 16
f 3642
a 3760 24256 64
f 3746
a 3761 944 64
f 3451
a 3762 30720 16
f 3624
a 3763 944 64
f 3636
a 3764 13600 64
f 3762
a 3765 1520 256
f 3574
a 3766 11776 64
f 3560
a 3767 4464 256
f 3758
a 3768 656 256
f 3377
a 3769 512 64
f 3540
a 3770 25504 16
f 3739
a 3771 304 256
f 3463
a 3772 54928 256
f 3596
a 3773 29904 64
f 3726
a 3774 13632 256
f 3755
a 3775 992 16
f 3707
a 3776 31344 16
f 3757
a 3777 21168 256
f 3750
a 3778 5776 256
f 3710
a 3779 19632 64
f 3509
a 3780 528 16
f 3732
a 3781 2352 64
f 3764
a 3782 40512 256
f 3772
a 3783 432 64
f 3754
a 3784 1808 16
f 3753
a 3785 26768 256
f 3715
a 3786 16016 16
f 3708
a 3787 3920 16
f 3704
a 3788 31648 16
f 3625
a 3789 384 16
f 3737
a 3790 10496 64
f 3761
a 3791 1936 64
f 3736
a 3792 7296 256
f 3592
a 3793 3728 256
f 3719
a 3794 5232 256
f 3771
a 3795 14080 256
f 3792
a 3796 2352 16
f 3781
a 3797 496 64
f 3465
a 3798 11072 64
f 3788
a 3799 5520 16
f 3779
a 3800 272 64
f 3735
a 3801 48512 16
f 3721
a 3802 42432 256
f 3620
a 3803 63088 256
f 3657
a 3804 1648 16
f 3679
a 3805 3008 16
f 3580
a 3806 1792 64
f 3743
a 3807 1968 64
f 3514
a 3808 1936 16
f 3776
a 3809 31552 64
f 3644
a 3810 1520 256
f 3530
a 3811 2016 256
f 3658
a 3812 416 256
f 3729
a 3813 3984 256
f 3536
a 3814 31424 256
f 3742
a 3815 25280 16
f 3759
a 3816 7952 16
f 3748
a 3817 4640 64
f 3621
a 3818 432 64
f 3807
a 3819 2016 16
f 3769
a 3820 864 64
f 3814
a 3821 51840 256
f 3800
a 3822 44464 16
f 3611
a 3823 2944 64
f 3803
a 3824 2960 64
f 3785
a 3825 11536 256
f 3741
a 3826 1776 256
f 3802
a 3827 51840 256
f 3747
a 3828 62288 256
f 3678
a 3829 26544 256
f 3782
a 3830 15776 64
f 3830
a 3831 416 64
f 3806
a 3832 3008 64
f 3783
a 3833 11312 16
f 3663
a 3834 36240 16
f 3615
a 3835 1808 16
f 3770
a 3836 9520 16
f 3832
a 3837 52864 16
f 3571
a 3838 14656 64
f 3794
a 3839 1072 64
f 3595
a 3840 50160 256
f 3793
a 3841 352 256
f 3722
a 3842 960 64
f 3763
a 3843 7392 64
f 3796
a 3844 2176 64
f 3734
a 3845 5888 64
f 3822
a 3846 352 16
f 3661
a 3847 24560 16
f 3760
a 3848 6160 64
f 3641
a 3849 12112 16
f 3842
a 3850 4144 256
f 3826
a 3851 9248 256
f 3816
a 3852 6384 64
f 3811
a 3853 18208 256
f 3543
a 3854 448 16
f 3829
a 3855 1536 256
f 3749
a 3856 544 256
f 3801
a 3857 1648 256
f 3766
a 3858 2240 256
f 3819
a 3859 18672 64
f 3740
a 3860 43360 256
f 3839
a 3861 3712 256
f 3682
a 3862 816 16
f 3815
a 3863 20624 256
f 3837
a 3864 16352 64
f 3791
a 3865 688 64
f 3572
a 3866 8960 64
f 3671
a 3867 576 16
f 3836
a 3868 1744 16
f 3864
a 3869 22464 16
f 3835
a 3870 7616 64
f 3773
a 3871 2256 64
f 3694
a 3872 2592 256
f 3738
a 3873 13296 64
f 3725
a 3874 448 256
f 3684
a 3875 432 256
f 3696
a 3876 31104 256
f 3825
a 3877 35296 256
f 3850
a 3878 8464 16
f 3810
a 3879 448 16
f 3827
a 3880 480 16
f 3849
a 3881 384 256
f 3787
a 3882 33472 256
f 3697
a 3883 1504 256
f 3838
a 3884 3040 16
f 3833
a 3885 272 16
f 3840
a 3886 928 16
f 3720
a 3887 32064 256
f 3768
a 3888 41504 16
f 3752
a 3889 480 256
f 3855
a 3890 400 16
f 3846
a 3891 23616 16
f 3845
a 3892 896 256
f 3878
a 3893 464 256
f 3774
a 3894 1072 16
f 3712
a 3895 11872 16
f 3818
a 3896 30528 64
f 3889
a 3897 688 256
f 3894
a 3898 35392 64
f 3820
a 3899 816 64
f 3862
a 3900 14576 16
f 3823
a 3901 704 256
f 3844
a 3902 26048 16
f 3831
a 3903 13568 16
f 3713
a 3904 2736 64
f 3873
a 3905 1488 256
f 3745
a 3906 6832 16
f 3727
a 3907 288 16
f 3892
a 3908 19264 256
f 3662
a 3909 29504 256
f 3632
a 3910 20704 64
f 3812
a 3911 640 64
f 3875
a 3912 2928 256
f 3866
a 3913 608 64
f 3861
a 3914 2624 256
f 3784
a 3915 11520 16
f 3821
a 3916 3776 16
f 3886
a 3917 39808 64
f 3834
a 3918 7248 256
f 3799
a 3919 41264 64
f 3907
a 3920 1072 64
f 3824
a 3921 1520 16
f 3900
a 3922 352 64
f 3914
a 3923 304 16
f 3731
a 3924 672 256
f 3877
a 3925 640 16
f 3879
a 3926 1824 16
f 3868
a 3927 6784 16
f 3690
a 3928 352 64
f 3922
a 3929 3216 16
f 3795
a 3930 24864 256
f 3857
a 3931 65488 16
f 3649
a 3932 400 64
f 3909
a 3933 31056 16
f 3847
a 3934 320 64
f 3891
a 3935 288 16
f 3851
a 3936 3472 256
f 3902
a 3937 15264 64
f 3926
a 3938 5312 64
f 3935
a 3939 496 256
f 3925
a 3940 63200 16
f 3852
a 3941 1856 256
f 3798
a 3942 3328 16
f 3687
a 3943 3136 256
f 3874
a 3944 11440 64
f 3869
a 3945 7680 64
f 3941
a 3946 26480 256
f 3912
a 3947 18880 64
f 3945
a 3948 1616 64
f 3841
a 3949 7088 64
f 3885
a 3950 512 64
f 3584
a 3951 784 256
f 3901
a 3952 544 16
f 3848
a 3953 57168 64
f 3610
a 3954 464 256
f 3920
a 3955 1184 16
f 3897
a 3956 11392 64
f 3654
a 3957 2848 64
f 3947
a 3958 880 16
f 3929
a 3959 41120 64
f 3813
a 3960 1728 64
f 3858
a 3961 6448 256
f 3884
a 3962 5824 64
f 3699
a 3963 20704 64
f 3853
a 3964 13840 16
f 3890
a 3965 17920 16
f 3937
a 3966 624 64
f 3789
a 3967 31648 256
f 3944
a 3968 720 16
f 3952
a 3969 1872 16
f 3936
a 3970 23104 64
f 3790
a 3971 1184 64
f 3711
a 3972 640 16
f 3867
a 3973 13328 16
f 3957
a 3974 272 16
f 3910
a 3975 816 64
f 3905
a 3976 3488 16
f 3967
a 3977 2400 256
f 3932
a 3978 20464 64
f 3777
a 3979 7504 64
f 3888
a 3980 15376 64
f 3964
a 3981 20496 256
f 3966
a 3982 13120 64
f 3809
a 3983 2080 256
f 3972
a 3984 2432 256
f 3918
a 3985 54336 256
f 3940
a 3986 2736 64
f 3969
a 3987 5776 64
f 3775
a 3988 1344 16
f 3982
a 3989 43712 256
f 3980
a 3990 14912 16
f 3958
a 3991 1312 256
f 3930
a 3992 2144 256
f 3960
a 3993 272 64
f 3870
a 3994 20912 256
f 3843
a 3995 1040 64
f 3913
a 3996 400 256
f 3924
a 3997 1712 256
f 3955
a 3998 880 256
f 3887
a 3999 352 256
f 3906
a 4000 736 16
f 3733
a 4001 10240 16
f 3923
a 4002 400 256
f 3859
a 4003 3600 16
f 3927
a 4004 464 64
f 3938
a 4005 2640 64
f 3921
a 4006 304 64
f 3962
a 4007 15536 16
f 3956
a 4008 304 16
f 3948
a 4009 2736 16
f 3904
a 4010 6016 16
f 3928
a 4011 336 64
f 3765
a 4012 2736 64
f 3876
a 4013 1904 16
f 3961
a 4014 1856 64
f 3915
a 4015 304 16
f 3896
a 4016 17760 256
f 4000
a 4017 15392 16
f 3863
a 4018 736 16
f 3983
a 4019 2720 64
f 3931
a 4020 14752 256
f 3970
a 4021 19232 16
f 3817
a 4022 42048 256
f 3987
a 4023 49200 16
f 4016
a 4024 736 64
f 4011
a 4025 31136 256
f 3953
a 4026 272 64
f 3600
a 4027 1072 16
f 3963
a 4028 3184 64
f 3976
a 4029 7440 16
f 3989
a 4030 24080 16
f 3997
a 4031 15152 64
f 4001
a 4032 432 64
f 4008
a 4033 14992 16
f 3718
a 4034 3120 64
f 3881
a 4035 368 64
f 3856
a 4036 752 256
f 3883
a 4037 3632 16
f 4005
a 4038 1104 16
f 3977
a 4039 1792 16
f 3808
a 4040 41616 256
f 4029
a 4041 8832 16
f 3992
a 4042 6704 64
f 4034
a 4043 26496 256
f 3985
a 4044 1760 64
f 3617
a 4045 4544 256
f 3975
a 4046 60960 256
f 4013
a 4047 1232 256
f 3462
a 4048 37872 64
f 3751
a 4049 4800 16
f 4030
a 4050 288 16
f 3908
a 4051 3904 256
f 3767
a 4052 4480 16
f 3778
a 4053 58320 16
f 3895
a 4054 3904 256
f 3898
a 4055 5360 256
f 3950
a 4056 9312 16
f 4022
a 4057 35856 64
f 3965
a 4058 20016 64
f 4057
a 4059 20224 64
f 4041
a 4060 1680 64
f 4049
a 4061 1888 16
f 3943
a 4062 1408 16
f 3994
a 4063 12928 64
f 3951
a 4064 2880 16
f 3899
a 4065 368 256
f 3880
a 4066 29840 64
f 3999
a 4067 1904 16
f 4019
a 4068 8112 256
f 4068
a 4069 352 16
f 4036
a 4070 48208 16
f 3933
a 4071 59568 256
f 4033
a 4072 288 256
f 4054
a 4073 272 64
f 3986
a 4074 560 16
f 3988
a 4075 64512 256
f 3828
a 4076 58880 64
f 4007
a 4077 17344 16
f 4073
a 4078 1584 64
f 3934
a 4079 3472 64
f 3949
a 4080 39552 16
f 3991
a 4081 38896 16
f 3939
a 4082 800 256
f 3990
a 4083 496 256
f 4027
a 4084 26272 256
f 4045
a 4085 11824 16
f 4046
a 4086 8096 64
f 4010
a 4087 24736 64
f 4074
a 4088 480 64
f 3893
a 4089 32544 16
f 4051
a 4090 528 256
f 4058
a 4091 11104 256
f 3959
a 4092 1552 16
f 3612
a 4093 640 16
f 4088
a 4094 3408 256
f 3993
a 4095 880 256
f 4056
a 4096 624 16
f 4025
a 4097 304 16
f 4014
a 4098 2592 64
f 4067
a 4099 60560 16
c step-4000
f 4061
a 4100 26832 256
f 3946
a 4101 1760 16
f 3998
a 4102 1808 64
f 4021
a 4103 29184 16
f 3942
a 4104 27488 16
f 3978
a 4105 13936 256
f 4020
a 4106 640 256
f 4039
a 4107 976 256
f 4104
a 4108 1536 64
f 4077
a 4109 21424 256
f 4082
a 4110 4160 16
f 4035
a 4111 11664 256
f 4063
a 4112 1648 16
f 4060
a 4113 2464 256
f 3974
a 4114 3440 256
f 4087
a 4115 6192 16
f 3968
a 4116 320 256
f 4023
a 4117 60464 256
f 4107
a 4118 56544 256
f 4038
a 4119 1856 16
f 3971
a 4120 10272 64
f 3854
a 4121 864 256
f 3995
a 4122 864 16
f 4086
a 4123 12224 64
f 4114
a 4124 52672 64
f 3911
a 4125 9888 256
f 4037
a 4126 1712 256
f 4053
a 4127 38000 16
f 4099
a 4128 688 256
f 4110
a 4129 2944 64
f 4017
a 4130 3872 64
f 3979
a 4131 3232 256
f 4002
a 4132 12496 64
f 4047
a 4133 5552 16
f 4044
a 4134 960 16
f 3919
a 4135 2928 16
f 4078
a 4136 640 16
f 3865
a 4137 1632 64
f 4065
a 4138 304 16
f 4072
a 4139 10432 16
f 4109
a 4140 1552 64
f 4055
a 4141 1120 256
f 4069
a 4142 1520 16
f 4128
a 4143 40272 16
f 4096
a 4144 1792 256
f 4112
a 4145 4624 256
f 4070
a 4146 11856 64
f 4071
a 4147 1680 64
f 3954
a 4148 9392 256
f 3984
a 4149 864 64
f 3585
a 4150 21072 64
f 4040
a 4151 15056 16
f 4119
a 4152 384 64
f 4120
a 4153 7376 256
f 4135
a 4154 7008 16
f 3903
a 4155 1056 256
f 4133
a 4156 42784 256
f 4081
a 4157 5376 256
f 3805
a 4158 1920 16
f 4116
a 4159 14864 256
f 4012
a 4160 62400 16
f 4066
a 4161 720 64
f 4093
a 4162 4496 256
f 4125
a 4163 60832 16
f 4123
a 4164 20656 64
f 3634
a 4165 2800 64
f 4161
a 4166 62304 256
f 4102
a 4167 4720 256
f 4004
a 4168 12288 256
f 4075
a 4169 1872 64
f 4127
a 4170 31152 16
f 3973
a 4171 400 256
f 4142
a 4172 336 16
f 4118
a 4173 42976 16
f 4156
a 4174 2320 64
f 4174
a 4175 7552 64
f 4147
a 4176 17184 64
f 3797
a 4177 3728 64
f 4165
a 4178 24240 256
f 4006
a 4179 2032 16
f 4113
a 4180 352 64
f 4158
a 4181 768 256
f 4164
a 4182 25680 64
f 4108
a 4183 6368 64
f 4175
a 4184 752 16
f 4140
a 4185 23696 256
f 3804
a 4186 3184 256
f 4131
a 4187 17904 64
f 4079
a 4188 8144 256
f 4172
a 4189 2352 16
f 4144
a 4190 5056 256
f 4136
a 4191 432 16
f 4042
a 4192 1424 64
f 4009
a 4193 1520 64
f 4162
a 4194 2128 256
f 4101
a 4195 54368 16
f 4098
a 4196 640 64
f 4181
a 4197 27120 64
f 4097
a 4198 36128 16
f 4139
a 4199 960 16
f 3724
a 4200 38256 256
f 4052
a 4201 13152 256
f 4122
a 4202 39424 16
f 4201
a 4203 8192 16
f 4168
a 4204 416 16
f 4050
a 4205 6432 64
f 4015
a 4206 7344 16
f 4191
a 4207 1328 16
f 4115
a 4208 1488 64
f 4148
a 4209 1728 16
f 4106
a 4210 2960 256
f 4143
a 4211 2240 64
f 4003
a 4212 656 256
f 4076
a 4213 22096 256
f 4031
a 4214 1808 64
f 4100
a 4215 5360 256
f 4173
a 4216 1008 64
f 4149
a 4217 944 16
f 4111
a 4218 2512 64
f 4159
a 4219 5552 256
f 4193
a 4220 12112 64
f 4151
a 4221 53888 256
f 3780
a 4222 1312 16
f 4129
a 4223 5344 16
f 4048
a 4224 12400 16
f 4200
a 4225 800 64
f 4205
a 4226 7120 256
f 4103
a 4227 56640 256
f 3996
a 4228 37280 256
f 4188
a 4229 576 64
f 4126
a 4230 41712 256
f 4221
a 4231 51984 64
f 4080
a 4232 6656 16
f 4150
a 4233 3296 256
f 4170
a 4234 29408 256
f 4180
a 4235 12240 256
f 4219
a 4236 30768 16
f 4212
a 4237 2864 16
f 4024
a 4238 4048 16
f 4186
a 4239 784 16
f 4026
a 4240 576 64
f 4153
a 4241 3424 16
f 4236
a 4242 1152 256
f 4199
a 4243 8048 64
f 4232
a 4244 3008 64
f 4214
a 4245 592 64
f 4179
a 4246 30064 256
f 4138
a 4247 1696 64
f 4154
a 4248 720 64
f 4244
a 4249 40960 256
f 4247
a 4250 1856 16
f 4209
a 4251 28368 16
f 4085
a 4252 9888 64
f 4222
a 4253 528 16
f 4094
a 4254 57024 256
f 4202
a 4255 4032 64
f 4242
a 4256 4144 16
f 4213
a 4257 2992 256
f 4166
a 4258 39120 16
f 3872
a 4259 400 16
f 4228
a 4260 42704 64
f 4095
a 4261 3312 16
f 4190
a 4262 800 64
f 4184
a 4263 1248 64
f 4260
a 4264 944 256
f 4239
a 4265 1328 256
f 4028
a 4266 320 16
f 4091
a 4267 17680 16
f 3871
a 4268 7488 16
f 3882
a 4269 18064 64
f 4208
a 4270 464 64
f 4032
a 4271 4992 256
f 3917
a 4272 1376 16
f 4203
a 4273 5584 16
f 4270
a 4274 944 256
f 4225
a 4275 11792 16
f 4273
a 4276 35616 16
f 4141
a 4277 63200 256
f 4271
a 4278 64400 256
f 4155
a 4279 12144 16
f 4064
a 4280 432 64
f 4207
a 4281 3408 64
f 4187
a 4282 34608 64
f 4145
a 4283 63216 16
f 4227
a 4284 2032 16
f 4124
a 4285 6016 16
f 4059
a 4286 2048 256
f 4018
a 4287 4592 64
f 4220
a 4288 320 16
f 4243
a 4289 18848 64
f 4238
a 4290 1536 16
f 4206
a 4291 496 64
f 4274
a 4292 19856 64
f 4246
a 4293 736 256
f 4293
a 4294 14960 64
f 4240
a 4295 2416 64
f 4215
a 4296 416 64
f 4291
a 4297 1552 256
f 4152
a 4298 1552 16
f 4252
a 4299 18192 256
f 4117
a 4300 5120 16
f 4283
a 4301 992 256
f 4268
a 4302 352 16
f 4178
a 4303 720 16
f 4105
a 4304 3008 256
f 4303
a 4305 15632 16
f 4194
a 4306 1904 64
f 4137
a 4307 928 256
f 4134
a 4308 656 16
f 4183
a 4309 1760 256
f 4294
a 4310 41648 64
f 4310
a 4311 47680 256
f 4307
a 4312 2016 256
f 4062
a 4313 336 16
f 4304
a 4314 432 256
f 4297
a 4315 1840 64
f 4279
a 4316 800 16
f 4092
a 4317 6976 256
f 4224
a 4318 11648 256
f 3786
a 4319 39120 16
f 4287
a 4320 23984 64
f 4210
a 4321 432 64
f 4084
a 4322 608 16
f 4255
a 4323 3616 256
f 4314
a 4324 304 256
f 4264
a 4325 13648 64
f 4195
a 4326 57456 16
f 4316
a 4327 464 256
f 4249
a 4328 33744 64
f 4299
a 4329 12768 256
f 4262
a 4330 63312 16
f 4245
a 4331 4176 64
f 4327
a 4332 400 256
f 4267
a 4333 18160 16
f 4278
a 4334 13968 64
f 4329
a 4335 3504 256
f 4132
a 4336 464 256
f 4185
a 4337 1840 256
f 4296
a 4338 2384 256
f 4305
a 4339 59008 64
f 4167
a 4340 9984 64
f 4320
a 4341 1920 256
f 4326
a 4342 672 256
f 4302
a 4343 896 16
f 4334
a 4344 23488 16
f 4160
a 4345 784 256
f 4284
a 4346 27600 64
f 4265
a 4347 6448 64
f 4130
a 4348 560 16
f 4288
a 4349 800 16
f 4250
a 4350 1056 64
f 4317
a 4351 3376 64
f 4330
a 4352 31472 16
f 4280
a 4353 3504 256
f 4258
a 4354 3408 16
f 4083
a 4355 54160 16
f 4319
a 4356 1040 16
f 4218
a 4357 320 64
f 4182
a 4358 15392 256
f 4350
a 4359 54992 256
f 4301
a 4360 1472 64
f 4121
a 4361 60000 64
f 4198
a 4362 7008 16
f 4313
a 4363 3120 16
f 4328
a 4364 27968 256
f 4146
a 4365 37520 64
f 4290
a 4366 1920 16
f 4256
a 4367 528 64
f 4358
a 4368 51728 16
f 4361
a 4369 672 64
f 4344
a 4370 928 64
f 4364
a 4371 21280 256
f 4189
a 4372 31808 16
f 4332
a 4373 528 256
f 4312
a 4374 13840 256
f 4163
a 4375 59568 16
f 4322
a 4376 512 256
f 4204
a 4377 2112 256
f 4369
a 4378 6592 64
f 3860
a 4379 288 64
f 3981
a 4380 800 16
f 4233
a 4381 640 64
f 4309
a 4382 704 16
f 4356
a 4383 768 16
f 4375
a 4384 24448 64
f 4197
a 4385 368 16
f 4366
a 4386 1712 256
f 4323
a 4387 272 16
f 4347
a 4388 2912 256
f 4308
a 4389 13616 16
f 4387
a 4390 9952 64
f 4276
a 4391 1888 64
f 4352
a 4392 656 16
f 4390
a 4393 51360 64
f 4359
a 4394 448 64
f 4392
a 4395 6416 64
f 4372
a 4396 1392 64
f 4337
a 4397 480 64
f 4211
a 4398 672 256
f 4376
a 4399 2832 16
f 4345
a 4400 51584 64
f 4282
a 4401 11296 64
f 4380
a 4402 24208 256
f 4383
a 4403 28240 16
f 4226
a 4404 304 256
f 4382
a 4405 10768 64
f 4371
a 4406 7472 64
f 4176
a 4407 1760 16
f 4374
a 4408 4400 256
f 4248
a 4409 912 64
f 4089
a 4410 14624 64
f 4335
a 4411 7568 16
f 4325
a 4412 45952 16
f 4338
a 4413 736 256
f 4346
a 4414 7504 16
f 4362
a 4415 26784 256
f 4216
a 4416 2608 64
f 4353
a 4417 19472 256
f 4306
a 4418 976 256
f 4315
a 4419 11088 64
f 4381
a 4420 1568 16
f 4377
a 4421 18240 256
f 4400
a 4422 5264 16
f 4157
a 4423 1296 256
f 4420
a 4424 352 256
f 4405
a 4425 24448 16
f 4365
a 4426 960 16
f 4090
a 4427 7936 16
f 4427
a 4428 608 256
f 4333
a 4429 12288 256
f 4324
a 4430 4096 16
f 4424
a 4431 1920 16
f 4192
a 4432 1696 256
f 4223
a 4433 5952 64
f 4336
a 4434 1360 16
f 4275
a 4435 5120 256
f 4360
a 4436 4864 16
f 4277
a 4437 1024 256
f 4348
a 4438 1872 16
f 4399
a 4439 1552 16
f 4263
a 4440 352 256
f 4237
a 4441 57056 16
f 4231
a 4442 10496 64
f 4321
a 4443 60848 64
f 4177
a 4444 39888 256
f 4402
a 4445 1408 256
f 4281
a 4446 592 256
f 4261
a 4447 288 256
f 4393
a 4448 39472 64
f 4254
a 4449 2944 256
f 4442
a 4450 15296 16
f 4441
a 4451 5600 256
f 4438
a 4452 6256 16
f 4339
a 4453 7680 64
f 4169
a 4454 13712 16
f 4454
a 4455 22464 256
f 4449
a 4456 6528 16
f 4410
a 4457 7728 64
f 4428
a 4458 448 16
f 4357
a 4459 7888 256
f 4403
a 4460 1840 16
f 4409
a 4461 3792 16
f 4217
a 4462 4240 64
f 4456
a 4463 4064 16
f 4331
a 4464 21264 64
f 4370
a 4465 864 256
f 4408
a 4466 14256 16
f 4351
a 4467 1152 64
f 4398
a 4468 640 64
f 4401
a 4469 7616 64
f 4386
a 4470 25152 64
f 4269
a 4471 61952 64
f 4373
a 4472 22656 64
f 4445
a 4473 23232 16
f 4395
a 4474 752 256
f 4435
a 4475 352 64
f 4196
a 4476 624 64
f 4425
a 4477 1232 16
f 4285
a 4478 15136 64
f 4230
a 4479 10256 16
f 4355
a 4480 480 64
f 3916
a 4481 480 16
f 4465
a 4482 2032 64
f 4235
a 4483 464 256
f 4354
a 4484 16464 64
f 4482
a 4485 544 16
f 4474
a 4486 1072 16
f 4416
a 4487 5872 16
f 4295
a 4488 1792 16
f 4422
a 4489 21792 16
f 4292
a 4490 31536 16
f 4451
a 4491 8544 256
f 4459
a 4492 15808 64
f 4450
a 4493 12736 16
f 4462
a 4494 464 16
f 4378
a 4495 2720 64
f 4342
a 4496 416 16
f 4349
a 4497 1888 16
f 4475
a 4498 3376 64
f 4412
a 4499 19360 64
f 4431
a 4500 5824 256
f 4419
a 4501 1360 16
f 4396
a 4502 13136 64
f 4491
a 4503 1712 256
f 4448
a 4504 4176 64
f 4471
a 4505 1008 16
f 4460
a 4506 14624 16
f 4493
a 4507 13760 64
f 4470
a 4508 752 64
f 4411
a 4509 43536 16
f 4439
a 4510 24624 256
f 4473
a 4511 816 64
f 4506
a 4512 2656 256
f 4483
a 4513 1424 64
f 4498
a 4514 3264 256
f 4472
a 4515 15024 256
f 4385
a 4516 16976 16
f 4466
a 4517 3968 64
f 4434
a 4518 13072 256
f 4511
a 4519 3344 256
f 4515
a 4520 1328 64
f 4477
a 4521 272 16
f 4517
a 4522 36224 256
f 4512
a 4523 6544 256
f 4458
a 4524 23392 64
f 4388
a 4525 12288 16
f 4300
a 4526 5872 16
f 4367
a 4527 3936 16
f 4468
a 4528 2288 64
f 4389
a 4529 8448 16
f 4432
a 4530 2000 256
f 4229
a 4531 7424 256
f 4487
a 4532 384 16
f 4043
a 4533 752 64
f 4440
a 4534 35072 256
f 4251
a 4535 2016 256
f 4488
a 4536 56352 16
f 4341
a 4537 47024 16
f 4497
a 4538 320 16
f 4430
a 4539 2176 64
f 4522
a 4540 768 256
f 4414
a 4541 1184 16
f 4368
a 4542 58128 256
f 4394
a 4543 336 64
f 4311
a 4544 22192 16
f 4510
a 4545 13360 16
f 4453
a 4546 2192 64
f 4492
a 4547 432 16
f 4533
a 4548 16032 256
f 4519
a 4549 11680 64
f 4546
a 4550 1104 16
f 4520
a 4551 1408 16
f 4508
a 4552 35872 16
f 4499
a 4553 40352 256
f 4417
a 4554 16736 16
f 4552
a 4555 9280 256
f 4433
a 4556 1600 256
f 4494
a 4557 1728 64
f 4463
a 4558 1360 64
f 4436
a 4559 656 256
f 4507
a 4560 11472 16
f 4554
a 4561 3760 64
f 4550
a 4562 41520 16
f 4528
a 4563 28096 16
f 4257
a 4564 1008 256
f 4253
a 4565 27360 256
f 4476
a 4566 12880 256
f 4566
a 4567 2336 64
f 4564
a 4568 6480 256
f 4443
a 4569 6240 256
f 4535
a 4570 1296 16
f 4418
a 4571 4880 256
f 4241
a 4572 10080 64
f 4561
a 4573 1136 64
f 4569
a 4574 58736 64
f 4558
a 4575 30944 64
f 4513
a 4576 832 256
f 4524
a 4577 1632 64
f 4502
a 4578 64512 256
f 4527
a 4579 1824 256
f 4429
a 4580 288 64
f 4423
a 4581 61696 64
f 4171
a 4582 1712 16
f 4272
a 4583 3728 16
f 4286
a 4584 58560 64
f 4490
a 4585 1504 256
f 4547
a 4586 3072 256
f 4489
a 4587 448 16
f 4551
a 4588 832 256
f 4584
a 4589 16896 256
f 4576
a 4590 35904 256
f 4588
a 4591 624 16
f 4509
a 4592 416 16
f 4559
a 4593 41824 256
f 4538
a 4594 496 16
f 4549
a 4595 2912 16
f 4541
a 4596 51296 16
f 4485
a 4597 1664 256
f 4504
a 4598 17616 256
f 4478
a 4599 320 256
c step-4500
f 4457
a 4600 848 16
f 4363
a 4601 672 256
f 4289
a 4602 13872 16
f 4469
a 4603 15760 64
f 4514
a 4604 1600 16
f 4505
a 4605 8800 16
f 4581
a 4606 5952 16
f 4542
a 4607 448 16
f 4446
a 4608 26240 256
f 4589
a 4609 688 256
f 4343
a 4610 3824 64
f 4563
a 4611 496 256
f 4591
a 4612 1568 64
f 4548
a 4613 27808 256
f 4521
a 4614 32560 16
f 4592
a 4615 880 256
f 4537
a 4616 544 256
f 4604
a 4617 2992 64
f 4540
a 4618 13296 64
f 4447
a 4619 2176 64
f 4609
a 4620 8080 64
f 4518
a 4621 1792 256
f 4406
a 4622 3648 16
f 4579
a 4623 416 16
f 4606
a 4624 416 64
f 4479
a 4625 7920 64
f 4500
a 4626 2912 16
f 4602
a 4627 288 64
f 4545
a 4628 1760 256
f 4570
a 4629 41888 64
f 4397
a 4630 12832 16
f 4583
a 4631 7424 16
f 4531
a 4632 46240 256
f 4464
a 4633 832 256
f 4595
a 4634 2720 16
f 4616
a 4635 6272 16
f 4617
a 4636 1552 64
f 4626
a 4637 480 256
f 4572
a 4638 2288 256
f 4599
a 4639 40224 64
f 4486
a 4640 48256 64
f 4495
a 4641 256 64
f 4587
a 4642 10016 16
f 4404
a 4643 34768 256
f 4620
a 4644 39648 16
f 4298
a 4645 3488 16
f 4608
a 4646 3152 256
f 4630
a 4647 10672 64
f 4597
a 4648 880 64
f 4480
a 4649 6928 64
f 4539
a 4650 400 16
f 4627
a 4651 2992 256
f 4444
a 4652 4064 256
f 4623
a 4653 60640 256
f 4516
a 4654 928 64
f 4622
a 4655 1312 256
f 4625
a 4656 6912 16
f 4452
a 4657 4688 16
f 4384
a 4658 38256 16
f 4266
a 4659 1072 64
f 4340
a 4660 960 256
f 4590
a 4661 43760 16
f 4415
a 4662 960 16
f 4621
a 4663 672 64
f 4614
a 4664 2256 256
f 4601
a 4665 19120 256
f 4631
a 4666 3024 64
f 4577
a 4667 1072 256
f 4659
a 4668 6624 16
f 4596
a 4669 320 64
f 4379
a 4670 37488 64
f 4525
a 4671 21248 16
f 4611
a 4672 800 256
f 4650
a 4673 528 16
f 4612
a 4674 1184 64
f 4461
a 4675 400 64
f 4662
a 4676 6448 256
f 4598
a 4677 1184 16
f 4664
a 4678 288 16
f 4674
a 4679 416 256
f 4676
a 4680 448 16
f 4642
a 4681 496 64
f 4607
a 4682 880 16
f 4580
a 4683 432 256
f 4529
a 4684 560 16
f 4503
a 4685 5456 16
f 4562
a 4686 3840 16
f 4657
a 4687 14048 256
f 4618
a 4688 336 16
f 4536
a 4689 5840 64
f 4523
a 4690 1680 16
f 4637
a 4691 4304 64
f 4656
a 4692 800 256
f 4688
a 4693 272 256
f 4654
a 4694 480 64
f 4636
a 4695 720 16
f 4658
a 4696 448 16
f 4640
a 4697 6208 256
f 4638
a 4698 352 16
f 4694
a 4699 1760 256
f 4660
a 4700 40096 16
f 4681
a 4701 2512 256
f 4571
a 4702 288 256
f 4544
a 4703 2416 64
f 4613
a 4704 5568 16
f 4670
a 4705 6336 64
f 4421
a 4706 10592 64
f 4455
a 4707 480 256
f 4651
a 4708 3616 256
f 4639
a 4709 416 64
f 4594
a 4710 1840 64
f 4553
a 4711 1296 64
f 4575
a 4712 416 256
f 4643
a 4713 27904 256
f 4600
a 4714 19936 256
f 4692
a 4715 7776 256
f 4259
a 4716 2000 16
f 4532
a 4717 576 64
f 4578
a 4718 304 256
f 4690
a 4719 2480 64
f 4715
a 4720 3456 256
f 4702
a 4721 11728 256
f 4635
a 4722 13600 64
f 4667
a 4723 1008 16
f 4693
a 4724 736 16
f 4647
a 4725 31632 64
f 4724
a 4726 13680 256
f 4605
a 4727 6224 16
f 4407
a 4728 60720 16
f 4653
a 4729 26464 64
f 4530
a 4730 4656 256
f 4726
a 4731 31392 64
f 4641
a 4732 2384 16
f 4391
a 4733 3488 16
f 4700
a 4734 4128 256
f 4624
a 4735 512 16
f 4646
a 4736 848 64
f 4731
a 4737 50720 64
f 4682
a 4738 27392 64
f 4727
a 4739 7680 256
f 4685
a 4740 272 64
f 4719
a 4741 17216 64
f 4716
a 4742 33280 64
f 4672
a 4743 15104 256
f 4234
a 4744 9648 64
f 4706
a 4745 13472 64
f 4713
a 4746 1376 64
f 4534
a 4747 2848 16
f 4666
a 4748 4384 256
f 4501
a 4749 336 64
f 4745
a 4750 1872 16
f 4697
a 4751 1264 256
f 4729
a 4752 432 64
f 4677
a 4753 1984 16
f 4593
a 4754 48608 64
f 4721
a 4755 400 16
f 4634
a 4756 400 256
f 4709
a 4757 59344 64
f 4318
a 4758 11568 64
f 4711
a 4759 19744 256
f 4708
a 4760 3488 256
f 4720
a 4761 7248 16
f 4746
a 4762 464 16
f 4543
a 4763 1664 256
f 4671
a 4764 864 16
f 4615
a 4765 784 16
f 4632
a 4766 60720 16
f 4752
a 4767 33600 256
f 4734
a 4768 8384 16
f 4673
a 4769 1280 256
f 4680
a 4770 13856 64
f 4703
a 4771 2128 16
f 4652
a 4772 1728 16
f 4758
a 4773 2240 256
f 4687
a 4774 4880 64
f 4689
a 4775 784 64
f 4730
a 4776 42544 256
f 4717
a 4777 43728 16
f 4484
a 4778 27152 64
f 4771
a 4779 18896 64
f 4759
a 4780 7552 64
f 4740
a 4781 6688 64
f 4644
a 4782 7456 64
f 4684
a 4783 37280 64
f 4560
a 4784 880 256
f 4763
a 4785 16480 256
f 4413
a 4786 5024 16
f 4565
a 4787 3040 64
f 4683
a 4788 736 16
f 4770
a 4789 864 256
f 4733
a 4790 23024 16
f 4698
a 4791 60848 16
f 4748
a 4792 608 256
f 4555
a 4793 21360 16
f 4760
a 4794 5040 16
f 4633
a 4795 688 16
f 4691
a 4796 1824 256
f 4764
a 4797 29456 64
f 4797
a 4798 912 64
f 4701
a 4799 1472 256
f 4655
a 4800 416 256
f 4747
a 4801 2016 64
f 4586
a 4802 464 64
f 4762
a 4803 592 64
f 4749
a 4804 1856 16
f 4668
a 4805 13520 256
f 4628
a 4806 272 16
f 4619
a 4807 15616 64
f 4803
a 4808 11280 64
f 4585
a 4809 1744 256
f 4804
a 4810 44432 16
f 4437
a 4811 576 256
f 4481
a 4812 9120 64
f 4722
a 4813 480 16
f 4807
a 4814 14960 64
f 4808
a 4815 1056 64
f 4699
a 4816 4112 64
f 4750
a 4817 63568 256
f 4678
a 4818 21056 256
f 4795
a 4819 896 16
f 4679
a 4820 5392 256
f 4705
a 4821 13904 16
f 4820
a 4822 21296 256
f 4568
a 4823 3824 256
f 4786
a 4824 784 64
f 4743
a 4825 2480 256
f 4744
a 4826 6544 256
f 4661
a 4827 50064 256
f 4768
a 4828 19280 64
f 4686
a 4829 2400 16
f 4818
a 4830 6256 64
f 4675
a 4831 36544 64
f 4736
a 4832 18560 256
f 4467
a 4833 3408 256
f 4801
a 4834 14912 64
f 4815
a 4835 42592 64
f 4823
a 4836 320 256
f 4782
a 4837 4096 64
f 4778
a 4838 26160 256
f 4603
a 4839 15856 16
f 4753
a 4840 6608 64
f 4831
a 4841 336 256
f 4573
a 4842 304 256
f 4826
a 4843 1152 64
f 4792
a 4844 15296 16
f 4839
a 4845 23728 256
f 4830
a 4846 8064 16
f 4582
a 4847 15856 64
f 4817
a 4848 33600 64
f 4799
a 4849 14592 16
f 4802
a 4850 3264 16
f 4813
a 4851 1216 256
f 4777
a 4852 2416 64
f 4822
a 4853 1344 64
f 4824
a 4854 1008 64
f 4794
a 4855 29520 16
f 4836
a 4856 304 64
f 4798
a 4857 1424 64
f 4723
a 4858 56768 64
f 4819
a 4859 2544 64
f 4814
a 4860 688 64
f 4704
a 4861 1808 16
f 4860
a 4862 8560 64
f 4805
a 4863 368 256
f 4610
a 4864 448 64
f 4848
a 4865 608 16
f 4855
a 4866 17344 16
f 4863
a 4867 8160 64
f 4776
a 4868 31264 16
f 4829
a 4869 3232 64
f 4837
a 4870 7600 256
f 4793
a 4871 672 256
f 4496
a 4872 7344 16
f 4765
a 4873 864 256
f 4728
a 4874 528 16
f 4695
a 4875 1120 64
f 4862
a 4876 1248 16
f 4737
a 4877 2096 64
f 4849
a 4878 13296 64
f 4874
a 4879 63760 256
f 4835
a 4880 41312 64
f 4775
a 4881 496 64
f 4629
a 4882 656 256
f 4850
a 4883 15776 16
f 4796
a 4884 16032 64
f 4754
a 4885 864 256
f 4788
a 4886 1824 16
f 4774
a 4887 21888 256
f 4725
a 4888 480 64
f 4665
a 4889 7520 256
f 4790
a 4890 3744 256
f 4526
a 4891 38112 256
f 4856
a 4892 2864 256
f 4669
a 4893 736 64
f 4649
a 4894 10192 16
f 4832
a 4895 21536 256
f 4426
a 4896 11440 16
f 4739
a 4897 1008 16
f 4871
a 4898 23344 16
f 4556
a 4899 496 256
f 4811
a 4900 15456 64
f 4838
a 4901 1504 64
f 4878
a 4902 34720 16
f 4800
a 4903 44080 256
f 4828
a 4904 4112 64
f 4899
a 4905 5232 256
f 4897
a 4906 27312 256
f 4857
a 4907 512 64
f 4696
a 4908 2688 64
f 4825
a 4909 5696 64
f 4784
a 4910 5888 256
f 4906
a 4911 1248 256
f 4882
a 4912 1024 64
f 4841
a 4913 368 16
f 4785
a 4914 28224 64
f 4907
a 4915 22000 64
f 4761
a 4916 320 64
f 4904
a 4917 35360 16
f 4916
a 4918 1312 256
f 4888
a 4919 416 64
f 4886
a 4920 480 16
f 4866
a 4921 432 16
f 4865
a 4922 19024 16
f 4867
a 4923 50736 16
f 4648
a 4924 1840 64
f 4742
a 4925 528 16
f 4902
a 4926 448 16
f 4821
a 4927 848 256
f 4911
a 4928 976 16
f 4772
a 4929 64368 256
f 4773
a 4930 576 16
f 4755
a 4931 3584 256
f 4735
a 4932 25168 256
f 4738
a 4933 3808 64
f 4769
a 4934 304 64
f 4846
a 4935 7360 256
f 4787
a 4936 25648 256
f 4751
a 4937 5856 64
f 4567
a 4938 1840 16
f 4919
a 4939 26096 256
f 4816
a 4940 1488 64
f 4791
a 4941 1088 256
f 4932
a 4942 4640 64
f 4870
a 4943 27040 256
f 4876
a 4944 9984 64
f 4557
a 4945 384 256
f 4931
a 4946 3328 256
f 4851
a 4947 30640 16
f 4766
a 4948 432 64
f 4881
a 4949 58832 256
f 4710
a 4950 20912 256
f 4934
a 4951 1600 16
f 4945
a 4952 336 64
f 4890
a 4953 6656 64
f 4810
a 4954 400 64
f 4896
a 4955 416 256
f 4912
a 4956 46960 16
f 4938
a 4957 22928 256
f 4852
a 4958 6912 256
f 4783
a 4959 13584 16
f 4947
a 4960 30016 64
f 4918
a 4961 1104 16
f 4853
a 4962 12704 64
f 4952
a 4963 3472 16
f 4953
a 4964 784 256
f 4901
a 4965 1568 64
f 4714
a 4966 1616 256
f 4966
a 4967 368 64
f 4894
a 4968 4304 64
f 4898
a 4969 1600 64
f 4951
a 4970 15904 16
f 4707
a 4971 944 256
f 4961
a 4972 23008 64
f 4903
a 4973 2480 16
f 4939
a 4974 6112 64
f 4964
a 4975 352 16
f 4875
a 4976 256 64
f 4844
a 4977 13984 64
f 4954
a 4978 976 16
f 4935
a 4979 31520 64
f 4948
a 4980 2192 16
f 4859
a 4981 15152 64
f 4645
a 4982 62224 64
f 4927
a 4983 2208 16
f 4879
a 4984 1920 64
f 4840
a 4985 288 64
f 4873
a 4986 15536 64
f 4972
a 4987 720 16
f 4915
a 4988 50944 64
f 4889
a 4989 6272 64
f 4986
a 4990 2416 64
f 4943
a 4991 2448 64
f 4925
a 4992 752 16
f 4917
a 4993 32144 256
f 4923
a 4994 18240 16
f 4975
a 4995 1440 64
f 4980
a 4996 3264 64
f 4973
a 4997 320 256
f 4842
a 4998 480 16
f 4933
a 4999 4016 16
f 4942
a 5000 896 256
f 4574
a 5001 59984 16
f 4877
a 5002 2480 256
f 4930
a 5003 11168 64
f 4924
a 5004 44704 256
f 4920
a 5005 16160 64
f 4812
a 5006 1552 16
f 4992
a 5007 15728 256
f 4854
a 5008 11456 256
f 4978
a 5009 384 256
f 4781
a 5010 1040 64
f 4883
a 5011 2816 256
f 4984
a 5012 47936 16
f 5001
a 5013 1520 256
f 4885
a 5014 39904 256
f 4993
a 5015 8528 16
f 4663
a 5016 6624 256
f 4928
a 5017 736 256
f 5007
a 5018 736 64
f 4884
a 5019 1088 16
f 4880
a 5020 352 64
f 4937
a 5021 1360 256
f 4789
a 5022 14144 64
f 4892
a 5023 2288 64
f 5016
a 5024 688 64
f 4990
a 5025 560 16
f 4756
a 5026 1776 64
f 4926
a 5027 62256 64
f 4779
a 5028 8864 256
f 5023
a 5029 496 64
f 4997
a 5030 25792 16
f 4960
a 5031 1776 256
f 4955
a 5032 448 64
f 5005
a 5033 1312 16
f 4864
a 5034 6256 256
f 4950
a 5035 992 16
f 4959
a 5036 4208 16
f 4741
a 5037 5696 16
f 5027
a 5038 672 16
f 5010
a 5039 33456 64
f 4869
a 5040 23920 256
f 5022
a 5041 448 64
f 4958
a 5042 2656 256
f 4767
a 5043 5920 64
f 4957
a 5044 448 64
f 5002
a 5045 1136 16
f 4988
a 5046 496 16
f 5020
a 5047 4544 256
f 4956
a 5048 58784 16
f 4949
a 5049 3760 16
f 4936
a 5050 880 64
f 4987
a 5051 2368 256
f 4962
a 5052 8048 256
f 4998
a 5053 32032 64
f 4981
a 5054 560 64
f 5026
a 5055 8272 64
f 5024
a 5056 3008 256
f 5015
a 5057 5824 64
f 4976
a 5058 17520 256
f 5038
a 5059 9424 64
f 4999
a 5060 1840 256
f 4989
a 5061 544 256
f 4909
a 5062 28976 256
f 5056
a 5063 992 16
f 5008
a 5064 2976 64
f 4967
a 5065 25200 256
f 5030
a 5066 34176 64
f 4983
a 5067 54224 16
f 5043
a 5068 10592 64
f 4985
a 5069 400 64
f 5004
a 5070 2816 16
f 4887
a 5071 480 16
f 5049
a 5072 24960 16
f 4941
a 5073 4944 64
f 5073
a 5074 576 64
f 5067
a 5075 736 16
f 5051
a 5076 56736 16
f 4858
a 5077 30576 256
f 5047
a 5078 976 256
f 4868
a 5079 3712 256
f 5064
a 5080 10288 256
f 4833
a 5081 15280 64
f 4969
a 5082 1088 16
f 5040
a 5083 32800 64
f 4843
a 5084 13024 64
f 5053
a 5085 10336 64
f 5074
a 5086 496 64
f 5080
a 5087 2080 64
f 5065
a 5088 58992 16
f 5018
a 5089 6640 16
f 5072
a 5090 26896 256
f 5052
a 5091 30528 16
f 4944
a 5092 2656 64
f 5061
a 5093 1936 256
f 5034
a 5094 59664 64
f 5025
a 5095 320 64
f 4995
a 5096 59728 256
f 4780
a 5097 11104 16
f 5089
a 5098 512 256
f 5088
a 5099 62272 256
c step-5000
