# hetoimasia allocator parity trace, format 1; see README.md
# Synthetic: five levels, each a burst of 1,500 buffers of 256 B to 128 KiB, 2,000 churn
# operations, then 70% of the live buffers freed; alignments 16, 64 or 256; 32 MiB block.
trace small-bursty
capacity 33554432
seed 2
a 0 6640 16
a 1 3456 16
a 2 67072 16
a 3 125760 64
a 4 12752 64
a 5 28656 16
a 6 13952 256
a 7 124288 256
a 8 784 64
a 9 496 256
a 10 448 256
a 11 24064 256
a 12 22992 16
a 13 272 16
a 14 15344 64
a 15 54688 16
a 16 17712 256
a 17 13488 16
a 18 3744 64
a 19 61728 256
a 20 27072 64
a 21 56992 64
a 22 1200 16
a 23 43648 256
a 24 512 16
a 25 1712 16
a 26 1552 16
a 27 11808 256
a 28 1472 64
a 29 1872 16
a 30 17664 64
a 31 42192 64
a 32 45504 64
a 33 2544 64
a 34 1088 16
a 35 2352 256
a 36 2240 64
a 37 22688 256
a 38 3984 16
a 39 23296 256
a 40 352 64
a 41 58736 256
a 42 14000 16
a 43 15456 64
a 44 124528 256
a 45 104464 256
a 46 896 256
a 47 2528 16
a 48 2000 16
a 49 78256 256
a 50 576 256
a 51 126656 256
a 52 4080 256
a 53 113936 16
a 54 16064 16
a 55 22096 16
a 56 3840 256
a 57 1168 64
a 58 672 16
a 59 3328 256
a 60 40608 64
a 61 9504 16
a 62 1680 16
a 63 1856 256
a 64 74592 16
a 65 19792 64
a 66 448 256
a 67 816 256
a 68 3040 64
a 69 320 256
a 70 1408 16
a 71 784 64
a 72 1008 256
a 73 33584 16
a 74 1344 16
a 75 58976 256
a 76 4784 16
a 77 11344 256
a 78 19408 64
a 79 26736 256
a 80 672 64
a 81 1120 16
a 82 688 16
a 83 42960 16
a 84 1296 64
a 85 1600 16
a 86 352 256
a 87 12192 16
a 88 8080 64
a 89 544 16
a 90 49792 64
a 91 6336 64
a 92 832 64
a 93 5664 64
a 94 1568 256
a 95 576 16
a 96 528 64
a 97 480 64
a 98 2656 16
a 99 59856 16
a 100 976 256
a 101 8064 16
a 102 44400 16
a 103 2752 16
a 104 32528 64
a 105 25344 256
a 106 7568 16
a 107 38272 16
a 108 4416 256
a 109 1392 256
a 110 928 64
a 111 7792 256
a 112 55504 16
a 113 368 256
a 114 752 16
a 115 368 64
a 116 1456 64
a 117 560 256
a 118 1504 16
a 119 752 256
a 120 66544 256
a 121 1008 16
a 122 9392 256
a 123 1120 16
a 124 38144 256
a 125 64048 256
a 126 736 256
a 127 672 16
a 128 448 256
a 129 1328 16
a 130 784 256
a 131 28896 256
a 132 29968 64
a 133 3520 256
a 134 3024 64
a 135 12192 16
a 136 416 256
a 137 6912 256
a 138 10944 256
a 139 4624 16
a 140 688 256
a 141 29424 64
a 142 42064 256
a 143 11872 64
a 144 32528 16
a 145 44688 256
a 146 992 16
a 147 8112 256
a 148 928 256
a 149 52768 16
a 150 124864 256
a 151 45776 64
a 152 384 16
a 153 4208 16
a 154 576 256
a 155 12800 64
a 156 97968 256
a 157 800 64
a 158 2048 256
a 159 480 256
a 160 320 64
a 161 3248 16
a 162 14368 64
a 163 1184 256
a 164 720 256
a 165 1616 256
a 166 3472 64
a 167 4000 16
a 168 51200 64
a 169 1904 64
a 170 480 16
a 171 3200 16
a 172 1072 16
a 173 1232 16
a 174 1312 256
a 175 21024 16
a 176 77776 16
a 177 14096 256
a 178 1024 64
a 179 71888 64
a 180 528 16
a 181 94560 64
a 182 1520 256
a 183 1248 64
a 184 368 256
a 185 2608 256
a 186 2288 256
a 187 59744 16
a 188 3312 64
a 189 352 16
a 190 7232 256
a 191 7328 256
a 192 11840 64
a 193 928 256
a 194 31024 64
a 195 13184 256
a 196 448 256
a 197 101280 64
a 198 50144 16
a 199 34288 64
a 200 2320 64
a 201 272 256
a 202 82352 16
a 203 6800 16
a 204 8272 16
a 205 44352 256
a 206 11264 64
a 207 4336 256
a 208 7920 16
a 209 4848 16
a 210 448 64
a 211 67056 256
a 212 608 16
a 213 44352 16
a 214 18992 16
a 215 97360 16
a 216 304 16
a 217 4320 64
a 218 304 256
a 219 29600 16
a 220 38848 64
a 221 688 64
a 222 3616 256
a 223 116768 64
a 224 1760 16
a 225 3952 16
a 226 51312 16
a 227 51520 256
a 228 22464 16
a 229 640 64
a 230 22976 64
a 231 1376 256
a 232 12832 16
a 233 28912 64
a 234 5280 256
a 235 38960 16
a 236 592 16
a 237 4032 64
a 238 44976 64
a 239 464 256
a 240 480 64
a 241 864 16
a 242 4928 256
a 243 480 256
a 244 31664 64
a 245 368 16
a 246 2704 16
a 247 31216 16
a 248 96464 256
a 249 560 64
a 250 119632 16
a 251 416 256
a 252 608 16
a 253 42768 64
a 254 9056 64
a 255 656 16
a 256 18176 64
a 257 1584 16
a 258 15984 64
a 259 100832 256
a 260 18048 16
a 261 112352 64
a 262 11216 256
a 263 960 64
a 264 448 256
a 265 352 64
a 266 1520 256
a 267 2480 16
a 268 105712 256
a 269 27136 256
a 270 22304 256
a 271 7184 16
a 272 352 64
a 273 2256 16
a 274 2912 16
a 275 448 16
a 276 448 64
a 277 13728 16
a 278 4320 16
a 279 14464 64
a 280 2592 64
a 281 56464 64
a 282 14320 64
a 283 800 16
a 284 2336 256
a 285 1936 256
a 286 1472 256
a 287 496 256
a 288 4528 64
a 289 63840 256
a 290 12720 256
a 291 38032 256
a 292 2144 64
a 293 976 256
a 294 9328 16
a 295 42304 64
a 296 576 16
a 297 1968 16
a 298 4592 64
a 299 59456 16
a 300 480 64
a 301 117888 16
a 302 18160 16
a 303 95472 16
a 304 36128 256
a 305 23888 256
a 306 3488 256
a 307 42848 64
a 308 960 16
a 309 608 64
a 310 1680 16
a 311 1872 16
a 312 432 64
a 313 4016 64
a 314 119312 64
a 315 1408 256
a 316 3920 256
a 317 11872 64
a 318 512 64
a 319 736 64
a 320 1536 16
a 321 3136 64
a 322 1728 16
a 323 960 256
a 324 95344 64
a 325 6112 256
a 326 2688 256
a 327 6464 64
a 328 68288 16
a 329 1344 16
a 330 96800 256
a 331 11280 256
a 332 736 64
a 333 736 256
a 334 1280 16
a 335 784 64
a 336 304 256
a 337 14272 16
a 338 704 256
a 339 14384 16
a 340 15888 256
a 341 60912 64
a 342 21792 16
a 343 3904 256
a 344 31952 256
a 345 14480 64
a 346 28768 16
a 347 7424 256
a 348 7648 256
a 349 2048 256
a 350 1680 16
a 351 50032 256
a 352 7552 256
a 353 816 16
a 354 9568 256
a 355 94256 16
a 356 7584 64
a 357 63568 16
a 358 1088 64
a 359 61408 64
a 360 13552 16
a 361 1936 64
a 362 832 64
a 363 41968 64
a 364 3856 256
a 365 6736 64
a 366 2656 256
a 367 2608 16
a 368 54352 64
a 369 1568 16
a 370 1984 256
a 371 21360 16
a 372 79920 64
a 373 720 256
a 374 129728 64
a 375 592 64
a 376 118032 16
a 377 1504 16
a 378 17968 16
a 379 1920 256
a 380 77856 16
a 381 21184 16
a 382 69728 64
a 383 39952 16
a 384 976 16
a 385 6864 256
a 386 58048 64
a 387 10512 64
a 388 65072 64
a 389 384 64
a 390 72496 16
a 391 120672 16
a 392 14800 256
a 393 12224 16
a 394 1776 16
a 395 624 64
a 396 7488 64
a 397 688 64
a 398 9696 256
a 399 800 64
a 400 8064 16
a 401 5504 64
a 402 30432 64
a 403 58192 256
a 404 21392 256
a 405 1904 64
a 406 3728 64
a 407 38224 256
a 408 2096 64
a 409 2656 64
a 410 2544 256
a 411 576 256
a 412 336 64
a 413 97744 256
a 414 40576 256
a 415 496 64
a 416 15136 256
a 417 13408 16
a 418 3968 64
a 419 352 64
a 420 3136 16
a 421 128992 64
a 422 768 16
a 423 4080 64
a 424 5808 16
a 425 30784 64
a 426 5856 256
a 427 768 16
a 428 1664 16
a 429 1152 256
a 430 368 256
a 431 23376 16
a 432 8976 64
a 433 3728 16
a 434 28688 64
a 435 31808 16
a 436 3040 256
a 437 1360 16
a 438 44176 16
a 439 55152 256
a 440 4496 16
a 441 3616 16
a 442 1136 16
a 443 2016 64
a 444 13376 64
a 445 13472 64
a 446 480 16
a 447 688 256
a 448 30304 16
a 449 6192 16
a 450 17104 256
a 451 6192 64
a 452 2592 64
a 453 10256 64
a 454 2112 256
a 455 1504 256
a 456 640 16
a 457 704 64
a 458 7440 256
a 459 105648 256
a 460 11472 64
a 461 4096 64
a 462 18032 256
a 463 32288 64
a 464 14112 64
a 465 960 16
a 466 8656 64
a 467 704 256
a 468 12432 256
a 469 3264 64
a 470 86432 64
a 471 40736 256
a 472 3248 64
a 473 9408 64
a 474 86000 64
a 475 73008 16
a 476 848 256
a 477 496 256
a 478 1360 64
a 479 4592 64
a 480 3728 256
a 481 4448 256
a 482 65264 64
a 483 1104 16
a 484 24384 256
a 485 6096 64
a 486 1344 256
a 487 336 16
a 488 272 64
a 489 3152 256
a 490 16864 256
a 491 29072 64
a 492 1792 256
a 493 102800 256
a 494 2080 64
a 495 7712 16
a 496 2560 16
a 497 61744 16
a 498 4368 16
a 499 13360 16
a 500 960 16
a 501 126704 256
a 502 5136 16
a 503 34800 64
a 504 10128 16
a 505 66176 64
a 506 3344 16
a 507 384 64
a 508 1808 16
a 509 33136 16
a 510 2560 16
a 511 47568 256
a 512 25760 16
a 513 416 64
a 514 9104 256
a 515 78544 64
a 516 752 16
a 517 78272 64
a 518 17616 64
a 519 944 16
a 520 47376 16
a 521 86736 256
a 522 64208 16
a 523 1840 64
a 524 624 64
a 525 112640 16
a 526 72960 256
a 527 13936 256
a 528 1744 256
a 529 1120 16
a 530 704 64
a 531 1568 16
a 532 8032 64
a 533 1552 256
a 534 14608 64
a 535 69872 16
a 536 560 16
a 537 1104 64
a 538 20816 16
a 539 960 16
a 540 8000 16
a 541 14720 16
a 542 52464 256
a 543 1424 16
a 544 912 256
a 545 5216 256
a 546 304 16
a 547 9424 256
a 548 7344 64
a 549 6416 64
a 550 3120 256
a 551 6656 64
a 552 12736 16
a 553 61792 256
a 554 432 64
a 555 22784 256
a 556 42192 64
a 557 848 16
a 558 13408 16
a 559 720 64
a 560 384 64
a 561 19936 64
a 562 656 64
a 563 12768 256
a 564 32608 64
a 565 304 16
a 566 90192 16
a 567 880 256
a 568 6432 16
a 569 89184 16
a 570 17136 256
a 571 5376 16
a 572 61456 16
a 573 2592 256
a 574 31776 64
a 575 464 16
a 576 33424 16
a 577 13504 64
a 578 416 16
a 579 12736 16
a 580 1136 16
a 581 56448 256
a 582 512 16
a 583 10112 64
a 584 1104 64
a 585 1584 64
a 586 53504 256
a 587 5200 16
a 588 8672 64
a 589 102128 256
a 590 4416 16
a 591 528 64
a 592 656 16
a 593 55456 64
a 594 58000 256
a 595 1008 16
a 596 576 16
a 597 1616 16
a 598 20832 16
a 599 1488 64
a 600 23424 64
a 601 832 16
a 602 3936 16
a 603 976 64
a 604 52528 256
a 605 43024 64
a 606 6416 256
a 607 57072 64
a 608 2704 64
a 609 19056 256
a 610 4928 256
a 611 130608 64
a 612 49696 16
a 613 62816 256
a 614 41328 64
a 615 1616 256
a 616 464 16
a 617 78608 64
a 618 50512 64
a 619 105136 256
a 620 13680 16
a 621 4800 64
a 622 81296 16
a 623 3680 16
a 624 63264 256
a 625 3232 64
a 626 44016 16
a 627 17248 256
a 628 3200 256
a 629 29968 256
a 630 3600 256
a 631 6608 64
a 632 3392 16
a 633 58752 64
a 634 1472 256
a 635 1200 64
a 636 97712 256
a 637 5744 64
a 638 3216 16
a 639 58480 256
a 640 1088 16
a 641 3872 64
a 642 6560 256
a 643 4288 256
a 644 33536 16
a 645 3008 256
a 646 125440 256
a 647 7152 16
a 648 464 16
a 649 1936 256
a 650 122864 16
a 651 1616 256
a 652 79328 256
a 653 880 16
a 654 35616 64
a 655 9456 16
a 656 976 256
a 657 74800 256
a 658 6912 16
a 659 81360 256
a 660 608 64
a 661 2112 16
a 662 54640 64
a 663 37152 16
a 664 17776 256
a 665 7440 256
a 666 6736 256
a 667 106864 64
a 668 1872 256
a 669 8128 64
a 670 31344 16
a 671 1520 16
a 672 640 256
a 673 1232 16
a 674 11456 256
a 675 1952 16
a 676 3232 64
a 677 6416 64
a 678 119712 64
a 679 2352 16
a 680 4432 16
a 681 400 16
a 682 3760 16
a 683 45888 16
a 684 11280 16
a 685 5888 64
a 686 496 16
a 687 15216 256
a 688 51376 256
a 689 30016 16
a 690 1008 16
a 691 4592 64
a 692 432 16
a 693 19280 64
a 694 41408 64
a 695 8304 64
a 696 30992 64
a 697 416 16
a 698 752 64
a 699 77888 16
a 700 7568 64
a 701 42784 256
a 702 98464 256
a 703 448 16
a 704 1024 256
a 705 1040 16
a 706 36224 256
a 707 1184 256
a 708 272 16
a 709 640 16
a 710 2704 64
a 711 688 256
a 712 1472 64
a 713 19488 64
a 714 12896 16
a 715 42560 256
a 716 864 256
a 717 22272 256
a 718 34688 16
a 719 400 256
a 720 2720 16
a 721 2352 16
a 722 80304 256
a 723 1904 16
a 724 26320 64
a 725 15104 256
a 726 640 64
a 727 3808 256
a 728 56256 256
a 729 368 16
a 730 29728 16
a 731 12928 256
a 732 3328 64
a 733 3520 256
a 734 43376 256
a 735 19504 16
a 736 2960 64
a 737 4576 64
a 738 2128 16
a 739 3488 16
a 740 2624 64
a 741 105040 16
a 742 6768 256
a 743 1024 16
a 744 37408 256
a 745 1408 64
a 746 288 64
a 747 129136 256
a 748 4848 256
a 749 896 256
a 750 21648 64
a 751 3504 256
a 752 27056 16
a 753 6336 256
a 754 28096 16
a 755 2608 64
a 756 336 16
a 757 26112 64
a 758 480 64
a 759 4064 64
a 760 120256 64
a 761 13312 256
a 762 384 64
a 763 1552 16
a 764 3536 16
a 765 78864 16
a 766 1008 64
a 767 15584 64
a 768 4976 256
a 769 62640 256
a 770 3168 256
a 771 14288 64
a 772 608 64
a 773 14432 256
a 774 8112 64
a 775 9504 16
a 776 14336 64
a 777 1600 256
a 778 30704 64
a 779 27936 16
a 780 480 64
a 781 27168 64
a 782 104336 64
a 783 1200 16
a 784 1760 64
a 785 512 64
a 786 18528 256
a 787 2464 256
a 788 368 64
a 789 28560 64
a 790 16048 256
a 791 4016 256
a 792 304 256
a 793 6624 16
a 794 7696 64
a 795 480 16
a 796 6784 256
a 797 320 16
a 798 736 256
a 799 1504 16
a 800 27712 64
a 801 480 16
a 802 30640 256
a 803 34128 64
a 804 7456 16
a 805 304 64
a 806 8528 16
a 807 116880 64
a 808 864 16
a 809 21872 64
a 810 720 16
a 811 1504 16
a 812 28416 256
a 813 11200 16
a 814 122480 64
a 815 4048 64
a 816 400 16
a 817 49424 16
a 818 6752 16
a 819 304 256
a 820 28032 16
a 821 33328 256
a 822 56176 16
a 823 10336 64
a 824 108624 64
a 825 4432 16
a 826 1200 256
a 827 3248 256
a 828 45136 256
a 829 832 256
a 830 320 16
a 831 33056 256
a 832 464 64
a 833 104848 64
a 834 1360 16
a 835 25728 16
a 836 4736 64
a 837 3184 64
a 838 3696 256
a 839 64064 256
a 840 2976 16
a 841 7648 64
a 842 608 64
a 843 107616 64
a 844 49232 64
a 845 10176 256
a 846 7216 256
a 847 3008 64
a 848 94448 256
a 849 1200 256
a 850 58032 16
a 851 13488 256
a 852 5648 16
a 853 64176 256
a 854 3600 64
a 855 752 64
a 856 2608 64
a 857 272 256
a 858 496 16
a 859 8288 256
a 860 3360 256
a 861 63632 256
a 862 10768 256
a 863 127360 16
a 864 992 64
a 865 2528 64
a 866 336 16
a 867 61168 64
a 868 7952 16
a 869 7600 256
a 870 432 16
a 871 77456 256
a 872 50944 64
a 873 44880 64
a 874 400 256
a 875 3872 256
a 876 20912 16
a 877 7312 256
a 878 576 16
a 879 59712 16
a 880 5728 256
a 881 288 64
a 882 864 16
a 883 28576 16
a 884 76208 64
a 885 416 16
a 886 49776 256
a 887 5536 64
a 888 448 64
a 889 512 64
a 890 336 16
a 891 31984 256
a 892 3024 16
a 893 1072 16
a 894 1088 64
a 895 28464 256
a 896 10928 16
a 897 480 16
a 898 45776 16
a 899 24112 16
a 900 101472 256
a 901 15568 256
a 902 126512 16
a 903 33760 256
a 904 4128 16
a 905 272 16
a 906 54800 64
a 907 3984 256
a 908 16512 256
a 909 62400 64
a 910 336 256
a 911 64240 256
a 912 624 16
a 913 60032 256
a 914 432 64
a 915 85936 64
a 916 53104 64
a 917 3632 16
a 918 1648 256
a 919 12432 256
a 920 122624 16
a 921 14672 64
a 922 416 16
a 923 19600 64
a 924 2432 16
a 925 3760 64
a 926 2304 256
a 927 8352 256
a 928 105344 16
a 929 304 64
a 930 1296 256
a 931 12016 64
a 932 58800 256
a 933 19024 16
a 934 640 64
a 935 25776 64
a 936 1120 16
a 937 63408 64
a 938 36864 256
a 939 18800 64
a 940 1312 256
a 941 128784 256
a 942 14432 64
a 943 1072 256
a 944 94240 64
a 945 624 64
a 946 2736 64
a 947 816 16
a 948 3728 16
a 949 816 16
a 950 13456 256
a 951 736 64
a 952 1200 16
a 953 112640 16
a 954 13808 16
a 955 7888 16
a 956 7360 64
a 957 2864 256
a 958 544 64
a 959 26464 256
a 960 384 64
a 961 77984 256
a 962 3792 64
a 963 88672 64
a 964 11248 64
a 965 288 16
a 966 1760 256
a 967 65344 256
a 968 15008 16
a 969 13248 256
a 970 7184 64
a 971 64032 64
a 972 32176 256
a 973 23424 256
a 974 15696 256
a 975 352 64
a 976 2112 64
a 977 26032 256
a 978 25504 16
a 979 25248 64
a 980 17056 256
a 981 20720 64
a 982 16464 256
a 983 60368 256
a 984 848 64
a 985 13936 16
a 986 3104 256
a 987 656 16
a 988 4848 256
a 989 1904 256
a 990 56048 64
a 991 912 256
a 992 1360 256
a 993 124672 256
a 994 38896 16
a 995 6928 64
a 996 13744 16
a 997 83728 16
a 998 736 16
a 999 13392 64
a 1000 127120 64
a 1001 4016 16
a 1002 1952 16
a 1003 56640 256
a 1004 784 256
a 1005 288 256
a 1006 2176 64
a 1007 56048 256
a 1008 4272 64
a 1009 6976 64
a 1010 1264 16
a 1011 560 64
a 1012 6624 64
a 1013 656 64
a 1014 50000 256
a 1015 26128 64
a 1016 12176 64
a 1017 3872 64
a 1018 32944 256
a 1019 5840 256
a 1020 16208 256
a 1021 5344 256
a 1022 21776 256
a 1023 39856 16
a 1024 1840 256
a 1025 13632 64
a 1026 71616 16
a 1027 30304 16
a 1028 22304 64
a 1029 30416 64
a 1030 2592 16
a 1031 28080 256
a 1032 2704 256
a 1033 2928 256
a 1034 10992 64
a 1035 2240 64
a 1036 125040 16
a 1037 91664 64
a 1038 1824 64
a 1039 8784 256
a 1040 22384 16
a 1041 114688 256
a 1042 15008 64
a 1043 64240 16
a 1044 2432 256
a 1045 2848 64
a 1046 448 64
a 1047 7664 16
a 1048 62784 64
a 1049 75760 64
a 1050 3120 16
a 1051 512 64
a 1052 82464 64
a 1053 112352 64
a 1054 42000 16
a 1055 5360 64
a 1056 7808 256
a 1057 896 256
a 1058 336 64
a 1059 5440 16
a 1060 7488 16
a 1061 1888 256
a 1062 2336 256
a 1063 12864 256
a 1064 29680 64
a 1065 31632 256
a 1066 96672 64
a 1067 528 256
a 1068 24672 16
a 1069 4032 64
a 1070 672 256
a 1071 122000 64
a 1072 53920 64
a 1073 31936 64
a 1074 62608 16
a 1075 496 64
a 1076 38560 64
a 1077 14752 256
a 1078 992 16
a 1079 1808 64
a 1080 6384 64
a 1081 1920 256
a 1082 1584 256
a 1083 4512 16
a 1084 640 16
a 1085 52928 64
a 1086 336 16
a 1087 14960 256
a 1088 2272 16
a 1089 288 64
a 1090 1728 16
a 1091 912 64
a 1092 105424 256
a 1093 26848 16
a 1094 400 16
a 1095 13952 64
a 1096 17088 16
a 1097 1664 256
a 1098 3712 16
a 1099 656 64
a 1100 496 64
a 1101 2800 256
a 1102 48192 16
a 1103 1952 16
a 1104 1664 64
a 1105 5392 16
a 1106 23184 256
a 1107 752 256
a 1108 16064 16
a 1109 752 256
a 1110 8080 16
a 1111 22752 64
a 1112 17520 256
a 1113 11040 64
a 1114 288 256
a 1115 1232 64
a 1116 400 256
a 1117 1328 256
a 1118 7184 64
a 1119 106384 16
a 1120 5184 64
a 1121 272 16
a 1122 3440 256
a 1123 704 16
a 1124 576 16
a 1125 19856 256
a 1126 86752 256
a 1127 2432 16
a 1128 2544 256
a 1129 1616 16
a 1130 28608 64
a 1131 10080 16
a 1132 1904 256
a 1133 5136 64
a 1134 44768 256
a 1135 7840 64
a 1136 32592 64
a 1137 1680 16
a 1138 91200 16
a 1139 103968 256
a 1140 3680 256
a 1141 22272 16
a 1142 10544 256
a 1143 6096 16
a 1144 752 256
a 1145 3824 64
a 1146 13712 64
a 1147 8192 256
a 1148 74624 16
a 1149 480 256
a 1150 1072 64
a 1151 31312 64
a 1152 10800 256
a 1153 6848 64
a 1154 9440 256
a 1155 912 64
a 1156 17872 256
a 1157 512 16
a 1158 16576 256
a 1159 13888 64
a 1160 1616 16
a 1161 56384 64
a 1162 33808 64
a 1163 14720 256
a 1164 19360 256
a 1165 1648 64
a 1166 880 16
a 1167 22816 16
a 1168 62592 16
a 1169 448 16
a 1170 3712 256
a 1171 4576 256
a 1172 2000 16
a 1173 464 64
a 1174 3744 256
a 1175 704 16
a 1176 3600 16
a 1177 35472 16
a 1178 1040 64
a 1179 48640 16
a 1180 2560 64
a 1181 18960 64
a 1182 71728 16
a 1183 19856 256
a 1184 2112 256
a 1185 1568 64
a 1186 448 256
a 1187 2016 256
a 1188 2208 256
a 1189 2736 16
a 1190 8704 64
a 1191 320 256
a 1192 96192 16
a 1193 1728 64
a 1194 704 64
a 1195 976 16
a 1196 13072 256
a 1197 11936 256
a 1198 7552 16
a 1199 113840 64
a 1200 22800 256
a 1201 480 256
a 1202 592 256
a 1203 39072 64
a 1204 2176 64
a 1205 2080 256
a 1206 464 256
a 1207 26608 16
a 1208 15328 256
a 1209 4976 256
a 1210 7136 256
a 1211 19248 16
a 1212 1584 64
a 1213 63712 64
a 1214 7344 64
a 1215 23296 256
a 1216 6624 16
a 1217 1008 256
a 1218 688 16
a 1219 528 256
a 1220 44240 16
a 1221 104736 16
a 1222 6816 16
a 1223 304 64
a 1224 1744 256
a 1225 19136 16
a 1226 49936 256
a 1227 48160 256
a 1228 11040 16
a 1229 3088 64
a 1230 7920 64
a 1231 1152 256
a 1232 320 16
a 1233 17024 16
a 1234 1216 16
a 1235 18048 256
a 1236 336 256
a 1237 46224 64
a 1238 13248 256
a 1239 64512 64
a 1240 336 64
a 1241 880 64
a 1242 5264 256
a 1243 39232 16
a 1244 272 256
a 1245 464 256
a 1246 70832 64
a 1247 960 64
a 1248 5888 64
a 1249 91840 16
a 1250 11776 16
a 1251 3248 256
a 1252 11824 64
a 1253 544 64
a 1254 7568 16
a 1255 3776 16
a 1256 29072 16
a 1257 27616 256
a 1258 62784 64
a 1259 304 64
a 1260 58432 256
a 1261 304 16
a 1262 25280 16
a 1263 35984 16
a 1264 8912 16
a 1265 129136 64
a 1266 624 256
a 1267 3856 256
a 1268 16640 64
a 1269 960 64
a 1270 6864 256
a 1271 129920 16
a 1272 848 16
a 1273 448 64
a 1274 960 256
a 1275 2016 16
a 1276 528 256
a 1277 32624 16
a 1278 6864 16
a 1279 2736 16
a 1280 1728 16
a 1281 117440 64
a 1282 3136 16
a 1283 704 16
a 1284 336 64
a 1285 1232 16
a 1286 1600 64
a 1287 5248 256
a 1288 24720 256
a 1289 3904 256
a 1290 3200 64
a 1291 6512 64
a 1292 22704 64
a 1293 29040 256
a 1294 512 64
a 1295 1008 256
a 1296 816 64
a 1297 2288 64
a 1298 976 64
a 1299 352 64
a 1300 3760 16
a 1301 1440 16
a 1302 464 256
a 1303 3872 16
a 1304 1072 64
a 1305 672 16
a 1306 2304 16
a 1307 2896 16
a 1308 3520 16
a 1309 4368 256
a 1310 368 64
a 1311 640 64
a 1312 11616 16
a 1313 11136 16
a 1314 2304 64
a 1315 1488 64
a 1316 3600 16
a 1317 752 256
a 1318 864 16
a 1319 5136 16
a 1320 944 16
a 1321 1360 256
a 1322 3920 256
a 1323 10384 64
a 1324 41296 16
a 1325 26784 256
a 1326 1984 256
a 1327 5232 16
a 1328 36768 64
a 1329 928 64
a 1330 1904 256
a 1331 512 256
a 1332 1552 256
a 1333 22784 256
a 1334 11888 16
a 1335 976 16
a 1336 992 16
a 1337 9904 256
a 1338 13952 16
a 1339 28800 16
a 1340 320 256
a 1341 1024 16
a 1342 6896 256
a 1343 24224 64
a 1344 128656 16
a 1345 22224 16
a 1346 1440 16
a 1347 17184 16
a 1348 3456 256
a 1349 816 16
a 1350 1232 16
a 1351 608 16
a 1352 496 16
a 1353 480 256
a 1354 400 64
a 1355 123184 16
a 1356 448 64
a 1357 70736 64
a 1358 13056 256
a 1359 1392 64
a 1360 62992 16
a 1361 1040 64
a 1362 101792 16
a 1363 27104 16
a 1364 752 16
a 1365 784 16
a 1366 3984 16
a 1367 1472 64
a 1368 94784 16
a 1369 25296 256
a 1370 1312 64
a 1371 736 64
a 1372 59120 64
a 1373 16560 64
a 1374 17424 64
a 1375 15040 16
a 1376 1632 64
a 1377 4032 64
a 1378 928 256
a 1379 3552 16
a 1380 3040 64
a 1381 33888 16
a 1382 1008 64
a 1383 2224 64
a 1384 112816 256
a 1385 2192 64
a 1386 89776 64
a 1387 25408 16
a 1388 128688 64
a 1389 17136 16
a 1390 59344 16
a 1391 272 64
a 1392 2080 64
a 1393 512 16
a 1394 6544 256
a 1395 50048 16
a 1396 47776 64
a 1397 49232 64
a 1398 272 16
a 1399 101136 64
a 1400 1712 16
a 1401 56848 256
a 1402 5312 64
a 1403 1760 256
a 1404 13216 16
a 1405 496 16
a 1406 3168 64
a 1407 13984 64
a 1408 3264 16
a 1409 61376 16
a 1410 2928 256
a 1411 65072 16
a 1412 89456 256
a 1413 24192 256
a 1414 944 16
a 1415 320 256
a 1416 30800 16
a 1417 384 16
a 1418 8480 64
a 1419 3728 64
a 1420 20336 16
a 1421 1632 64
a 1422 640 64
a 1423 32576 256
a 1424 1456 256
a 1425 77216 64
a 1426 124048 64
a 1427 24496 256
a 1428 1744 256
a 1429 10080 16
a 1430 5376 256
a 1431 4224 16
a 1432 2208 64
a 1433 496 16
a 1434 7616 256
a 1435 6464 16
a 1436 12848 16
a 1437 19136 16
a 1438 39408 256
a 1439 119392 64
a 1440 2640 256
a 1441 37792 64
a 1442 12688 64
a 1443 21712 64
a 1444 1888 256
a 1445 47664 16
a 1446 3408 256
a 1447 800 64
a 1448 352 16
a 1449 44640 256
a 1450 2432 256
a 1451 4000 256
a 1452 496 64
a 1453 1968 256
a 1454 4400 64
a 1455 2512 64
a 1456 12000 256
a 1457 512 16
a 1458 46608 256
a 1459 1504 16
a 1460 73904 256
a 1461 10496 16
a 1462 118064 256
a 1463 1040 64
a 1464 8144 64
a 1465 97648 64
a 1466 18656 256
a 1467 992 64
a 1468 38128 256
a 1469 80112 64
a 1470 20208 64
a 1471 6608 64
a 1472 400 16
a 1473 3232 256
a 1474 54944 64
a 1475 912 256
a 1476 5680 16
a 1477 26208 256
a 1478 41232 16
a 1479 832 16
a 1480 736 16
a 1481 448 16
a 1482 24400 256
a 1483 41616 16
a 1484 121056 256
a 1485 608 64
a 1486 1696 256
a 1487 6960 256
a 1488 352 64
a 1489 2464 16
a 1490 58880 256
a 1491 12832 256
a 1492 688 16
a 1493 3632 256
a 1494 1024 256
a 1495 4464 16
a 1496 2192 64
a 1497 23936 256
a 1498 432 256
a 1499 448 64
c level-1-loaded
a 1500 2208 16
a 1501 19584 64
a 1502 288 16
a 1503 7856 256
f 429
f 928
a 1504 58944 16
a 1505 1392 16
f 937
f 1154
a 1506 56080 64
f 218
a 1507 20496 16
a 1508 62096 64
a 1509 13200 64
f 1231
f 699
f 688
a 1510 384 256
a 1511 5376 16
a 1512 9600 256
f 82
a 1513 320 64
f 1091
f 1513
f 1080
f 566
a 1514 4576 16
a 1515 55376 256
a 1516 15376 16
f 1351
a 1517 656 16
a 1518 59536 256
f 58
f 1332
f 1169
f 1213
f 1226
f 114
a 1519 624 16
f 168
a 1520 6480 64
f 181
f 329
a 1521 7056 256
f 1074
f 1061
a 1522 3952 256
a 1523 75248 256
f 779
f 156
a 1524 6640 16
f 297
f 1249
a 1525 80816 64
a 1526 30992 16
a 1527 70800 256
f 795
f 897
a 1528 22704 16
a 1529 6368 16
a 1530 15376 256
f 704
f 103
f 1290
f 147
f 867
f 224
f 1275
f 946
f 554
a 1531 1248 16
f 41
f 977
f 943
f 167
f 393
a 1532 1296 16
f 824
f 293
f 84
f 1496
f 860
f 1150
f 1079
f 1018
a 1533 48912 64
a 1534 27120 64
a 1535 29264 256
f 586
a 1536 63328 64
a 1537 52768 64
a 1538 7184 64
a 1539 29536 64
a 1540 15520 64
a 1541 3424 64
f 1067
f 809
a 1542 14448 256
f 1438
f 396
f 278
f 44
f 1180
f 600
f 17
a 1543 1456 16
f 1431
a 1544 130112 16
f 906
f 1119
a 1545 5552 256
a 1546 61264 256
f 1203
a 1547 400 64
a 1548 4784 64
a 1549 304 256
f 376
f 1037
a 1550 33568 256
a 1551 6672 64
f 792
a 1552 320 64
a 1553 5856 256
a 1554 64304 16
f 1377
f 866
f 320
f 431
a 1555 752 16
a 1556 720 16
f 1384
f 585
a 1557 81040 256
f 578
a 1558 1664 16
a 1559 49488 256
f 236
a 1560 3152 16
a 1561 87584 16
a 1562 87936 64
a 1563 1312 64
a 1564 496 16
a 1565 25120 64
f 291
f 644
a 1566 2032 16
a 1567 56592 64
a 1568 55728 256
f 873
f 307
f 165
f 1227
a 1569 2224 16
a 1570 21184 16
a 1571 3984 16
f 1445
f 1064
f 654
a 1572 1536 64
f 31
a 1573 71200 16
f 777
a 1574 896 256
a 1575 304 16
f 441
f 1233
f 1149
f 1387
a 1576 13152 64
f 1011
a 1577 304 16
a 1578 1248 16
a 1579 1040 256
f 981
a 1580 12896 64
a 1581 40864 64
f 1238
f 246
f 1493
f 1206
a 1582 9584 256
f 1057
f 707
f 369
a 1583 121584 256
f 1551
a 1584 1200 16
f 1425
a 1585 8064 256
a 1586 624 256
f 1071
f 1404
a 1587 3312 16
a 1588 4000 16
a 1589 1536 256
a 1590 304 16
a 1591 28368 256
f 1090
f 515
a 1592 24576 16
a 1593 1136 64
f 410
f 974
a 1594 688 64
a 1595 127520 64
f 201
a 1596 12640 64
f 1286
f 454
f 490
a 1597 105072 256
a 1598 3136 16
a 1599 15040 16
a 1600 27968 256
a 1601 61152 16
f 1345
a 1602 5664 64
a 1603 512 64
f 121
f 141
f 679
f 169
a 1604 3104 64
f 534
a 1605 6720 256
a 1606 38864 256
f 424
a 1607 688 256
f 1480
f 804
f 185
f 1175
a 1608 1632 64
f 233
a 1609 58416 16
a 1610 118944 64
f 176
f 1140
a 1611 1056 64
f 947
f 833
a 1612 76288 16
a 1613 3824 16
a 1614 7520 16
f 1581
a 1615 1664 16
f 192
a 1616 2528 64
f 1531
a 1617 3648 16
a 1618 480 64
f 113
a 1619 512 64
f 1539
a 1620 528 64
a 1621 57392 64
a 1622 5168 16
f 400
f 595
f 744
f 1197
a 1623 4016 256
a 1624 68768 256
a 1625 1376 256
f 372
a 1626 22864 16
a 1627 592 256
f 311
a 1628 1136 256
a 1629 864 256
f 1489
a 1630 624 16
a 1631 9344 64
a 1632 928 256
f 1322
a 1633 31984 64
a 1634 672 16
a 1635 34016 64
f 282
f 1420
f 1026
f 1218
f 174
a 1636 6592 16
a 1637 65296 16
f 1072
a 1638 24736 256
f 853
a 1639 6640 16
f 88
a 1640 51200 64
f 606
a 1641 90016 256
a 1642 16288 256
a 1643 352 64
f 1554
a 1644 103632 16
a 1645 2144 64
f 101
a 1646 46960 16
f 708
a 1647 85104 64
a 1648 7264 64
a 1649 3760 16
a 1650 7328 64
f 136
f 1293
a 1651 23792 16
a 1652 3520 64
f 346
a 1653 61232 16
a 1654 5136 256
a 1655 2912 64
f 413
a 1656 49696 64
f 1655
a 1657 70640 16
a 1658 800 64
f 799
f 27
f 1653
f 118
f 844
a 1659 1040 64
a 1660 29952 256
f 306
a 1661 1312 256
f 721
f 601
a 1662 752 256
a 1663 448 64
f 1028
f 772
f 1623
a 1664 3584 64
a 1665 832 64
f 1354
f 1281
a 1666 4448 16
f 0
f 784
a 1667 496 64
f 1207
f 988
a 1668 105200 64
a 1669 41120 64
a 1670 384 16
a 1671 108976 256
f 537
f 993
f 1516
f 1667
a 1672 102064 64
a 1673 7968 256
a 1674 960 64
a 1675 7760 16
f 1647
a 1676 320 64
f 1668
f 997
a 1677 63296 64
f 649
f 891
a 1678 2016 256
f 816
a 1679 4912 16
a 1680 31344 16
a 1681 384 64
a 1682 2688 64
f 747
f 25
a 1683 13760 256
a 1684 32416 16
f 459
a 1685 10816 64
a 1686 45392 256
f 1069
a 1687 928 16
a 1688 10320 256
a 1689 4048 256
a 1690 3872 64
f 1428
f 619
f 1339
a 1691 1392 16
a 1692 15616 16
f 348
a 1693 7216 64
a 1694 6752 256
a 1695 11920 256
f 705
f 498
a 1696 14368 16
a 1697 129120 64
a 1698 43456 64
f 983
a 1699 14144 64
f 301
f 398
a 1700 336 256
f 1076
f 1563
f 658
a 1701 40480 64
a 1702 11632 256
a 1703 3056 16
a 1704 10160 256
f 1176
f 700
f 1397
a 1705 29680 16
f 173
a 1706 1856 256
a 1707 50640 256
f 494
a 1708 512 64
a 1709 528 16
a 1710 2864 256
a 1711 288 64
f 748
f 1216
a 1712 99360 16
f 265
a 1713 752 16
a 1714 2560 16
a 1715 2560 16
a 1716 1488 64
a 1717 1648 64
f 42
a 1718 2992 256
a 1719 1072 16
a 1720 912 64
f 702
a 1721 8768 256
a 1722 130416 16
a 1723 1552 256
a 1724 4896 16
a 1725 752 16
f 222
a 1726 448 256
f 349
a 1727 4048 256
a 1728 25760 64
f 678
f 462
f 1546
f 1582
a 1729 7872 256
a 1730 896 16
f 68
a 1731 8784 16
f 895
f 464
a 1732 11088 16
a 1733 3024 16
f 723
f 1297
a 1734 8176 256
a 1735 1712 64
a 1736 1008 256
a 1737 44096 64
a 1738 5968 16
a 1739 9024 256
f 406
a 1740 3680 256
f 1648
a 1741 80272 64
f 922
a 1742 320 16
f 1304
a 1743 3904 256
a 1744 688 16
a 1745 448 64
a 1746 432 16
f 354
a 1747 12688 64
f 1494
f 834
a 1748 6112 64
a 1749 55600 256
a 1750 44032 256
a 1751 1472 64
a 1752 22528 256
f 353
f 1505
a 1753 81936 64
f 206
a 1754 10048 256
a 1755 7728 16
f 119
f 1694
f 851
f 1506
a 1756 1456 64
f 1265
f 1495
a 1757 29088 256
f 661
f 1179
f 1046
a 1758 7616 256
f 773
f 2
a 1759 7504 16
f 830
a 1760 960 64
a 1761 28640 64
f 1127
a 1762 2832 16
f 635
a 1763 29072 256
f 442
a 1764 784 16
f 163
a 1765 43456 256
f 1192
f 382
f 492
a 1766 14032 256
f 1307
a 1767 43424 256
a 1768 800 64
a 1769 1344 16
f 1443
a 1770 912 16
f 134
f 1683
f 750
a 1771 3584 256
a 1772 71712 256
f 1686
f 927
a 1773 14608 16
a 1774 20224 256
a 1775 2960 256
f 929
f 312
f 1566
a 1776 43456 64
f 1130
f 7
a 1777 368 16
f 917
f 75
a 1778 416 256
f 397
a 1779 41552 64
a 1780 23952 16
a 1781 51360 16
f 753
a 1782 25216 256
a 1783 1072 16
f 1498
a 1784 1216 256
f 742
a 1785 58416 64
f 656
a 1786 2400 64
a 1787 6288 256
a 1788 9600 64
a 1789 1376 256
f 1585
f 636
f 1762
a 1790 2304 16
f 1533
a 1791 304 64
f 924
a 1792 6672 256
a 1793 7200 256
a 1794 11792 16
f 310
a 1795 37680 16
f 1144
f 1048
a 1796 496 64
f 1004
a 1797 4656 64
a 1798 4192 64
f 408
f 541
f 1395
a 1799 108496 64
a 1800 48672 16
f 1600
a 1801 352 16
f 959
f 1078
f 589
f 401
a 1802 78064 16
f 1277
a 1803 928 256
f 847
a 1804 64624 16
f 543
f 939
a 1805 7872 16
f 645
f 1502
a 1806 27648 256
a 1807 832 64
a 1808 99792 256
f 643
a 1809 3728 16
f 1224
f 379
f 479
a 1810 816 16
f 1659
f 1625
f 187
a 1811 8272 64
f 1588
f 1036
a 1812 320 16
a 1813 752 256
f 126
a 1814 7632 64
a 1815 640 64
f 16
f 1413
f 178
a 1816 7680 16
f 1131
a 1817 4896 16
a 1818 43664 64
f 1132
f 662
a 1819 400 64
f 911
f 1652
a 1820 11376 256
f 745
f 300
a 1821 4736 16
a 1822 368 256
a 1823 31536 16
f 1328
a 1824 928 256
f 1604
f 1313
a 1825 336 16
a 1826 8000 256
a 1827 4032 256
a 1828 1168 16
f 1364
a 1829 2576 16
f 796
f 1142
f 350
a 1830 30592 16
a 1831 91184 16
a 1832 1184 64
f 386
a 1833 432 64
a 1834 512 256
f 525
f 139
f 1466
f 706
a 1835 72256 64
a 1836 56704 256
a 1837 3504 64
a 1838 368 256
f 365
a 1839 2880 16
f 1416
f 1677
a 1840 368 64
f 559
f 647
a 1841 2000 16
f 299
f 1321
a 1842 480 16
a 1843 71104 64
f 944
f 245
a 1844 24688 256
f 12
f 95
f 1029
a 1845 1008 16
a 1846 56944 64
f 579
f 627
a 1847 1680 16
a 1848 288 64
a 1849 15744 256
f 894
f 74
a 1850 480 64
a 1851 9664 16
a 1852 15792 64
f 443
a 1853 2496 256
f 1593
f 1827
f 1642
f 1107
a 1854 656 256
a 1855 71888 16
f 1034
f 1784
f 1123
a 1856 1728 16
a 1857 6944 64
f 986
f 1560
f 1824
a 1858 464 16
f 65
f 90
a 1859 5952 64
f 1712
f 663
a 1860 83648 64
a 1861 2720 16
a 1862 832 16
a 1863 45344 16
a 1864 73104 64
f 625
f 1528
f 825
a 1865 416 256
a 1866 8608 64
a 1867 46400 64
f 608
f 1745
a 1868 35952 64
f 1699
f 667
a 1869 2336 256
a 1870 2720 256
a 1871 752 64
f 985
f 21
f 277
a 1872 3680 64
f 1778
a 1873 64848 64
f 1529
a 1874 336 256
a 1875 2960 256
f 28
a 1876 368 256
f 1809
f 137
f 1125
f 1361
a 1877 28112 256
f 1790
f 639
a 1878 8128 256
a 1879 704 64
f 1791
a 1880 7008 64
f 563
f 1611
f 557
a 1881 416 16
a 1882 384 16
a 1883 55248 16
a 1884 752 16
f 1412
f 725
a 1885 43872 16
f 949
a 1886 1296 16
f 759
f 1402
f 1422
a 1887 4480 256
f 1392
a 1888 1248 16
f 1211
f 1108
a 1889 336 64
a 1890 912 64
f 1622
f 1050
a 1891 37552 256
f 1849
f 1168
f 1631
f 1159
f 149
a 1892 42432 16
f 1754
f 760
f 447
f 1242
f 1166
f 549
a 1893 752 256
f 626
f 1270
f 364
a 1894 768 256
f 328
a 1895 4688 16
a 1896 400 64
a 1897 896 256
a 1898 13088 64
a 1899 1456 256
f 1315
a 1900 2512 16
a 1901 384 256
f 1503
f 1728
f 823
f 1818
f 1612
a 1902 272 16
f 1370
a 1903 20560 256
f 1617
a 1904 12320 16
a 1905 2496 64
a 1906 1104 16
f 1282
a 1907 640 256
a 1908 8368 16
a 1909 624 16
a 1910 6304 64
a 1911 496 64
a 1912 2176 16
a 1913 4240 16
a 1914 2784 256
f 1760
a 1915 27360 256
a 1916 41024 16
f 913
f 315
a 1917 86464 256
a 1918 14880 16
a 1919 1040 16
a 1920 512 256
a 1921 19280 16
f 421
f 449
a 1922 7600 16
f 1714
f 258
a 1923 74928 256
f 1454
f 621
f 1087
a 1924 288 256
a 1925 5184 16
a 1926 5152 64
f 592
f 896
a 1927 1200 256
f 1465
f 1378
f 756
f 489
f 1481
a 1928 71712 16
a 1929 1392 16
f 14
f 1663
a 1930 99616 256
a 1931 64128 256
a 1932 21120 64
f 666
f 637
a 1933 82512 64
a 1934 24672 256
a 1935 39872 16
a 1936 118000 16
f 1318
a 1937 384 64
a 1938 2640 256
a 1939 560 256
a 1940 8048 64
f 412
a 1941 1120 256
f 1573
f 61
f 1122
a 1942 1792 64
a 1943 1664 64
a 1944 688 64
a 1945 1808 16
a 1946 336 16
f 1871
a 1947 416 64
f 1865
a 1948 7312 16
a 1949 416 16
a 1950 14864 16
a 1951 3920 16
f 903
a 1952 36720 16
f 1904
a 1953 100272 256
f 1051
f 1070
f 1926
a 1954 17072 64
a 1955 54304 16
a 1956 10608 64
f 1478
a 1957 113312 256
f 1860
f 287
a 1958 5360 64
f 888
a 1959 480 16
f 539
a 1960 608 256
a 1961 17504 64
f 1252
a 1962 49936 64
f 1524
f 1096
f 1040
f 545
a 1963 768 64
a 1964 2704 64
f 1954
f 1723
f 1102
f 1499
f 231
a 1965 528 16
a 1966 127936 256
f 1256
a 1967 7504 16
f 1586
f 392
f 574
f 197
f 514
a 1968 1632 64
a 1969 5088 64
a 1970 688 16
a 1971 288 256
f 1013
a 1972 5568 64
f 1890
f 1015
f 1751
f 868
f 752
f 691
f 427
a 1973 8496 64
a 1974 47344 16
a 1975 3280 256
f 292
f 1706
a 1976 320 256
f 230
f 743
f 384
f 434
f 1839
a 1977 272 64
a 1978 125328 16
f 1234
f 1774
a 1979 400 256
f 216
a 1980 2800 64
a 1981 10320 64
f 516
a 1982 432 64
a 1983 58352 16
f 713
a 1984 7184 16
f 321
a 1985 272 16
f 229
a 1986 40640 64
f 838
f 1643
f 542
a 1987 10832 64
a 1988 104448 64
f 1702
f 1802
a 1989 5008 64
a 1990 24832 64
f 828
a 1991 1184 64
f 1479
f 900
a 1992 104592 16
f 932
a 1993 70368 64
f 11
f 942
f 388
f 616
a 1994 28576 16
f 205
f 23
a 1995 1392 64
a 1996 65616 256
f 749
a 1997 70224 256
a 1998 1920 16
f 641
a 1999 52848 64
a 2000 448 64
a 2001 11200 64
f 966
a 2002 336 64
a 2003 896 256
f 381
a 2004 13632 64
a 2005 320 256
f 1038
f 1556
f 715
a 2006 1424 64
f 1619
f 1950
a 2007 1056 64
f 1376
f 544
a 2008 528 16
a 2009 27472 64
a 2010 848 256
f 2004
f 1688
f 1330
f 1517
f 506
f 984
f 1878
a 2011 99472 64
a 2012 752 64
a 2013 1920 64
a 2014 91488 16
f 617
f 717
f 1783
a 2015 800 256
a 2016 16480 256
f 48
f 422
a 2017 400 16
f 805
f 1236
f 768
f 1735
f 488
a 2018 22080 256
f 1545
a 2019 17488 64
f 1276
f 1023
f 1967
a 2020 51632 64
a 2021 1264 64
f 1457
f 89
a 2022 79392 256
a 2023 110944 256
a 2024 1072 64
a 2025 592 256
a 2026 43904 256
a 2027 5408 16
a 2028 496 16
a 2029 9248 16
f 436
f 128
a 2030 6256 16
a 2031 1184 16
a 2032 1360 64
a 2033 16752 16
a 2034 976 256
f 1232
f 696
f 145
f 1027
a 2035 352 64
f 714
a 2036 32400 256
a 2037 26016 16
a 2038 28368 64
a 2039 2288 256
a 2040 2128 64
f 497
a 2041 976 256
a 2042 1664 64
f 1976
f 1779
f 1363
a 2043 336 16
a 2044 8752 16
f 132
f 968
f 871
a 2045 7376 256
f 1418
a 2046 4736 256
a 2047 90432 256
a 2048 1120 64
f 650
a 2049 1680 256
f 1912
a 2050 7584 256
a 2051 70688 64
f 1246
f 1895
a 2052 22784 256
a 2053 6080 256
a 2054 672 16
a 2055 640 16
a 2056 12928 16
f 1194
a 2057 5248 16
a 2058 5088 256
f 1789
a 2059 352 256
f 157
f 1193
f 2037
a 2060 14416 64
a 2061 512 64
a 2062 1136 16
a 2063 1904 64
f 78
f 345
a 2064 8640 256
a 2065 29808 64
f 2006
a 2066 6576 16
f 689
a 2067 1504 256
a 2068 13280 64
a 2069 47264 256
a 2070 6192 16
a 2071 352 64
f 1896
a 2072 119232 256
a 2073 752 64
a 2074 2448 64
a 2075 736 16
f 80
a 2076 84480 16
a 2077 864 16
f 1587
a 2078 512 16
a 2079 5520 64
a 2080 1872 16
f 540
a 2081 8128 256
f 856
a 2082 87696 64
f 373
a 2083 28304 64
f 814
f 998
a 2084 26784 64
f 495
f 1263
f 1212
f 1347
f 1519
a 2085 7600 256
f 1987
f 1369
a 2086 11696 256
a 2087 2576 64
a 2088 1136 64
a 2089 6528 256
f 638
f 1693
a 2090 73280 256
f 1800
a 2091 22944 256
a 2092 20816 16
f 481
f 15
f 807
a 2093 3168 16
a 2094 37664 64
a 2095 67696 16
a 2096 4368 256
a 2097 40928 16
a 2098 36816 16
f 1993
a 2099 27984 64
f 1974
a 2100 1408 16
f 1222
a 2101 1616 16
a 2102 576 64
a 2103 864 16
a 2104 68224 64
a 2105 3808 64
f 2100
f 227
f 1689
f 815
a 2106 5584 256
f 931
f 2030
a 2107 432 256
f 1995
f 1850
f 2058
a 2108 99232 16
f 1025
f 1579
a 2109 19632 64
a 2110 78944 64
f 1805
a 2111 31872 16
f 1966
a 2112 8112 64
a 2113 117008 256
a 2114 432 16
f 339
a 2115 400 16
a 2116 104544 256
a 2117 352 256
f 1267
a 2118 14016 64
a 2119 15824 16
f 2035
a 2120 2016 256
f 1468
f 1032
f 1098
a 2121 672 256
a 2122 15984 256
f 1861
f 1451
f 142
a 2123 14496 16
f 1877
a 2124 400 16
f 767
a 2125 368 16
f 2114
a 2126 1504 64
a 2127 15856 16
f 1641
a 2128 15808 256
f 1958
f 763
a 2129 124288 256
a 2130 12208 16
f 1637
f 1352
f 24
a 2131 896 16
a 2132 17440 16
a 2133 3872 256
a 2134 19728 256
f 1863
f 582
a 2135 6064 64
f 2008
f 980
f 1591
a 2136 2256 64
a 2137 608 256
f 886
a 2138 864 256
a 2139 1072 256
a 2140 528 16
a 2141 26912 64
a 2142 432 16
a 2143 7280 256
a 2144 1616 16
f 1776
a 2145 768 16
f 547
f 2067
f 1525
a 2146 864 64
a 2147 400 64
a 2148 3936 256
a 2149 29696 16
a 2150 6176 64
a 2151 1168 256
f 484
f 76
f 803
a 2152 80752 64
a 2153 39248 256
a 2154 3328 256
a 2155 62400 64
f 1487
f 729
a 2156 8112 256
a 2157 656 16
f 1257
f 483
a 2158 77936 64
f 1548
f 2085
f 2097
a 2159 4080 16
a 2160 400 64
f 18
f 1461
a 2161 2432 256
a 2162 2016 256
a 2163 416 64
f 1962
a 2164 720 16
f 362
a 2165 8080 64
f 587
a 2166 336 256
a 2167 9872 16
a 2168 119008 16
f 660
f 1808
f 630
f 326
a 2169 1792 16
a 2170 15456 256
f 86
a 2171 106768 16
a 2172 1520 256
a 2173 2432 16
a 2174 9936 16
a 2175 3488 256
a 2176 12576 64
a 2177 976 64
f 794
f 2134
a 2178 9392 16
f 1464
a 2179 848 16
a 2180 28352 64
f 1450
a 2181 51120 256
f 2170
a 2182 2608 256
a 2183 672 256
f 38
a 2184 50896 64
f 1146
a 2185 752 256
a 2186 50720 256
f 633
f 519
f 1391
f 1156
f 102
f 1485
f 912
a 2187 73872 256
a 2188 55888 64
f 1782
a 2189 416 64
a 2190 1840 16
f 161
f 967
a 2191 704 64
f 1640
a 2192 8208 16
f 1654
a 2193 33504 16
f 466
f 1035
a 2194 960 64
f 1602
f 591
a 2195 6224 256
f 1660
a 2196 31312 256
f 2194
f 217
a 2197 5824 64
a 2198 528 256
f 1230
a 2199 3696 64
f 1398
a 2200 56048 256
f 1872
a 2201 13616 64
a 2202 6736 64
f 524
a 2203 4464 64
a 2204 368 256
f 1382
a 2205 5136 256
a 2206 1856 256
a 2207 13328 16
a 2208 784 256
f 561
f 1810
f 615
f 448
a 2209 46912 64
f 1514
f 854
a 2210 51264 64
f 1948
f 2138
a 2211 7728 256
f 612
f 395
a 2212 65248 16
a 2213 1328 16
a 2214 2000 256
f 2045
f 1460
f 1455
f 2127
a 2215 5088 64
a 2216 1200 64
a 2217 29728 16
a 2218 11696 16
f 1002
f 313
a 2219 1600 64
f 1558
f 510
a 2220 15648 16
f 1803
a 2221 5568 256
f 1220
f 2024
f 1868
f 848
f 2086
f 940
a 2222 34320 16
a 2223 384 16
a 2224 13504 256
a 2225 736 256
a 2226 1152 256
f 1272
f 1292
f 852
f 1190
a 2227 127280 64
a 2228 2752 64
a 2229 448 256
a 2230 1712 64
a 2231 464 16
a 2232 5696 256
a 2233 464 256
f 774
a 2234 82928 256
f 120
a 2235 9744 256
a 2236 352 64
a 2237 432 64
f 1851
f 2043
f 798
a 2238 1568 64
f 220
f 2060
f 2151
a 2239 544 256
f 1219
f 503
a 2240 21808 64
f 338
f 551
f 2153
a 2241 6224 16
a 2242 75040 256
a 2243 83168 16
a 2244 108416 64
f 237
a 2245 102704 256
f 180
a 2246 88688 16
a 2247 5552 256
a 2248 6992 64
f 2094
f 1632
f 2021
f 1204
a 2249 32672 64
a 2250 46048 64
f 567
a 2251 127456 256
a 2252 2144 16
a 2253 106096 16
a 2254 624 16
a 2255 1296 256
f 440
f 1664
a 2256 464 256
a 2257 3872 16
f 909
a 2258 63696 16
f 1157
f 1920
a 2259 992 16
a 2260 1824 16
f 1419
f 1965
f 263
f 125
f 248
a 2261 1632 64
f 1054
f 1565
a 2262 7728 64
f 2219
f 584
f 1300
f 1616
f 1670
a 2263 10400 64
a 2264 32608 16
f 39
f 1338
a 2265 59440 256
f 1853
a 2266 77632 64
f 517
f 1785
a 2267 38016 64
f 1210
a 2268 1856 16
a 2269 4624 64
a 2270 12096 64
f 1698
a 2271 13216 64
a 2272 464 256
a 2273 1152 256
a 2274 2640 256
f 1424
f 1618
a 2275 8784 64
f 51
a 2276 83904 16
f 2028
a 2277 432 16
a 2278 34224 16
a 2279 53888 64
f 1336
a 2280 1120 16
a 2281 28864 16
f 1155
f 2189
f 1678
f 1841
a 2282 83104 256
f 1743
a 2283 85024 16
f 214
a 2284 13648 64
f 1891
a 2285 2848 256
a 2286 6688 256
a 2287 2976 16
f 239
f 164
f 1396
a 2288 94528 64
a 2289 37728 64
f 2047
a 2290 13360 16
f 538
f 2036
f 1605
a 2291 94288 16
a 2292 1792 256
a 2293 57248 256
a 2294 320 256
a 2295 9104 64
f 375
f 1264
a 2296 560 16
a 2297 864 256
f 2230
a 2298 7616 256
f 2272
a 2299 92512 64
f 1459
a 2300 5520 16
f 657
a 2301 3168 256
a 2302 64288 16
a 2303 1712 16
a 2304 6048 256
f 677
f 1879
f 115
f 1736
f 870
a 2305 10128 16
f 304
a 2306 2896 16
a 2307 1168 256
f 1918
a 2308 912 16
f 1679
a 2309 114048 16
a 2310 24832 256
a 2311 102400 16
a 2312 592 64
a 2313 11360 16
f 1821
a 2314 2432 256
f 827
a 2315 3232 256
f 1607
a 2316 2528 256
f 1423
f 85
f 155
a 2317 2624 64
a 2318 480 256
f 2126
f 47
a 2319 1040 16
f 1599
a 2320 63344 64
f 22
a 2321 4880 16
f 252
f 609
f 1259
a 2322 68992 16
f 1881
f 2106
f 1173
f 1946
a 2323 832 64
a 2324 448 16
f 1990
a 2325 21696 64
f 1862
a 2326 400 256
f 710
a 2327 992 16
a 2328 816 256
f 2031
f 2019
a 2329 272 256
f 2108
f 634
f 66
f 2022
f 1580
a 2330 64320 16
f 1083
f 1964
a 2331 1744 64
a 2332 12032 256
f 330
f 889
a 2333 1744 256
f 378
a 2334 47744 64
a 2335 688 256
f 471
f 739
f 211
a 2336 1424 16
a 2337 11504 16
a 2338 2384 16
a 2339 64016 64
a 2340 121952 64
a 2341 60640 256
f 935
f 655
f 2032
f 2292
a 2342 3424 256
f 1115
a 2343 16832 256
f 1544
f 2125
a 2344 288 256
a 2345 336 64
a 2346 39920 64
a 2347 55728 16
a 2348 22480 16
f 1
a 2349 3376 256
f 1536
f 2115
f 1817
f 469
f 1047
a 2350 110320 16
a 2351 42640 256
f 468
a 2352 14384 16
f 2326
a 2353 544 256
f 1748
f 1608
a 2354 336 16
f 801
a 2355 7776 64
a 2356 125952 16
a 2357 14304 16
a 2358 304 64
a 2359 51360 256
f 438
f 2128
a 2360 336 256
f 2218
a 2361 496 64
a 2362 39168 64
a 2363 4384 16
a 2364 864 256
a 2365 624 64
f 1940
a 2366 5616 256
a 2367 34096 64
a 2368 3696 16
a 2369 544 16
f 2063
a 2370 22976 256
f 1831
f 2046
f 1306
a 2371 656 256
f 1245
f 2062
f 417
a 2372 496 256
a 2373 3248 64
f 2104
f 271
f 877
a 2374 12624 16
a 2375 320 64
f 1020
a 2376 1936 16
f 29
f 962
a 2377 37760 64
a 2378 416 16
a 2379 1600 16
f 243
a 2380 1328 256
f 837
a 2381 432 256
f 343
f 253
f 914
f 1756
a 2382 960 256
a 2383 56864 16
a 2384 8912 16
a 2385 1648 256
f 62
a 2386 2768 256
f 808
f 1949
a 2387 2304 256
a 2388 672 256
f 1055
f 698
a 2389 12912 256
a 2390 59152 256
f 389
a 2391 2800 256
f 651
a 2392 768 16
a 2393 16272 16
f 553
a 2394 1968 16
a 2395 3216 256
f 334
a 2396 384 16
f 1001
a 2397 5120 16
f 1335
f 951
a 2398 31872 256
f 10
f 577
a 2399 51408 256
f 1823
f 1151
f 2310
a 2400 65456 256
a 2401 53504 16
a 2402 7728 64
f 718
a 2403 336 256
a 2404 14064 16
a 2405 6048 256
a 2406 976 64
f 1753
f 1284
f 2331
f 399
a 2407 368 16
a 2408 3136 256
f 531
a 2409 116432 16
f 976
a 2410 9952 256
a 2411 640 16
a 2412 66976 256
f 2076
a 2413 80352 256
f 215
a 2414 11376 256
a 2415 784 64
f 1243
f 1302
a 2416 11072 256
f 2337
f 1898
a 2417 320 64
f 49
f 1511
f 2406
f 2217
f 1379
a 2418 1392 256
f 1848
a 2419 12464 256
a 2420 3328 16
a 2421 90640 16
a 2422 784 64
a 2423 624 64
a 2424 66096 16
a 2425 1216 64
f 2131
a 2426 1728 64
f 841
f 1651
f 1691
f 1986
f 1507
a 2427 1920 64
f 2266
a 2428 18304 64
f 1301
f 37
a 2429 92320 256
f 1439
f 46
f 366
f 1978
a 2430 23136 16
a 2431 512 16
f 1575
a 2432 2224 64
a 2433 3408 64
a 2434 1728 256
a 2435 58272 16
f 1819
f 1951
a 2436 59312 16
f 276
a 2437 3168 16
f 1930
a 2438 13440 16
f 1989
f 1103
f 131
f 2289
a 2439 14432 256
a 2440 8880 256
f 1998
f 1542
a 2441 36384 64
a 2442 400 16
a 2443 1008 256
a 2444 4384 64
f 1610
f 1925
f 1988
a 2445 39856 64
a 2446 9408 16
a 2447 51120 64
f 409
f 890
a 2448 5504 16
a 2449 5104 64
f 925
f 938
a 2450 63888 256
f 1627
a 2451 672 64
a 2452 1008 16
f 232
f 179
f 1855
a 2453 832 256
f 624
f 240
f 210
f 437
f 2445
a 2454 54688 256
f 680
f 2136
a 2455 8048 16
f 1120
a 2456 480 256
f 208
f 2283
a 2457 11888 64
f 1578
f 1980
f 2398
f 2407
f 2143
f 162
f 518
a 2458 3840 16
f 1188
a 2459 30160 64
a 2460 14944 16
a 2461 35136 16
f 360
f 2293
f 1491
a 2462 384 16
a 2463 960 64
a 2464 2704 16
f 2433
a 2465 576 256
f 2175
a 2466 6608 256
f 1344
f 618
a 2467 4160 64
a 2468 83552 16
a 2469 63248 16
a 2470 88672 64
a 2471 39552 16
f 407
f 737
a 2472 2688 256
a 2473 7392 256
a 2474 3552 256
f 2165
f 533
a 2475 7952 64
a 2476 53408 16
f 1835
a 2477 110048 256
f 2188
a 2478 3776 64
f 1939
a 2479 1760 256
f 1362
a 2480 30704 256
a 2481 12656 256
f 332
a 2482 3264 256
a 2483 3104 64
a 2484 12800 64
f 562
f 882
a 2485 656 64
f 1981
a 2486 384 256
a 2487 11168 64
a 2488 288 256
f 2279
a 2489 2240 64
a 2490 448 64
a 2491 11632 64
a 2492 7360 64
a 2493 24528 64
f 1449
f 1414
f 623
f 1695
f 1401
f 122
f 530
f 1016
a 2494 3184 256
f 1283
a 2495 544 16
f 1530
a 2496 3072 256
a 2497 20912 16
a 2498 1872 256
a 2499 1968 16
f 2073
f 2299
f 1991
f 2402
a 2500 4944 16
a 2501 52960 64
a 2502 13840 256
f 1794
a 2503 99472 64
f 2270
a 2504 6592 16
a 2505 82736 64
a 2506 14272 64
a 2507 1376 16
c level-1-churned
f 2496
f 394
f 2334
f 91
f 930
f 1603
f 2003
f 487
f 2425
f 869
f 2228
f 273
f 1900
f 1956
f 40
f 1490
f 1932
f 1672
f 1134
f 1349
f 1814
f 2233
f 1738
f 107
f 1063
f 1775
f 1271
f 728
f 333
f 281
f 2463
f 1555
f 2443
f 1826
f 1005
f 2202
f 1787
f 1121
f 755
f 622
f 711
f 1518
f 1597
f 1477
f 1759
f 2154
f 2186
f 2367
f 552
f 593
f 505
f 1936
f 100
f 1717
f 2472
f 1240
f 1731
f 272
f 2244
f 2243
f 2259
f 426
f 1569
f 1984
f 170
f 2155
f 665
f 1031
f 2335
f 2428
f 1161
f 2389
f 2268
f 1019
f 548
f 172
f 996
f 189
f 20
f 1955
f 2133
f 1311
f 1268
f 1343
f 1241
f 1350
f 1082
f 2413
f 2132
f 284
f 1435
f 2318
f 2142
f 1136
f 33
f 899
f 2497
f 892
f 238
f 1253
f 826
f 513
f 1793
f 1520
f 1209
f 2182
f 1838
f 722
f 70
f 485
f 2356
f 1921
f 2353
f 2504
f 2164
f 2319
f 2441
f 921
f 1403
f 512
f 1039
f 290
f 1138
f 73
f 1400
f 32
f 1368
f 1095
f 1583
f 260
f 403
f 2340
f 1182
f 751
f 2206
f 613
f 1806
f 840
f 1786
f 1742
f 1371
f 1905
f 108
f 2452
f 1228
f 1897
f 2344
f 219
f 1732
f 979
f 1143
f 486
f 1356
f 1199
f 473
f 2260
f 2505
f 1059
f 1024
f 693
f 1526
f 158
f 2124
f 1842
f 1237
f 97
f 2371
f 496
f 2221
f 775
f 1589
f 681
f 2066
f 60
f 701
f 96
f 2414
f 2121
f 1429
f 2287
f 2378
f 358
f 327
f 762
f 249
f 910
f 2020
f 1590
f 2025
f 1923
f 957
f 1969
f 391
f 1331
f 2197
f 862
f 1217
f 1922
f 2498
f 1752
f 1215
f 2002
f 152
f 1409
f 1452
f 971
f 63
f 1773
f 491
f 2240
f 580
f 87
f 588
f 576
f 2212
f 2208
f 1899
f 1780
f 2342
f 2185
f 1858
f 1572
f 1003
f 1867
f 1104
f 2093
f 2023
f 1248
f 1139
f 435
f 1864
f 1117
f 1795
f 1065
f 1000
f 2015
f 1405
f 904
f 2465
f 2039
f 1684
f 1474
f 2351
f 1574
f 819
f 2249
f 1749
f 936
f 2438
f 2396
f 1148
f 1834
f 915
f 2487
f 2179
f 687
f 2080
f 250
f 175
f 1788
f 2176
f 2395
f 269
f 493
f 285
f 761
f 1661
f 1636
f 2237
f 831
f 1982
f 2499
f 1333
f 1942
f 458
f 420
f 1961
f 2295
f 1734
f 1720
f 1639
f 1874
f 961
f 2225
f 726
f 1407
f 2144
f 472
f 1187
f 2315
f 1915
f 2494
f 2014
f 2427
f 1163
f 1807
f 1992
f 2394
f 2052
f 2172
f 2408
f 855
f 2460
f 1453
f 1357
f 664
f 1886
f 140
f 2232
f 1856
f 1053
f 907
f 2307
f 568
f 414
f 603
f 1769
f 2207
f 2357
f 374
f 1730
f 2193
f 1812
f 415
f 874
f 259
f 1888
f 2309
f 731
f 2416
f 1722
f 1041
f 770
f 2027
f 1543
f 2145
f 77
f 2075
f 2316
f 1553
f 2482
f 2347
f 522
f 2286
f 2480
f 2211
f 1375
f 2464
f 2238
f 411
f 2477
f 2029
f 605
f 2454
f 1043
f 1483
f 2502
f 380
f 2466
f 555
f 1448
f 2301
f 2157
f 356
f 2203
f 1829
f 546
f 2383
f 883
f 2167
f 1510
f 1262
f 2234
f 810
f 1674
f 2099
f 676
f 109
f 244
f 1062
f 2162
f 344
f 520
f 740
f 610
f 337
f 1009
f 363
f 1767
f 2308
f 2469
f 670
f 2074
f 2459
f 387
f 1713
f 2423
f 919
f 1324
f 1811
f 1075
f 2409
f 1133
f 1931
f 2111
f 1314
f 455
f 2223
f 1682
f 2470
f 1801
f 881
f 982
f 1595
f 242
f 1394
f 2312
f 135
f 1846
f 535
f 2257
f 963
f 1380
f 54
f 602
f 1109
f 1475
f 1634
f 2485
f 474
f 1017
f 1312
f 302
f 1534
f 2410
f 1183
f 1777
f 1254
f 2393
f 283
f 2191
f 1755
f 212
f 861
f 1323
f 969
f 1170
f 1128
f 1099
f 887
f 226
f 596
f 1869
f 2044
f 2296
f 445
f 2146
f 1471
f 1675
f 987
f 1758
f 2450
f 72
f 1813
f 1947
f 695
f 1042
f 340
f 1201
f 190
f 1153
f 1177
f 390
f 1552
f 843
f 331
f 1650
f 2400
f 1437
f 1374
f 193
f 1680
f 476
f 2213
f 709
f 1410
f 1908
f 34
f 1598
f 92
f 598
f 1383
f 56
f 628
f 1488
f 893
f 1355
f 199
f 43
f 2462
f 876
f 262
f 2079
f 960
f 2275
f 2440
f 359
f 836
f 1092
f 842
f 2049
f 1247
f 2484
f 81
f 735
f 1251
f 377
f 955
f 1750
f 1766
f 2033
f 1456
f 289
f 319
f 2068
f 2507
f 1937
f 1512
f 385
f 270
f 2370
f 2236
f 1645
f 444
f 1411
f 451
f 1492
f 879
f 1441
f 1953
f 920
f 1486
f 1305
f 2426
f 1621
f 2449
f 2064
f 1021
f 450
f 94
f 2282
f 2147
f 177
f 1326
f 597
f 793
f 1346
f 347
f 2418
f 1073
f 53
f 902
f 2386
f 1085
f 994
f 204
f 1907
f 1172
f 2320
f 1685
f 1129
f 2274
f 771
f 690
f 1509
f 1390
f 2420
f 1167
f 556
f 736
f 1929
f 1594
f 1873
f 2017
f 1725
f 1914
f 673
f 1692
f 2050
f 79
f 1973
f 2392
f 1463
f 2140
f 1875
f 2461
f 620
f 509
f 52
f 2069
f 117
f 2247
f 734
f 1285
f 2281
f 303
f 2161
f 2362
f 2360
f 1399
f 2190
f 322
f 972
f 428
f 463
f 2184
f 1614
f 475
f 2009
f 2435
f 1928
f 1500
f 1260
f 1320
f 1944
f 251
f 2303
f 1012
f 2457
f 1700
f 1909
f 1319
f 1815
f 757
f 629
f 780
f 703
f 323
f 110
f 1866
f 1360
f 2467
f 2168
f 1045
f 2278
f 1906
f 1559
f 1917
f 2336
f 2311
f 720
f 1711
f 558
f 2053
f 418
f 2419
f 2061
f 1442
f 36
f 2215
f 55
f 1747
f 1768
f 35
f 5
f 1638
f 1737
f 1110
f 727
f 565
f 264
f 2235
f 1135
f 1635
f 1273
f 2377
f 1008
f 1757
f 1106
f 1847
f 453
f 675
f 1426
f 1097
f 2181
f 2173
f 646
f 13
f 2388
f 2492
f 2158
f 2411
f 2431
f 1433
f 1804
f 2429
f 1381
f 2196
f 2001
f 203
f 2117
f 335
f 2501
f 460
f 182
f 918
f 1470
f 1279
f 1613
f 1764
f 2163
f 341
f 2294
f 1985
f 2251
f 1628
f 849
f 822
f 280
f 1549
f 1385
f 2065
f 1068
f 2005
f 964
f 697
f 1112
f 2209
f 9
f 952
f 2091
f 1997
f 1996
f 342
f 508
f 2399
f 1447
f 682
f 166
f 573
f 1327
f 1535
f 683
f 2503
f 1126
f 1550
f 1178
f 1927
f 294
f 1696
f 2444
f 2109
f 2239
f 1274
f 776
f 2012
f 2071
f 1715
f 1006
f 845
f 1568
f 2222
f 1666
f 213
f 2401
f 2373
f 1181
f 371
f 1049
f 2375
f 2332
f 351
f 958
f 1943
f 1077
f 908
f 1576
f 295
f 1310
f 1196
f 2256
f 2160
f 2110
f 2252
f 2277
f 2493
f 599
f 2430
f 286
f 2424
f 1547
f 1066
f 1101
f 1527
f 2323
f 1388
f 2180
f 2384
f 2354
f 2404
f 2359
f 813
f 2174
f 247
f 309
f 764
f 607
f 1462
f 416
f 1258
f 1945
f 1088
f 1255
f 812
f 143
f 521
f 1114
f 1837
f 308
f 1044
f 1721
f 1697
f 501
f 2387
f 1919
f 2150
f 1086
f 2255
f 2271
f 196
f 316
f 791
f 640
f 659
f 1278
f 901
f 1859
f 746
f 560
f 2130
f 1298
f 2226
f 1373
f 2042
f 2300
f 430
f 1816
f 423
f 2120
f 1741
f 104
f 532
f 478
f 1174
f 611
f 461
f 999
f 1289
f 314
f 864
f 2317
f 2417
f 916
f 19
f 477
f 1657
f 716
f 2380
f 50
f 758
f 1792
f 2135
f 2453
f 171
f 2195
f 1704
f 835
f 2280
f 2324
f 846
f 200
f 1406
f 2267
f 648
f 1467
f 2422
f 2253
f 1662
f 57
f 105
f 2455
f 2397
f 2495
f 730
f 502
f 1430
f 1765
f 1235
f 1830
f 127
f 575
f 2506
f 953
f 1309
f 234
f 2227
f 150
f 419
f 2264
f 2365
f 945
f 1116
f 2096
f 154
f 1726
f 2322
f 1208
f 2214
f 2350
f 255
f 1389
f 1884
f 1367
f 1541
f 352
f 1571
f 1476
f 279
f 2405
f 298
f 2325
f 2082
f 1160
f 2473
f 2381
f 1916
f 111
f 2284
f 1781
f 2246
f 1105
f 2276
f 256
f 1189
f 2436
f 1882
f 1472
f 569
f 1205
f 2391
f 2349
f 712
f 2446
f 1701
f 1913
f 183
f 1983
f 288
f 116
f 832
f 452
f 151
f 880
f 1007
f 859
f 1709
f 991
f 1348
f 669
f 2018
f 2372
f 2241
f 1229
f 1656
f 1372
f 2129
f 1141
f 2245
f 129
f 367
f 1299
f 98
f 990
f 865
f 1630
f 1504
f 782
f 806
f 948
f 1577
f 1935
f 2156
f 1421
f 1118
f 570
f 1198
f 668
f 2122
f 2034
f 2258
f 1799
f 1214
f 2329
f 1440
f 1828
f 2343
f 2447
f 789
f 590
f 2088
f 2183
f 733
f 631
f 1901
f 839
f 1186
f 1739
f 2390
f 482
f 1836
f 1052
f 1366
f 93
f 1615
f 1567
f 138
f 2305
f 1669
f 2105
f 820
f 741
f 45
f 684
f 2488
f 1446
f 2346
f 1845
f 2123
f 235
f 511
f 1658
f 2330
f 336
f 1484
f 1060
f 858
f 1903
f 1609
f 1334
f 2475
f 2442
f 781
f 69
f 457
f 872
f 2092
f 2137
f 1287
f 1646
f 1972
f 614
c level-1-unloaded
a 2508 25008 16
a 2509 464 64
a 2510 1632 256
a 2511 3392 16
a 2512 1584 256
a 2513 28112 256
a 2514 6128 64
a 2515 1856 64
a 2516 18192 16
a 2517 84816 64
a 2518 1536 64
a 2519 3792 16
a 2520 124752 64
a 2521 1840 256
a 2522 5952 256
a 2523 10480 16
a 2524 82304 16
a 2525 55632 16
a 2526 4800 16
a 2527 6944 64
a 2528 1120 16
a 2529 3712 256
a 2530 76400 256
a 2531 528 256
a 2532 24928 256
a 2533 768 64
a 2534 688 16
a 2535 7424 16
a 2536 1856 64
a 2537 74704 64
a 2538 1696 256
a 2539 24896 64
a 2540 12336 16
a 2541 448 16
a 2542 448 256
a 2543 4592 64
a 2544 15152 256
a 2545 49024 256
a 2546 1184 64
a 2547 368 256
a 2548 1248 16
a 2549 720 256
a 2550 6736 256
a 2551 89808 256
a 2552 1600 64
a 2553 1008 256
a 2554 6768 64
a 2555 3504 256
a 2556 3152 256
a 2557 1968 16
a 2558 102144 16
a 2559 66816 16
a 2560 55776 16
a 2561 7696 64
a 2562 2848 256
a 2563 13200 16
a 2564 272 64
a 2565 3008 16
a 2566 1600 64
a 2567 640 256
a 2568 29648 64
a 2569 5456 16
a 2570 20208 16
a 2571 3024 16
a 2572 880 16
a 2573 31936 64
a 2574 13792 256
a 2575 464 256
a 2576 640 16
a 2577 640 64
a 2578 10512 64
a 2579 49824 64
a 2580 53824 256
a 2581 784 64
a 2582 97696 256
a 2583 4560 16
a 2584 6416 64
a 2585 4464 64
a 2586 3008 16
a 2587 7248 16
a 2588 27808 64
a 2589 3504 16
a 2590 6048 256
a 2591 13168 16
a 2592 104112 16
a 2593 960 16
a 2594 26960 64
a 2595 93232 256
a 2596 82864 64
a 2597 126640 256
a 2598 48656 256
a 2599 9056 16
a 2600 3072 16
a 2601 2496 16
a 2602 14016 16
a 2603 39712 16
a 2604 6304 16
a 2605 448 256
a 2606 57680 256
a 2607 672 16
a 2608 28480 256
a 2609 1824 256
a 2610 64032 16
a 2611 720 256
a 2612 2480 64
a 2613 2864 64
a 2614 11296 16
a 2615 18176 256
a 2616 3040 256
a 2617 16928 64
a 2618 13216 64
a 2619 26112 16
a 2620 18000 256
a 2621 79872 256
a 2622 3584 64
a 2623 1824 256
a 2624 3360 64
a 2625 5728 256
a 2626 91792 64
a 2627 7696 256
a 2628 79584 256
a 2629 17424 64
a 2630 1712 64
a 2631 944 64
a 2632 832 64
a 2633 42512 64
a 2634 6080 16
a 2635 15152 64
a 2636 3392 16
a 2637 1744 64
a 2638 62656 256
a 2639 58880 256
a 2640 25888 16
a 2641 736 64
a 2642 640 256
a 2643 6928 64
a 2644 17152 64
a 2645 976 64
a 2646 496 16
a 2647 31296 256
a 2648 1664 16
a 2649 127392 64
a 2650 44288 256
a 2651 3584 256
a 2652 3904 64
a 2653 288 256
a 2654 3696 64
a 2655 12320 64
a 2656 400 64
a 2657 64688 64
a 2658 3168 64
a 2659 9552 256
a 2660 21856 256
a 2661 19760 256
a 2662 11040 64
a 2663 5936 16
a 2664 1104 256
a 2665 1152 16
a 2666 1696 256
a 2667 70912 256
a 2668 5888 16
a 2669 416 256
a 2670 320 64
a 2671 5264 256
a 2672 2592 16
a 2673 105392 64
a 2674 320 64
a 2675 384 16
a 2676 88464 256
a 2677 1008 64
a 2678 7808 64
a 2679 21120 16
a 2680 7424 256
a 2681 448 64
a 2682 29648 256
a 2683 1472 256
a 2684 3680 16
a 2685 416 64
a 2686 960 256
a 2687 720 16
a 2688 59792 16
a 2689 592 256
a 2690 16112 16
a 2691 63296 64
a 2692 14896 256
a 2693 7504 256
a 2694 2192 64
a 2695 22544 64
a 2696 5072 16
a 2697 13104 16
a 2698 11456 64
a 2699 736 64
a 2700 18320 64
a 2701 720 256
a 2702 1792 256
a 2703 3328 256
a 2704 368 256
a 2705 704 64
a 2706 49312 64
a 2707 11968 16
a 2708 2848 256
a 2709 1776 64
a 2710 80480 16
a 2711 1776 64
a 2712 99920 256
a 2713 17392 256
a 2714 24512 64
a 2715 32192 256
a 2716 118224 16
a 2717 560 64
a 2718 5920 64
a 2719 1760 256
a 2720 65312 64
a 2721 5488 256
a 2722 11808 64
a 2723 4576 16
a 2724 25744 64
a 2725 2336 256
a 2726 480 16
a 2727 58368 64
a 2728 3856 16
a 2729 336 256
a 2730 3760 64
a 2731 8096 64
a 2732 79968 256
a 2733 14816 16
a 2734 9456 64
a 2735 3184 16
a 2736 4624 16
a 2737 944 16
a 2738 11856 64
a 2739 432 16
a 2740 7488 256
a 2741 55520 256
a 2742 9568 256
a 2743 336 64
a 2744 368 256
a 2745 3792 64
a 2746 51712 16
a 2747 4496 64
a 2748 624 16
a 2749 9088 64
a 2750 45008 64
a 2751 864 64
a 2752 992 64
a 2753 10336 64
a 2754 112336 16
a 2755 3456 256
a 2756 544 64
a 2757 1008 256
a 2758 960 16
a 2759 31456 64
a 2760 82672 64
a 2761 3712 64
a 2762 480 16
a 2763 3952 16
a 2764 432 256
a 2765 91264 256
a 2766 65328 16
a 2767 50192 64
a 2768 21632 256
a 2769 1536 16
a 2770 36176 16
a 2771 8928 64
a 2772 25152 64
a 2773 592 256
a 2774 24208 256
a 2775 3376 256
a 2776 2784 256
a 2777 800 64
a 2778 4032 16
a 2779 1808 256
a 2780 7392 256
a 2781 115056 16
a 2782 7392 256
a 2783 15008 16
a 2784 2192 64
a 2785 35408 64
a 2786 3488 16
a 2787 98784 64
a 2788 109920 16
a 2789 20688 64
a 2790 1840 16
a 2791 18736 16
a 2792 32304 16
a 2793 480 64
a 2794 20800 64
a 2795 128176 16
a 2796 7184 16
a 2797 4848 256
a 2798 108576 256
a 2799 8144 64
a 2800 13184 16
a 2801 1056 256
a 2802 26800 16
a 2803 1872 256
a 2804 496 256
a 2805 5840 16
a 2806 1248 16
a 2807 1968 64
a 2808 3696 256
a 2809 3968 256
a 2810 10240 16
a 2811 67200 64
a 2812 3472 16
a 2813 13616 64
a 2814 17136 256
a 2815 3872 16
a 2816 3184 64
a 2817 7840 16
a 2818 688 64
a 2819 21760 256
a 2820 8672 256
a 2821 73712 16
a 2822 14736 64
a 2823 432 256
a 2824 64304 64
a 2825 4016 256
a 2826 1760 256
a 2827 114016 256
a 2828 1856 16
a 2829 30160 64
a 2830 2480 16
a 2831 5408 16
a 2832 121152 256
a 2833 7952 256
a 2834 57392 16
a 2835 16096 16
a 2836 1264 16
a 2837 9568 16
a 2838 6816 256
a 2839 32784 16
a 2840 1968 256
a 2841 8272 64
a 2842 3456 256
a 2843 368 16
a 2844 560 256
a 2845 1472 16
a 2846 93632 64
a 2847 400 64
a 2848 7424 64
a 2849 14544 16
a 2850 2032 16
a 2851 7232 256
a 2852 336 64
a 2853 384 256
a 2854 3760 64
a 2855 320 16
a 2856 4288 64
a 2857 13952 16
a 2858 9408 256
a 2859 10208 16
a 2860 13872 16
a 2861 17712 64
a 2862 1840 16
a 2863 14576 16
a 2864 76896 64
a 2865 1744 64
a 2866 576 256
a 2867 69984 16
a 2868 6832 16
a 2869 800 16
a 2870 42720 64
a 2871 73856 16
a 2872 1232 256
a 2873 3104 16
a 2874 13712 16
a 2875 63760 64
a 2876 123664 256
a 2877 2352 16
a 2878 656 16
a 2879 272 16
a 2880 59280 16
a 2881 1920 64
a 2882 320 16
a 2883 24624 64
a 2884 14592 16
a 2885 12592 16
a 2886 25632 16
a 2887 816 256
a 2888 14912 256
a 2889 2832 64
a 2890 848 64
a 2891 352 256
a 2892 12864 256
a 2893 1776 16
a 2894 65072 256
a 2895 23216 16
a 2896 24784 256
a 2897 126224 16
a 2898 336 256
a 2899 4656 16
a 2900 71888 256
a 2901 368 256
a 2902 448 256
a 2903 2160 16
a 2904 1584 64
a 2905 20016 64
a 2906 336 16
a 2907 64288 16
a 2908 2768 64
a 2909 768 16
a 2910 320 64
a 2911 3920 64
a 2912 1344 64
a 2913 88400 16
a 2914 1344 256
a 2915 33792 256
a 2916 5568 256
a 2917 80160 64
a 2918 63568 64
a 2919 2704 64
a 2920 1328 64
a 2921 6704 256
a 2922 20784 256
a 2923 6336 64
a 2924 6992 256
a 2925 3328 64
a 2926 4640 16
a 2927 27168 16
a 2928 87312 16
a 2929 880 16
a 2930 560 256
a 2931 40624 256
a 2932 118608 64
a 2933 31040 64
a 2934 1408 256
a 2935 9152 16
a 2936 288 64
a 2937 592 64
a 2938 896 64
a 2939 11216 64
a 2940 384 256
a 2941 18784 16
a 2942 1584 16
a 2943 1168 16
a 2944 2896 64
a 2945 88896 16
a 2946 14560 256
a 2947 12832 64
a 2948 23328 256
a 2949 5920 64
a 2950 82720 16
a 2951 1712 64
a 2952 45840 256
a 2953 272 16
a 2954 800 16
a 2955 87104 256
a 2956 4784 256
a 2957 9328 64
a 2958 304 64
a 2959 131056 256
a 2960 123312 64
a 2961 19088 256
a 2962 928 16
a 2963 127696 256
a 2964 44000 16
a 2965 1776 64
a 2966 3744 256
a 2967 13920 16
a 2968 51296 64
a 2969 336 256
a 2970 1584 16
a 2971 28160 16
a 2972 8080 256
a 2973 64592 256
a 2974 90784 256
a 2975 22896 16
a 2976 20624 64
a 2977 1568 64
a 2978 880 16
a 2979 9392 64
a 2980 2864 64
a 2981 26624 64
a 2982 544 256
a 2983 4048 16
a 2984 109584 256
a 2985 1680 256
a 2986 512 256
a 2987 75264 16
a 2988 7408 16
a 2989 64496 256
a 2990 24944 64
a 2991 4080 16
a 2992 20080 64
a 2993 16032 64
a 2994 15584 64
a 2995 272 64
a 2996 30352 256
a 2997 63088 64
a 2998 9184 64
a 2999 11600 64
a 3000 880 256
a 3001 320 64
a 3002 17840 64
a 3003 336 16
a 3004 29664 64
a 3005 352 256
a 3006 2944 16
a 3007 43152 256
a 3008 400 64
a 3009 101136 16
a 3010 432 256
a 3011 1776 256
a 3012 2720 16
a 3013 704 16
a 3014 41488 64
a 3015 6320 16
a 3016 1136 64
a 3017 6512 256
a 3018 3136 64
a 3019 50576 256
a 3020 272 256
a 3021 2000 16
a 3022 288 64
a 3023 74144 256
a 3024 65184 16
a 3025 2832 256
a 3026 9600 64
a 3027 103824 256
a 3028 272 64
a 3029 26576 16
a 3030 36576 16
a 3031 31248 64
a 3032 51248 64
a 3033 2032 16
a 3034 25376 256
a 3035 53248 256
a 3036 5808 64
a 3037 432 256
a 3038 736 256
a 3039 1600 64
a 3040 1712 256
a 3041 592 64
a 3042 5648 64
a 3043 896 64
a 3044 2096 64
a 3045 18864 256
a 3046 1952 256
a 3047 5296 16
a 3048 46320 64
a 3049 6752 64
a 3050 88160 64
a 3051 40112 64
a 3052 15776 16
a 3053 45040 16
a 3054 79440 256
a 3055 944 256
a 3056 6912 64
a 3057 2976 16
a 3058 56320 256
a 3059 43056 256
a 3060 928 256
a 3061 102224 16
a 3062 35344 64
a 3063 352 256
a 3064 20704 64
a 3065 7728 256
a 3066 13456 64
a 3067 29792 256
a 3068 43440 256
a 3069 640 64
a 3070 608 16
a 3071 992 256
a 3072 3088 16
a 3073 54720 256
a 3074 976 16
a 3075 9392 16
a 3076 3040 16
a 3077 12304 16
a 3078 56480 16
a 3079 6128 64
a 3080 352 256
a 3081 848 256
a 3082 3024 256
a 3083 92416 64
a 3084 3344 16
a 3085 7616 64
a 3086 31824 64
a 3087 2576 16
a 3088 3424 64
a 3089 3040 64
a 3090 8112 16
a 3091 400 256
a 3092 1664 16
a 3093 47840 256
a 3094 416 256
a 3095 560 256
a 3096 3344 256
a 3097 30336 16
a 3098 1520 64
a 3099 6912 16
a 3100 116448 256
a 3101 31984 16
a 3102 512 256
a 3103 1520 16
a 3104 9792 256
a 3105 7584 256
a 3106 352 256
a 3107 6752 256
a 3108 4272 64
a 3109 12096 64
a 3110 83120 256
a 3111 432 256
a 3112 1008 256
a 3113 1072 16
a 3114 16208 64
a 3115 1136 256
a 3116 9040 64
a 3117 880 16
a 3118 304 256
a 3119 2992 256
a 3120 384 64
a 3121 9728 64
a 3122 17024 256
a 3123 28160 16
a 3124 106304 16
a 3125 6512 16
a 3126 2416 64
a 3127 1600 256
a 3128 560 256
a 3129 22928 64
a 3130 5440 256
a 3131 10464 64
a 3132 3296 64
a 3133 448 256
a 3134 29232 256
a 3135 127664 256
a 3136 26016 64
a 3137 44336 16
a 3138 7488 64
a 3139 320 256
a 3140 51552 256
a 3141 336 64
a 3142 5136 64
a 3143 5152 64
a 3144 288 16
a 3145 736 64
a 3146 976 16
a 3147 3152 16
a 3148 1776 64
a 3149 400 16
a 3150 3840 256
a 3151 41856 256
a 3152 304 256
a 3153 6752 16
a 3154 48560 64
a 3155 13520 256
a 3156 21808 256
a 3157 2048 256
a 3158 736 256
a 3159 65680 256
a 3160 20272 16
a 3161 624 64
a 3162 15296 256
a 3163 39424 64
a 3164 3760 16
a 3165 63216 256
a 3166 1520 64
a 3167 8656 256
a 3168 23008 16
a 3169 109136 16
a 3170 31456 256
a 3171 6720 64
a 3172 864 64
a 3173 9632 16
a 3174 1200 16
a 3175 14000 256
a 3176 384 64
a 3177 688 256
a 3178 101968 16
a 3179 20160 16
a 3180 944 16
a 3181 63424 16
a 3182 15632 16
a 3183 11776 256
a 3184 50560 256
a 3185 4432 16
a 3186 62384 16
a 3187 14848 64
a 3188 2864 16
a 3189 30224 16
a 3190 12960 64
a 3191 1856 256
a 3192 76048 64
a 3193 496 64
a 3194 79856 256
a 3195 39840 16
a 3196 130544 64
a 3197 528 64
a 3198 2928 64
a 3199 1808 256
a 3200 5024 64
a 3201 2368 256
a 3202 368 16
a 3203 23424 64
a 3204 115024 256
a 3205 20432 256
a 3206 1424 16
a 3207 15280 256
a 3208 2096 256
a 3209 7776 16
a 3210 13488 64
a 3211 11568 256
a 3212 24448 64
a 3213 624 256
a 3214 124944 64
a 3215 496 16
a 3216 3712 64
a 3217 17888 16
a 3218 896 64
a 3219 688 64
a 3220 2896 16
a 3221 79056 16
a 3222 39376 16
a 3223 51744 64
a 3224 3760 64
a 3225 464 16
a 3226 20096 16
a 3227 71776 256
a 3228 35520 256
a 3229 51472 256
a 3230 7536 64
a 3231 24352 256
a 3232 320 64
a 3233 58224 16
a 3234 512 64
a 3235 87552 16
a 3236 38144 256
a 3237 592 256
a 3238 3968 256
a 3239 16768 64
a 3240 49968 64
a 3241 28448 64
a 3242 13136 16
a 3243 1440 256
a 3244 5472 64
a 3245 29520 64
a 3246 2912 256
a 3247 6512 64
a 3248 51056 64
a 3249 26912 16
a 3250 928 256
a 3251 336 16
a 3252 60144 16
a 3253 3184 64
a 3254 56848 256
a 3255 512 64
a 3256 1648 256
a 3257 92448 256
a 3258 304 256
a 3259 7712 256
a 3260 336 256
a 3261 1664 64
a 3262 61600 64
a 3263 1104 16
a 3264 23792 256
a 3265 1344 64
a 3266 27072 64
a 3267 512 256
a 3268 832 64
a 3269 272 256
a 3270 272 256
a 3271 18368 64
a 3272 6448 64
a 3273 29568 256
a 3274 304 256
a 3275 1360 256
a 3276 3680 256
a 3277 1152 256
a 3278 2544 64
a 3279 288 16
a 3280 1728 256
a 3281 656 256
a 3282 2032 256
a 3283 5136 16
a 3284 1008 64
a 3285 896 16
a 3286 496 16
a 3287 1248 256
a 3288 9200 64
a 3289 1312 16
a 3290 2384 256
a 3291 3024 64
a 3292 2880 16
a 3293 1456 16
a 3294 368 64
a 3295 1312 16
a 3296 832 16
a 3297 15008 16
a 3298 960 16
a 3299 26544 16
a 3300 8192 16
a 3301 6928 64
a 3302 25584 64
a 3303 46816 64
a 3304 432 256
a 3305 432 256
a 3306 97328 64
a 3307 800 256
a 3308 480 64
a 3309 7744 256
a 3310 111760 64
a 3311 119536 16
a 3312 5680 64
a 3313 7696 256
a 3314 17152 256
a 3315 2528 64
a 3316 122752 64
a 3317 81104 16
a 3318 34240 256
a 3319 480 256
a 3320 720 256
a 3321 1920 16
a 3322 49056 16
a 3323 1216 64
a 3324 256 64
a 3325 4032 64
a 3326 720 16
a 3327 9312 16
a 3328 4960 256
a 3329 1728 16
a 3330 6304 16
a 3331 46736 16
a 3332 127904 256
a 3333 1600 64
a 3334 1840 16
a 3335 38848 16
a 3336 1488 16
a 3337 4080 64
a 3338 5136 16
a 3339 38912 64
a 3340 63888 16
a 3341 20064 256
a 3342 101920 16
a 3343 2768 256
a 3344 1152 16
a 3345 30576 16
a 3346 128928 256
a 3347 16288 16
a 3348 10320 256
a 3349 24736 16
a 3350 6768 16
a 3351 17520 64
a 3352 51152 16
a 3353 1712 256
a 3354 40464 16
a 3355 58064 16
a 3356 1200 16
a 3357 26656 16
a 3358 42512 64
a 3359 784 16
a 3360 39312 256
a 3361 106944 256
a 3362 7664 256
a 3363 45888 64
a 3364 10912 256
a 3365 2144 64
a 3366 84944 16
a 3367 2048 256
a 3368 3408 64
a 3369 54880 256
a 3370 15232 64
a 3371 640 64
a 3372 4000 64
a 3373 10800 256
a 3374 21856 16
a 3375 1616 16
a 3376 384 64
a 3377 101696 256
a 3378 42896 16
a 3379 1840 256
a 3380 1728 16
a 3381 4992 256
a 3382 18768 64
a 3383 272 16
a 3384 3040 256
a 3385 7488 64
a 3386 13456 256
a 3387 3184 64
a 3388 1744 64
a 3389 288 16
a 3390 6048 64
a 3391 480 16
a 3392 1152 16
a 3393 2160 256
a 3394 54080 64
a 3395 91008 64
a 3396 448 256
a 3397 624 16
a 3398 7344 64
a 3399 3648 16
a 3400 54464 64
a 3401 352 64
a 3402 1024 256
a 3403 116608 64
a 3404 72896 256
a 3405 2112 256
a 3406 496 256
a 3407 85808 256
a 3408 83536 64
a 3409 61328 256
a 3410 5776 64
a 3411 592 256
a 3412 2720 256
a 3413 880 16
a 3414 368 256
a 3415 8592 256
a 3416 22640 64
a 3417 8416 16
a 3418 7712 16
a 3419 9536 16
a 3420 71504 256
a 3421 6400 256
a 3422 560 256
a 3423 3088 16
a 3424 448 256
a 3425 21104 16
a 3426 2192 16
a 3427 53888 64
a 3428 26320 16
a 3429 944 64
a 3430 27936 256
a 3431 25200 16
a 3432 1856 64
a 3433 60928 16
a 3434 880 16
a 3435 72960 64
a 3436 8112 256
a 3437 71328 64
a 3438 13984 256
a 3439 30592 16
a 3440 704 64
a 3441 103200 64
a 3442 560 16
a 3443 976 256
a 3444 448 64
a 3445 15024 64
a 3446 120912 256
a 3447 7280 256
a 3448 29856 16
a 3449 2304 16
a 3450 69408 64
a 3451 51136 256
a 3452 1552 16
a 3453 23392 16
a 3454 20976 64
a 3455 46624 16
a 3456 31872 16
a 3457 1984 256
a 3458 784 256
a 3459 14256 16
a 3460 23488 64
a 3461 6480 256
a 3462 8752 64
a 3463 12704 16
a 3464 78560 16
a 3465 288 16
a 3466 80304 256
a 3467 3824 16
a 3468 1888 64
a 3469 82096 256
a 3470 832 256
a 3471 1104 256
a 3472 5472 256
a 3473 92912 64
a 3474 20048 64
a 3475 47504 64
a 3476 416 256
a 3477 576 64
a 3478 38416 256
a 3479 23696 16
a 3480 53296 256
a 3481 1680 16
a 3482 120208 256
a 3483 608 64
a 3484 74912 256
a 3485 87136 64
a 3486 116240 64
a 3487 1456 16
a 3488 22304 256
a 3489 3824 64
a 3490 7696 256
a 3491 14864 256
a 3492 464 16
a 3493 3552 16
a 3494 6064 256
a 3495 10128 64
a 3496 1088 256
a 3497 3600 16
a 3498 11024 64
a 3499 1856 16
a 3500 3264 64
a 3501 7040 64
a 3502 24320 16
a 3503 34096 256
a 3504 28752 256
a 3505 3792 64
a 3506 304 64
a 3507 1808 64
a 3508 2480 256
a 3509 528 64
a 3510 1520 256
a 3511 352 256
a 3512 400 16
a 3513 40784 16
a 3514 2000 256
a 3515 7040 256
a 3516 75264 16
a 3517 121760 64
a 3518 896 16
a 3519 128288 64
a 3520 3072 64
a 3521 41632 64
a 3522 47120 16
a 3523 544 16
a 3524 46864 16
a 3525 107280 16
a 3526 736 64
a 3527 59696 16
a 3528 800 16
a 3529 2048 256
a 3530 1280 256
a 3531 12560 64
a 3532 4432 16
a 3533 368 16
a 3534 55200 256
a 3535 61760 16
a 3536 9552 256
a 3537 960 256
a 3538 928 256
a 3539 2688 256
a 3540 432 64
a 3541 12272 256
a 3542 1232 64
a 3543 6720 64
a 3544 2576 256
a 3545 2624 64
a 3546 9104 16
a 3547 110064 64
a 3548 7600 16
a 3549 55504 64
a 3550 24224 16
a 3551 2800 64
a 3552 77312 16
a 3553 111168 64
a 3554 21488 256
a 3555 448 64
a 3556 592 64
a 3557 89648 256
a 3558 944 256
a 3559 944 256
a 3560 2592 16
a 3561 1168 16
a 3562 18864 64
a 3563 1152 256
a 3564 624 64
a 3565 15984 64
a 3566 83552 256
a 3567 512 64
a 3568 6096 16
a 3569 39008 64
a 3570 79728 16
a 3571 11296 256
a 3572 512 256
a 3573 976 16
a 3574 20848 256
a 3575 65840 256
a 3576 480 256
a 3577 3360 64
a 3578 6640 16
a 3579 384 64
a 3580 848 64
a 3581 15136 16
a 3582 28528 64
a 3583 62400 16
a 3584 304 64
a 3585 6304 16
a 3586 24352 64
a 3587 10848 16
a 3588 48944 256
a 3589 40512 16
a 3590 20992 64
a 3591 130704 64
a 3592 46816 16
a 3593 960 256
a 3594 20176 64
a 3595 1312 64
a 3596 17568 16
a 3597 11456 256
a 3598 4256 16
a 3599 17136 256
a 3600 912 16
a 3601 12208 64
a 3602 110288 64
a 3603 896 64
a 3604 7728 64
a 3605 1200 256
a 3606 4512 16
a 3607 288 16
a 3608 16320 64
a 3609 14448 64
a 3610 1792 16
a 3611 2928 64
a 3612 464 16
a 3613 121088 16
a 3614 8320 64
a 3615 126912 64
a 3616 37888 64
a 3617 59728 64
a 3618 11232 256
a 3619 13552 64
a 3620 7792 256
a 3621 65520 256
a 3622 752 64
a 3623 464 16
a 3624 2608 64
a 3625 1280 256
a 3626 9392 256
a 3627 13856 16
a 3628 9936 16
a 3629 11888 16
a 3630 53888 16
a 3631 448 16
a 3632 1040 64
a 3633 1472 256
a 3634 10160 256
a 3635 79040 16
a 3636 28608 16
a 3637 3600 256
a 3638 27648 256
a 3639 800 64
a 3640 11008 64
a 3641 29136 256
a 3642 2608 64
a 3643 3376 16
a 3644 1440 16
a 3645 14464 64
a 3646 11776 64
a 3647 320 64
a 3648 448 16
a 3649 26512 64
a 3650 48368 16
a 3651 6592 16
a 3652 752 256
a 3653 1648 64
a 3654 480 16
a 3655 320 16
a 3656 288 64
a 3657 5920 256
a 3658 304 256
a 3659 50640 256
a 3660 12416 16
a 3661 23744 16
a 3662 7280 16
a 3663 608 256
a 3664 3824 64
a 3665 3728 64
a 3666 2688 16
a 3667 672 64
a 3668 58704 16
a 3669 2032 16
a 3670 4880 16
a 3671 27632 16
a 3672 432 16
a 3673 3152 256
a 3674 3744 256
a 3675 2688 16
a 3676 384 64
a 3677 624 256
a 3678 4880 64
a 3679 51664 256
a 3680 640 64
a 3681 90784 16
a 3682 1184 64
a 3683 13360 64
a 3684 51952 256
a 3685 14816 16
a 3686 816 256
a 3687 7248 16
a 3688 6096 256
a 3689 960 16
a 3690 1280 16
a 3691 7504 256
a 3692 2000 64
a 3693 6016 256
a 3694 7040 256
a 3695 36912 16
a 3696 12976 256
a 3697 33920 64
a 3698 15232 16
a 3699 2160 16
a 3700 912 256
a 3701 1840 64
a 3702 32544 256
a 3703 1328 256
a 3704 576 16
a 3705 3904 64
a 3706 288 256
a 3707 10240 64
a 3708 272 64
a 3709 480 64
a 3710 10064 256
a 3711 102192 16
a 3712 832 256
a 3713 928 16
a 3714 59472 256
a 3715 752 256
a 3716 816 16
a 3717 5920 16
a 3718 13456 64
a 3719 1616 16
a 3720 15520 64
a 3721 36272 64
a 3722 34064 16
a 3723 49200 256
a 3724 320 64
a 3725 43232 64
a 3726 5232 16
a 3727 40000 64
a 3728 61856 256
a 3729 5840 256
a 3730 35792 64
a 3731 464 64
a 3732 51216 256
a 3733 6544 64
a 3734 7120 64
a 3735 976 64
a 3736 4496 64
a 3737 45328 64
a 3738 1936 256
a 3739 78448 64
a 3740 16176 64
a 3741 384 256
a 3742 112352 256
a 3743 800 256
a 3744 288 256
a 3745 512 16
a 3746 4976 16
a 3747 17040 256
a 3748 5744 256
a 3749 15952 64
a 3750 45472 256
a 3751 352 16
a 3752 14256 16
a 3753 2800 256
a 3754 1424 256
a 3755 368 16
a 3756 1488 16
a 3757 34768 256
a 3758 73792 256
a 3759 28112 64
a 3760 130944 16
a 3761 5120 64
a 3762 104304 256
a 3763 2496 16
a 3764 480 16
a 3765 118688 16
a 3766 27184 256
a 3767 1456 64
a 3768 6112 64
a 3769 2400 256
a 3770 2624 64
a 3771 432 16
a 3772 3104 256
a 3773 51664 256
a 3774 7408 64
a 3775 80096 256
a 3776 3328 64
a 3777 2320 256
a 3778 100064 256
a 3779 576 64
a 3780 25664 64
a 3781 944 16
a 3782 2272 256
a 3783 384 256
a 3784 23360 256
a 3785 5280 256
a 3786 512 256
a 3787 11472 64
a 3788 1776 64
a 3789 1056 256
a 3790 2240 16
a 3791 30704 64
a 3792 2976 64
a 3793 14288 64
a 3794 1856 16
a 3795 4640 256
a 3796 7008 64
a 3797 45856 64
a 3798 880 16
a 3799 6688 256
a 3800 448 64
a 3801 1968 256
a 3802 112832 64
a 3803 400 64
a 3804 8960 16
a 3805 6272 64
a 3806 16880 64
a 3807 63520 256
a 3808 4192 64
a 3809 31680 256
a 3810 608 256
a 3811 336 256
a 3812 8336 16
a 3813 20368 256
a 3814 2352 16
a 3815 672 256
a 3816 656 16
a 3817 57616 256
a 3818 464 16
a 3819 57808 64
a 3820 22832 16
a 3821 46672 64
a 3822 1024 64
a 3823 2416 256
a 3824 5936 256
a 3825 1600 16
a 3826 21696 16
a 3827 672 64
a 3828 26352 256
a 3829 70688 256
a 3830 13120 256
a 3831 33072 256
a 3832 3008 16
a 3833 1536 16
a 3834 4512 256
a 3835 21792 256
a 3836 29968 64
a 3837 17200 16
a 3838 3632 64
a 3839 15440 16
a 3840 944 16
a 3841 1872 16
a 3842 60016 256
a 3843 29472 64
a 3844 15136 256
a 3845 2752 64
a 3846 7632 256
a 3847 65328 64
a 3848 4496 16
a 3849 12048 64
a 3850 32576 256
a 3851 896 16
a 3852 32464 16
a 3853 1616 16
a 3854 125376 64
a 3855 129216 64
a 3856 7056 16
a 3857 4384 16
a 3858 57680 256
a 3859 32048 16
a 3860 368 256
a 3861 448 16
a 3862 1728 256
a 3863 432 64
a 3864 47440 64
a 3865 31088 16
a 3866 512 16
a 3867 17408 64
a 3868 1968 256
a 3869 90144 16
a 3870 116128 256
a 3871 14048 64
a 3872 4848 64
a 3873 1664 256
a 3874 78288 16
a 3875 320 64
a 3876 448 64
a 3877 10912 16
a 3878 416 16
a 3879 5040 64
a 3880 11056 256
a 3881 14992 16
a 3882 114944 16
a 3883 49760 64
a 3884 11520 64
a 3885 3776 64
a 3886 5248 16
a 3887 7040 256
a 3888 2128 16
a 3889 1488 64
a 3890 320 16
a 3891 29104 16
a 3892 5136 256
a 3893 15872 64
a 3894 124960 256
a 3895 1824 16
a 3896 3344 16
a 3897 18208 16
a 3898 432 256
a 3899 912 256
a 3900 1376 16
a 3901 4160 256
a 3902 26784 256
a 3903 528 64
a 3904 2448 256
a 3905 3840 64
a 3906 73504 256
a 3907 944 16
a 3908 10528 256
a 3909 480 256
a 3910 7824 64
a 3911 352 64
a 3912 1152 16
a 3913 688 256
a 3914 11280 64
a 3915 1840 16
a 3916 1184 256
a 3917 7360 256
a 3918 119008 256
a 3919 496 256
a 3920 3856 64
a 3921 31888 256
a 3922 20144 16
a 3923 100752 256
a 3924 480 256
a 3925 2112 256
a 3926 12880 256
a 3927 4064 256
a 3928 5232 64
a 3929 39968 64
a 3930 15488 16
a 3931 47024 256
a 3932 2992 16
a 3933 400 256
a 3934 22576 256
a 3935 4064 16
a 3936 1008 64
a 3937 256 256
a 3938 71104 64
a 3939 1008 16
a 3940 1904 16
a 3941 384 64
a 3942 688 16
a 3943 95936 256
a 3944 7248 64
a 3945 752 64
a 3946 60656 16
a 3947 116560 16
a 3948 4576 64
a 3949 496 16
a 3950 13648 16
a 3951 62528 16
a 3952 896 64
a 3953 5616 256
a 3954 9088 16
a 3955 69248 64
a 3956 336 64
a 3957 1920 256
a 3958 48528 16
a 3959 66336 64
a 3960 108736 16
a 3961 21696 64
a 3962 1008 16
a 3963 49360 256
a 3964 34592 256
a 3965 592 16
a 3966 58624 16
a 3967 880 16
a 3968 29504 64
a 3969 99408 256
a 3970 464 16
a 3971 45264 16
a 3972 53616 16
a 3973 704 256
a 3974 46560 256
a 3975 672 16
a 3976 88416 16
a 3977 4848 64
a 3978 117024 16
a 3979 24576 256
a 3980 22928 256
a 3981 98144 256
a 3982 2496 16
a 3983 352 256
a 3984 6112 64
a 3985 7456 64
a 3986 78432 64
a 3987 79008 256
a 3988 288 16
a 3989 10064 64
a 3990 126624 256
a 3991 12672 64
a 3992 1888 256
a 3993 432 64
a 3994 7952 64
a 3995 10992 256
a 3996 33296 256
a 3997 25552 16
a 3998 272 256
a 3999 560 64
a 4000 13504 64
a 4001 2976 256
a 4002 44064 16
a 4003 79328 64
a 4004 1456 16
a 4005 63392 16
a 4006 9024 16
a 4007 7216 256
c level-2-loaded
a 4008 12816 256
a 4009 26240 256
a 4010 432 256
a 4011 10176 64
a 4012 107056 16
a 4013 1136 64
f 2634
a 4014 3872 64
f 2790
a 4015 9648 64
a 4016 12448 256
a 4017 36112 64
f 3657
f 3359
f 3620
a 4018 1680 64
a 4019 1760 64
a 4020 13024 256
f 3303
a 4021 49024 64
f 3050
f 3390
a 4022 102848 64
f 2707
f 3776
f 3633
a 4023 86752 64
f 3128
a 4024 2432 256
f 3085
f 2978
a 4025 848 64
f 2568
a 4026 1536 16
f 2149
f 2593
a 4027 640 256
a 4028 1616 256
a 4029 272 256
a 4030 416 16
f 3437
a 4031 83232 256
a 4032 6880 16
a 4033 45504 16
a 4034 8784 256
f 2511
f 1162
f 3205
a 4035 24608 16
f 3597
a 4036 10464 16
f 1629
a 4037 1120 64
a 4038 1104 256
f 3864
f 754
f 159
f 3454
a 4039 17216 256
a 4040 960 64
f 2368
f 3686
a 4041 3024 256
f 3553
a 4042 5312 64
f 2717
f 3522
a 4043 27712 64
f 3031
f 2789
a 4044 5744 16
f 4043
a 4045 11216 16
a 4046 1232 16
a 4047 118016 16
f 3617
f 3585
a 4048 34592 256
f 2116
f 3247
a 4049 480 64
f 3143
f 875
f 3478
f 3366
a 4050 4016 64
a 4051 21712 256
a 4052 25600 64
a 4053 88976 64
f 3092
f 3403
f 2957
a 4054 23376 16
f 2993
f 3559
a 4055 12640 64
f 3363
a 4056 7504 64
a 4057 432 64
f 2558
a 4058 10752 16
f 2813
f 3774
a 4059 115136 16
f 123
f 1960
a 4060 50176 64
a 4061 544 16
f 4045
a 4062 38064 16
f 3338
a 4063 2576 64
f 3290
f 3844
a 4064 672 256
f 1733
f 3058
f 3794
a 4065 16416 256
f 2533
a 4066 7520 256
a 4067 3792 64
f 898
f 3665
f 2809
f 3250
a 4068 3184 64
f 3961
f 523
a 4069 50880 16
f 1202
a 4070 384 256
f 3245
f 1626
f 2942
a 4071 27056 64
f 3409
f 1523
f 324
a 4072 13728 256
a 4073 45872 64
f 3289
a 4074 60432 64
f 3099
f 3577
a 4075 16896 256
a 4076 25392 64
f 3320
f 3929
f 3795
f 3094
f 1703
a 4077 992 16
a 4078 14704 256
f 800
a 4079 6224 64
f 3882
f 3635
a 4080 20464 256
f 1894
a 4081 832 256
f 3299
f 228
a 4082 336 256
f 3862
f 1225
f 3592
f 884
f 2574
f 2953
f 3179
f 1870
a 4083 7312 16
a 4084 45856 256
a 4085 3552 256
a 4086 1264 64
f 1673
f 2562
f 3570
f 3823
f 2924
f 3948
f 954
a 4087 656 64
a 4088 64096 16
a 4089 25472 16
f 3796
f 2521
a 4090 8960 256
f 3435
f 3637
f 2691
f 1303
a 4091 9536 16
a 4092 123536 16
a 4093 21968 256
f 3408
a 4094 272 256
f 3652
f 2931
a 4095 94464 64
f 2871
a 4096 87280 16
a 4097 4576 64
a 4098 11984 256
f 3606
f 2852
f 3636
f 2159
f 3468
a 4099 10432 16
a 4100 26880 256
a 4101 1904 256
a 4102 896 256
f 3883
a 4103 8336 64
f 3993
f 2573
a 4104 30048 256
f 4034
a 4105 40256 64
a 4106 87184 16
a 4107 83936 256
a 4108 59632 16
f 3399
a 4109 114080 256
f 4063
f 738
f 2759
a 4110 69552 16
a 4111 7792 256
f 1093
a 4112 50624 64
a 4113 976 64
f 3939
f 3216
f 2678
a 4114 976 64
a 4115 10272 16
a 4116 416 16
a 4117 768 64
f 1724
a 4118 120080 64
f 2569
f 2950
a 4119 4224 256
a 4120 130672 256
a 4121 49664 16
a 4122 103904 64
f 4074
f 685
a 4123 5936 16
a 4124 46304 16
f 3605
a 4125 7888 64
f 3899
f 2965
f 2198
a 4126 80176 16
f 3578
f 3622
a 4127 1232 256
f 2655
f 3347
a 4128 2000 16
a 4129 2128 64
f 3859
a 4130 7904 256
a 4131 336 64
a 4132 15728 256
f 3860
f 3032
f 4004
a 4133 1744 64
a 4134 2096 256
a 4135 1760 16
a 4136 3136 16
f 3202
a 4137 12912 256
a 4138 11584 16
f 2878
f 2594
a 4139 96112 16
f 3619
a 4140 3968 64
a 4141 6464 256
a 4142 7680 64
a 4143 8544 16
a 4144 272 16
f 3530
a 4145 2048 16
f 2608
f 3134
a 4146 20352 16
f 3103
a 4147 25584 256
a 4148 25072 16
f 3896
a 4149 43584 64
f 3180
f 2706
a 4150 43232 64
a 4151 352 256
f 3165
f 2874
f 3360
a 4152 94272 16
f 3811
a 4153 63888 64
f 1482
a 4154 496 64
f 2199
a 4155 4800 64
a 4156 2816 256
a 4157 3680 16
a 4158 832 256
f 2919
a 4159 23776 256
f 318
f 536
f 3336
a 4160 42176 16
a 4161 1264 16
f 1857
a 4162 58576 16
a 4163 113776 256
a 4164 912 64
a 4165 1584 16
a 4166 123216 64
f 3868
a 4167 77472 16
a 4168 2912 64
f 3293
a 4169 70736 256
f 3707
a 4170 512 64
a 4171 784 64
a 4172 15520 256
f 2702
a 4173 7120 16
f 2800
a 4174 24096 64
a 4175 1904 256
f 4146
f 3858
f 3806
a 4176 8112 16
f 2834
a 4177 49328 16
a 4178 6144 256
a 4179 12080 256
a 4180 10656 256
a 4181 6832 256
f 2630
f 2891
f 3602
a 4182 1520 16
f 2304
f 2187
a 4183 656 64
a 4184 4768 64
f 4080
a 4185 3776 64
f 3955
a 4186 2832 256
a 4187 33136 16
f 2543
f 2875
a 4188 10832 16
f 4163
f 4059
a 4189 21776 16
f 3421
f 2535
a 4190 9664 16
a 4191 656 64
a 4192 368 16
f 3230
f 4026
f 2812
a 4193 3264 16
f 3200
a 4194 464 64
a 4195 1632 16
f 3491
f 2171
a 4196 116608 256
a 4197 720 64
a 4198 56512 256
f 3642
a 4199 912 64
a 4200 73312 64
a 4201 71280 64
f 1889
f 3277
f 4177
f 4122
f 3512
a 4202 400 64
f 4181
f 1337
f 3215
a 4203 109568 16
f 3709
f 581
a 4204 1104 64
a 4205 3728 64
f 2966
f 2559
f 3455
a 4206 120160 256
a 4207 3904 256
a 4208 928 256
f 3505
f 4108
a 4209 1760 16
f 3754
a 4210 14848 256
a 4211 29616 64
f 3594
f 2983
a 4212 4000 16
f 2756
f 2695
f 1843
a 4213 1136 256
a 4214 12288 256
a 4215 95264 16
f 3142
f 2783
f 3106
a 4216 6192 64
a 4217 1136 64
a 4218 704 64
f 3689
a 4219 752 64
f 3083
f 3801
f 3842
f 3271
f 3614
f 3091
f 2742
a 4220 12784 64
f 148
a 4221 26752 16
f 3153
f 3797
f 3533
a 4222 1120 16
f 3488
f 3170
f 3301
f 1386
a 4223 928 64
f 3550
a 4224 1552 256
f 3706
f 2844
f 3565
a 4225 7712 64
a 4226 560 256
f 3668
f 2648
f 2623
a 4227 960 256
f 564
a 4228 3584 16
f 2673
a 4229 544 16
a 4230 21568 256
f 4212
a 4231 87872 16
a 4232 7568 64
f 786
f 2525
f 1924
f 3206
a 4233 1856 16
a 4234 8800 256
f 3976
a 4235 75504 256
f 207
f 3630
f 4065
f 3071
f 2934
f 3461
a 4236 11184 16
f 2911
a 4237 3248 64
a 4238 6688 256
a 4239 5008 16
f 2382
f 1033
a 4240 4512 16
f 4039
f 3317
a 4241 8624 16
a 4242 1136 256
f 3912
a 4243 1152 64
a 4244 58352 64
f 3354
a 4245 27392 256
f 2670
a 4246 5344 64
f 1584
a 4247 2368 16
a 4248 6448 64
f 2866
a 4249 12464 64
f 1239
f 2905
a 4250 512 256
a 4251 4576 16
f 3869
f 3187
f 4186
f 3476
f 2524
f 821
f 504
a 4252 1680 256
f 2434
f 2369
a 4253 960 16
f 3469
a 4254 64576 64
a 4255 880 256
f 3909
a 4256 7600 64
f 465
f 4003
a 4257 83600 256
f 923
f 2561
a 4258 528 64
a 4259 126720 64
f 4179
f 2940
f 4095
a 4260 960 64
a 4261 496 16
f 2906
f 2778
f 3663
f 3341
f 1244
f 3626
a 4262 8464 16
a 4263 3376 64
f 2273
f 4055
f 2621
f 3783
f 3391
f 2656
f 3908
a 4264 576 64
f 4189
f 2659
f 3339
f 1705
a 4265 15584 64
f 3541
f 425
a 4266 28528 16
a 4267 63984 64
f 4028
a 4268 976 64
f 3439
a 4269 1920 64
a 4270 25296 16
f 3350
a 4271 272 256
f 470
f 3280
a 4272 54848 64
a 4273 48208 64
a 4274 3360 256
a 4275 53120 16
f 3494
f 2437
a 4276 4976 256
a 4277 496 16
f 4082
f 2518
f 4242
a 4278 29760 256
a 4279 1968 64
f 2857
f 2536
f 2200
a 4280 88352 256
f 2723
a 4281 512 64
a 4282 46496 64
f 2951
a 4283 22320 64
a 4284 6480 64
f 2599
f 2013
a 4285 33008 16
f 1434
f 3470
a 4286 12960 256
f 3192
f 3024
f 3349
a 4287 84672 64
a 4288 67872 16
a 4289 15920 16
f 3298
a 4290 94192 256
f 2716
a 4291 864 64
f 3079
f 4040
a 4292 129408 256
a 4293 832 16
a 4294 15040 256
a 4295 1680 16
f 2830
f 4145
a 4296 480 256
f 2718
a 4297 4432 16
f 2578
f 863
a 4298 43616 16
f 4148
a 4299 368 64
f 2078
a 4300 41440 64
f 3270
f 2726
f 2590
f 3034
a 4301 68016 64
f 3392
f 3406
f 3609
f 3036
a 4302 2752 16
a 4303 3824 256
a 4304 448 256
a 4305 2256 16
a 4306 23648 64
a 4307 99408 16
f 3646
a 4308 12096 16
a 4309 15360 16
a 4310 43696 64
a 4311 304 64
a 4312 5024 16
a 4313 3904 64
f 3677
a 4314 32432 64
a 4315 1664 16
a 4316 592 256
f 3066
a 4317 1280 64
f 186
f 4174
a 4318 7968 16
f 3627
f 4191
f 2297
a 4319 14752 256
a 4320 30480 64
a 4321 28912 16
a 4322 304 256
f 3008
a 4323 26112 256
a 4324 15136 256
a 4325 848 256
a 4326 6592 256
f 3529
f 2432
f 2856
a 4327 78000 16
a 4328 464 16
a 4329 5584 256
f 3746
a 4330 2832 16
a 4331 368 256
f 3011
a 4332 101472 64
a 4333 14080 64
a 4334 1008 64
a 4335 592 256
a 4336 4592 16
a 4337 11728 64
f 769
a 4338 1024 64
f 112
a 4339 25616 64
a 4340 43984 16
a 4341 3056 16
a 4342 46448 256
f 2102
f 2850
a 4343 12736 256
f 3684
f 1727
a 4344 15248 16
f 3851
f 191
f 3043
a 4345 31744 16
a 4346 3504 64
a 4347 3072 64
f 2751
f 3248
a 4348 5504 16
f 2704
a 4349 6368 256
f 3681
a 4350 2944 64
a 4351 864 64
f 2580
a 4352 1536 64
f 1970
a 4353 22560 16
f 3382
f 4290
f 4172
f 2963
f 4311
a 4354 14304 16
a 4355 11328 16
a 4356 1344 64
f 3873
f 2119
f 4158
a 4357 60720 64
f 1707
f 3821
f 3419
f 2837
f 2794
a 4358 480 256
f 1473
a 4359 688 16
f 3222
f 3175
a 4360 2416 16
f 2780
a 4361 496 64
a 4362 5952 256
f 4203
f 3997
f 2685
a 4363 33968 256
f 3493
a 4364 71168 16
a 4365 24464 16
f 3000
a 4366 19344 256
f 2998
f 2077
a 4367 19536 16
f 3114
f 4112
a 4368 7056 16
a 4369 3312 64
a 4370 432 64
f 2619
f 2929
f 3852
f 4226
f 1329
a 4371 6544 256
f 3361
a 4372 12368 16
f 4092
a 4373 432 256
f 1624
f 3659
f 2551
a 4374 16272 256
a 4375 784 256
f 4252
a 4376 39984 256
f 4323
f 3879
a 4377 4400 256
a 4378 24688 64
f 3506
f 4341
a 4379 6304 64
f 3940
f 2901
f 4094
a 4380 4512 16
a 4381 384 16
a 4382 4288 256
a 4383 1968 64
a 4384 736 64
a 4385 46112 256
f 4333
f 2761
f 3528
a 4386 1312 64
a 4387 15392 16
a 4388 8832 256
a 4389 3840 64
f 3075
a 4390 49376 256
a 4391 448 16
f 3701
f 2938
f 3724
f 1716
a 4392 17728 64
a 4393 36992 256
a 4394 304 256
f 266
f 4134
a 4395 69600 64
a 4396 101600 16
a 4397 8976 256
a 4398 1296 16
a 4399 1520 16
a 4400 25072 64
a 4401 11680 64
f 3650
f 4069
f 3535
a 4402 992 256
f 3244
f 4173
f 3420
a 4403 3568 256
f 2649
a 4404 608 64
a 4405 25792 16
a 4406 100192 256
a 4407 640 64
a 4408 2128 16
a 4409 1472 16
f 3196
f 2973
f 3829
a 4410 432 64
a 4411 1216 256
a 4412 7056 16
f 2928
a 4413 416 64
f 1883
f 2339
f 3560
a 4414 8672 16
a 4415 6560 16
a 4416 832 16
a 4417 1872 16
f 2835
a 4418 6736 64
f 4194
f 4274
a 4419 1392 256
a 4420 3536 64
a 4421 832 64
f 2216
a 4422 39792 256
a 4423 2912 256
a 4424 63360 64
f 2935
a 4425 1664 256
a 4426 47840 16
a 4427 5568 16
a 4428 113792 64
a 4429 44816 64
f 1968
a 4430 11648 16
f 4347
a 4431 864 16
f 3901
f 3654
f 4209
a 4432 944 16
f 2971
a 4433 4352 64
a 4434 22032 256
f 1152
f 4427
a 4435 1616 256
f 1100
a 4436 3424 64
f 3625
f 2057
a 4437 848 256
a 4438 2032 64
a 4439 62016 256
f 3096
a 4440 1616 256
f 787
f 3352
a 4441 368 256
f 4166
f 2920
a 4442 59888 64
a 4443 1152 16
a 4444 5104 256
f 2554
a 4445 1568 256
a 4446 7360 16
f 3281
a 4447 1936 64
a 4448 656 16
f 765
a 4449 9136 256
a 4450 23984 64
a 4451 320 256
f 3381
f 2823
f 3059
f 3081
f 3870
f 3679
f 3492
f 2084
a 4452 14064 64
f 4185
f 3601
a 4453 25840 16
a 4454 3328 256
f 2945
f 3624
f 2513
f 3465
f 4058
f 4392
a 4455 7024 16
a 4456 416 64
f 4338
f 2699
f 4335
f 594
a 4457 7712 64
a 4458 992 16
f 3816
f 4198
a 4459 104032 64
a 4460 3744 256
a 4461 13248 64
a 4462 9840 64
f 2552
a 4463 480 64
f 2795
a 4464 7104 64
f 1056
a 4465 72032 16
a 4466 21040 256
a 4467 2368 16
f 2564
a 4468 6320 16
a 4469 4112 16
a 4470 2432 256
f 3444
f 3561
f 3315
f 3589
f 3623
a 4471 5152 64
f 2055
f 3988
a 4472 53920 256
f 1415
a 4473 1216 256
f 817
a 4474 55280 16
a 4475 1680 256
a 4476 85040 256
f 4105
a 4477 7664 256
a 4478 23408 64
a 4479 57104 64
f 3237
a 4480 1504 16
f 2512
f 2625
f 4325
a 4481 25968 256
f 3762
f 3256
a 4482 432 64
f 3786
f 2572
a 4483 86528 16
a 4484 336 16
a 4485 15712 256
a 4486 44992 256
f 4371
f 1729
a 4487 87520 16
f 4053
f 4379
f 4359
f 4397
a 4488 17520 16
a 4489 336 16
f 4282
a 4490 113616 256
f 3125
f 2662
f 3564
a 4491 368 16
f 2944
f 1892
a 4492 464 64
f 2491
f 3260
a 4493 2112 256
a 4494 2000 64
f 2528
a 4495 368 256
a 4496 2560 256
a 4497 26912 16
f 3344
a 4498 816 256
a 4499 11712 16
a 4500 59888 16
f 4216
a 4501 432 64
f 275
a 4502 45072 256
f 2736
a 4503 7856 16
f 2385
a 4504 672 64
f 4328
a 4505 464 64
a 4506 45152 16
f 4235
a 4507 81008 64
f 4025
f 3515
f 2532
a 4508 66064 256
f 3482
f 3812
f 3805
a 4509 51936 16
f 3189
f 3968
f 4180
f 4490
f 2141
f 4213
f 3199
f 2916
f 3611
a 4510 1568 64
a 4511 115328 16
a 4512 432 64
f 3945
a 4513 3840 256
f 2975
f 2932
f 3693
f 3311
a 4514 400 16
a 4515 1088 256
a 4516 64384 256
f 2451
a 4517 16064 64
f 2376
a 4518 1440 64
a 4519 48880 64
a 4520 400 16
f 3785
f 3504
a 4521 3392 256
a 4522 16512 256
a 4523 7696 16
f 3386
a 4524 7152 16
f 1763
f 2807
f 3182
f 3825
a 4525 7760 16
a 4526 3632 16
f 3769
a 4527 736 256
a 4528 12352 64
f 3867
a 4529 1264 16
a 4530 400 64
a 4531 2048 256
f 3168
f 3405
f 2862
a 4532 640 16
a 4533 544 16
f 2817
a 4534 120448 64
f 2415
f 3687
a 4535 49648 64
f 3582
a 4536 112352 16
f 1832
f 3772
f 3674
f 3238
f 3171
a 4537 10480 16
f 4022
f 2072
a 4538 1024 16
f 2358
a 4539 17072 16
f 325
a 4540 2784 256
f 4296
f 4077
a 4541 4272 64
a 4542 6864 16
f 1718
a 4543 1488 256
f 4193
a 4544 2768 16
a 4545 6496 64
a 4546 84496 64
a 4547 368 16
f 3254
f 2605
a 4548 8992 256
a 4549 70432 256
f 1353
f 2231
f 4272
a 4550 7872 16
f 2646
f 978
a 4551 560 16
a 4552 704 64
f 305
f 4150
f 3374
f 2563
f 6
f 4473
f 3682
f 4422
f 4413
a 4553 672 256
a 4554 122128 64
a 4555 736 16
a 4556 720 16
a 4557 32144 64
f 2527
a 4558 1088 256
a 4559 19904 16
a 4560 2544 16
f 4540
a 4561 7568 256
a 4562 60784 256
f 4312
f 1957
a 4563 87936 16
f 3953
a 4564 2272 16
f 4550
a 4565 115152 64
f 3357
a 4566 8944 16
f 2885
a 4567 92880 256
f 1359
f 652
f 2788
a 4568 90112 64
f 2595
f 3643
a 4569 1456 256
a 4570 1056 64
a 4571 24816 16
a 4572 24304 256
f 2848
a 4573 97376 64
f 4549
f 2166
a 4574 320 256
a 4575 1552 256
f 2681
a 4576 3200 64
a 4577 120736 16
a 4578 4848 256
a 4579 7616 256
f 2624
f 3847
f 2898
f 3510
a 4580 58512 256
a 4581 12320 64
f 4520
a 4582 10000 16
f 3992
a 4583 288 16
f 2178
f 3970
f 3760
f 3449
a 4584 560 256
a 4585 7504 16
f 4539
f 3698
a 4586 1472 16
f 4534
a 4587 127808 16
a 4588 78960 256
f 3185
a 4589 6016 64
f 3177
a 4590 3904 64
f 2980
a 4591 1072 256
a 4592 1616 256
f 3457
a 4593 656 256
a 4594 5424 256
a 4595 5632 16
a 4596 2864 16
a 4597 4096 64
f 3996
a 4598 1808 16
f 3321
a 4599 704 16
f 2679
a 4600 6512 64
f 3739
a 4601 608 64
f 3149
a 4602 13344 256
a 4603 448 256
f 2680
a 4604 48880 256
f 2810
f 4205
a 4605 2672 64
a 4606 400 64
a 4607 5520 64
a 4608 12416 16
a 4609 7984 64
f 1469
f 3694
f 3203
f 2687
a 4610 32912 16
a 4611 57952 256
f 4132
a 4612 39824 16
f 368
f 2765
f 3208
a 4613 55040 16
a 4614 1200 256
f 885
a 4615 560 16
a 4616 20000 64
f 4268
a 4617 1392 16
a 4618 3616 16
a 4619 2752 256
a 4620 1888 16
a 4621 992 64
a 4622 3008 16
a 4623 12176 16
f 3586
a 4624 15424 64
a 4625 112064 64
f 4512
f 3583
f 2607
a 4626 512 16
f 3093
f 3471
f 1564
a 4627 3280 256
a 4628 736 16
a 4629 4720 16
a 4630 94368 256
f 2814
f 2722
f 3221
f 4124
a 4631 912 256
a 4632 15104 64
f 3581
f 3766
a 4633 448 256
f 4251
f 2341
f 4618
a 4634 1264 16
f 4075
a 4635 1344 64
f 1690
a 4636 57312 256
f 4307
f 1959
a 4637 106736 16
a 4638 2208 256
a 4639 6560 64
f 4363
a 4640 1680 64
f 4021
f 4164
a 4641 2416 16
f 4573
f 4041
f 4294
a 4642 68064 256
f 2328
f 3326
f 4468
a 4643 23296 64
f 1342
a 4644 111520 64
f 4616
a 4645 36160 16
a 4646 3104 256
a 4647 35760 16
f 3902
f 3135
f 2894
f 2720
f 3982
a 4648 8672 16
a 4649 3424 64
a 4650 640 64
a 4651 4656 16
a 4652 1088 16
f 3309
f 2984
f 3057
f 950
f 4429
a 4653 352 64
f 4406
a 4654 272 256
a 4655 720 16
f 2753
a 4656 78944 256
f 3915
a 4657 13792 64
a 4658 2784 64
a 4659 111424 16
a 4660 51488 64
a 4661 50176 16
a 4662 704 64
a 4663 29520 16
f 1592
f 2842
f 692
a 4664 8800 64
f 4556
a 4665 2736 16
a 4666 3168 64
f 4320
a 4667 1712 256
f 4149
a 4668 10624 256
f 1171
a 4669 944 16
f 4507
f 1771
f 4123
a 4670 480 16
f 480
a 4671 16400 16
f 2877
a 4672 37600 64
f 4027
f 4498
f 4564
f 3765
a 4673 28640 64
f 4010
f 2612
a 4674 7936 16
f 1761
f 2713
f 2627
a 4675 48464 256
a 4676 1712 16
f 2538
a 4677 63808 16
a 4678 272 16
f 1137
f 3809
a 4679 816 16
f 4636
a 4680 8176 64
f 4176
f 4656
a 4681 11408 256
f 3191
f 4315
f 3116
a 4682 1472 64
f 3735
f 3696
f 2947
a 4683 272 16
f 4175
f 3137
a 4684 1120 16
a 4685 512 16
a 4686 3568 256
a 4687 1344 16
f 4579
a 4688 11968 16
a 4689 1808 16
f 4029
a 4690 1312 256
a 4691 1056 16
a 4692 6560 64
a 4693 17552 16
a 4694 54608 16
a 4695 66912 256
f 4064
a 4696 272 256
a 4697 24544 256
f 2801
a 4698 79808 256
a 4699 7024 256
a 4700 784 64
a 4701 832 256
f 3087
a 4702 49232 64
f 4019
f 3380
a 4703 18288 64
f 3761
a 4704 21376 256
f 4142
f 4547
a 4705 880 256
f 2567
a 4706 51392 256
a 4707 45392 256
f 4007
f 4666
f 3077
a 4708 9152 64
a 4709 117248 64
a 4710 44864 16
a 4711 15168 64
a 4712 3232 16
a 4713 17152 256
a 4714 99792 64
f 4480
f 3300
f 2517
f 4068
f 4255
a 4715 1888 16
a 4716 7568 16
a 4717 108384 64
a 4718 6304 256
f 4078
a 4719 448 64
f 2884
f 2851
a 4720 79520 256
a 4721 1472 64
a 4722 56736 64
a 4723 4048 16
a 4724 3568 256
f 3111
a 4725 60032 16
a 4726 1632 64
a 4727 1248 16
a 4728 60528 256
f 3396
a 4729 432 64
a 4730 3216 16
a 4731 304 16
a 4732 448 64
f 4724
a 4733 63792 64
a 4734 20160 16
a 4735 3632 256
f 3856
f 2771
f 3249
a 4736 4528 16
f 2205
f 4607
a 4737 864 16
a 4738 89344 64
a 4739 272 64
a 4740 752 16
a 4741 784 64
f 2829
a 4742 496 256
f 4289
f 2618
f 3799
f 604
f 3229
f 3715
f 3433
f 2845
a 4743 102480 256
a 4744 3248 16
f 4452
a 4745 336 256
a 4746 1648 16
a 4747 57296 256
a 4748 26192 256
a 4749 512 256
f 2969
a 4750 1168 64
f 4462
a 4751 656 256
f 4555
f 4496
f 1971
f 3759
a 4752 84608 16
f 3068
a 4753 15728 256
f 3647
a 4754 11072 64
f 3113
f 1540
a 4755 2192 64
a 4756 768 256
f 4518
a 4757 11776 256
f 4696
a 4758 352 256
f 3930
f 3669
a 4759 432 64
a 4760 1760 64
f 2051
f 3049
a 4761 14560 256
a 4762 384 64
a 4763 464 256
f 1798
a 4764 6496 256
a 4765 400 256
a 4766 27600 16
f 64
a 4767 83424 256
a 4768 640 16
f 3598
a 4769 1760 64
f 2838
f 2734
f 4218
f 3279
a 4770 43664 16
f 4723
f 4454
a 4771 336 16
a 4772 4400 64
a 4773 14896 16
f 3163
a 4774 36320 64
a 4775 17504 64
f 1561
f 4617
a 4776 11760 16
a 4777 8368 16
a 4778 18784 256
a 4779 13584 256
f 4634
a 4780 59248 16
f 3272
a 4781 27216 256
f 2954
a 4782 1792 16
a 4783 3200 256
f 2987
f 3708
a 4784 272 16
f 2868
f 2746
a 4785 8368 16
f 4536
f 3655
f 790
a 4786 336 256
f 2000
f 811
a 4787 384 64
a 4788 11184 64
a 4789 5952 256
a 4790 3312 16
a 4791 2240 16
f 3941
a 4792 496 256
a 4793 58896 64
f 4117
a 4794 12464 256
a 4795 464 256
a 4796 109424 256
f 3045
a 4797 12592 64
a 4798 57392 16
a 4799 6432 64
a 4800 6368 64
a 4801 53104 64
f 2882
f 3509
a 4802 2720 64
f 2666
f 3832
a 4803 10064 256
f 992
f 3064
f 3264
f 3507
f 4565
a 4804 14704 64
a 4805 32048 64
a 4806 4048 64
a 4807 35600 256
f 4802
f 3003
f 3388
f 4726
a 4808 73488 16
f 4753
a 4809 15600 64
a 4810 105856 256
a 4811 368 256
a 4812 768 16
a 4813 2992 64
a 4814 87296 256
a 4815 99840 16
f 2095
f 3921
f 2333
a 4816 3552 256
a 4817 7136 16
a 4818 64416 16
f 3905
f 4792
f 4309
f 4415
f 3954
a 4819 672 256
f 2994
a 4820 13184 64
f 4291
a 4821 928 256
a 4822 1920 64
a 4823 2160 16
f 3748
a 4824 26432 256
f 2904
a 4825 47520 64
f 4196
a 4826 816 16
a 4827 368 16
f 3775
a 4828 848 64
a 4829 880 64
a 4830 110976 16
f 3790
f 3017
a 4831 58272 16
a 4832 13360 64
f 202
f 3496
f 3310
f 2682
a 4833 18528 16
a 4834 1424 64
f 3838
a 4835 44144 256
a 4836 512 16
a 4837 92720 256
a 4838 8656 64
a 4839 25936 16
f 4083
a 4840 4912 64
a 4841 656 16
a 4842 1456 64
f 3579
a 4843 46192 16
f 1294
a 4844 31408 16
a 4845 19584 16
a 4846 7760 64
a 4847 6800 256
a 4848 12672 64
a 4849 12512 256
f 4085
f 2937
f 4421
f 2570
a 4850 32064 16
f 4217
f 2577
a 4851 7520 16
a 4852 5744 16
f 4763
f 4848
a 4853 9568 256
a 4854 1968 256
a 4855 50320 256
a 4856 32736 256
a 4857 672 256
f 3893
a 4858 3824 16
a 4859 1376 64
f 3023
f 2366
a 4860 2048 256
f 4
f 2016
f 3487
f 4033
f 2763
f 732
a 4861 14816 256
a 4862 320 64
f 2626
a 4863 31552 64
a 4864 400 16
a 4865 672 64
f 3084
f 4532
a 4866 4768 256
a 4867 1616 64
f 1261
f 4599
f 3486
f 3197
a 4868 272 16
a 4869 42736 256
f 653
a 4870 688 256
a 4871 288 256
a 4872 16304 256
f 2970
a 4873 2000 256
f 3131
a 4874 5520 256
a 4875 688 16
f 4016
f 3074
f 4256
a 4876 784 64
f 3722
f 3401
f 3423
f 1316
f 3841
f 4349
f 2011
a 4877 2496 16
f 2265
a 4878 6096 16
a 4879 72736 256
a 4880 6784 256
f 2847
a 4881 1024 256
f 3413
f 3022
a 4882 45440 64
a 4883 1952 256
f 2641
a 4884 19680 256
f 2946
f 2729
a 4885 1328 64
f 2890
f 2914
a 4886 102880 64
f 3872
a 4887 3488 256
f 4089
a 4888 3856 64
f 4169
f 3067
a 4889 25440 64
f 3819
f 4084
f 1081
f 1833
f 4755
a 4890 24816 256
f 4052
f 4143
f 4814
a 4891 10176 256
a 4892 59504 64
f 4410
f 4390
a 4893 944 16
a 4894 46064 16
f 4455
f 4484
a 4895 79488 16
f 3903
a 4896 1152 64
a 4897 73056 256
a 4898 19344 256
a 4899 27120 16
f 3572
a 4900 10560 64
f 4801
a 4901 46080 16
a 4902 53904 256
a 4903 94112 256
f 2917
a 4904 496 256
a 4905 7872 64
a 4906 120672 64
f 674
f 4645
f 1854
f 4399
f 2853
a 4907 1904 64
f 4234
a 4908 592 16
f 2591
f 4339
f 3150
f 2651
f 4036
f 4750
f 2796
f 1266
a 4909 1840 64
f 2508
f 3355
f 4445
f 1340
f 4477
a 4910 27136 16
f 3373
a 4911 7760 64
f 4024
f 4489
a 4912 5184 64
f 4488
a 4913 11056 64
a 4914 34944 16
a 4915 28720 16
a 4916 832 16
a 4917 2864 64
a 4918 19040 256
a 4919 2144 64
a 4920 24592 16
f 3365
a 4921 1296 256
a 4922 14992 16
a 4923 6752 64
f 4709
f 818
a 4924 29344 256
a 4925 352 16
f 3112
a 4926 99344 64
a 4927 448 64
f 4694
f 2640
a 4928 15424 64
a 4929 3072 256
f 2899
f 4486
f 3991
a 4930 29440 256
a 4931 320 16
f 1797
a 4932 19648 256
f 1681
f 2880
a 4933 5520 256
a 4934 6880 256
f 3771
f 4851
a 4935 113952 64
a 4936 63648 256
a 4937 46416 64
f 4510
f 4530
f 4403
f 4788
a 4938 512 64
a 4939 656 64
a 4940 768 256
f 3974
a 4941 25168 256
f 4867
f 2961
a 4942 10976 64
f 4183
f 4654
a 4943 6592 256
a 4944 4000 64
f 4098
a 4945 72096 16
f 4760
f 357
a 4946 1488 256
f 3971
f 3097
a 4947 1968 256
a 4948 512 16
f 267
f 4740
a 4949 54928 16
f 4626
f 2743
a 4950 5136 256
a 4951 13552 256
f 3400
f 1952
a 4952 85440 256
a 4953 480 16
a 4954 928 16
a 4955 61616 16
f 3836
f 3139
f 3599
a 4956 1632 64
f 241
a 4957 464 64
a 4958 2576 16
a 4959 63120 16
f 4707
f 1710
f 2840
a 4960 12656 256
f 2468
a 4961 896 64
a 4962 1936 64
a 4963 7024 16
f 3274
f 956
a 4964 8336 16
a 4965 3232 256
a 4966 13152 64
f 4519
a 4967 3120 64
f 4915
f 4961
f 1296
a 4968 800 256
f 4919
a 4969 118064 256
f 3472
f 4346
a 4970 5808 64
a 4971 432 64
a 4972 416 64
a 4973 2048 64
a 4974 7264 16
a 4975 3680 256
a 4976 54864 256
f 694
a 4977 121792 64
a 4978 27536 16
a 4979 624 256
f 4144
f 1221
f 3756
f 4722
f 4280
f 2054
f 1562
a 4980 107648 16
f 1941
a 4981 1888 256
a 4982 432 64
f 2750
a 4983 2304 16
f 4551
f 2007
a 4984 368 256
a 4985 3408 16
a 4986 336 16
a 4987 1328 16
a 4988 512 64
f 3367
f 2893
a 4989 8480 64
f 4066
a 4990 400 256
f 2576
f 2860
a 4991 3584 16
a 4992 2624 256
f 3483
f 4515
c level-2-churned
f 2941
f 2779
f 4293
f 3631
f 3547
f 3161
f 2348
f 4925
f 3404
f 3318
f 4362
f 2614
f 2821
f 4545
f 3053
f 3086
f 3898
f 3666
f 4441
f 4791
f 2285
f 2967
f 2584
f 3944
f 2675
f 4679
f 1938
f 3877
f 257
f 3703
f 4505
f 3894
f 2777
f 3662
f 4824
f 4955
f 4774
f 4703
f 3788
f 4008
f 4590
f 4284
f 2802
f 3258
f 4906
f 4718
f 4249
f 4879
f 4433
f 2617
f 3027
f 4215
f 4330
f 2864
f 4734
f 4378
f 4162
f 3519
f 2797
f 4220
f 4097
f 4896
f 2867
f 3453
f 3773
f 2586
f 3133
f 3259
f 4528
f 4260
f 4886
f 4882
f 3544
f 2903
f 3573
f 402
f 4357
f 3890
f 4544
f 3500
f 2516
f 4651
f 4254
f 3717
f 3538
f 4629
f 3051
f 4598
f 4367
f 2658
f 4732
f 4038
f 4211
f 2724
f 4976
f 3147
f 3235
f 4554
f 2654
f 2824
f 4988
f 3987
f 3450
f 3319
f 3184
f 4492
f 4803
f 2782
f 4076
f 4302
f 4781
f 2101
f 4317
f 4742
f 2262
f 2519
f 4396
f 4244
f 3815
f 4457
f 3834
f 4107
f 3723
f 2545
f 2522
f 4182
f 3130
f 3874
f 3186
f 4822
f 4229
f 4785
f 4850
f 4849
f 3025
f 3416
f 2604
f 4697
f 2752
f 3820
f 3015
f 4687
f 4285
f 3385
f 4952
f 4223
f 4899
f 4813
f 2523
f 3010
f 2596
f 3323
f 527
f 4817
f 1633
f 3232
f 2664
f 4374
f 3525
f 4582
f 3951
f 3073
f 4401
f 3432
f 3973
f 4677
f 4751
f 686
f 2839
f 3726
f 268
f 2692
f 4115
f 225
f 2989
f 4432
f 4400
f 3784
f 4897
f 446
f 4572
f 3195
f 3740
f 3644
f 4267
f 3054
f 4699
f 4619
f 2555
f 4775
f 1910
f 2986
f 4327
f 4927
f 4600
f 4729
f 672
f 4184
f 4930
f 4713
f 2587
f 2792
f 3934
f 3827
f 4438
f 4693
f 3234
f 2710
f 4585
f 1010
f 3026
f 4475
f 4761
f 3865
f 4247
f 3942
f 4437
f 4051
f 4965
f 3798
f 4586
f 3262
f 4768
f 3029
f 2910
f 3438
f 2456
f 4931
f 4877
f 4622
f 3495
f 850
f 4825
f 4070
f 3283
f 671
f 3007
f 209
f 4646
f 3923
f 4525
f 4744
f 1094
f 4576
f 4937
f 153
f 3673
f 4444
f 4154
f 4372
f 4748
f 2870
f 4388
f 4423
f 3056
f 3755
f 4478
f 2059
f 4100
f 2676
f 1911
f 1158
f 4815
f 4324
f 4300
f 2816
f 3886
f 2981
f 3737
f 3604
f 4563
f 4387
f 4589
f 3044
f 4625
f 4408
f 2379
f 4054
f 3136
f 1408
f 2661
f 3613
f 3840
f 4119
f 2861
f 4608
f 4126
f 2721
f 4206
f 3638
f 3690
f 4917
f 2922
f 4808
f 3675
f 3664
f 4467
f 2907
f 3122
f 926
f 467
f 3828
f 3070
f 2269
f 1497
f 3452
f 3540
f 2747
f 4157
f 528
f 2827
f 3588
f 2696
f 3211
f 3743
f 4946
f 1796
f 3348
f 4749
f 4935
f 317
f 4248
f 3434
f 3719
f 4779
f 4844
f 4195
f 2709
f 3431
f 1195
f 4633
f 4964
f 2087
f 3928
f 433
f 3333
f 4057
f 3960
f 3358
f 4345
f 933
f 3183
f 4537
f 4281
f 1515
f 3018
f 2635
f 3445
f 3552
f 4908
f 3263
f 3566
f 4501
f 3936
f 4352
f 2500
f 2448
f 1291
f 3375
f 4201
f 3069
f 4071
f 2606
f 2873
f 3590
f 3781
f 2248
f 2804
f 3376
f 4113
f 3713
f 4417
f 4011
f 3731
f 4923
f 2089
f 4241
f 4306
f 4841
f 4329
f 3414
f 4443
f 3442
f 8
f 3164
f 4991
f 2041
f 2806
f 4862
f 2628
f 2220
f 4553
f 2601
f 2421
f 3188
f 3394
f 2805
f 1893
f 4663
f 2886
f 4559
f 2479
f 4894
f 2548
f 2152
f 2689
f 4581
f 4796
f 3210
f 3304
f 3481
f 3474
f 4313
f 3918
f 975
f 3524
f 3052
f 3412
f 4221
f 4331
f 4701
f 3295
f 4310
f 3266
f 4156
f 3246
f 3660
f 4959
f 4826
f 3292
f 2585
f 4265
f 4940
f 941
f 2313
f 3485
f 2854
f 4375
f 3194
f 3479
f 1223
f 4725
f 4810
f 507
f 2541
f 3584
f 4292
f 3714
f 2668
f 4228
f 4640
f 3005
f 71
f 4593
f 3985
f 3580
f 4601
f 2879
f 3062
f 3160
f 3047
f 3239
f 3162
f 3132
f 3422
f 4151
f 499
f 4569
f 194
f 4502
f 3999
f 3325
f 4167
f 4560
f 3853
f 3464
f 4337
f 583
f 2671
f 4643
f 4979
f 2652
f 3286
f 2956
f 3549
f 3782
f 3368
f 4230
f 4872
f 3372
f 878
f 4046
f 4393
f 4918
f 3998
f 3645
f 3343
f 2566
f 3269
f 4578
f 3212
f 3822
f 2997
f 3490
f 4271
f 3793
f 4261
f 4136
f 2700
f 2786
f 2815
f 2098
f 4819
f 3172
f 3329
f 4081
f 4870
f 3174
f 2949
f 4638
f 3201
f 2510
f 198
f 4153
f 3587
f 3498
f 4238
f 3503
f 3671
f 4139
f 2363
f 3949
f 3273
f 4079
f 2645
f 3557
f 4257
f 4037
f 2872
f 3389
f 4385
f 4380
f 3649
f 4391
f 2603
f 4245
f 2690
f 3040
f 30
f 4448
f 4759
f 3158
f 3600
f 3839
f 2261
f 2798
f 3891
f 4664
f 3692
f 4416
f 4042
f 3558
f 2589
f 4466
f 2728
f 3846
f 4344
f 4402
f 3916
f 2895
f 4493
f 2760
f 2611
f 4361
f 2592
f 2820
f 2291
f 3745
f 3231
f 2530
f 3467
f 3473
f 2876
f 4219
f 4232
f 4922
f 4854
f 2038
f 4190
f 370
f 2913
f 3204
f 4140
f 2846
f 4279
f 3920
f 2148
f 3291
f 3048
f 4657
f 4424
f 2770
f 2615
f 4592
f 4187
f 3763
f 2701
f 3198
f 4283
f 1740
f 3458
f 4266
f 2204
f 4334
f 4476
f 3556
f 1014
f 3595
f 4661
f 2609
f 2730
f 4160
f 3014
f 3226
f 1532
f 4504
f 3857
f 4676
f 3962
f 2622
f 3297
f 3337
f 4575
f 4966
f 3981
f 1089
f 3878
f 456
f 2887
f 3446
f 2865
f 2298
f 4847
f 4907
f 4818
f 3850
f 3984
f 4951
f 4845
f 4639
f 3670
f 3959
f 3004
f 4649
f 4002
f 4239
f 3534
f 4030
f 3758
f 3499
f 3802
f 4864
f 3892
f 3537
f 3531
f 4807
f 2665
f 3267
f 4921
f 3632
f 4978
f 4264
f 4472
f 1746
f 4990
f 788
f 2776
f 4800
f 3937
f 2539
f 3209
f 2613
f 3977
f 2553
f 3946
f 3411
f 4120
f 2791
f 4365
f 3680
f 4440
f 4384
f 2486
f 4253
f 829
f 4159
f 2314
f 4910
f 4305
f 4366
f 2582
f 4121
f 2026
f 2458
f 2090
f 2660
f 4658
f 4604
f 2869
f 4147
f 2927
f 4895
f 2483
f 3451
f 4450
f 4170
f 4799
f 4700
f 4632
f 4459
f 4350
f 3055
f 4031
f 4439
f 296
f 1963
f 3101
f 4050
f 3379
f 146
f 2715
f 3322
f 2118
f 4631
f 4777
f 3926
f 3037
f 4823
f 4336
f 3346
f 4675
f 2741
f 2169
f 3749
f 4620
f 4231
f 2739
f 4932
f 2972
f 4376
f 4672
f 4776
f 4481
f 4389
f 3567
f 3688
f 4905
f 1317
f 4883
f 3947
f 3767
f 4005
f 4018
f 2764
f 4806
f 3969
f 2489
f 2345
f 3917
f 2900
f 2515
f 3956
f 3768
f 4612
f 3288
f 995
f 4275
f 2471
f 4263
f 4816
f 2902
f 2374
f 3593
f 3964
f 4953
f 4710
f 4458
f 3324
f 2643
f 3989
f 2531
f 2639
f 3732
f 4461
f 3484
f 4637
f 1844
f 4471
f 989
f 4588
f 3596
f 3090
f 4529
f 3676
f 4056
f 3276
f 3109
f 3306
f 3207
f 3126
f 3
f 2849
f 4386
f 4866
f 4570
f 83
f 3296
f 4418
f 3542
f 4611
f 2881
f 3539
f 2056
f 4446
f 2958
f 3243
f 3129
f 4482
f 2822
f 4522
f 3370
f 4304
f 1308
f 4974
f 4527
f 3887
f 2915
f 1185
f 3661
f 4541
f 719
f 4708
f 3415
f 4736
f 526
f 1772
f 2694
f 3787
f 3607
f 3253
f 3251
f 2888
f 3952
f 3328
f 2828
f 4970
f 3456
f 4001
f 571
f 3837
f 3747
f 3353
f 1444
f 3576
f 3302
f 3629
f 4114
f 4133
f 3312
f 4014
f 3140
f 4449
f 3030
f 3734
f 2583
f 4746
f 4533
f 1436
f 2571
f 4804
f 4032
f 4765
f 3904
f 1596
f 4794
f 4373
f 2514
f 1191
f 3345
f 1977
f 3327
f 2534
f 2529
f 3563
f 3275
f 3779
f 2598
f 4762
f 3217
f 2636
f 3219
f 160
f 4197
f 4060
f 2990
f 2772
f 4199
f 3672
f 4152
f 2768
f 361
f 4728
f 3006
f 3640
f 2139
f 2974
f 4276
f 4698
f 4670
f 4465
f 3369
f 2705
f 4986
f 4135
f 4912
f 3931
f 4767
f 3261
f 1933
f 2288
f 4795
f 4358
f 4878
f 4695
f 2977
f 2808
f 355
f 3082
f 4954
f 4735
f 3110
f 4855
f 2557
f 4225
f 4023
f 4067
f 3428
f 4650
f 2933
f 4727
f 4404
f 3813
f 857
f 2597
f 4523
f 4000
f 4277
f 4780
f 3803
f 4414
f 2999
f 1820
f 4485
f 2686
f 4110
f 2544
f 766
f 4210
f 3881
f 4942
f 1719
f 2663
f 4161
f 3516
f 3517
f 3001
f 2476
f 500
f 2481
f 1975
f 2698
f 4898
f 2355
f 4911
f 3777
f 3548
f 4127
f 3398
f 3742
f 3733
f 3436
f 4869
f 4812
f 4535
f 2773
f 2858
f 4224
f 2302
f 4503
f 785
f 3979
f 2836
f 2926
f 2732
f 3120
f 3407
f 4659
f 3603
f 4888
f 4188
f 1744
f 1522
f 254
f 4956
f 4982
f 4606
f 2600
f 4821
f 3268
f 4903
f 3020
f 2737
f 4949
f 3876
f 3830
f 3789
f 3818
f 2855
f 3076
f 4474
f 4062
f 2688
f 3393
f 1269
f 3089
f 4665
f 144
f 3704
f 4843
f 4591
f 1325
f 3193
f 4887
f 4828
f 3255
f 4237
f 2774
f 4900
f 642
f 3608
f 2674
f 1427
f 188
f 3181
f 3224
f 2632
f 3924
f 3943
f 1880
f 4827
f 2575
f 3107
f 4494
f 3459
f 3080
f 4797
f 3155
f 3033
f 2964
f 2785
f 4500
f 2631
f 4975
f 2841
f 2758
f 4420
f 4506
f 4470
f 4103
f 3104
f 783
f 4318
f 4356
f 4615
f 3744
f 1620
f 3489
f 3443
f 2948
f 4904
f 3169
f 2070
f 4833
f 1676
f 3240
f 4513
f 3831
f 3835
f 4652
f 3826
f 3697
f 1708
f 404
f 4435
f 3957
f 1365
f 4511
f 4840
f 1184
f 3402
f 1124
f 4202
f 2939
f 2766
f 130
f 3410
f 3480
f 4771
f 4613
f 124
f 2361
f 4552
f 1671
f 4973
f 3702
f 3233
f 3855
f 3475
f 2684
f 4967
f 3108
f 4073
f 3667
f 383
f 2863
f 3098
f 2565
f 59
f 4786
f 4605
f 4741
f 3513
f 4250
f 3628
f 3966
f 3764
f 4258
f 3042
f 221
f 4303
f 4546
f 1432
f 2896
f 4945
f 3425
f 3880
f 4090
f 4571
f 4431
f 1058
f 2107
f 4648
f 1501
f 2693
f 3718
f 4298
f 4364
f 3236
f 3100
f 4086
f 4880
f 2697
f 4398
f 4653
f 3287
f 2542
f 3906
f 99
f 2637
f 2667
f 2306
f 2081
f 3972
f 3331
f 4874
f 3364
f 3213
f 1084
f 3228
f 1570
f 4394
f 3720
f 3963
f 4259
f 4769
f 4270
f 4939
f 2925
f 3571
f 4754
f 3013
f 3061
f 4299
f 3123
f 4516
f 4889
f 3154
f 4044
f 2719
f 3141
f 2962
f 3447
f 3395
f 405
f 2550
f 3685
f 2918
f 4370
f 4667
f 4745
f 3335
f 4914
f 3316
f 4943
f 4691
f 4006
f 3167
f 2725
f 4321
f 2727
f 3895
f 4192
f 2254
f 3127
f 4719
f 2616
f 3146
f 3117
f 3520
f 3440
f 2959
f 4526
f 184
f 4287
f 3387
f 4278
f 3497
f 4521
f 4766
f 3340
f 3145
f 3305
f 1030
f 3738
f 4314
f 4690
f 4246
f 4099
f 4641
f 3658
f 3314
f 3922
f 3285
f 4875
f 4141
f 3699
f 3913
f 3958
f 4273
f 4934
f 4368
f 1887
f 3148
f 2799
f 4128
f 3118
f 1358
f 2547
f 4491
f 4049
f 3105
f 4784
f 965
f 3527
f 4682
f 1164
f 3427
f 4992
f 2889
f 1280
f 3035
f 2526
f 2762
f 1665
f 4351
f 3808
f 1200
f 3983
f 4015
f 3462
f 4405
f 1165
f 3910
f 4561
f 4981
f 4635
f 2832
f 4460
f 3792
f 3849
f 3854
f 4012
f 2520
f 4987
f 2644
f 2921
f 3897
f 1393
f 3523
f 4902
f 4013
f 2708
f 2952
f 4716
f 3257
f 3429
f 3651
f 4138
f 3466
f 4557
f 3634
f 2769
f 4508
f 2712
f 4447
f 4933
f 4941
f 3501
f 3995
f 4614
f 1537
f 3546
f 4805
f 2930
f 3900
f 4770
f 2960
c level-2-unloaded
a 4993 848 16
a 4994 544 16
a 4995 3424 16
a 4996 43152 64
a 4997 992 64
a 4998 336 256
a 4999 14976 16
a 5000 1824 64
a 5001 23984 64
a 5002 21312 64
a 5003 752 256
a 5004 3216 64
a 5005 10256 16
a 5006 1600 16
a 5007 1776 16
a 5008 4016 256
a 5009 1520 64
a 5010 752 256
a 5011 10272 256
a 5012 960 256
a 5013 992 16
a 5014 5552 16
a 5015 1328 256
a 5016 1024 16
a 5017 336 64
a 5018 3936 256
a 5019 78192 256
a 5020 6880 256
a 5021 960 256
a 5022 106160 256
a 5023 98896 64
a 5024 1808 16
a 5025 5440 64
a 5026 288 16
a 5027 60000 256
a 5028 15072 256
a 5029 432 16
a 5030 960 256
a 5031 608 64
a 5032 73744 64
a 5033 42512 16
a 5034 2480 256
a 5035 30928 256
a 5036 944 16
a 5037 50272 256
a 5038 2576 16
a 5039 29312 256
a 5040 768 64
a 5041 3424 64
a 5042 3920 16
a 5043 2896 64
a 5044 1968 64
a 5045 2448 64
a 5046 5248 64
a 5047 25040 64
a 5048 52528 16
a 5049 592 256
a 5050 384 16
a 5051 24992 64
a 5052 6880 256
a 5053 12864 64
a 5054 44976 16
a 5055 14464 256
a 5056 432 16
a 5057 107008 256
a 5058 9344 256
a 5059 8784 16
a 5060 3792 256
a 5061 64128 16
a 5062 75168 16
a 5063 5872 16
a 5064 512 16
a 5065 1680 16
a 5066 2032 256
a 5067 5104 256
a 5068 14048 16
a 5069 368 256
a 5070 7936 64
a 5071 37792 64
a 5072 5040 256
a 5073 44176 256
a 5074 101200 16
a 5075 3744 64
a 5076 256 16
a 5077 320 64
a 5078 3728 64
a 5079 19392 256
a 5080 288 16
a 5081 2976 16
a 5082 3920 16
a 5083 3552 256
a 5084 2464 256
a 5085 42624 16
a 5086 55248 256
a 5087 94528 64
a 5088 1232 256
a 5089 3264 16
a 5090 1344 16
a 5091 448 256
a 5092 57424 16
a 5093 400 64
a 5094 2400 256
a 5095 9056 64
a 5096 416 16
a 5097 7872 256
a 5098 4800 64
a 5099 6048 64
a 5100 3072 64
a 5101 1936 16
a 5102 16608 256
a 5103 3296 64
a 5104 864 64
a 5105 12928 256
a 5106 400 16
a 5107 34064 16
a 5108 20096 256
a 5109 400 16
a 5110 3152 16
a 5111 3168 256
a 5112 58192 64
a 5113 608 256
a 5114 59568 16
a 5115 5392 256
a 5116 20416 16
a 5117 65920 256
a 5118 944 64
a 5119 5984 256
a 5120 368 16
a 5121 736 64
a 5122 2160 16
a 5123 1024 64
a 5124 848 16
a 5125 2048 64
a 5126 1632 16
a 5127 61024 64
a 5128 3584 256
a 5129 4400 16
a 5130 12384 16
a 5131 31264 16
a 5132 496 64
a 5133 7200 256
a 5134 4256 64
a 5135 108288 16
a 5136 43680 16
a 5137 7584 256
a 5138 976 16
a 5139 1744 64
a 5140 30416 256
a 5141 2928 16
a 5142 59504 64
a 5143 3856 64
a 5144 800 256
a 5145 7744 64
a 5146 288 16
a 5147 2576 16
a 5148 1216 16
a 5149 1936 64
a 5150 20976 256
a 5151 976 16
a 5152 1872 256
a 5153 512 256
a 5154 2640 256
a 5155 15600 64
a 5156 1936 16
a 5157 5616 16
a 5158 1856 16
a 5159 26656 16
a 5160 4096 16
a 5161 15552 256
a 5162 1024 64
a 5163 336 64
a 5164 10144 64
a 5165 14272 256
a 5166 69968 16
a 5167 45696 64
a 5168 16064 64
a 5169 608 64
a 5170 416 64
a 5171 15200 16
a 5172 55424 64
a 5173 17168 64
a 5174 3248 64
a 5175 672 256
a 5176 111248 64
a 5177 3792 64
a 5178 57776 16
a 5179 13328 64
a 5180 10624 256
a 5181 1936 16
a 5182 21184 16
a 5183 1328 16
a 5184 85248 256
a 5185 59888 16
a 5186 17072 16
a 5187 512 256
a 5188 448 16
a 5189 113888 16
a 5190 42576 64
a 5191 8928 256
a 5192 7616 256
a 5193 496 16
a 5194 1952 16
a 5195 113552 64
a 5196 608 16
a 5197 4992 16
a 5198 125744 256
a 5199 42640 64
a 5200 1776 256
a 5201 11264 256
a 5202 10912 64
a 5203 16352 16
a 5204 3184 16
a 5205 976 16
a 5206 3408 16
a 5207 3664 256
a 5208 672 16
a 5209 1360 256
a 5210 736 64
a 5211 688 16
a 5212 17792 256
a 5213 5296 16
a 5214 22352 16
a 5215 6784 256
a 5216 6080 64
a 5217 12176 64
a 5218 1344 256
a 5219 6016 16
a 5220 8416 256
a 5221 1856 16
a 5222 99552 16
a 5223 24208 16
a 5224 2784 16
a 5225 15200 16
a 5226 880 16
a 5227 127136 256
a 5228 736 64
a 5229 5104 256
a 5230 11280 256
a 5231 1136 256
a 5232 66256 64
a 5233 1952 256
a 5234 18304 16
a 5235 6128 16
a 5236 46832 16
a 5237 1600 16
a 5238 3984 256
a 5239 58752 256
a 5240 6400 16
a 5241 576 256
a 5242 592 16
a 5243 432 64
a 5244 8432 256
a 5245 5008 256
a 5246 2432 256
a 5247 12544 64
a 5248 512 64
a 5249 3904 256
a 5250 2384 64
a 5251 6640 64
a 5252 368 256
a 5253 53904 16
a 5254 976 16
a 5255 9920 256
a 5256 10976 64
a 5257 928 256
a 5258 6128 256
a 5259 304 256
a 5260 56624 16
a 5261 9376 64
a 5262 6080 64
a 5263 1936 256
a 5264 13696 16
a 5265 2256 16
a 5266 16288 64
a 5267 5408 64
a 5268 61392 256
a 5269 2048 64
a 5270 1152 16
a 5271 16240 64
a 5272 18320 64
a 5273 11200 256
a 5274 7104 64
a 5275 13088 16
a 5276 1040 64
a 5277 2496 64
a 5278 12352 256
a 5279 120512 256
a 5280 624 256
a 5281 55456 256
a 5282 86176 64
a 5283 73584 256
a 5284 74144 16
a 5285 5584 64
a 5286 1936 16
a 5287 1600 16
a 5288 1648 64
a 5289 832 16
a 5290 15312 16
a 5291 15088 16
a 5292 1680 256
a 5293 848 16
a 5294 87056 16
a 5295 6160 16
a 5296 12864 256
a 5297 7504 256
a 5298 5040 64
a 5299 27984 64
a 5300 1328 16
a 5301 400 256
a 5302 944 256
a 5303 39600 256
a 5304 432 16
a 5305 128208 16
a 5306 56464 16
a 5307 1632 256
a 5308 688 256
a 5309 320 256
a 5310 480 16
a 5311 1200 64
a 5312 7568 64
a 5313 1552 256
a 5314 61376 16
a 5315 29488 16
a 5316 124432 64
a 5317 1248 64
a 5318 2720 64
a 5319 12464 256
a 5320 528 64
a 5321 18416 64
a 5322 31312 16
a 5323 14704 256
a 5324 1136 256
a 5325 1024 64
a 5326 114320 16
a 5327 1360 64
a 5328 32160 256
a 5329 7264 64
a 5330 61392 256
a 5331 7120 16
a 5332 32960 16
a 5333 3536 64
a 5334 22128 64
a 5335 7808 256
a 5336 832 16
a 5337 304 16
a 5338 25600 16
a 5339 125408 256
a 5340 464 16
a 5341 125856 256
a 5342 121872 16
a 5343 13328 64
a 5344 114464 64
a 5345 1760 64
a 5346 15984 64
a 5347 384 256
a 5348 4912 64
a 5349 50048 64
a 5350 83312 64
a 5351 1360 64
a 5352 21040 256
a 5353 82384 16
a 5354 58896 16
a 5355 25808 16
a 5356 1792 16
a 5357 10496 16
a 5358 4160 64
a 5359 119968 64
a 5360 33984 256
a 5361 55360 16
a 5362 7552 16
a 5363 432 256
a 5364 59968 16
a 5365 3040 64
a 5366 38384 16
a 5367 608 256
a 5368 22368 64
a 5369 12736 64
a 5370 31392 64
a 5371 6160 256
a 5372 98080 64
a 5373 320 64
a 5374 6144 64
a 5375 1376 64
a 5376 2000 64
a 5377 22752 16
a 5378 304 64
a 5379 8240 64
a 5380 50080 64
a 5381 2864 64
a 5382 2016 16
a 5383 12352 256
a 5384 32432 256
a 5385 15008 16
a 5386 5056 16
a 5387 13888 256
a 5388 2112 256
a 5389 3488 64
a 5390 12768 64
a 5391 560 64
a 5392 3664 256
a 5393 480 256
a 5394 7712 256
a 5395 36304 64
a 5396 2816 64
a 5397 1760 256
a 5398 24032 64
a 5399 29920 256
a 5400 1728 256
a 5401 768 16
a 5402 60080 256
a 5403 109472 16
a 5404 11184 256
a 5405 5264 256
a 5406 35792 64
a 5407 113904 256
a 5408 1056 64
a 5409 8128 16
a 5410 35680 256
a 5411 9104 64
a 5412 560 16
a 5413 23280 256
a 5414 512 256
a 5415 11536 256
a 5416 400 16
a 5417 992 256
a 5418 432 16
a 5419 3984 256
a 5420 106704 64
a 5421 4960 256
a 5422 25312 256
a 5423 1216 64
a 5424 464 16
a 5425 64816 16
a 5426 7184 16
a 5427 11344 16
a 5428 7280 16
a 5429 9456 16
a 5430 59568 256
a 5431 29040 64
a 5432 1280 16
a 5433 63296 64
a 5434 46272 64
a 5435 46000 16
a 5436 1120 16
a 5437 13808 16
a 5438 3072 16
a 5439 464 16
a 5440 2016 16
a 5441 5280 256
a 5442 126544 64
a 5443 352 64
a 5444 50832 256
a 5445 68480 256
a 5446 17328 256
a 5447 432 64
a 5448 1776 16
a 5449 960 64
a 5450 80144 16
a 5451 37872 256
a 5452 3216 16
a 5453 864 64
a 5454 1440 256
a 5455 336 16
a 5456 1024 64
a 5457 512 64
a 5458 1104 64
a 5459 1888 256
a 5460 304 16
a 5461 71648 256
a 5462 4016 16
a 5463 3040 64
a 5464 1312 256
a 5465 106848 256
a 5466 1152 16
a 5467 416 64
a 5468 336 16
a 5469 3168 16
a 5470 1104 16
a 5471 17280 64
a 5472 640 64
a 5473 736 16
a 5474 2944 64
a 5475 73456 16
a 5476 70304 256
a 5477 576 256
a 5478 384 16
a 5479 113968 256
a 5480 27280 16
a 5481 1520 64
a 5482 720 16
a 5483 2416 256
a 5484 10064 64
a 5485 1136 64
a 5486 4368 256
a 5487 1504 256
a 5488 26640 64
a 5489 272 64
a 5490 16480 16
a 5491 384 16
a 5492 368 64
a 5493 816 64
a 5494 3808 64
a 5495 28848 256
a 5496 48320 16
a 5497 17680 256
a 5498 4032 64
a 5499 69520 256
a 5500 768 256
a 5501 608 256
a 5502 1552 16
a 5503 15968 256
a 5504 1232 256
a 5505 448 256
a 5506 1552 64
a 5507 304 64
a 5508 42784 16
a 5509 7312 16
a 5510 1424 64
a 5511 912 16
a 5512 4720 16
a 5513 800 256
a 5514 18112 64
a 5515 22192 256
a 5516 848 16
a 5517 92832 16
a 5518 352 64
a 5519 3200 256
a 5520 1664 16
a 5521 35264 16
a 5522 70144 64
a 5523 12144 16
a 5524 704 64
a 5525 3792 64
a 5526 53680 64
a 5527 784 64
a 5528 480 64
a 5529 1008 256
a 5530 18912 256
a 5531 336 256
a 5532 2240 64
a 5533 11200 256
a 5534 10512 256
a 5535 768 64
a 5536 74512 256
a 5537 416 16
a 5538 3408 256
a 5539 352 16
a 5540 105712 256
a 5541 7024 256
a 5542 2160 16
a 5543 9072 16
a 5544 5248 64
a 5545 23296 16
a 5546 25104 16
a 5547 4592 16
a 5548 32864 16
a 5549 288 256
a 5550 88640 64
a 5551 512 16
a 5552 10112 16
a 5553 1536 16
a 5554 3616 64
a 5555 4048 256
a 5556 1040 64
a 5557 19344 256
a 5558 1648 16
a 5559 2800 256
a 5560 18928 64
a 5561 18960 256
a 5562 320 256
a 5563 23696 256
a 5564 576 64
a 5565 12096 16
a 5566 4864 64
a 5567 34048 16
a 5568 1536 16
a 5569 320 256
a 5570 9376 256
a 5571 13216 16
a 5572 496 256
a 5573 7456 256
a 5574 34176 16
a 5575 104112 256
a 5576 3584 256
a 5577 99072 16
a 5578 6128 256
a 5579 14368 64
a 5580 2016 16
a 5581 9344 64
a 5582 25872 16
a 5583 4256 256
a 5584 768 16
a 5585 63280 64
a 5586 45344 64
a 5587 1008 16
a 5588 3984 256
a 5589 11536 64
a 5590 608 64
a 5591 448 16
a 5592 20736 16
a 5593 1872 256
a 5594 123472 16
a 5595 122208 256
a 5596 1792 256
a 5597 9744 64
a 5598 816 16
a 5599 496 16
a 5600 912 16
a 5601 25040 64
a 5602 5072 64
a 5603 47968 64
a 5604 8016 64
a 5605 99040 16
a 5606 5408 256
a 5607 27920 256
a 5608 464 64
a 5609 12464 16
a 5610 105504 64
a 5611 1600 256
a 5612 8128 16
a 5613 8224 64
a 5614 114544 64
a 5615 76768 256
a 5616 2592 256
a 5617 10912 16
a 5618 576 64
a 5619 1824 16
a 5620 592 256
a 5621 6944 16
a 5622 3152 64
a 5623 1888 64
a 5624 448 256
a 5625 80368 256
a 5626 10016 64
a 5627 3504 64
a 5628 4608 256
a 5629 13776 64
a 5630 121904 16
a 5631 480 256
a 5632 3472 256
a 5633 106624 256
a 5634 784 64
a 5635 105472 16
a 5636 5184 16
a 5637 109008 16
a 5638 17200 64
a 5639 272 256
a 5640 3984 64
a 5641 288 16
a 5642 5552 16
a 5643 1088 64
a 5644 976 16
a 5645 384 256
a 5646 752 256
a 5647 3168 256
a 5648 119904 64
a 5649 1392 64
a 5650 1232 64
a 5651 1888 256
a 5652 1648 256
a 5653 2048 256
a 5654 21776 256
a 5655 24912 16
a 5656 43792 16
a 5657 16144 64
a 5658 496 256
a 5659 752 256
a 5660 288 256
a 5661 53856 256
a 5662 1264 16
a 5663 496 16
a 5664 50176 16
a 5665 752 256
a 5666 1856 64
a 5667 8064 64
a 5668 63184 16
a 5669 432 16
a 5670 5088 256
a 5671 640 16
a 5672 29408 16
a 5673 1904 256
a 5674 6240 16
a 5675 3088 64
a 5676 9072 64
a 5677 336 256
a 5678 57520 256
a 5679 48384 64
a 5680 42624 16
a 5681 336 16
a 5682 1936 64
a 5683 384 256
a 5684 31904 16
a 5685 18224 64
a 5686 1120 256
a 5687 608 16
a 5688 69616 16
a 5689 13008 16
a 5690 2144 16
a 5691 448 64
a 5692 320 256
a 5693 12064 16
a 5694 14768 64
a 5695 368 16
a 5696 82256 64
a 5697 2544 256
a 5698 1632 64
a 5699 4992 256
a 5700 848 256
a 5701 368 16
a 5702 7872 256
a 5703 21008 64
a 5704 2448 64
a 5705 304 16
a 5706 84864 256
a 5707 32352 256
a 5708 1312 256
a 5709 1344 256
a 5710 368 256
a 5711 608 16
a 5712 32752 64
a 5713 123424 16
a 5714 26496 256
a 5715 480 256
a 5716 15072 256
a 5717 95360 64
a 5718 95008 64
a 5719 736 64
a 5720 71360 16
a 5721 3104 64
a 5722 336 16
a 5723 1744 16
a 5724 67184 16
a 5725 400 64
a 5726 50992 64
a 5727 3280 256
a 5728 3488 64
a 5729 7648 64
a 5730 47120 256
a 5731 496 256
a 5732 1856 256
a 5733 122720 256
a 5734 1024 256
a 5735 880 64
a 5736 21600 64
a 5737 1392 64
a 5738 1024 16
a 5739 8448 16
a 5740 1936 256
a 5741 272 256
a 5742 3648 64
a 5743 29952 16
a 5744 27056 256
a 5745 46848 64
a 5746 10704 64
a 5747 23040 64
a 5748 15024 64
a 5749 2064 16
a 5750 13936 256
a 5751 3872 64
a 5752 4016 64
a 5753 15040 16
a 5754 7136 256
a 5755 37024 256
a 5756 4000 64
a 5757 2128 64
a 5758 912 256
a 5759 1456 16
a 5760 3792 16
a 5761 1040 16
a 5762 20464 16
a 5763 4544 64
a 5764 10016 256
a 5765 368 256
a 5766 12384 256
a 5767 2672 64
a 5768 8288 16
a 5769 108368 256
a 5770 400 16
a 5771 11472 64
a 5772 1424 64
a 5773 14400 256
a 5774 27952 64
a 5775 4224 16
a 5776 17056 64
a 5777 37280 16
a 5778 1808 256
a 5779 16272 16
a 5780 81504 64
a 5781 416 64
a 5782 88304 64
a 5783 3600 16
a 5784 1376 64
a 5785 6384 16
a 5786 1504 256
a 5787 2688 64
a 5788 1872 64
a 5789 384 64
a 5790 1488 16
a 5791 880 64
a 5792 1856 16
a 5793 18112 64
a 5794 25616 16
a 5795 27760 64
a 5796 61040 16
a 5797 53520 256
a 5798 2912 256
a 5799 1664 16
a 5800 23552 16
a 5801 42880 64
a 5802 1744 256
a 5803 3072 64
a 5804 5328 256
a 5805 23696 16
a 5806 368 256
a 5807 23648 64
a 5808 1776 256
a 5809 102784 64
a 5810 21856 256
a 5811 2784 16
a 5812 62240 64
a 5813 896 64
a 5814 1088 64
a 5815 5312 256
a 5816 1280 16
a 5817 73008 16
a 5818 117712 64
a 5819 32560 64
a 5820 129712 256
a 5821 76848 256
a 5822 1568 16
a 5823 3472 64
a 5824 2320 64
a 5825 9008 64
a 5826 130960 256
a 5827 65216 64
a 5828 62320 256
a 5829 3280 256
a 5830 12624 64
a 5831 4896 256
a 5832 26160 256
a 5833 272 256
a 5834 1536 64
a 5835 4624 64
a 5836 1936 64
a 5837 110768 256
a 5838 496 16
a 5839 13120 256
a 5840 1312 16
a 5841 6848 256
a 5842 800 16
a 5843 2352 16
a 5844 2368 16
a 5845 1280 16
a 5846 3584 64
a 5847 416 64
a 5848 688 256
a 5849 432 16
a 5850 126624 64
a 5851 3296 16
a 5852 336 256
a 5853 1440 16
a 5854 8480 64
a 5855 784 64
a 5856 103584 16
a 5857 19696 64
a 5858 464 64
a 5859 17696 64
a 5860 624 256
a 5861 7968 256
a 5862 896 64
a 5863 41184 16
a 5864 768 16
a 5865 21264 256
a 5866 304 16
a 5867 5328 64
a 5868 54976 64
a 5869 37200 256
a 5870 100208 256
a 5871 416 16
a 5872 464 256
a 5873 928 16
a 5874 51328 256
a 5875 2288 256
a 5876 1008 16
a 5877 12048 64
a 5878 3808 64
a 5879 106512 256
a 5880 800 256
a 5881 12336 64
a 5882 1856 256
a 5883 59168 256
a 5884 464 16
a 5885 1600 16
a 5886 38464 256
a 5887 13104 256
a 5888 49776 16
a 5889 672 16
a 5890 11120 256
a 5891 4000 64
a 5892 30096 16
a 5893 608 64
a 5894 50016 16
a 5895 2896 64
a 5896 5136 256
a 5897 53824 64
a 5898 1584 256
a 5899 5168 16
a 5900 52928 16
a 5901 1200 256
a 5902 432 64
a 5903 30768 64
a 5904 336 64
a 5905 10080 64
a 5906 68368 64
a 5907 30304 64
a 5908 6464 16
a 5909 3232 256
a 5910 2400 64
a 5911 6288 256
a 5912 336 64
a 5913 14800 16
a 5914 72736 256
a 5915 1856 256
a 5916 400 64
a 5917 2736 16
a 5918 1680 16
a 5919 464 16
a 5920 25920 64
a 5921 9904 64
a 5922 1296 256
a 5923 81648 16
a 5924 41648 64
a 5925 32224 16
a 5926 816 16
a 5927 496 16
a 5928 47920 256
a 5929 37328 64
a 5930 18560 64
a 5931 448 16
a 5932 2144 16
a 5933 13760 16
a 5934 752 64
a 5935 15648 16
a 5936 2448 256
a 5937 55856 256
a 5938 416 16
a 5939 384 16
a 5940 14064 16
a 5941 46384 16
a 5942 304 16
a 5943 14160 256
a 5944 672 64
a 5945 20608 256
a 5946 1920 16
a 5947 26656 16
a 5948 2160 64
a 5949 73312 16
a 5950 14448 16
a 5951 3968 64
a 5952 21280 256
a 5953 36624 16
a 5954 1008 256
a 5955 3568 16
a 5956 688 64
a 5957 400 64
a 5958 2128 256
a 5959 25584 16
a 5960 14352 16
a 5961 5264 256
a 5962 880 64
a 5963 12800 256
a 5964 1120 16
a 5965 1664 64
a 5966 43008 16
a 5967 464 16
a 5968 70912 256
a 5969 115616 64
a 5970 4416 64
a 5971 1440 16
a 5972 27424 16
a 5973 2016 64
a 5974 320 16
a 5975 82480 64
a 5976 29056 64
a 5977 3056 64
a 5978 52336 256
a 5979 28944 256
a 5980 3776 64
a 5981 4688 64
a 5982 49168 64
a 5983 40064 16
a 5984 3968 256
a 5985 85712 256
a 5986 3232 256
a 5987 912 16
a 5988 18400 64
a 5989 1968 256
a 5990 2416 64
a 5991 104752 256
a 5992 480 256
a 5993 672 256
a 5994 18112 16
a 5995 26704 64
a 5996 1712 16
a 5997 125568 64
a 5998 12352 64
a 5999 14736 256
a 6000 6000 256
a 6001 24848 64
a 6002 27440 16
a 6003 992 256
a 6004 16352 64
a 6005 624 256
a 6006 23216 16
a 6007 92608 16
a 6008 4880 256
a 6009 8288 64
a 6010 464 256
a 6011 37440 16
a 6012 1664 256
a 6013 18992 256
a 6014 320 64
a 6015 47920 64
a 6016 6096 256
a 6017 1328 256
a 6018 6816 64
a 6019 384 256
a 6020 1376 256
a 6021 30208 256
a 6022 1360 64
a 6023 1328 64
a 6024 45024 64
a 6025 528 256
a 6026 51920 256
a 6027 81952 64
a 6028 29248 16
a 6029 44752 16
a 6030 336 256
a 6031 6832 256
a 6032 576 64
a 6033 13056 16
a 6034 736 64
a 6035 61744 16
a 6036 18464 64
a 6037 14736 64
a 6038 68016 256
a 6039 15472 16
a 6040 7472 16
a 6041 14384 256
a 6042 2080 256
a 6043 1824 64
a 6044 3440 64
a 6045 1152 64
a 6046 32208 16
a 6047 1360 16
a 6048 114752 64
a 6049 19088 64
a 6050 83008 256
a 6051 416 256
a 6052 6416 256
a 6053 800 16
a 6054 976 256
a 6055 848 64
a 6056 3360 256
a 6057 848 256
a 6058 688 256
a 6059 10976 16
a 6060 29744 16
a 6061 1056 64
a 6062 880 16
a 6063 47712 256
a 6064 1552 16
a 6065 24272 64
a 6066 51408 64
a 6067 464 64
a 6068 1184 16
a 6069 7488 16
a 6070 4048 256
a 6071 1600 256
a 6072 464 64
a 6073 13024 256
a 6074 1152 16
a 6075 74224 16
a 6076 1344 256
a 6077 84800 256
a 6078 117488 64
a 6079 2336 64
a 6080 384 64
a 6081 17024 16
a 6082 15520 256
a 6083 2848 64
a 6084 80000 64
a 6085 8880 256
a 6086 17552 256
a 6087 464 64
a 6088 3808 64
a 6089 816 256
a 6090 11648 16
a 6091 50768 64
a 6092 5936 256
a 6093 5184 16
a 6094 7200 256
a 6095 3536 16
a 6096 28592 16
a 6097 42656 16
a 6098 30544 16
a 6099 6480 64
a 6100 512 64
a 6101 304 16
a 6102 2496 16
a 6103 512 64
a 6104 2400 16
a 6105 18576 16
a 6106 107600 16
a 6107 14032 16
a 6108 1584 16
a 6109 55984 256
a 6110 6688 64
a 6111 49936 64
a 6112 5616 256
a 6113 19456 16
a 6114 8176 16
a 6115 688 16
a 6116 6336 256
a 6117 13568 256
a 6118 10208 64
a 6119 126848 64
a 6120 25680 64
a 6121 4032 64
a 6122 1328 64
a 6123 432 256
a 6124 55104 256
a 6125 17040 64
a 6126 10944 256
a 6127 688 16
a 6128 130976 256
a 6129 6368 64
a 6130 2784 16
a 6131 2416 64
a 6132 97568 64
a 6133 40224 64
a 6134 6000 16
a 6135 2192 256
a 6136 7312 16
a 6137 4368 16
a 6138 79392 16
a 6139 2192 64
a 6140 1616 16
a 6141 73568 64
a 6142 30848 16
a 6143 1584 16
a 6144 14880 256
a 6145 528 256
a 6146 6912 256
a 6147 1776 64
a 6148 5632 64
a 6149 3296 16
a 6150 1328 16
a 6151 98960 64
a 6152 1296 64
a 6153 3632 256
a 6154 108848 64
a 6155 2992 16
a 6156 9696 16
a 6157 6080 16
a 6158 2768 16
a 6159 352 256
a 6160 9552 64
a 6161 6880 64
a 6162 1680 64
a 6163 5952 256
a 6164 784 64
a 6165 62016 64
a 6166 113584 16
a 6167 11264 16
a 6168 86496 256
a 6169 560 64
a 6170 1280 64
a 6171 5536 256
a 6172 4848 256
a 6173 384 16
a 6174 14832 64
a 6175 75968 16
a 6176 6000 16
a 6177 4960 16
a 6178 448 16
a 6179 496 16
a 6180 10480 256
a 6181 116624 256
a 6182 7600 16
a 6183 496 16
a 6184 1936 16
a 6185 116352 256
a 6186 36752 16
a 6187 7632 256
a 6188 288 256
a 6189 102224 256
a 6190 3744 64
a 6191 34656 16
a 6192 52912 256
a 6193 55792 64
a 6194 36192 64
a 6195 7584 256
a 6196 22608 256
a 6197 15856 64
a 6198 61568 16
a 6199 3712 256
a 6200 1040 64
a 6201 57088 16
a 6202 49040 256
a 6203 8480 256
a 6204 73520 64
a 6205 23600 64
a 6206 5984 256
a 6207 24256 256
a 6208 104048 64
a 6209 106320 16
a 6210 20512 64
a 6211 47520 256
a 6212 3696 64
a 6213 6256 64
a 6214 1248 16
a 6215 3328 64
a 6216 3232 16
a 6217 3280 256
a 6218 20240 64
a 6219 91984 256
a 6220 880 64
a 6221 592 64
a 6222 6944 256
a 6223 5968 16
a 6224 51248 64
a 6225 75440 64
a 6226 14848 64
a 6227 5168 256
a 6228 129312 16
a 6229 336 256
a 6230 608 16
a 6231 16256 256
a 6232 13280 16
a 6233 13552 16
a 6234 11440 256
a 6235 27888 16
a 6236 123536 256
a 6237 17328 16
a 6238 1360 16
a 6239 42896 64
a 6240 912 256
a 6241 1200 64
a 6242 14448 64
a 6243 31184 256
a 6244 7024 256
a 6245 92496 256
a 6246 16128 64
a 6247 1328 16
a 6248 1760 256
a 6249 35008 64
a 6250 800 64
a 6251 5376 256
a 6252 104208 64
a 6253 2464 256
a 6254 1008 64
a 6255 320 64
a 6256 336 256
a 6257 83840 256
a 6258 4736 256
a 6259 4448 16
a 6260 7312 16
a 6261 528 16
a 6262 23632 256
a 6263 77680 16
a 6264 1552 256
a 6265 90864 16
a 6266 63360 64
a 6267 1568 64
a 6268 16048 64
a 6269 25456 16
a 6270 90352 256
a 6271 46848 16
a 6272 400 16
a 6273 129104 256
a 6274 496 16
a 6275 15120 256
a 6276 59632 64
a 6277 272 64
a 6278 42896 16
a 6279 736 16
a 6280 1584 64
a 6281 26512 16
a 6282 27840 64
a 6283 27776 64
a 6284 49616 16
a 6285 122112 256
a 6286 80000 256
a 6287 24688 16
a 6288 6864 64
a 6289 3520 16
a 6290 119952 256
a 6291 3680 16
a 6292 23488 16
a 6293 848 64
a 6294 24480 64
a 6295 320 64
a 6296 480 256
a 6297 336 16
a 6298 480 256
a 6299 8160 256
a 6300 130080 64
a 6301 24320 256
a 6302 3344 16
a 6303 4496 256
a 6304 432 64
a 6305 100736 256
a 6306 1792 16
a 6307 11792 64
a 6308 10352 16
a 6309 1568 64
a 6310 57312 64
a 6311 8176 64
a 6312 6736 64
a 6313 50960 256
a 6314 61200 256
a 6315 432 64
a 6316 20176 256
a 6317 52512 16
a 6318 5760 256
a 6319 3984 256
a 6320 768 16
a 6321 1488 16
a 6322 416 64
a 6323 30944 64
a 6324 880 256
a 6325 113664 64
a 6326 12272 64
a 6327 63456 64
a 6328 32720 16
a 6329 4400 256
a 6330 1072 64
a 6331 512 64
a 6332 5296 16
a 6333 21568 16
a 6334 1008 64
a 6335 8032 256
a 6336 352 64
a 6337 92416 64
a 6338 10368 64
a 6339 848 16
a 6340 672 16
a 6341 480 16
a 6342 102240 256
a 6343 25568 16
a 6344 95168 256
a 6345 352 64
a 6346 13776 64
a 6347 79936 256
a 6348 118656 16
a 6349 944 256
a 6350 2496 16
a 6351 2992 64
a 6352 5040 64
a 6353 768 64
a 6354 39056 16
a 6355 672 16
a 6356 368 64
a 6357 2208 64
a 6358 41888 256
a 6359 14816 256
a 6360 1568 256
a 6361 416 16
a 6362 17072 64
a 6363 2608 256
a 6364 976 256
a 6365 64912 64
a 6366 976 256
a 6367 11408 16
a 6368 10832 64
a 6369 864 16
a 6370 2096 256
a 6371 320 64
a 6372 8064 64
a 6373 8400 16
a 6374 496 16
a 6375 1168 16
a 6376 66384 64
a 6377 3184 64
a 6378 7808 64
a 6379 121152 16
a 6380 51552 16
a 6381 89520 16
a 6382 16624 64
a 6383 3904 256
a 6384 56000 16
a 6385 1616 16
a 6386 3776 16
a 6387 15264 16
a 6388 304 256
a 6389 5232 64
a 6390 11072 64
a 6391 464 64
a 6392 129552 256
a 6393 5920 16
a 6394 656 64
a 6395 49808 64
a 6396 3632 256
a 6397 82672 16
a 6398 640 16
a 6399 50304 256
a 6400 528 64
a 6401 129952 64
a 6402 1024 256
a 6403 57712 16
a 6404 448 256
a 6405 384 16
a 6406 464 16
a 6407 992 16
a 6408 24560 256
a 6409 21184 256
a 6410 1200 16
a 6411 4960 16
a 6412 10336 64
a 6413 107728 256
a 6414 2800 16
a 6415 544 256
a 6416 10256 256
a 6417 130464 256
a 6418 320 16
a 6419 86736 256
a 6420 1488 256
a 6421 976 64
a 6422 60864 64
a 6423 77072 256
a 6424 125536 16
a 6425 37056 16
a 6426 8160 64
a 6427 4688 16
a 6428 816 256
a 6429 92368 64
a 6430 69168 64
a 6431 2416 256
a 6432 1760 64
a 6433 320 16
a 6434 74576 256
a 6435 752 64
a 6436 5584 16
a 6437 25472 16
a 6438 1488 64
a 6439 33056 64
a 6440 464 64
a 6441 17216 64
a 6442 1184 16
a 6443 3888 64
a 6444 1504 256
a 6445 27616 256
a 6446 1536 64
a 6447 34496 64
a 6448 9792 16
a 6449 480 16
a 6450 58176 16
a 6451 2144 16
a 6452 22640 16
a 6453 6240 256
a 6454 800 64
a 6455 119952 256
a 6456 1024 16
a 6457 29520 64
a 6458 5520 64
a 6459 592 256
a 6460 5008 256
a 6461 116720 256
a 6462 1984 16
a 6463 448 256
a 6464 1456 16
a 6465 544 16
a 6466 23104 256
a 6467 288 256
a 6468 1872 256
a 6469 672 64
a 6470 7280 16
a 6471 95872 64
a 6472 336 256
a 6473 121344 64
a 6474 5104 16
a 6475 1744 64
a 6476 53088 256
a 6477 656 16
a 6478 30224 16
a 6479 304 256
a 6480 118160 64
a 6481 7536 256
a 6482 512 16
a 6483 1952 64
a 6484 19408 16
a 6485 50272 16
a 6486 336 64
a 6487 9136 256
a 6488 61120 64
a 6489 54320 64
a 6490 9952 256
a 6491 40400 16
a 6492 832 256
c level-3-loaded
a 6493 7904 64
f 6216
f 4609
f 4644
f 5765
a 6494 25104 256
f 5148
f 5544
f 2657
a 6495 53088 64
a 6496 464 16
a 6497 896 64
f 5778
f 3115
f 5067
a 6498 496 64
f 5153
a 6499 103424 16
f 5663
f 4692
f 6402
a 6500 1824 64
a 6501 528 16
f 3780
f 5327
f 5524
a 6502 6448 256
a 6503 1232 64
a 6504 912 64
a 6505 124800 256
f 3741
a 6506 124192 16
f 4738
f 6473
a 6507 74832 16
a 6508 5344 256
a 6509 62512 16
f 3313
f 6417
a 6510 1536 64
f 5015
a 6511 90016 16
a 6512 69568 64
a 6513 464 64
f 5409
f 1644
a 6514 368 256
a 6515 52816 256
a 6516 1808 16
f 6127
a 6517 26768 16
f 6092
f 6277
a 6518 96176 256
a 6519 32624 256
a 6520 90768 16
f 5401
a 6521 1040 16
f 6050
f 5756
f 6148
f 3252
a 6522 38096 64
f 5416
f 6352
f 5605
a 6523 480 256
f 5612
f 5162
a 6524 1280 256
f 5398
f 5095
f 6052
a 6525 59680 256
f 5476
a 6526 15248 16
a 6527 31328 256
f 6259
a 6528 91152 16
f 2818
f 5623
f 6384
a 6529 6928 256
a 6530 11312 64
f 1288
f 5686
a 6531 5968 64
a 6532 57776 256
f 5630
f 5750
a 6533 2288 64
a 6534 480 256
f 2672
a 6535 78400 16
f 3342
a 6536 2912 16
f 6211
f 6205
a 6537 576 16
a 6538 8304 256
f 6069
f 3752
f 5640
f 5224
a 6539 97248 256
a 6540 37696 64
f 5325
f 5435
f 5907
f 6252
a 6541 512 16
f 6350
f 6254
a 6542 26096 16
f 6039
f 5526
a 6543 83584 256
f 5489
a 6544 10416 256
a 6545 56880 64
a 6546 6896 256
a 6547 4992 64
a 6548 336 256
a 6549 480 256
a 6550 912 16
f 4891
a 6551 10768 64
a 6552 83200 64
a 6553 61936 64
f 6079
a 6554 47760 16
a 6555 117088 64
f 5016
a 6556 3632 16
f 261
a 6557 8960 16
a 6558 288 16
f 4602
a 6559 752 16
f 529
f 6480
f 1111
a 6560 42688 64
a 6561 42896 16
f 6226
f 6412
f 6477
a 6562 720 256
f 2412
f 6036
a 6563 3552 16
f 5481
a 6564 272 256
f 4901
f 5020
f 5328
a 6565 1600 16
f 6153
f 6380
f 6555
a 6566 13664 256
f 3710
a 6567 6624 16
f 3046
a 6568 31904 64
a 6569 59600 16
f 2995
a 6570 62656 256
f 5225
f 5535
f 6432
a 6571 21536 64
a 6572 528 256
a 6573 60848 256
f 4308
f 6292
f 5104
a 6574 20736 256
a 6575 3920 256
a 6576 57472 256
a 6577 106096 64
f 5617
f 6157
f 5106
f 6353
f 4947
a 6578 1488 256
a 6579 928 64
a 6580 3424 64
a 6581 2800 16
f 6403
f 5622
a 6582 1040 16
a 6583 3168 16
a 6584 34192 64
a 6585 9488 64
a 6586 14112 256
f 5326
f 5560
a 6587 11792 256
a 6588 15488 16
a 6589 960 64
a 6590 912 16
a 6591 43296 256
f 6010
f 6272
a 6592 3648 256
a 6593 912 256
f 5475
f 5344
a 6594 736 64
a 6595 15056 64
a 6596 272 64
a 6597 496 16
a 6598 3424 256
a 6599 15184 64
f 6366
f 6068
f 3021
f 5795
a 6600 2800 16
f 6357
f 4412
a 6601 115632 256
f 4101
f 5461
f 6356
a 6602 9888 16
a 6603 3984 16
a 6604 13216 16
a 6605 432 64
f 5802
f 5954
f 5919
a 6606 6576 64
f 4222
a 6607 12224 256
f 4655
a 6608 1296 256
a 6609 8064 64
f 4957
a 6610 672 256
f 6593
f 6291
f 5236
f 5430
a 6611 320 64
a 6612 29472 16
f 2103
f 5391
f 5507
a 6613 6992 64
f 5545
f 5125
f 6458
f 6260
a 6614 1856 256
a 6615 2000 16
f 3511
f 3334
f 6365
f 5759
a 6616 944 64
a 6617 52656 256
a 6618 26272 16
a 6619 976 64
a 6620 416 16
f 6133
f 1250
a 6621 1952 64
a 6622 4960 16
f 5082
f 5256
f 3648
a 6623 1184 16
f 6454
f 5728
a 6624 39552 256
a 6625 832 64
a 6626 640 64
a 6627 1584 256
a 6628 29072 16
a 6629 6112 256
f 6027
f 5255
a 6630 480 64
a 6631 8960 16
a 6632 1984 256
f 5824
f 4297
a 6633 848 256
f 5155
a 6634 3344 64
f 5485
a 6635 976 64
a 6636 7168 64
a 6637 29920 64
a 6638 656 64
f 6135
a 6639 33760 256
a 6640 16656 16
f 5073
a 6641 27888 256
f 6159
f 5864
f 26
a 6642 896 16
f 5116
a 6643 32016 16
a 6644 688 64
a 6645 1440 64
a 6646 12448 256
f 5803
f 5968
f 6081
f 5904
a 6647 288 256
f 4326
a 6648 58032 64
a 6649 576 16
a 6650 464 16
f 4647
a 6651 2528 64
f 5337
f 6479
a 6652 11392 256
f 3156
f 5287
f 6621
a 6653 14208 64
a 6654 45232 256
a 6655 81392 64
f 5732
f 4104
a 6656 384 256
f 4782
f 6389
a 6657 1328 16
a 6658 7776 16
f 5724
f 4938
f 6308
a 6659 608 16
f 4168
a 6660 960 16
f 5941
f 4948
a 6661 1184 64
a 6662 8160 64
f 5085
f 6331
a 6663 11856 16
f 4730
f 1145
f 4790
a 6664 1600 256
f 5077
f 5061
f 6318
f 5752
a 6665 3840 16
a 6666 19040 256
a 6667 1440 256
a 6668 128928 16
f 5305
a 6669 6000 16
a 6670 1200 256
a 6671 65120 64
f 3384
f 5253
f 6507
f 5233
f 3683
f 4809
a 6672 23920 16
a 6673 8496 64
f 5482
f 6488
a 6674 10528 256
f 5976
a 6675 480 16
f 2923
a 6676 109280 256
f 6518
a 6677 416 16
a 6678 448 16
a 6679 4032 16
a 6680 17472 64
f 6677
a 6681 96768 16
a 6682 11008 256
f 67
a 6683 2640 256
f 2908
a 6684 43104 16
f 6538
f 2610
a 6685 608 16
f 6514
f 5592
a 6686 4576 256
a 6687 976 16
f 6273
a 6688 86464 256
f 5577
a 6689 6976 16
a 6690 288 64
a 6691 3392 64
a 6692 1664 64
a 6693 992 64
a 6694 2096 256
a 6695 3808 256
a 6696 86480 64
f 5484
f 5383
a 6697 384 256
f 5114
f 5924
a 6698 14368 256
f 4577
a 6699 304 256
f 5479
a 6700 1824 16
a 6701 1232 16
f 6470
f 5852
f 6604
a 6702 3616 16
f 6632
f 6239
f 3618
a 6703 3280 64
f 5741
f 6269
f 5581
a 6704 7328 64
f 4316
a 6705 10400 16
a 6706 1712 64
a 6707 5312 256
f 1508
a 6708 40608 256
f 6478
f 5149
f 5798
a 6709 50944 16
a 6710 7808 256
a 6711 15888 256
f 5462
f 2936
a 6712 4864 16
f 3518
a 6713 1024 64
a 6714 27360 256
f 6414
f 5066
a 6715 13088 16
f 6124
a 6716 50432 256
f 3124
a 6717 944 64
a 6718 1088 64
f 4087
a 6719 624 64
f 3978
a 6720 3040 256
a 6721 1008 16
f 5758
f 5508
f 6633
a 6722 2752 64
f 4383
f 6289
a 6723 35088 16
f 6654
f 5818
f 6594
a 6724 20912 256
a 6725 912 64
a 6726 30288 16
f 4407
a 6727 53440 16
a 6728 1952 64
f 6539
a 6729 107424 64
a 6730 784 16
f 6078
f 6196
f 6498
f 4017
f 6586
a 6731 6192 64
f 4715
f 2988
a 6732 41760 256
a 6733 752 16
a 6734 1328 256
a 6735 864 16
a 6736 368 16
f 5821
a 6737 7280 256
a 6738 7568 16
f 5035
a 6739 27696 64
f 5357
a 6740 64208 16
a 6741 352 64
f 6274
f 5570
a 6742 432 256
f 3039
f 5492
a 6743 13744 256
f 5283
a 6744 6912 16
a 6745 9456 16
f 4842
a 6746 14032 16
f 4752
a 6747 90096 16
a 6748 272 16
a 6749 832 256
f 5133
a 6750 4944 64
f 5459
f 2560
f 5892
f 6422
f 3925
f 5192
a 6751 15504 256
f 5336
a 6752 1552 256
f 3574
a 6753 7216 16
a 6754 7696 256
f 6698
a 6755 28752 256
f 5345
a 6756 3328 64
f 6311
a 6757 17104 256
f 6396
f 5948
f 3562
a 6758 41440 64
f 5928
a 6759 10704 64
f 5228
a 6760 288 16
f 5627
f 5744
f 6468
a 6761 39904 256
f 5988
f 5203
a 6762 896 16
f 5023
a 6763 336 16
a 6764 20368 256
f 5227
f 5334
f 6112
a 6765 104672 64
f 6656
f 5092
f 5742
a 6766 4944 256
f 5808
a 6767 2272 256
f 4853
f 6754
f 5565
f 4924
f 6119
a 6768 44448 64
f 6757
a 6769 10608 256
f 6200
a 6770 6704 256
a 6771 30240 64
a 6772 2272 256
a 6773 5600 256
a 6774 52784 16
f 2787
f 5024
a 6775 3888 64
a 6776 4368 16
a 6777 56896 256
f 5650
f 5445
f 5755
a 6778 2944 64
f 4109
f 4419
f 5554
f 6661
f 797
f 6531
a 6779 104592 64
a 6780 37616 256
f 3889
a 6781 80736 256
f 5685
f 6072
a 6782 42016 64
f 3190
a 6783 1728 256
a 6784 31824 64
a 6785 480 64
f 2996
a 6786 3648 64
f 3088
a 6787 640 256
a 6788 2448 64
f 6525
f 3532
f 5349
f 3721
a 6789 57984 16
f 5464
f 5001
a 6790 74272 64
a 6791 480 256
a 6792 111232 16
f 4426
a 6793 1040 256
a 6794 7264 64
a 6795 47168 16
f 6580
f 4322
f 5078
a 6796 45504 64
a 6797 2176 256
f 1295
a 6798 3520 256
f 5191
a 6799 2928 16
a 6800 432 16
f 6363
a 6801 12320 256
f 6486
a 6802 15264 16
f 6716
a 6803 26288 64
f 6248
f 5371
a 6804 976 256
a 6805 400 256
a 6806 4496 16
f 5417
a 6807 256 64
f 5089
a 6808 102784 16
a 6809 400 64
a 6810 5136 16
f 4262
a 6811 400 16
a 6812 6608 256
a 6813 1744 16
a 6814 52096 256
f 6773
a 6815 11744 64
a 6816 65872 16
a 6817 87232 64
a 6818 976 16
a 6819 62736 64
a 6820 464 256
a 6821 28304 64
f 6741
f 3307
a 6822 1888 256
f 5029
f 6484
f 5666
a 6823 2016 256
f 5586
f 4764
f 6736
f 5583
a 6824 1776 16
f 6208
f 6058
a 6825 1152 256
f 6787
f 6230
a 6826 65008 16
a 6827 400 16
a 6828 1312 64
f 5058
f 1606
a 6829 368 64
f 5827
a 6830 592 256
a 6831 3008 64
f 5866
a 6832 6080 16
f 3736
a 6833 19632 64
f 5774
f 2540
a 6834 26832 16
a 6835 8752 16
a 6836 9424 16
a 6837 8192 256
a 6838 2272 16
f 4377
f 5962
f 6660
f 6515
f 6794
a 6839 15264 64
f 6739
a 6840 1392 16
f 6105
a 6841 992 256
f 5387
a 6842 69904 16
f 5382
a 6843 20480 64
a 6844 3216 256
a 6845 3728 64
f 6408
f 4587
a 6846 1024 64
a 6847 32112 256
f 5404
f 5670
a 6848 61904 64
f 5075
f 5468
a 6849 15904 64
a 6850 2016 16
f 2831
a 6851 6576 64
f 3463
f 4686
a 6852 50544 64
f 6094
a 6853 24288 16
f 5591
a 6854 496 16
a 6855 108448 16
f 5390
a 6856 4768 64
f 6044
a 6857 1296 16
a 6858 64336 256
f 5399
f 6431
a 6859 320 256
a 6860 31424 16
f 6188
f 5159
a 6861 12512 64
f 6827
a 6862 85152 64
a 6863 3696 16
a 6864 6816 64
f 3028
a 6865 1664 64
a 6866 368 16
a 6867 2256 16
f 6492
a 6868 6496 256
f 3424
a 6869 52816 256
a 6870 592 64
a 6871 464 64
f 6181
a 6872 64032 16
a 6873 8128 256
f 5927
f 4597
f 6708
f 6006
f 5126
f 4674
f 2229
a 6874 24736 16
a 6875 288 16
f 4171
f 5722
a 6876 25680 64
a 6877 52224 16
a 6878 35152 16
a 6879 12064 64
f 5343
f 5285
a 6880 14528 256
a 6881 1984 16
f 6218
a 6882 304 16
f 5257
f 5488
f 5247
a 6883 19424 64
a 6884 84656 256
a 6885 992 256
f 6228
f 5164
f 6367
f 6740
a 6886 1936 256
a 6887 656 16
f 5909
a 6888 2384 16
a 6889 64464 256
f 4456
f 4669
f 5418
a 6890 69152 64
a 6891 10256 16
f 3804
a 6892 3312 16
f 6424
a 6893 63056 64
a 6894 2048 64
f 4773
f 3888
f 6567
f 5503
f 6493
f 6175
f 6178
a 6895 15168 256
f 6300
a 6896 70096 256
a 6897 26352 16
f 5579
f 6624
f 6612
f 5246
f 4301
f 5502
f 6321
f 5675
f 6136
f 6776
a 6898 18112 16
a 6899 1376 256
a 6900 51520 16
f 3950
a 6901 3072 64
f 6240
a 6902 23088 64
f 6795
a 6903 12240 16
a 6904 17536 256
f 6793
a 6905 124464 256
a 6906 3744 64
a 6907 2176 16
a 6908 11472 64
f 3038
f 4950
f 6276
a 6909 17648 256
a 6910 82192 64
f 5845
f 6650
f 6756
f 6312
f 2714
f 6653
a 6911 1808 16
a 6912 1216 16
a 6913 60096 64
a 6914 13568 64
f 5858
a 6915 94960 16
a 6916 47712 16
a 6917 24960 16
f 5381
a 6918 416 64
a 6919 10752 64
f 6179
a 6920 960 256
f 3223
a 6921 27840 64
a 6922 2912 64
a 6923 9760 64
f 5444
f 6737
f 5265
f 6214
a 6924 3568 256
f 4584
a 6925 6720 64
f 6880
f 5712
a 6926 6048 64
f 6084
a 6927 4352 64
a 6928 60992 64
f 4558
f 6763
a 6929 1888 64
a 6930 1424 16
a 6931 304 64
a 6932 16832 256
f 4497
f 2638
a 6933 42240 256
f 3371
a 6934 1168 16
a 6935 13712 16
f 4286
f 6139
a 6936 8080 256
a 6937 6816 256
f 6541
a 6938 1776 256
f 6920
f 6868
f 6678
f 6460
f 6383
f 5076
a 6939 37680 256
f 6560
a 6940 63104 16
f 3750
f 6532
a 6941 4944 64
f 6897
f 5261
a 6942 7952 256
a 6943 1728 256
a 6944 304 16
a 6945 114096 256
f 5205
a 6946 3552 256
a 6947 7760 16
f 6329
f 6441
f 6016
f 6524
f 6162
a 6948 15984 256
f 6299
a 6949 37024 16
f 4839
a 6950 736 16
f 6830
f 6872
f 5812
a 6951 624 256
f 4772
f 5490
a 6952 5504 64
a 6953 42896 64
a 6954 98400 256
a 6955 384 16
a 6956 10736 256
f 6639
f 5761
f 6607
a 6957 88272 16
f 5517
f 5540
a 6958 368 16
a 6959 784 256
a 6960 7136 256
f 6640
a 6961 1280 16
a 6962 2000 256
a 6963 576 256
a 6964 12080 64
a 6965 6576 16
f 5914
f 6805
a 6966 4480 16
f 6939
a 6967 2736 256
f 5478
f 4118
a 6968 4400 16
a 6969 4432 64
a 6970 800 64
a 6971 6496 16
a 6972 18928 64
f 6008
a 6973 32400 64
a 6974 15392 16
a 6975 1952 64
a 6976 608 16
f 5648
a 6977 5936 16
a 6978 8144 64
f 3975
f 5041
f 4627
a 6979 12224 16
a 6980 16144 16
a 6981 26624 256
a 6982 64544 256
f 4583
f 6235
f 5706
a 6983 1008 64
f 6979
f 5604
f 5266
a 6984 976 16
f 6141
a 6985 19744 256
f 2738
f 6742
f 3356
a 6986 2864 16
f 2490
f 4865
a 6987 56576 64
a 6988 448 16
a 6989 8176 256
a 6990 592 64
f 6790
a 6991 7040 64
f 5086
a 6992 288 64
a 6993 5264 16
f 6185
a 6994 384 16
f 5172
f 5231
f 3711
f 4971
f 6293
a 6995 28784 256
a 6996 69104 256
a 6997 104448 256
a 6998 1792 64
f 5996
f 5431
f 6349
a 6999 1728 256
a 7000 656 256
a 7001 5584 16
a 7002 7296 256
a 7003 104432 64
f 5198
a 7004 2848 16
f 4165
f 5726
f 4106
f 5480
f 5552
a 7005 55888 16
a 7006 3408 256
f 5281
a 7007 3360 64
f 5589
f 6090
a 7008 42368 16
a 7009 4576 16
f 3241
a 7010 2048 256
a 7011 4080 256
a 7012 58912 64
f 4671
a 7013 1504 16
a 7014 384 64
a 7015 320 256
f 6031
f 5129
a 7016 26512 256
a 7017 8080 64
a 7018 3296 16
a 7019 65648 64
a 7020 304 256
a 7021 12752 256
f 2537
a 7022 6496 16
a 7023 672 256
a 7024 2496 64
f 5098
f 2040
a 7025 97456 16
f 5659
f 6025
f 5495
a 7026 352 16
f 6749
f 3967
a 7027 1376 64
f 6694
f 6817
a 7028 97296 256
a 7029 49216 64
a 7030 352 64
f 5901
a 7031 304 16
a 7032 92352 256
f 5216
f 6086
f 6186
f 6243
a 7033 5520 16
a 7034 1024 64
a 7035 96240 16
a 7036 8416 64
a 7037 47168 64
a 7038 4496 256
f 4623
a 7039 33232 64
f 5235
f 7023
f 6601
f 1999
a 7040 116112 64
a 7041 15984 64
a 7042 14192 64
a 7043 2912 64
a 7044 123552 64
a 7045 7840 64
f 5310
f 3166
a 7046 992 16
a 7047 30080 64
f 5597
f 2892
f 5128
a 7048 416 16
a 7049 55392 16
a 7050 5536 256
f 3569
a 7051 2736 64
f 4717
a 7052 1680 256
a 7053 784 256
a 7054 512 16
a 7055 3072 64
f 4999
f 6413
a 7056 55408 16
f 6217
a 7057 3280 16
f 6521
a 7058 33120 16
f 6618
f 6241
a 7059 992 64
a 7060 55312 16
a 7061 7952 16
a 7062 64048 64
a 7063 1520 64
a 7064 52320 16
f 6203
f 1417
f 5446
f 3477
f 6517
a 7065 15648 256
f 3220
a 7066 30432 16
a 7067 29216 16
a 7068 464 256
f 6847
a 7069 12400 256
a 7070 512 16
a 7071 20656 256
f 4994
a 7072 512 256
a 7073 58992 256
f 6372
a 7074 35568 64
f 6270
f 4137
a 7075 33168 16
f 6191
f 572
a 7076 880 16
a 7077 81632 16
f 7055
f 3019
a 7078 40400 256
f 5877
f 7073
a 7079 288 64
f 3502
f 2749
a 7080 688 16
a 7081 1360 16
a 7082 62944 256
a 7083 2480 256
f 4442
a 7084 1712 256
f 6040
a 7085 368 64
f 6752
a 7086 10000 64
a 7087 55440 16
a 7088 480 256
a 7089 368 256
a 7090 624 256
f 5452
f 3728
f 3778
f 5483
f 6921
a 7091 6304 256
f 5900
a 7092 3968 64
f 5841
f 4102
f 5820
f 6316
f 6884
a 7093 640 256
f 5103
f 6445
f 6304
a 7094 12448 64
a 7095 22288 64
f 5181
a 7096 992 256
f 7079
a 7097 126176 16
f 5702
f 6630
f 5738
a 7098 27024 16
a 7099 1072 16
a 7100 6240 256
f 6946
f 5513
a 7101 56816 64
a 7102 3296 64
f 802
f 6797
f 5952
a 7103 16544 64
f 4464
f 2793
a 7104 24352 64
f 5439
f 6222
a 7105 3680 64
f 5645
f 7035
f 7025
f 5440
f 3716
f 4514
f 2224
a 7106 22736 64
a 7107 1088 16
a 7108 1904 256
f 4689
f 6224
a 7109 6992 64
a 7110 1920 256
a 7111 5152 256
a 7112 512 64
f 6800
a 7113 4992 16
f 6542
f 6374
a 7114 352 64
f 2677
a 7115 880 16
a 7116 1776 16
f 6833
a 7117 63888 64
f 6267
f 5250
f 6499
a 7118 54128 16
a 7119 17504 256
a 7120 2048 256
f 5616
f 2602
f 1825
a 7121 1600 16
a 7122 1824 64
f 5351
a 7123 10048 256
f 6381
a 7124 79120 64
f 6791
a 7125 288 64
f 4858
a 7126 25088 16
a 7127 432 64
f 6574
a 7128 288 16
a 7129 272 256
f 6785
a 7130 880 256
a 7131 6672 16
f 5282
f 2754
f 5071
a 7132 672 256
f 2784
f 4319
a 7133 5488 256
f 6474
f 5935
f 5762
a 7134 528 16
f 5147
a 7135 5072 16
a 7136 1264 64
f 6220
f 6426
f 6118
a 7137 20768 256
a 7138 736 64
f 6911
a 7139 11392 16
f 5695
a 7140 65968 64
f 5449
f 6332
f 6938
a 7141 3936 16
a 7142 1616 256
f 5021
f 5929
f 6067
a 7143 23248 16
a 7144 944 256
f 2781
a 7145 496 64
f 5308
a 7146 1552 256
a 7147 7808 16
f 4920
a 7148 6352 64
a 7149 23872 256
f 7010
f 7118
f 5955
f 6907
f 6501
a 7150 7760 16
f 6161
f 6258
a 7151 107264 64
a 7152 768 16
f 5717
a 7153 528 16
a 7154 6928 64
a 7155 9584 256
a 7156 2848 16
a 7157 30400 64
f 5947
a 7158 86448 64
a 7159 368 256
a 7160 7968 64
a 7161 400 64
a 7162 4944 16
f 2633
a 7163 656 256
f 5354
f 7013
a 7164 14992 16
f 4969
f 6210
f 5074
f 5506
a 7165 9952 64
a 7166 480 16
a 7167 40160 64
a 7168 8832 256
f 5134
f 7156
f 4936
a 7169 3872 64
f 6610
f 5936
f 1649
a 7170 512 16
a 7171 2688 16
a 7172 464 256
f 3833
f 6536
f 2210
a 7173 52560 256
a 7174 2096 64
a 7175 800 64
f 7031
f 4838
a 7176 37888 256
f 4704
a 7177 5760 256
f 3616
f 5028
f 5385
a 7178 416 256
f 5202
a 7179 3952 64
f 6930
f 5422
f 5578
a 7180 68016 64
a 7181 31744 16
a 7182 4864 64
f 6850
f 4236
a 7183 11600 16
a 7184 2224 64
f 5341
f 5913
f 6048
f 5496
f 5835
f 6296
f 5141
f 4835
f 6940
f 5169
f 5933
a 7185 416 16
a 7186 2624 64
f 7120
f 6509
f 6888
f 4787
a 7187 14752 16
a 7188 432 256
a 7189 25424 256
f 6245
f 5573
f 4783
a 7190 28384 256
f 5673
a 7191 4096 256
a 7192 28336 16
f 5939
a 7193 768 256
f 5505
f 6319
f 6345
f 6278
a 7194 3872 256
a 7195 4688 256
a 7196 90400 64
f 6511
a 7197 2912 16
a 7198 20352 16
a 7199 1168 64
a 7200 53472 64
f 3173
f 6192
a 7201 108976 16
f 5065
a 7202 1168 16
f 5872
a 7203 6640 256
f 2113
f 5314
f 6465
a 7204 512 64
f 6760
a 7205 14896 16
f 4706
f 7188
a 7206 53776 16
f 5529
a 7207 67744 16
a 7208 928 256
f 5303
f 6193
f 5626
a 7209 91936 256
f 6255
f 7192
f 5340
f 5944
f 2897
f 6964
a 7210 2144 256
a 7211 9584 64
f 6696
a 7212 1232 16
a 7213 512 256
f 5903
a 7214 256 64
f 6268
f 5384
a 7215 544 256
a 7216 768 16
f 5860
f 7191
a 7217 3200 16
f 3063
a 7218 12912 256
a 7219 2944 16
a 7220 25600 64
a 7221 111504 256
f 7068
f 6495
f 6510
a 7222 35088 64
f 5943
a 7223 1392 64
a 7224 3392 64
a 7225 22288 16
f 6585
a 7226 11440 16
f 5677
f 5713
a 7227 14944 16
a 7228 5216 64
f 7208
a 7229 6480 64
f 6234
a 7230 1408 256
a 7231 6384 64
a 7232 41600 64
a 7233 656 64
a 7234 6592 256
f 3278
f 4499
a 7235 1440 256
f 6060
a 7236 41184 64
f 3330
a 7237 7072 64
a 7238 2784 64
a 7239 3280 64
f 5219
f 3884
a 7240 432 16
a 7241 116896 256
f 5735
f 6285
a 7242 1728 256
f 7078
f 5119
a 7243 3488 256
f 6693
a 7244 800 64
a 7245 768 16
f 4996
a 7246 880 64
a 7247 5072 16
a 7248 8432 64
f 5014
a 7249 1200 16
f 7159
a 7250 2992 64
f 5600
a 7251 63024 64
a 7252 24752 256
a 7253 34336 256
a 7254 4160 64
f 6251
a 7255 97872 64
a 7256 18128 256
a 7257 21248 16
f 6131
a 7258 3072 256
a 7259 93536 256
f 7203
f 5786
a 7260 6000 256
f 5688
a 7261 5936 256
a 7262 9952 16
f 3009
a 7263 1776 64
a 7264 32304 64
f 7264
a 7265 88400 64
a 7266 3232 64
a 7267 2032 256
a 7268 12704 256
f 6166
f 7094
f 4962
a 7269 35408 64
f 6875
f 6404
f 6784
f 5946
a 7270 272 256
a 7271 304 256
a 7272 30448 16
f 2327
f 6128
a 7273 30080 256
a 7274 7936 16
a 7275 912 256
a 7276 1104 16
f 6950
a 7277 26592 256
a 7278 5472 16
a 7279 1408 256
a 7280 1264 64
f 5368
f 3308
f 7186
a 7281 55664 256
f 6547
f 7034
f 7070
f 2833
f 6671
a 7282 2976 256
f 6573
a 7283 2256 64
a 7284 22352 256
f 4295
f 6376
a 7285 13024 256
a 7286 416 64
a 7287 1392 16
f 5634
f 5046
a 7288 9344 256
f 6102
a 7289 5952 64
a 7290 752 256
a 7291 33488 64
a 7292 59184 16
a 7293 4384 64
a 7294 416 256
a 7295 1168 64
a 7296 368 64
a 7297 272 64
a 7298 64624 64
a 7299 1632 256
a 7300 368 64
a 7301 992 16
f 3430
f 4131
f 5531
f 6952
f 5826
a 7302 4976 16
a 7303 704 64
a 7304 93136 16
a 7305 47136 256
a 7306 118128 64
a 7307 752 256
f 5839
f 6818
a 7308 22624 64
a 7309 67200 64
a 7310 4800 16
f 6959
a 7311 16128 64
f 5911
a 7312 944 16
a 7313 4304 16
a 7314 72944 256
f 4596
f 7235
a 7315 928 64
f 6100
f 7003
f 5783
a 7316 57472 64
f 7135
a 7317 6416 256
a 7318 54912 256
f 5668
a 7319 56320 256
f 4892
a 7320 60752 16
a 7321 82960 16
a 7322 126992 16
a 7323 114768 64
f 7124
a 7324 4496 16
a 7325 20560 64
a 7326 5104 256
a 7327 464 256
a 7328 92688 64
a 7329 78240 256
a 7330 19328 16
a 7331 3440 256
a 7332 12992 16
a 7333 12400 256
f 5407
a 7334 6752 16
f 6435
a 7335 14544 64
a 7336 416 64
f 5772
a 7337 3904 256
f 5413
a 7338 496 16
f 4200
a 7339 1472 256
f 6711
a 7340 3904 256
a 7341 320 256
f 5249
a 7342 4896 64
a 7343 43936 16
a 7344 7888 64
f 5002
a 7345 1072 256
a 7346 2288 256
a 7347 102400 256
f 2250
f 5276
a 7348 464 64
a 7349 3824 16
f 7239
f 6537
f 7114
f 4702
f 6674
f 6747
a 7350 6176 256
f 5855
a 7351 15248 256
f 4288
a 7352 416 256
a 7353 21808 256
a 7354 40528 256
f 6264
f 5241
f 7141
f 4711
f 4714
f 5301
f 7089
a 7355 45584 64
f 6147
a 7356 47888 256
a 7357 48384 256
a 7358 8080 256
f 6824
a 7359 14672 256
a 7360 1808 16
a 7361 6016 64
f 6022
a 7362 368 256
f 3770
a 7363 1040 64
f 7172
a 7364 1184 64
a 7365 23024 256
a 7366 60592 256
f 6221
a 7367 8320 256
f 5770
f 5953
f 5072
a 7368 28752 16
a 7369 512 64
f 6108
f 4487
f 5471
f 6406
a 7370 1664 64
f 7257
a 7371 105408 256
f 7348
f 7104
f 6399
f 7244
a 7372 288 16
a 7373 800 256
a 7374 704 64
a 7375 90688 256
f 6358
f 6023
f 7224
f 5585
f 1538
a 7376 97664 16
f 7198
a 7377 624 16
a 7378 896 16
a 7379 6176 64
a 7380 18048 16
f 5942
f 5414
a 7381 22768 256
a 7382 544 16
a 7383 2128 64
f 6421
a 7384 58656 16
a 7385 44464 256
f 6855
a 7386 2160 16
a 7387 7248 16
f 2955
f 6242
f 5950
f 2620
a 7388 7024 256
a 7389 928 64
a 7390 544 64
f 6836
f 6704
f 4980
f 5512
a 7391 70816 256
f 6120
f 5905
f 2683
f 5692
f 5000
a 7392 8528 64
a 7393 512 64
a 7394 448 64
f 5487
a 7395 512 64
a 7396 4960 16
a 7397 129584 16
f 2653
a 7398 5984 16
a 7399 1696 16
a 7400 448 16
f 7227
a 7401 58464 16
a 7402 29136 256
a 7403 27728 256
f 5958
a 7404 288 64
f 6587
a 7405 11136 64
f 5369
f 7241
f 7002
a 7406 18992 256
f 5769
f 6717
a 7407 1056 16
a 7408 8016 256
a 7409 912 16
a 7410 16816 64
f 7265
f 5731
a 7411 512 16
a 7412 104032 16
a 7413 1664 16
a 7414 880 16
a 7415 53616 256
f 5201
f 6904
f 5412
a 7416 9840 16
a 7417 1984 16
f 7355
a 7418 17728 64
a 7419 832 64
a 7420 640 256
f 6155
a 7421 122784 16
a 7422 2032 256
f 4348
f 6570
a 7423 592 64
f 5278
f 7145
a 7424 6336 16
f 5207
a 7425 416 16
a 7426 4656 256
a 7427 45744 256
f 6481
a 7428 70272 16
a 7429 7328 64
f 6642
a 7430 26960 64
f 5665
f 5242
a 7431 320 256
a 7432 416 16
f 5805
f 6496
f 6282
a 7433 1600 256
f 5372
a 7434 2272 64
a 7435 448 256
f 3551
a 7436 16240 256
f 7369
a 7437 1168 16
f 5467
a 7438 100848 16
a 7439 40688 64
f 7282
a 7440 12896 16
f 4343
a 7441 992 64
a 7442 10560 256
a 7443 320 16
f 6981
f 5582
f 7316
f 7289
f 4061
f 6401
a 7444 480 256
f 6114
a 7445 3472 64
f 6459
a 7446 320 256
a 7447 2896 64
f 3861
a 7448 912 16
f 2192
f 4778
f 3845
f 7246
a 7449 12240 16
f 3791
f 4909
f 6876
f 7077
a 7450 104992 16
a 7451 58656 256
a 7452 10976 256
f 5486
f 7058
f 6985
a 7453 512 256
a 7454 10272 64
a 7455 10192 16
a 7456 416 16
f 5739
a 7457 22240 256
f 4353
a 7458 4800 64
f 6130
a 7459 30384 256
f 6095
a 7460 9136 64
a 7461 45776 16
a 7462 14144 64
f 5376
f 6467
a 7463 103408 16
f 6819
f 5975
f 6347
a 7464 29920 256
a 7465 3072 64
a 7466 7056 256
f 6392
a 7467 1856 16
a 7468 6864 16
a 7469 51600 256
a 7470 50048 256
a 7471 18256 64
a 7472 15008 256
a 7473 17904 64
a 7474 21648 16
a 7475 53552 256
f 6886
f 5316
f 6667
a 7476 5488 16
f 5625
a 7477 10848 16
f 5429
f 5596
a 7478 928 16
f 7304
a 7479 320 64
f 7466
a 7480 6144 64
f 6906
f 7430
f 7057
f 5649
f 7309
f 439
a 7481 384 64
f 6705
f 5267
f 5661
a 7482 1008 64
f 5831
f 7281
a 7483 3632 256
a 7484 512 256
f 5037
a 7485 21440 64
f 6572
a 7486 464 16
a 7487 96304 16
a 7488 17072 64
f 5869
f 6448
a 7489 4992 64
f 6999
a 7490 90608 64
f 7303
a 7491 7616 256
f 4479
f 7451
a 7492 2560 256
a 7493 6352 64
a 7494 784 64
a 7495 1648 64
f 7011
f 5183
c level-3-churned
f 5956
f 7229
f 3907
f 7405
f 5974
f 5280
f 4630
f 7426
f 6625
f 4660
f 5194
f 6158
f 4683
f 6854
f 6310
f 5177
f 7339
f 5982
f 5898
f 4538
f 3695
f 5288
f 5851
f 7202
f 6722
f 6595
f 5094
f 7053
f 6578
f 5764
f 6344
f 5156
f 4743
f 6895
f 4495
f 5523
f 5315
f 5294
f 5080
f 7167
f 1885
f 7080
f 5874
f 7016
f 5108
f 5504
f 5363
f 5607
f 6104
f 6451
f 5639
f 5817
f 7131
f 5799
f 7146
f 7200
f 6941
f 4428
f 4580
f 6554
f 6844
f 5026
f 6606
f 5463
f 5918
f 5745
f 1113
f 7263
f 3725
f 6089
f 5897
f 7184
f 6535
f 6576
f 4155
f 7287
f 7237
f 3843
f 6297
f 5456
f 3152
f 6837
f 6609
f 4893
f 6562
f 6734
f 2711
f 7163
f 5776
f 5290
f 5189
f 7325
f 7471
f 6668
f 3753
f 5304
f 5339
f 7231
f 5022
f 6713
f 5038
f 5239
f 7340
f 5970
f 6945
f 5006
f 5295
f 5548
f 7024
f 5593
f 5306
f 7217
f 6288
f 5796
f 4995
f 5870
f 6892
f 5787
f 6341
f 6526
f 6759
f 7018
f 6194
f 5740
f 6233
f 5030
f 6623
f 3914
f 1876
f 7162
f 7467
f 4972
f 3157
f 6883
f 5878
f 1601
f 5426
f 6190
f 7490
f 2803
f 7476
f 6391
f 7083
f 7154
f 5611
f 6045
f 6879
f 6059
f 7269
f 6168
f 6232
f 5008
f 5096
f 1934
f 3159
f 5674
f 4798
f 7101
f 7047
f 7165
f 6812
f 7288
f 5669
f 6758
f 5186
f 5800
f 632
f 5139
f 5991
f 6551
f 4890
f 7196
f 6360
f 5064
f 5040
f 5856
f 6250
f 5889
f 3871
f 7315
f 6056
f 7226
f 7328
f 4451
f 6792
f 5039
f 5806
f 4369
f 7494
f 5352
f 6504
f 7041
f 6490
f 6213
f 5541
f 7290
f 5286
f 2647
f 6450
f 7019
f 6571
f 5637
f 6575
f 6616
f 6706
f 6583
f 6932
f 7438
f 5051
f 6731
f 6281
f 973
f 7236
f 7347
f 5917
f 5811
f 6019
f 6032
f 2883
f 7270
f 5804
f 5631
f 5362
f 6428
f 6873
f 6429
f 5152
f 7005
f 4984
f 6748
f 5518
f 5460
f 5154
f 6301
f 5441
f 7393
f 3875
f 4409
f 7082
f 2439
f 7367
f 4355
f 7436
f 7195
f 7187
f 7065
f 7036
f 5568
f 5782
f 7240
f 5574
f 2740
f 5846
f 6043
f 4240
f 4885
f 7050
f 7056
f 5057
f 7299
f 2819
f 6206
f 6409
f 5636
f 6789
f 7377
f 6163
f 7283
f 5641
f 5771
f 5834
f 3095
f 5491
f 5533
f 6051
f 5400
f 6866
f 6751
f 5120
f 3990
f 7277
f 7143
f 6917
f 7126
f 5837
f 6676
f 5714
f 5025
f 6325
f 6462
f 7020
f 5195
f 7379
f 6889
f 5951
f 4562
f 6037
f 6960
f 6520
f 3012
f 133
f 4072
f 5068
f 5606
f 5978
f 6599
f 6415
f 905
f 7004
f 6231
f 5161
f 4354
f 5707
f 5215
f 6658
f 7250
f 4524
f 5168
f 7464
f 3866
f 5402
f 6949
f 5150
f 5519
f 6755
f 7381
f 5200
f 5007
f 7170
f 5743
f 5017
f 7040
f 5957
f 5678
f 6993
f 5642
f 6294
f 4543
f 5810
f 6009
f 6447
f 7012
f 6386
f 6569
f 5269
f 4712
f 4836
f 5346
f 7211
f 5358
f 7448
f 6659
f 5656
f 2669
f 6385
f 7067
f 2048
f 7238
f 5291
f 5118
f 6947
f 7444
f 5691
f 6047
f 6309
f 6627
f 6732
f 5050
f 5879
f 6346
f 5333
f 3362
f 7054
f 5781
f 6154
f 4628
f 6715
f 5350
f 6197
f 4483
f 6083
f 5813
f 7421
f 2588
f 7225
f 6123
f 2735
f 6905
f 6820
f 7440
f 6020
f 5658
f 7174
f 7037
f 6362
f 5830
f 7254
f 6735
f 6778
f 6295
f 7344
f 7081
f 5823
f 5871
f 5472
f 7456
f 6088
f 5655
f 5271
f 7256
f 6106
f 4968
f 5419
f 2912
f 6983
f 5079
f 6646
f 6485
f 5097
f 6670
f 4668
f 778
f 6631
f 6803
f 6644
f 5679
f 6894
f 3378
f 3554
f 6074
f 3751
f 6927
f 5100
f 7279
f 6553
f 7332
f 4542
f 2556
f 6271
f 2579
f 6617
f 7443
f 7326
f 6198
f 5348
f 4204
f 7017
f 7169
f 5624
f 5160
f 2767
f 6910
f 7404
f 7106
f 6707
f 6482
f 7001
f 2083
f 4382
f 6219
f 1147
f 7383
f 7213
f 6561
f 6806
f 5123
f 6965
f 6852
f 7479
f 2859
f 5423
f 5493
f 6721
f 5992
f 5638
f 7455
f 6581
f 6126
f 7449
f 3138
f 6813
f 4130
f 7400
f 5042
f 7201
f 3176
f 7074
f 3568
f 7422
f 5847
f 7331
f 7121
f 6733
f 6145
f 5938
f 6591
f 6566
f 6320
f 6545
f 7433
f 7197
f 5899
f 5945
f 7420
f 5850
f 223
f 6937
f 6635
f 5131
f 5044
f 5986
f 6769
f 6877
f 5425
f 7139
f 6075
f 7324
f 7274
f 5005
f 7473
f 6775
f 7233
f 4997
f 4610
f 5229
f 7470
f 3102
f 7378
f 7014
f 6062
f 6471
f 5537
f 5279
f 6368
f 6322
f 6313
f 5324
f 5187
f 4684
f 6138
f 3757
f 2825
f 6180
f 7350
f 7149
f 5777
f 7396
f 5819
f 6326
f 6202
f 5886
f 6125
f 7029
f 5576
f 5011
f 6442
f 5694
f 2757
f 6002
f 5359
f 5733
f 5117
f 5684
f 5302
f 7043
f 7427
f 6369
f 7352
f 6225
f 7215
f 274
f 5825
f 6649
f 5590
f 7261
f 5926
f 4463
f 5319
f 7189
f 5977
f 6814
f 3060
f 7407
f 5797
f 6582
f 6000
f 6764
f 5964
f 5721
f 7044
f 5175
f 6410
f 6253
f 5705
f 4857
f 6437
f 5176
f 6777
f 6845
f 6491
f 6986
f 6173
f 7075
f 7218
f 6712
f 7387
f 5588
f 7345
f 5102
f 7136
f 2731
f 5562
f 5274
f 6681
f 5609
f 6816
f 5309
f 6494
f 6199
f 7128
f 6552
f 5785
f 5389
f 5990
f 7049
f 7327
f 6896
f 6013
f 7403
f 6729
f 6673
f 6924
f 5214
f 6015
f 7153
f 5424
f 6167
f 4830
f 6528
f 5564
f 5814
f 5672
f 7313
f 5690
f 4425
f 6853
f 5842
f 7015
f 6140
f 6998
f 7096
f 4047
f 7071
f 7179
f 6433
f 5780
f 2546
f 7266
f 7061
f 3824
f 6598
f 6137
f 5087
f 6055
f 5466
f 7417
f 5379
f 6500
f 5070
f 6765
f 6725
f 3218
f 7022
f 6189
f 7030
f 6967
f 3863
f 5254
f 4214
f 5145
f 5052
f 5925
f 6989
f 6647
f 5989
f 6469
f 5146
f 6337
f 6003
f 7366
f 5539
f 7166
f 5594
f 6110
f 7100
f 6622
f 7365
f 7487
f 7298
f 5296
f 3933
f 5571
f 6522
f 4434
f 6697
f 6557
f 7474
f 5763
f 934
f 7209
f 3227
f 6870
f 5985
f 6951
f 7160
f 4509
f 6840
f 4868
f 7150
f 4913
f 5355
f 4594
f 5832
f 4621
f 6169
f 6223
f 7346
f 5360
f 6645
f 4096
f 5226
f 6099
f 2992
f 6761
f 7122
f 3265
f 4758
f 6687
f 6375
f 7134
f 5709
f 6091
f 6370
f 6992
f 6995
f 6564
f 4721
f 5009
f 5700
f 6456
f 5499
f 5542
f 5558
f 6064
f 4603
f 5748
f 6523
f 3639
f 4116
f 7392
f 3919
f 6529
f 5520
f 5211
f 4624
f 4360
f 6407
f 5307
f 1852
f 5170
f 3418
f 6550
f 7180
f 5693
f 3980
f 6388
f 6782
f 5455
f 6977
f 6702
f 7295
f 5514
f 5055
f 6918
f 5790
f 5680
f 6926
f 5608
f 6004
f 7425
f 5893
f 5580
f 5196
f 7066
f 6340
f 5895
f 7475
f 7076
f 7446
f 7110
f 6014
f 6306
f 5807
f 5121
f 6546
f 5243
f 6672
f 2733
f 5331
f 3521
f 6864
f 5411
f 5165
f 5297
f 5199
f 5737
f 5457
f 5930
f 7199
f 7161
f 7046
f 7258
f 6710
f 6543
f 106
f 6891
f 6974
f 4977
f 6619
f 7429
f 6860
f 7103
f 5043
f 6215
f 5736
f 7382
f 6596
f 6290
f 5715
f 5377
f 7006
f 6563
f 7092
f 6919
f 5321
f 6101
f 6336
f 5433
f 4881
f 5264
f 3932
f 5393
f 7234
f 5689
f 7388
f 6603
f 5190
f 6962
f 6142
f 5284
f 7363
f 5130
f 4737
f 5923
f 4208
f 6021
f 6497
f 5132
f 5536
f 7219
f 5135
f 5140
f 5727
f 4983
f 6001
f 5298
f 5258
f 6665
f 5848
f 7401
f 432
f 3591
f 4688
f 5880
f 6026
f 5212
f 5676
f 6017
f 6483
f 5719
f 3448
f 6714
f 7168
f 7370
f 6786
f 6689
f 6988
f 5163
f 6080
f 5394
f 6801
f 2112
f 7334
f 6397
f 5127
f 6204
f 6387
f 6317
f 6973
f 5572
f 7093
f 6863
f 7375
f 6613
f 4832
f 4088
f 6096
f 5222
f 6097
f 6549
f 7462
f 6463
f 7389
f 6440
f 6527
f 6770
f 7117
f 6799
f 5979
f 5654
f 6978
f 4332
f 5270
f 6882
f 5375
f 7376
f 6788
f 3610
f 6164
f 5522
f 6798
f 2581
f 5910
f 5882
f 6928
f 4985
f 5610
f 5013
f 7372
f 6781
f 5584
f 6865
f 2843
f 7300
f 7397
f 6361
f 6425
f 5277
f 6856
f 6626
f 6212
f 7336
f 4243
f 6690
f 5477
f 2968
f 6160
f 6005
f 5323
f 7398
f 7278
f 7027
f 6743
f 1022
f 7386
f 2474
f 6011
f 5587
f 5151
f 6726
f 6709
f 2352
f 5062
f 6395
f 7214
f 5438
f 5397
f 5940
f 5090
f 5421
f 5091
f 3417
f 7042
f 3526
f 7033
f 7445
f 6750
f 7477
f 6669
f 6398
f 5300
f 5602
f 6843
f 5532
f 6151
f 3351
f 5420
f 6070
f 5789
f 4733
f 5173
f 7360
f 5223
f 6746
f 6802
f 2290
f 5174
f 5338
f 3294
f 5603
f 7152
f 5451
f 7286
f 6652
f 5027
f 2263
f 5615
f 7032
f 5167
f 6533
f 5289
f 3656
f 7243
f 7371
f 7021
f 7358
f 2642
f 7458
f 5632
f 7457
f 6393
f 5388
f 6933
f 5697
f 5105
f 5734
f 5245
f 5332
f 5395
f 4395
f 3965
f 5980
f 5885
f 6177
f 6082
f 6024
f 5275
f 5511
f 3072
f 4852
f 3214
f 7113
f 4411
f 5922
f 5643
f 6029
f 6982
f 7173
f 6411
f 7125
f 3729
f 5792
f 5849
f 4093
f 3817
f 6286
f 6902
f 5101
f 6679
f 7108
f 5088
f 5809
f 7272
f 6146
f 6170
f 5367
f 6948
f 7322
f 6419
f 195
f 5876
f 2744
f 5816
f 4020
f 5010
f 7222
f 6648
f 5031
f 7478
f 5084
f 4739
f 6007
f 7129
f 6719
f 5682
f 4960
f 5378
f 3284
f 5045
f 5543
f 5891
f 7105
f 5754
f 7482
f 7182
f 2943
f 3555
f 7275
f 6339
f 7469
f 5862
f 5983
f 7249
f 6577
f 5320
f 5575
f 3144
f 7008
f 5660
f 6957
f 7072
f 1341
f 7468
f 3653
f 5448
f 5273
f 6087
f 7171
f 6351
f 6972
f 7252
f 6718
f 6943
f 7194
f 6558
f 6508
f 7391
f 7291
f 2775
f 6608
f 6444
f 2745
f 2478
f 6335
f 6379
f 5197
f 3508
f 7119
f 7419
f 5374
f 5557
f 5292
f 6559
f 6287
f 6323
f 7351
f 5182
f 5193
f 5342
f 6695
f 6774
f 7091
f 5981
f 6994
f 3700
f 6637
f 6085
f 5683
f 4861
f 4720
f 6354
f 7007
f 7204
f 4944
f 5143
f 4916
f 5122
f 6602
f 5019
f 5730
f 7349
f 4469
f 4681
f 6811
f 6109
f 3225
f 5299
f 6638
f 6506
f 2403
f 7364
f 5629
f 6655
f 6912
f 5972
f 5747
f 4834
f 7481
f 5984
f 7323
f 5932
f 5525
f 3848
f 7414
f 4035
f 6476
f 7301
f 2364
f 4009
f 6984
f 7493
f 2703
f 5563
f 5033
f 5867
f 5166
f 5853
f 5392
f 6156
f 2321
f 5701
f 5178
f 3426
f 7409
f 6779
f 6590
f 5447
f 4831
f 4129
f 7144
f 5766
f 5760
f 4436
f 6434
f 6976
f 5767
f 7127
f 7413
f 4963
f 6934
f 6132
f 7472
f 5470
f 6455
f 4856
f 7415
f 7147
f 6348
f 2811
f 5142
f 6862
f 5213
f 5815
f 3727
f 5415
f 5553
f 6620
f 5949
f 7273
f 7115
f 7060
f 7260
f 6071
f 5937
f 6615
f 7307
f 3612
f 3885
f 5347
f 7406
f 7341
f 7210
f 5405
f 6263
f 6466
f 6767
f 5221
f 5711
f 6359
f 5498
f 5865
f 5528
f 5232
f 7353
f 6958
f 7028
f 4929
f 6540
f 7447
f 4567
f 4048
f 6134
f 6516
f 5366
f 7380
f 5999
f 6144
f 6063
f 4125
f 7084
f 6600
f 5598
f 6980
f 6247
f 6513
f 6826
f 5453
f 4207
f 7140
f 4998
f 7255
f 5230
f 6909
f 7116
f 6265
f 5521
f 6238
f 6744
f 6828
f 4871
f 5784
f 5443
f 5259
f 6487
f 5099
f 5987
f 7085
f 6807
f 5915
f 6209
f 6893
f 5356
f 6700
f 5427
f 5124
f 6810
f 6990
f 5112
f 5220
f 7329
f 7310
f 3615
f 5921
f 6176
f 4381
f 6461
f 2909
f 6605
f 6961
f 6042
f 6971
f 2242
f 6283
f 5902
f 5687
f 6237
f 5997
f 5293
f 7293
f 5538
f 3927
f 5920
f 6686
f 6903
f 5353
f 6030
f 5966
f 6416
f 5912
f 7251
f 6874
f 6065
f 7485
f 4642
f 6628
f 3712
f 5311
f 4595
f 5971
f 2338
f 7305
f 5034
f 4430
f 4756
f 5204
f 6054
f 7374
f 6890
f 6394
f 7207
f 5716
f 6963
f 6849
f 6662
f 7402
f 6766
f 7223
f 5720
f 6556
f 7220
f 5004
f 5559
f 6227
f 7221
f 5209
f 6315
f 6666
f 5887
f 7442
f 6207
f 5861
f 3151
f 5635
f 3994
f 7453
f 7424
f 5890
f 7069
f 5753
f 6107
f 5365
f 7132
f 6327
f 2748
f 3383
f 5048
f 5380
f 7009
f 6121
f 6887
f 5364
f 6355
f 4757
f 7292
f 724
f 4531
f 4227
f 5509
f 5751
f 5206
f 6953
f 5530
f 6869
f 5329
f 7228
f 6129
f 5614
f 7317
c level-3-unloaded
a 7496 6016 16
a 7497 26608 64
a 7498 1968 256
a 7499 12224 64
a 7500 560 256
a 7501 55904 64
a 7502 368 16
a 7503 7840 64
a 7504 69136 256
a 7505 8864 64
a 7506 3984 64
a 7507 608 64
a 7508 480 16
a 7509 9696 16
a 7510 464 16
a 7511 5088 16
a 7512 400 16
a 7513 656 16
a 7514 9248 16
a 7515 480 16
a 7516 9648 256
a 7517 45952 256
a 7518 368 256
a 7519 118736 256
a 7520 592 64
a 7521 3120 256
a 7522 73968 256
a 7523 4288 16
a 7524 12608 16
a 7525 848 256
a 7526 9632 16
a 7527 1680 256
a 7528 27968 64
a 7529 103456 256
a 7530 59424 64
a 7531 15376 64
a 7532 1136 256
a 7533 9824 256
a 7534 4512 64
a 7535 1808 16
a 7536 384 256
a 7537 2928 64
a 7538 37600 16
a 7539 1552 256
a 7540 992 64
a 7541 464 64
a 7542 304 256
a 7543 2400 256
a 7544 26320 64
a 7545 3952 64
a 7546 35984 64
a 7547 2240 16
a 7548 83408 64
a 7549 3680 64
a 7550 68880 256
a 7551 4704 256
a 7552 1520 16
a 7553 24352 256
a 7554 51072 16
a 7555 2640 64
a 7556 1344 16
a 7557 6848 16
a 7558 496 64
a 7559 35680 16
a 7560 2544 64
a 7561 23984 64
a 7562 7536 16
a 7563 512 64
a 7564 848 256
a 7565 2496 64
a 7566 384 64
a 7567 272 256
a 7568 2208 64
a 7569 4160 16
a 7570 58608 256
a 7571 2032 64
a 7572 848 256
a 7573 15376 256
a 7574 1888 256
a 7575 2480 16
a 7576 480 16
a 7577 34192 256
a 7578 800 64
a 7579 1744 64
a 7580 96864 256
a 7581 4160 64
a 7582 109472 16
a 7583 1072 256
a 7584 24208 64
a 7585 53552 64
a 7586 44848 16
a 7587 10032 16
a 7588 42768 256
a 7589 82416 16
a 7590 3456 16
a 7591 4384 256
a 7592 23824 64
a 7593 14288 16
a 7594 3824 256
a 7595 336 64
a 7596 400 16
a 7597 8144 64
a 7598 768 256
a 7599 2304 16
a 7600 3776 16
a 7601 10000 64
a 7602 3664 16
a 7603 352 256
a 7604 784 256
a 7605 120976 256
a 7606 304 16
a 7607 272 64
a 7608 8464 256
a 7609 912 64
a 7610 27664 256
a 7611 37312 64
a 7612 880 16
a 7613 7280 64
a 7614 20736 16
a 7615 896 64
a 7616 38576 16
a 7617 1376 16
a 7618 1136 16
a 7619 1024 16
a 7620 1136 64
a 7621 1360 64
a 7622 13920 256
a 7623 7536 16
a 7624 288 256
a 7625 15504 256
a 7626 13744 64
a 7627 17616 16
a 7628 2448 16
a 7629 608 64
a 7630 1424 256
a 7631 496 16
a 7632 896 256
a 7633 448 256
a 7634 7040 64
a 7635 512 16
a 7636 976 16
a 7637 1504 256
a 7638 1136 16
a 7639 3296 64
a 7640 85904 64
a 7641 848 16
a 7642 6656 256
a 7643 608 256
a 7644 672 256
a 7645 1504 64
a 7646 20288 16
a 7647 6800 16
a 7648 63456 64
a 7649 1168 64
a 7650 30960 256
a 7651 34352 16
a 7652 1248 256
a 7653 320 64
a 7654 1792 64
a 7655 7520 256
a 7656 864 16
a 7657 1584 256
a 7658 14032 256
a 7659 7104 16
a 7660 1248 256
a 7661 1504 16
a 7662 9488 256
a 7663 6352 64
a 7664 496 16
a 7665 10064 64
a 7666 12016 16
a 7667 1184 16
a 7668 6368 64
a 7669 2304 64
a 7670 3552 64
a 7671 1360 64
a 7672 320 256
a 7673 19472 16
a 7674 784 64
a 7675 448 256
a 7676 91728 256
a 7677 16208 64
a 7678 6160 16
a 7679 4064 256
a 7680 336 16
a 7681 103584 64
a 7682 27568 16
a 7683 77632 16
a 7684 9536 64
a 7685 15872 256
a 7686 36944 64
a 7687 2992 16
a 7688 68896 16
a 7689 119264 64
a 7690 1488 16
a 7691 3296 16
a 7692 45488 16
a 7693 111440 256
a 7694 752 256
a 7695 1312 16
a 7696 9984 16
a 7697 21776 64
a 7698 16208 16
a 7699 5456 256
a 7700 9296 256
a 7701 22288 64
a 7702 416 256
a 7703 1696 256
a 7704 25488 256
a 7705 61504 64
a 7706 12944 64
a 7707 2832 16
a 7708 34160 16
a 7709 1072 16
a 7710 91040 64
a 7711 2624 256
a 7712 92592 256
a 7713 4064 64
a 7714 7776 256
a 7715 16960 256
a 7716 51376 64
a 7717 2896 16
a 7718 448 256
a 7719 272 256
a 7720 448 256
a 7721 7280 16
a 7722 832 256
a 7723 42640 16
a 7724 15536 64
a 7725 336 256
a 7726 28304 16
a 7727 42656 16
a 7728 880 256
a 7729 65200 256
a 7730 12032 256
a 7731 30704 16
a 7732 7824 16
a 7733 130000 256
a 7734 10032 16
a 7735 97984 64
a 7736 1744 256
a 7737 448 16
a 7738 122272 64
a 7739 2384 64
a 7740 58608 256
a 7741 77232 16
a 7742 12368 64
a 7743 80000 64
a 7744 640 256
a 7745 2000 64
a 7746 1904 256
a 7747 528 256
a 7748 2000 16
a 7749 448 256
a 7750 8752 16
a 7751 15072 64
a 7752 1696 16
a 7753 496 64
a 7754 41456 64
a 7755 20160 256
a 7756 33968 16
a 7757 26144 256
a 7758 1296 64
a 7759 4672 16
a 7760 2304 64
a 7761 400 16
a 7762 18512 64
a 7763 108160 256
a 7764 864 256
a 7765 400 64
a 7766 3344 64
a 7767 63616 256
a 7768 432 256
a 7769 25984 64
a 7770 7136 16
a 7771 11312 256
a 7772 3600 256
a 7773 55136 256
a 7774 21744 64
a 7775 19904 256
a 7776 656 256
a 7777 58592 16
a 7778 640 256
a 7779 3536 16
a 7780 4000 64
a 7781 2160 64
a 7782 15984 256
a 7783 10752 16
a 7784 42800 16
a 7785 1792 64
a 7786 42448 16
a 7787 624 256
a 7788 25584 64
a 7789 336 16
a 7790 98016 256
a 7791 1616 64
a 7792 92624 64
a 7793 528 16
a 7794 27072 16
a 7795 92528 256
a 7796 4944 64
a 7797 10816 64
a 7798 18784 256
a 7799 1920 16
a 7800 336 256
a 7801 288 16
a 7802 5648 64
a 7803 14560 64
a 7804 3440 256
a 7805 1024 16
a 7806 320 64
a 7807 63232 256
a 7808 4880 64
a 7809 1888 64
a 7810 15904 64
a 7811 1136 256
a 7812 17424 16
a 7813 104192 64
a 7814 18032 64
a 7815 27872 256
a 7816 560 256
a 7817 5232 16
a 7818 896 256
a 7819 78800 16
a 7820 3840 256
a 7821 3456 64
a 7822 16896 256
a 7823 1520 64
a 7824 15264 64
a 7825 704 16
a 7826 1712 64
a 7827 3424 64
a 7828 96064 16
a 7829 85184 64
a 7830 24592 16
a 7831 103424 256
a 7832 39104 64
a 7833 16624 16
a 7834 1344 64
a 7835 7280 16
a 7836 50960 64
a 7837 2640 16
a 7838 1872 256
a 7839 1520 64
a 7840 272 16
a 7841 592 64
a 7842 464 256
a 7843 576 16
a 7844 1152 64
a 7845 7264 16
a 7846 3440 16
a 7847 66736 64
a 7848 4480 64
a 7849 3072 16
a 7850 122800 256
a 7851 944 16
a 7852 8912 256
a 7853 560 64
a 7854 11696 64
a 7855 3264 16
a 7856 6384 256
a 7857 9808 64
a 7858 3488 16
a 7859 101040 16
a 7860 1424 256
a 7861 85504 16
a 7862 72896 16
a 7863 1920 256
a 7864 544 64
a 7865 60384 64
a 7866 10720 256
a 7867 84464 256
a 7868 976 256
a 7869 52352 64
a 7870 624 64
a 7871 52736 16
a 7872 9760 64
a 7873 7888 64
a 7874 528 16
a 7875 94128 64
a 7876 119040 256
a 7877 416 64
a 7878 113824 16
a 7879 5968 16
a 7880 1328 256
a 7881 7824 256
a 7882 2000 16
a 7883 61904 64
a 7884 129024 64
a 7885 9568 256
a 7886 1824 64
a 7887 736 256
a 7888 7344 64
a 7889 34976 256
a 7890 102416 64
a 7891 8576 16
a 7892 2560 64
a 7893 14112 64
a 7894 99440 16
a 7895 19168 64
a 7896 111008 256
a 7897 102656 64
a 7898 115936 256
a 7899 18288 64
a 7900 2768 256
a 7901 880 16
a 7902 6560 64
a 7903 8592 256
a 7904 13664 64
a 7905 368 64
a 7906 11376 16
a 7907 928 16
a 7908 109056 256
a 7909 384 256
a 7910 400 16
a 7911 544 64
a 7912 97104 16
a 7913 64112 64
a 7914 117760 16
a 7915 272 64
a 7916 384 64
a 7917 30976 16
a 7918 95408 16
a 7919 66640 64
a 7920 50368 256
a 7921 87008 16
a 7922 2480 16
a 7923 37360 16
a 7924 65488 16
a 7925 816 16
a 7926 2496 16
a 7927 992 16
a 7928 49760 16
a 7929 66688 256
a 7930 448 64
a 7931 8656 64
a 7932 29552 16
a 7933 32960 256
a 7934 368 64
a 7935 2944 16
a 7936 3136 16
a 7937 3264 64
a 7938 3424 256
a 7939 35088 256
a 7940 7680 16
a 7941 4320 64
a 7942 27824 64
a 7943 65184 16
a 7944 4320 64
a 7945 432 64
a 7946 35632 16
a 7947 26448 256
a 7948 1520 256
a 7949 20224 64
a 7950 34736 16
a 7951 400 16
a 7952 38784 16
a 7953 5504 16
a 7954 3136 64
a 7955 2928 16
a 7956 416 16
a 7957 46672 256
a 7958 45472 256
a 7959 5856 16
a 7960 7680 16
a 7961 624 64
a 7962 2048 64
a 7963 528 256
a 7964 6720 256
a 7965 928 16
a 7966 27568 64
a 7967 384 16
a 7968 77376 16
a 7969 123872 64
a 7970 50480 64
a 7971 272 16
a 7972 14064 64
a 7973 768 16
a 7974 12784 16
a 7975 95840 64
a 7976 1328 256
a 7977 7392 256
a 7978 38768 64
a 7979 992 16
a 7980 62624 16
a 7981 1072 16
a 7982 1536 256
a 7983 7072 16
a 7984 32880 256
a 7985 15008 64
a 7986 1424 64
a 7987 272 16
a 7988 400 64
a 7989 1472 256
a 7990 1264 256
a 7991 39232 64
a 7992 400 256
a 7993 24592 64
a 7994 22624 64
a 7995 12128 16
a 7996 3904 256
a 7997 384 64
a 7998 8864 64
a 7999 3568 16
a 8000 119168 64
a 8001 880 64
a 8002 976 256
a 8003 1584 16
a 8004 720 256
a 8005 11872 64
a 8006 10208 256
a 8007 120032 64
a 8008 336 16
a 8009 2576 256
a 8010 17552 64
a 8011 31584 16
a 8012 672 256
a 8013 1584 64
a 8014 15440 64
a 8015 4080 64
a 8016 6896 256
a 8017 48992 256
a 8018 27504 64
a 8019 1632 64
a 8020 77696 64
a 8021 29328 256
a 8022 5216 16
a 8023 448 256
a 8024 108752 64
a 8025 8880 64
a 8026 288 256
a 8027 8240 16
a 8028 21728 64
a 8029 7200 16
a 8030 640 64
a 8031 10288 64
a 8032 512 64
a 8033 12432 256
a 8034 6864 256
a 8035 55008 64
a 8036 1536 64
a 8037 109840 256
a 8038 4576 256
a 8039 6816 16
a 8040 944 256
a 8041 18016 64
a 8042 58096 64
a 8043 12736 16
a 8044 84016 64
a 8045 528 256
a 8046 3232 16
a 8047 2480 16
a 8048 3648 64
a 8049 704 16
a 8050 896 16
a 8051 1120 16
a 8052 18688 16
a 8053 12960 16
a 8054 126848 256
a 8055 2656 64
a 8056 130736 16
a 8057 90192 16
a 8058 38784 64
a 8059 7680 64
a 8060 1328 256
a 8061 102432 256
a 8062 12080 256
a 8063 672 256
a 8064 82080 64
a 8065 25424 16
a 8066 576 16
a 8067 51840 16
a 8068 2816 16
a 8069 12016 16
a 8070 124928 64
a 8071 64992 256
a 8072 3168 64
a 8073 928 256
a 8074 640 16
a 8075 83312 64
a 8076 101712 256
a 8077 1920 16
a 8078 11936 256
a 8079 3136 64
a 8080 25920 256
a 8081 6528 16
a 8082 368 16
a 8083 22304 16
a 8084 736 16
a 8085 67040 16
a 8086 115600 64
a 8087 432 16
a 8088 10912 16
a 8089 2944 64
a 8090 26656 256
a 8091 1488 64
a 8092 24464 16
a 8093 69808 16
a 8094 32240 256
a 8095 576 64
a 8096 3968 16
a 8097 15472 64
a 8098 8080 16
a 8099 6816 256
a 8100 51632 256
a 8101 59792 16
a 8102 976 16
a 8103 640 16
a 8104 122400 256
a 8105 848 256
a 8106 2720 16
a 8107 20768 64
a 8108 41328 256
a 8109 20336 16
a 8110 11152 16
a 8111 960 16
a 8112 13072 16
a 8113 3344 64
a 8114 368 16
a 8115 59760 16
a 8116 36224 16
a 8117 45424 256
a 8118 119936 256
a 8119 3568 256
a 8120 1456 256
a 8121 82672 256
a 8122 15184 16
a 8123 2896 16
a 8124 57664 256
a 8125 1584 256
a 8126 85728 16
a 8127 8864 64
a 8128 3008 256
a 8129 6816 16
a 8130 416 256
a 8131 127632 16
a 8132 22528 256
a 8133 15680 64
a 8134 752 16
a 8135 11360 16
a 8136 816 64
a 8137 5392 16
a 8138 15312 256
a 8139 6192 64
a 8140 3504 16
a 8141 736 64
a 8142 2320 64
a 8143 272 256
a 8144 976 256
a 8145 20144 16
a 8146 2080 64
a 8147 64496 16
a 8148 3680 256
a 8149 116992 16
a 8150 944 64
a 8151 448 16
a 8152 115184 64
a 8153 24912 16
a 8154 7776 256
a 8155 19808 64
a 8156 94176 256
a 8157 1776 64
a 8158 1792 256
a 8159 1392 16
a 8160 1184 64
a 8161 1904 16
a 8162 4752 16
a 8163 1424 64
a 8164 320 16
a 8165 416 256
a 8166 23328 256
a 8167 5888 16
a 8168 4880 64
a 8169 7840 256
a 8170 864 16
a 8171 93808 64
a 8172 3552 16
a 8173 36416 256
a 8174 640 16
a 8175 83472 256
a 8176 384 64
a 8177 110000 64
a 8178 400 256
a 8179 528 16
a 8180 816 64
a 8181 57232 16
a 8182 864 16
a 8183 1280 256
a 8184 63056 16
a 8185 288 16
a 8186 800 64
a 8187 3472 16
a 8188 9584 16
a 8189 48096 16
a 8190 6832 256
a 8191 880 256
a 8192 752 256
a 8193 2560 256
a 8194 608 256
a 8195 3488 16
a 8196 21712 16
a 8197 22416 256
a 8198 320 256
a 8199 60928 64
a 8200 5856 64
a 8201 496 256
a 8202 1520 16
a 8203 114816 256
a 8204 14576 64
a 8205 11344 64
a 8206 50384 64
a 8207 3664 16
a 8208 52288 16
a 8209 51632 16
a 8210 18320 256
a 8211 111712 64
a 8212 43328 64
a 8213 75888 256
a 8214 416 16
a 8215 84000 256
a 8216 400 64
a 8217 848 64
a 8218 448 256
a 8219 528 16
a 8220 5776 64
a 8221 352 64
a 8222 77920 64
a 8223 3616 256
a 8224 23520 256
a 8225 65344 256
a 8226 3472 64
a 8227 88752 16
a 8228 34448 64
a 8229 33520 64
a 8230 304 16
a 8231 10848 64
a 8232 5664 256
a 8233 102640 256
a 8234 2080 256
a 8235 1792 256
a 8236 3712 64
a 8237 40496 16
a 8238 3632 256
a 8239 38096 16
a 8240 11616 16
a 8241 65824 256
a 8242 108064 64
a 8243 1360 256
a 8244 3776 16
a 8245 4192 16
a 8246 131008 64
a 8247 544 256
a 8248 1488 64
a 8249 656 256
a 8250 89104 16
a 8251 62384 256
a 8252 39024 64
a 8253 68832 16
a 8254 880 64
a 8255 960 64
a 8256 736 16
a 8257 1600 64
a 8258 8048 16
a 8259 400 64
a 8260 320 64
a 8261 960 16
a 8262 24416 16
a 8263 784 64
a 8264 51792 16
a 8265 44048 256
a 8266 15808 64
a 8267 448 256
a 8268 19968 16
a 8269 640 64
a 8270 35776 16
a 8271 24624 256
a 8272 59856 16
a 8273 53536 64
a 8274 14384 16
a 8275 6000 16
a 8276 19936 16
a 8277 3200 64
a 8278 52320 256
a 8279 15856 16
a 8280 53600 64
a 8281 13712 256
a 8282 416 16
a 8283 14032 64
a 8284 40560 64
a 8285 35600 16
a 8286 7696 64
a 8287 1568 64
a 8288 28704 16
a 8289 272 64
a 8290 352 256
a 8291 624 256
a 8292 86208 16
a 8293 59312 16
a 8294 12656 64
a 8295 46176 64
a 8296 2096 256
a 8297 2016 256
a 8298 101952 16
a 8299 3744 16
a 8300 624 64
a 8301 832 256
a 8302 3472 16
a 8303 2096 16
a 8304 21984 64
a 8305 121360 256
a 8306 5952 256
a 8307 1776 16
a 8308 336 64
a 8309 3024 16
a 8310 3760 64
a 8311 7216 64
a 8312 10320 16
a 8313 512 16
a 8314 6912 16
a 8315 384 64
a 8316 19280 64
a 8317 109520 16
a 8318 816 16
a 8319 1920 16
a 8320 11088 256
a 8321 2464 256
a 8322 8352 16
a 8323 944 16
a 8324 74448 64
a 8325 33648 16
a 8326 2304 16
a 8327 1776 64
a 8328 94832 64
a 8329 57744 16
a 8330 30384 256
a 8331 3792 16
a 8332 528 16
a 8333 10016 256
a 8334 48816 16
a 8335 11472 16
a 8336 384 256
a 8337 49680 16
a 8338 1200 64
a 8339 113184 64
a 8340 1888 256
a 8341 5120 64
a 8342 336 64
a 8343 7712 16
a 8344 13168 16
a 8345 1312 64
a 8346 2016 256
a 8347 70896 16
a 8348 7104 256
a 8349 6496 16
a 8350 6944 16
a 8351 6912 16
a 8352 432 16
a 8353 304 16
a 8354 43024 16
a 8355 31616 256
a 8356 14944 64
a 8357 272 256
a 8358 2480 16
a 8359 1392 16
a 8360 768 64
a 8361 688 256
a 8362 57360 64
a 8363 114384 16
a 8364 127040 64
a 8365 1568 16
a 8366 5776 16
a 8367 52432 16
a 8368 95152 64
a 8369 496 256
a 8370 10832 256
a 8371 544 256
a 8372 4288 256
a 8373 91280 256
a 8374 99040 256
a 8375 90928 256
a 8376 400 64
a 8377 6320 16
a 8378 2032 16
a 8379 448 64
a 8380 53296 256
a 8381 68192 16
a 8382 14240 64
a 8383 99232 256
a 8384 1024 16
a 8385 6432 64
a 8386 368 256
a 8387 34400 256
a 8388 5472 16
a 8389 6928 16
a 8390 4096 64
a 8391 400 256
a 8392 1424 16
a 8393 32432 16
a 8394 32080 64
a 8395 1792 256
a 8396 560 16
a 8397 2672 256
a 8398 27040 256
a 8399 400 16
a 8400 25008 64
a 8401 72064 64
a 8402 49264 16
a 8403 6048 16
a 8404 24672 16
a 8405 1888 16
a 8406 2960 256
a 8407 448 256
a 8408 848 16
a 8409 43936 256
a 8410 39360 64
a 8411 19264 256
a 8412 44384 256
a 8413 1248 256
a 8414 11776 64
a 8415 432 256
a 8416 55152 64
a 8417 11424 256
a 8418 22464 64
a 8419 5856 256
a 8420 10192 16
a 8421 3568 16
a 8422 9936 64
a 8423 15584 256
a 8424 368 16
a 8425 78400 256
a 8426 34832 64
a 8427 10592 256
a 8428 1792 256
a 8429 656 256
a 8430 4768 64
a 8431 12624 64
a 8432 31712 64
a 8433 480 16
a 8434 272 64
a 8435 5728 256
a 8436 1744 64
a 8437 32624 16
a 8438 2768 256
a 8439 6224 256
a 8440 3536 256
a 8441 384 64
a 8442 11616 64
a 8443 272 16
a 8444 10048 256
a 8445 448 256
a 8446 1904 64
a 8447 2352 256
a 8448 2176 16
a 8449 1632 256
a 8450 608 64
a 8451 58912 16
a 8452 69968 64
a 8453 83680 16
a 8454 400 16
a 8455 816 64
a 8456 3456 64
a 8457 18608 16
a 8458 54432 64
a 8459 400 64
a 8460 26544 16
a 8461 64208 64
a 8462 1008 16
a 8463 88656 64
a 8464 114800 16
a 8465 448 16
a 8466 1968 16
a 8467 14720 64
a 8468 8048 256
a 8469 8096 16
a 8470 24032 64
a 8471 53248 16
a 8472 14016 64
a 8473 33600 256
a 8474 20384 64
a 8475 448 64
a 8476 50224 16
a 8477 47152 16
a 8478 10352 16
a 8479 12656 256
a 8480 94928 16
a 8481 400 256
a 8482 2096 256
a 8483 75568 256
a 8484 44304 16
a 8485 1968 16
a 8486 46160 256
a 8487 10256 16
a 8488 10128 16
a 8489 336 64
a 8490 1200 256
a 8491 896 64
a 8492 7952 64
a 8493 8080 64
a 8494 2256 256
a 8495 752 256
a 8496 14464 64
a 8497 880 256
a 8498 4672 256
a 8499 3968 64
a 8500 3136 64
a 8501 3408 16
a 8502 3760 16
a 8503 61072 64
a 8504 74928 16
a 8505 46208 16
a 8506 2592 64
a 8507 1280 16
a 8508 27440 16
a 8509 2544 256
a 8510 7712 256
a 8511 1600 256
a 8512 5168 64
a 8513 83104 16
a 8514 15312 16
a 8515 21696 256
a 8516 352 256
a 8517 560 256
a 8518 61456 16
a 8519 11168 16
a 8520 10496 256
a 8521 41968 256
a 8522 14592 256
a 8523 62384 64
a 8524 2112 256
a 8525 7072 256
a 8526 125280 16
a 8527 816 16
a 8528 55120 256
a 8529 7808 64
a 8530 102640 16
a 8531 1216 256
a 8532 4432 256
a 8533 101376 64
a 8534 25136 64
a 8535 31280 256
a 8536 121232 16
a 8537 11872 16
a 8538 752 16
a 8539 128096 256
a 8540 11904 64
a 8541 688 64
a 8542 592 64
a 8543 368 16
a 8544 1104 256
a 8545 5904 64
a 8546 119440 256
a 8547 27888 256
a 8548 32704 256
a 8549 672 64
a 8550 30288 256
a 8551 103376 256
a 8552 912 256
a 8553 9344 256
a 8554 22640 16
a 8555 1504 16
a 8556 116368 256
a 8557 1344 64
a 8558 496 256
a 8559 1008 64
a 8560 1232 16
a 8561 1136 16
a 8562 2784 64
a 8563 41456 16
a 8564 1696 16
a 8565 1136 64
a 8566 94496 64
a 8567 7536 64
a 8568 25168 64
a 8569 79520 256
a 8570 2784 16
a 8571 1408 256
a 8572 448 256
a 8573 5264 64
a 8574 28160 64
a 8575 2176 256
a 8576 448 16
a 8577 15536 64
a 8578 5808 16
a 8579 2288 16
a 8580 60768 256
a 8581 21600 16
a 8582 1968 64
a 8583 44144 256
a 8584 6096 16
a 8585 1344 256
a 8586 13216 256
a 8587 3200 16
a 8588 1792 16
a 8589 1760 64
a 8590 480 16
a 8591 1056 64
a 8592 480 16
a 8593 29008 256
a 8594 78816 256
a 8595 2336 16
a 8596 2768 256
a 8597 752 64
a 8598 11952 16
a 8599 4928 64
a 8600 14000 64
a 8601 528 64
a 8602 1968 64
a 8603 2592 64
a 8604 6848 256
a 8605 27824 16
a 8606 720 16
a 8607 17232 16
a 8608 3136 64
a 8609 99328 256
a 8610 5840 64
a 8611 92272 64
a 8612 1952 64
a 8613 37888 16
a 8614 1568 64
a 8615 30176 16
a 8616 3392 256
a 8617 20752 16
a 8618 9488 64
a 8619 4128 64
a 8620 976 64
a 8621 43040 64
a 8622 21296 256
a 8623 129888 256
a 8624 336 64
a 8625 90112 64
a 8626 13872 256
a 8627 1472 256
a 8628 14704 256
a 8629 784 16
a 8630 1776 256
a 8631 3616 256
a 8632 464 16
a 8633 6592 64
a 8634 11504 64
a 8635 768 16
a 8636 9680 64
a 8637 7200 64
a 8638 864 256
a 8639 12864 256
a 8640 48192 64
a 8641 11120 16
a 8642 1840 16
a 8643 3168 256
a 8644 122448 16
a 8645 36560 16
a 8646 1504 256
a 8647 272 16
a 8648 304 16
a 8649 3584 16
a 8650 7264 64
a 8651 114464 64
a 8652 8224 16
a 8653 84144 64
a 8654 18528 256
a 8655 1984 64
a 8656 126336 64
a 8657 3008 16
a 8658 448 16
a 8659 912 64
a 8660 272 16
a 8661 55088 16
a 8662 912 64
a 8663 22896 16
a 8664 17984 16
a 8665 17936 16
a 8666 4704 16
a 8667 4560 256
a 8668 23184 16
a 8669 3136 16
a 8670 416 256
a 8671 18704 256
a 8672 30544 16
a 8673 18368 16
a 8674 3344 16
a 8675 30848 64
a 8676 50480 256
a 8677 6144 16
a 8678 672 64
a 8679 107024 64
a 8680 448 256
a 8681 42928 16
a 8682 5344 256
a 8683 27600 256
a 8684 8144 64
a 8685 11184 256
a 8686 7712 16
a 8687 5792 16
a 8688 7392 64
a 8689 4128 256
a 8690 68640 256
a 8691 126240 16
a 8692 21984 16
a 8693 1280 16
a 8694 9584 64
a 8695 1152 64
a 8696 93248 16
a 8697 7296 16
a 8698 15024 64
a 8699 87280 256
a 8700 14656 64
a 8701 560 16
a 8702 50672 256
a 8703 44272 16
a 8704 10448 16
a 8705 22832 16
a 8706 41632 64
a 8707 1536 64
a 8708 960 256
a 8709 63504 16
a 8710 2464 16
a 8711 10864 16
a 8712 66512 256
a 8713 3088 256
a 8714 672 16
a 8715 7664 64
a 8716 112048 64
a 8717 5840 256
a 8718 672 256
a 8719 79920 16
a 8720 784 16
a 8721 19248 64
a 8722 1008 256
a 8723 1552 16
a 8724 400 16
a 8725 864 64
a 8726 2528 64
a 8727 114976 64
a 8728 7712 64
a 8729 87088 16
a 8730 37408 16
a 8731 64256 64
a 8732 26384 64
a 8733 432 16
a 8734 24608 256
a 8735 304 64
a 8736 1248 16
a 8737 1136 16
a 8738 496 256
a 8739 528 64
a 8740 101536 64
a 8741 71216 16
a 8742 69152 64
a 8743 10912 16
a 8744 1936 256
a 8745 101856 64
a 8746 5344 64
a 8747 58272 64
a 8748 9568 16
a 8749 4000 64
a 8750 86848 16
a 8751 4112 16
a 8752 35200 64
a 8753 1920 64
a 8754 30544 16
a 8755 2080 64
a 8756 7680 256
a 8757 59216 16
a 8758 1872 256
a 8759 5424 16
a 8760 2896 64
a 8761 7648 16
a 8762 1232 16
a 8763 1088 16
a 8764 2992 256
a 8765 1568 64
a 8766 129232 16
a 8767 5504 256
a 8768 1712 256
a 8769 23712 64
a 8770 2656 16
a 8771 119408 256
a 8772 59712 16
a 8773 40736 256
a 8774 1280 16
a 8775 5424 256
a 8776 18752 256
a 8777 272 16
a 8778 6784 256
a 8779 272 16
a 8780 3952 64
a 8781 912 64
a 8782 1040 256
a 8783 3696 64
a 8784 2480 64
a 8785 448 16
a 8786 8416 256
a 8787 368 256
a 8788 3168 64
a 8789 816 16
a 8790 13184 256
a 8791 53072 64
a 8792 272 16
a 8793 304 256
a 8794 2944 16
a 8795 1344 16
a 8796 56672 16
a 8797 784 64
a 8798 18160 256
a 8799 122128 16
a 8800 3776 256
a 8801 23888 64
a 8802 1744 16
a 8803 54576 256
a 8804 71264 256
a 8805 50272 16
a 8806 816 16
a 8807 2304 16
a 8808 98144 16
a 8809 3264 16
a 8810 82832 16
a 8811 47456 64
a 8812 368 64
a 8813 37680 256
a 8814 28848 64
a 8815 352 256
a 8816 24400 256
a 8817 6448 256
a 8818 31008 64
a 8819 42320 256
a 8820 288 16
a 8821 12288 64
a 8822 126080 256
a 8823 22752 16
a 8824 544 64
a 8825 2816 256
a 8826 3024 16
a 8827 448 64
a 8828 67808 64
a 8829 1216 16
a 8830 480 64
a 8831 5936 256
a 8832 688 64
a 8833 5936 16
a 8834 13968 16
a 8835 15488 256
a 8836 52336 16
a 8837 2624 16
a 8838 1152 16
a 8839 15344 16
a 8840 784 256
a 8841 29600 64
a 8842 103584 16
a 8843 928 256
a 8844 13392 64
a 8845 5456 256
a 8846 76672 16
a 8847 24832 16
a 8848 912 64
a 8849 121088 16
a 8850 9264 256
a 8851 30112 256
a 8852 272 256
a 8853 4352 16
a 8854 7968 16
a 8855 3200 64
a 8856 14112 16
a 8857 1536 16
a 8858 3168 64
a 8859 5424 64
a 8860 89008 256
a 8861 26960 64
a 8862 10960 64
a 8863 96784 256
a 8864 14704 64
a 8865 27504 16
a 8866 1904 256
a 8867 45504 16
a 8868 54080 16
a 8869 66800 16
a 8870 83536 16
a 8871 448 256
a 8872 2624 256
a 8873 6336 64
a 8874 4016 64
a 8875 93664 256
a 8876 992 64
a 8877 10352 64
a 8878 6960 256
a 8879 13776 16
a 8880 3936 256
a 8881 3360 16
a 8882 12784 64
a 8883 3472 256
a 8884 1600 16
a 8885 1296 64
a 8886 7728 64
a 8887 4384 64
a 8888 14288 64
a 8889 2464 256
a 8890 272 256
a 8891 976 16
a 8892 5616 256
a 8893 944 64
a 8894 2032 256
a 8895 1376 256
a 8896 6864 256
a 8897 368 256
a 8898 18208 16
a 8899 1120 64
a 8900 752 64
a 8901 1328 256
a 8902 1424 64
a 8903 2000 16
a 8904 108512 16
a 8905 320 256
a 8906 848 16
a 8907 816 256
a 8908 70336 64
a 8909 1920 256
a 8910 1344 16
a 8911 4048 64
a 8912 480 64
a 8913 768 16
a 8914 528 16
a 8915 2128 16
a 8916 87760 256
a 8917 12912 64
a 8918 22464 64
a 8919 89248 16
a 8920 1072 16
a 8921 94736 16
a 8922 8208 64
a 8923 19808 16
a 8924 34080 16
a 8925 5376 64
a 8926 1120 64
a 8927 92560 256
a 8928 8144 256
a 8929 31728 16
a 8930 80080 256
a 8931 15344 64
a 8932 1232 256
a 8933 1184 64
a 8934 63568 64
a 8935 38224 16
a 8936 28000 64
a 8937 37104 256
a 8938 98512 64
a 8939 3984 64
a 8940 54000 16
a 8941 4560 256
a 8942 1536 256
a 8943 3424 16
a 8944 1104 256
a 8945 704 16
a 8946 464 64
a 8947 816 256
a 8948 3360 16
a 8949 10960 64
a 8950 3520 256
a 8951 17808 16
a 8952 1872 16
a 8953 464 16
a 8954 960 256
a 8955 3536 16
a 8956 3536 64
a 8957 5712 64
a 8958 4352 256
a 8959 10784 64
a 8960 16336 64
a 8961 17840 256
a 8962 3168 64
a 8963 1088 256
a 8964 2032 64
a 8965 8048 16
a 8966 320 16
a 8967 992 256
a 8968 12640 64
a 8969 28896 256
a 8970 2032 64
a 8971 11408 64
a 8972 10080 256
a 8973 15088 16
a 8974 27040 256
a 8975 117776 256
a 8976 21632 256
a 8977 1136 256
a 8978 12912 64
a 8979 288 16
a 8980 288 16
a 8981 2128 16
a 8982 3088 256
a 8983 672 64
a 8984 7744 64
a 8985 1776 64
a 8986 9840 64
a 8987 960 16
a 8988 100976 16
a 8989 84720 64
a 8990 2912 64
a 8991 3360 64
a 8992 58608 16
a 8993 6320 16
a 8994 896 16
a 8995 288 64
c level-4-loaded
a 8996 1136 64
a 8997 19632 64
f 8548
f 8623
a 8998 54704 16
a 8999 20688 64
f 7790
a 9000 102400 16
f 8347
a 9001 384 256
a 9002 384 256
f 8408
a 9003 25872 64
a 9004 8928 64
f 7984
f 7817
a 9005 4672 16
a 9006 1840 256
a 9007 3712 256
f 6229
f 8069
f 8268
a 9008 528 16
f 8300
a 9009 6560 16
f 3078
a 9010 1264 16
f 8739
f 7927
a 9011 880 16
f 7970
a 9012 1184 256
f 5768
a 9013 3936 16
f 6390
a 9014 2704 64
f 5828
f 8853
a 9015 109424 16
a 9016 2736 256
f 8118
f 8706
f 8703
f 8595
a 9017 1984 16
a 9018 2480 256
a 9019 640 16
a 9020 4000 256
a 9021 110800 16
f 8439
f 2982
a 9022 6784 16
f 7888
f 8731
f 7193
a 9023 4096 64
f 7833
f 8416
a 9024 17648 16
f 8885
a 9025 13632 64
f 7506
a 9026 784 64
f 8023
f 8402
a 9027 576 64
f 7839
f 7670
a 9028 117424 16
f 7959
a 9029 22880 64
a 9030 576 64
f 6420
f 7157
a 9031 8880 256
f 7968
f 8213
a 9032 64896 256
f 8394
a 9033 2400 64
a 9034 336 64
f 8264
a 9035 3296 256
f 6692
a 9036 656 64
a 9037 41072 64
a 9038 1648 64
a 9039 480 256
a 9040 115216 16
f 7515
f 9019
f 8730
a 9041 3792 64
f 8283
f 6033
a 9042 32512 16
a 9043 1680 256
a 9044 7040 256
a 9045 3664 64
f 8910
f 5054
a 9046 896 256
a 9047 832 256
f 8384
f 7777
a 9048 320 256
f 7832
a 9049 14912 256
a 9050 1520 64
a 9051 105824 256
f 7909
a 9052 448 256
a 9053 4528 256
f 3641
f 8477
f 8610
f 6103
a 9054 17920 64
a 9055 3648 256
f 8561
a 9056 432 256
a 9057 3440 256
a 9058 816 256
a 9059 752 256
f 6012
f 7538
f 6991
f 7052
a 9060 4096 64
a 9061 77952 64
a 9062 130992 16
a 9063 31056 256
a 9064 336 256
f 7736
a 9065 45360 64
a 9066 832 64
a 9067 51424 16
a 9068 6720 256
f 8476
a 9069 37616 16
a 9070 896 256
a 9071 3888 256
a 9072 43520 256
a 9073 28160 64
a 9074 944 256
a 9075 3360 16
f 7491
a 9076 54208 256
f 8167
f 8274
a 9077 2880 64
a 9078 38288 64
a 9079 13392 64
a 9080 544 256
a 9081 10976 64
f 7966
f 7715
a 9082 13968 16
a 9083 576 16
f 8927
f 8707
a 9084 11616 64
a 9085 75152 16
a 9086 320 16
f 8454
f 5844
f 7488
a 9087 18736 256
a 9088 3312 64
a 9089 57776 256
a 9090 1648 256
a 9091 2256 256
a 9092 1440 16
a 9093 304 256
a 9094 110528 64
a 9095 992 256
a 9096 9360 64
a 9097 272 256
f 8448
a 9098 528 16
a 9099 1360 256
f 8632
a 9100 100624 16
a 9101 720 64
f 8738
f 9094
a 9102 19392 64
a 9103 85424 256
a 9104 36432 256
f 7297
a 9105 1728 16
f 6342
f 6371
a 9106 800 16
a 9107 576 64
f 8286
a 9108 928 16
f 8483
f 5646
f 6682
a 9109 127120 64
a 9110 123872 256
a 9111 13840 16
a 9112 50736 16
f 6955
f 8811
a 9113 2240 256
a 9114 56992 256
a 9115 64288 16
a 9116 4208 64
f 9056
a 9117 14016 256
f 8915
a 9118 14592 256
a 9119 3200 16
a 9120 48480 256
a 9121 31040 64
a 9122 4464 64
f 5234
a 9123 464 16
a 9124 6624 256
f 4269
f 7986
a 9125 992 64
f 7628
f 8611
a 9126 496 64
f 7604
f 9110
f 8123
f 6738
f 7776
f 7751
f 8545
f 7987
a 9127 8544 256
a 9128 46880 256
f 8642
a 9129 1104 16
f 7820
f 8640
f 9038
a 9130 28512 16
a 9131 1088 256
a 9132 1792 256
f 8169
a 9133 52640 64
f 8644
f 8456
a 9134 14400 16
a 9135 37440 256
a 9136 1872 256
f 8487
a 9137 1216 16
f 6842
a 9138 44176 16
a 9139 880 256
f 8587
a 9140 46976 16
f 5651
a 9141 2864 64
a 9142 624 16
a 9143 46928 256
a 9144 9408 256
f 7111
f 7946
f 6314
f 7190
f 4873
f 6851
f 7599
f 8129
a 9145 1440 64
a 9146 2800 256
f 8972
f 5330
a 9147 752 256
a 9148 33664 16
a 9149 38304 256
a 9150 29488 64
f 8269
a 9151 18208 16
a 9152 63472 64
a 9153 336 16
f 5107
a 9154 56304 16
f 9022
f 7461
f 8303
f 8278
a 9155 22192 256
f 5561
f 6093
a 9156 464 64
a 9157 5056 16
f 8173
f 7700
f 7321
f 8049
f 7842
a 9158 896 16
f 8096
a 9159 2176 64
f 8313
a 9160 5088 256
f 8675
a 9161 288 256
a 9162 86768 64
a 9163 17808 16
f 7741
f 9074
a 9164 3472 64
f 8064
a 9165 112336 256
a 9166 832 64
a 9167 20592 64
a 9168 28528 256
f 7368
f 7672
a 9169 6368 256
a 9170 120288 16
a 9171 11904 16
a 9172 5616 16
f 8590
f 5708
f 8257
a 9173 3088 16
a 9174 7808 256
f 7095
f 8418
a 9175 28400 256
f 9124
f 6183
a 9176 26544 64
f 8829
f 8216
a 9177 928 16
f 8401
f 6783
a 9178 30736 256
f 7158
a 9179 2112 256
f 8190
f 8656
a 9180 16864 16
f 8001
a 9181 1968 16
f 6629
f 8868
f 8681
f 7692
f 8350
a 9182 3968 256
a 9183 48576 64
f 8677
a 9184 1056 256
a 9185 976 64
a 9186 7248 256
f 7151
f 9007
a 9187 1744 64
f 7465
a 9188 26240 256
f 9088
a 9189 1584 64
a 9190 30368 16
a 9191 1088 16
a 9192 992 64
a 9193 368 256
a 9194 2576 16
f 7862
a 9195 6048 64
a 9196 1184 64
a 9197 8800 64
a 9198 272 256
a 9199 21776 64
a 9200 14848 16
a 9201 1856 16
a 9202 688 256
f 7546
a 9203 24736 256
f 8012
a 9204 368 256
f 8235
a 9205 61088 64
f 9188
f 8633
f 9171
f 5863
a 9206 400 64
a 9207 304 64
f 9071
f 7816
f 6505
a 9208 14480 64
a 9209 320 64
f 7724
a 9210 5280 64
f 8824
f 8139
f 7855
f 7594
f 8643
f 8403
f 8212
a 9211 15216 16
f 8871
f 7801
f 8436
a 9212 2960 16
a 9213 3728 16
f 7691
f 8856
f 5403
f 6688
f 6143
f 9211
a 9214 117856 256
f 5547
f 8992
a 9215 31008 256
f 5370
f 8293
a 9216 12000 16
f 8386
a 9217 1520 64
a 9218 57168 256
f 7824
a 9219 1488 64
a 9220 608 16
f 8488
f 3441
f 7486
f 9054
a 9221 2784 64
f 7617
f 8326
a 9222 3072 64
a 9223 75920 64
f 8916
f 8068
a 9224 560 256
a 9225 16240 16
f 7610
a 9226 9584 16
a 9227 90336 256
a 9228 12656 256
f 5875
f 8494
f 9192
a 9229 93504 64
f 9131
a 9230 368 16
a 9231 5648 64
a 9232 1104 16
f 5633
f 6956
f 8766
f 8455
f 7879
a 9233 8848 256
f 7253
f 8003
f 7891
f 8933
f 5510
f 9227
a 9234 544 256
a 9235 912 16
a 9236 1264 64
a 9237 2128 16
a 9238 55184 256
a 9239 20112 16
f 7635
f 8002
a 9240 832 256
a 9241 640 256
f 8808
f 8328
f 8602
a 9242 368 64
a 9243 36128 64
f 7744
a 9244 62752 64
f 8903
f 8875
a 9245 24912 64
a 9246 43072 16
f 7626
f 5386
f 7956
f 7000
f 5136
f 9120
f 8090
a 9247 22928 256
a 9248 976 64
f 9096
f 8720
a 9249 13904 256
f 9118
f 5888
a 9250 93296 64
a 9251 28128 256
a 9252 129280 256
a 9253 17952 256
f 4548
f 8537
a 9254 400 16
a 9255 992 16
a 9256 25200 256
a 9257 2400 64
a 9258 352 16
a 9259 105392 256
f 6457
a 9260 47376 16
a 9261 46880 64
a 9262 26816 256
f 8162
a 9263 15120 16
f 7813
a 9264 480 64
a 9265 12928 64
a 9266 2304 16
f 7362
f 5262
f 8586
f 8800
a 9267 81648 16
f 6997
a 9268 5584 16
f 7039
a 9269 2048 16
a 9270 672 16
a 9271 115328 16
a 9272 62064 16
a 9273 58944 16
a 9274 9520 256
f 8043
a 9275 1984 16
a 9276 3088 16
f 8618
a 9277 832 64
f 8664
a 9278 304 256
f 8630
a 9279 2384 16
f 9062
f 8723
a 9280 3408 64
a 9281 848 16
f 7808
a 9282 6848 256
a 9283 320 64
f 7828
f 4680
f 8076
a 9284 1584 16
a 9285 9312 16
f 5567
f 8846
a 9286 272 16
f 9202
f 5854
f 8579
a 9287 1872 16
f 8514
f 7357
a 9288 8864 64
f 7905
a 9289 720 64
f 8175
a 9290 2384 64
f 9181
f 8349
f 4837
a 9291 3360 256
f 8934
a 9292 624 64
f 7333
f 9067
f 7267
f 8757
a 9293 43552 256
a 9294 832 16
f 5699
a 9295 1680 64
a 9296 736 64
f 8918
f 7591
a 9297 7872 64
f 7906
a 9298 3440 64
a 9299 37456 256
a 9300 13168 16
a 9301 400 16
f 8598
f 8267
a 9302 400 64
f 8520
a 9303 38480 64
a 9304 18112 16
a 9305 720 256
f 8249
a 9306 66768 256
f 3911
a 9307 864 256
a 9308 8880 256
f 8400
a 9309 64944 64
a 9310 496 16
f 7680
f 9240
f 8205
f 9045
f 8462
a 9311 1968 16
f 7886
a 9312 1424 16
a 9313 10704 64
a 9314 42608 64
a 9315 1216 64
f 7562
f 7062
f 8332
f 9263
f 8526
a 9316 60528 256
a 9317 3168 16
a 9318 7616 16
a 9319 2416 256
f 970
f 7489
a 9320 1184 64
f 8395
a 9321 100288 256
a 9322 119184 64
a 9323 38560 256
f 8538
f 5208
a 9324 42800 64
f 7675
a 9325 1040 256
f 7412
f 1822
f 7271
a 9326 19328 256
f 8302
f 8551
f 7712
f 8533
f 8358
f 8256
f 8799
a 9327 880 256
a 9328 448 256
f 8191
a 9329 95536 256
f 8956
a 9330 512 16
a 9331 7312 256
f 8729
a 9332 16080 256
f 8517
f 8994
a 9333 400 256
f 8164
f 7212
f 8298
f 6772
a 9334 16144 16
a 9335 29952 256
f 9270
f 6302
f 9016
f 7245
f 8388
a 9336 37008 256
f 8331
f 8098
a 9337 5120 256
a 9338 24464 64
f 7142
a 9339 46496 16
a 9340 18016 16
a 9341 2640 256
f 8827
a 9342 976 256
a 9343 12896 256
a 9344 1472 16
a 9345 16624 256
a 9346 3408 16
a 9347 1760 64
a 9348 122080 64
a 9349 1744 16
f 7800
f 7718
f 8719
a 9350 22096 256
f 7993
f 8199
f 6076
f 8117
a 9351 109760 256
f 7230
f 7749
a 9352 60304 16
a 9353 1040 64
f 5906
f 7989
f 9276
f 8495
a 9354 5840 64
f 7908
a 9355 13264 16
a 9356 6544 16
f 6184
a 9357 7520 64
f 8127
f 8059
f 9030
f 5881
f 7792
f 5110
f 8812
f 8219
a 9358 25216 256
f 5060
a 9359 736 256
a 9360 24832 256
a 9361 27056 16
f 8951
a 9362 52016 64
f 8865
a 9363 9696 256
a 9364 512 64
f 1687
a 9365 640 256
f 8233
a 9366 1328 64
f 6046
a 9367 6000 64
f 9255
a 9368 3968 16
f 8864
a 9369 38704 64
f 6691
a 9370 20704 16
a 9371 272 256
f 8663
a 9372 304 16
f 7544
f 9005
a 9373 6288 256
f 8749
a 9374 11984 256
f 6343
f 9108
a 9375 125408 16
f 8405
a 9376 5584 16
a 9377 33520 64
f 9083
a 9378 38752 16
a 9379 34048 64
a 9380 304 16
f 9208
a 9381 31728 64
a 9382 10832 64
f 7637
f 9225
f 6018
f 7294
a 9383 37472 256
a 9384 9952 64
f 5916
f 8678
a 9385 6464 64
f 9060
f 9164
a 9386 79168 16
a 9387 8352 256
a 9388 2960 16
a 9389 512 256
f 9193
f 7869
f 7645
a 9390 17840 64
f 6244
f 7512
f 5408
a 9391 768 16
f 9090
a 9392 17328 64
a 9393 59904 64
a 9394 101968 256
f 8284
f 7971
a 9395 1056 256
f 9017
a 9396 14032 16
a 9397 512 16
a 9398 104384 16
a 9399 2608 16
a 9400 320 16
a 9401 21776 64
a 9402 688 64
a 9403 1232 16
f 4517
a 9404 28192 256
a 9405 40064 256
a 9406 928 256
a 9407 7616 64
a 9408 15248 16
f 7685
f 7785
f 8182
a 9409 5728 16
f 9035
f 5036
f 8788
a 9410 123232 64
a 9411 42848 64
a 9412 272 256
f 8574
f 6916
f 6077
a 9413 784 16
f 7746
f 8248
a 9414 76288 64
a 9415 119552 64
a 9416 7792 256
f 8588
a 9417 1824 16
f 7452
f 7496
f 8251
a 9418 10784 16
a 9419 31008 256
f 9043
f 8039
f 8944
a 9420 3312 64
a 9421 3072 16
f 6117
f 5779
f 8232
f 7758
a 9422 33488 64
f 8244
a 9423 1344 64
f 1458
f 8236
f 3065
a 9424 33792 64
a 9425 2912 16
a 9426 4096 256
a 9427 848 256
f 8715
f 7917
f 8336
a 9428 20240 16
f 7627
a 9429 8752 256
f 9244
a 9430 31952 256
a 9431 4032 16
f 7112
f 7858
f 8230
a 9432 49376 16
f 8683
a 9433 96464 16
a 9434 1776 64
a 9435 688 256
f 8289
f 5556
f 9363
f 7957
a 9436 1888 64
f 7524
a 9437 68256 16
a 9438 104800 16
f 9199
a 9439 43328 256
f 8977
a 9440 90832 64
a 9441 13424 256
f 9433
a 9442 432 256
f 7761
a 9443 99456 16
a 9444 288 64
f 6418
a 9445 1104 16
f 8991
f 8234
a 9446 272 64
f 8619
f 8877
f 6841
f 6530
a 9447 1168 64
a 9448 25312 64
f 7979
a 9449 18688 64
f 8188
a 9450 6384 256
f 8262
f 8430
f 7664
f 6929
f 7674
f 8015
a 9451 4272 256
f 8153
f 7138
f 7830
a 9452 41296 64
a 9453 7856 64
f 7757
f 8995
a 9454 1184 16
a 9455 1120 256
f 8334
a 9456 47280 256
f 5450
f 5829
f 8519
f 1521
f 8573
a 9457 129936 64
f 7511
a 9458 88128 256
a 9459 480 64
f 6544
f 8396
f 8143
f 8810
f 8997
f 8304
a 9460 44352 64
a 9461 1648 256
f 4342
a 9462 5808 64
a 9463 752 256
a 9464 1392 256
a 9465 3056 256
a 9466 33072 16
f 7658
a 9467 57568 16
a 9468 624 16
a 9469 8224 16
a 9470 37360 256
a 9471 22944 16
a 9472 544 256
a 9473 3136 64
a 9474 720 64
a 9475 7584 64
f 9334
a 9476 58320 64
a 9477 464 64
a 9478 496 64
f 7502
f 7551
f 8718
f 9349
f 8468
a 9479 18736 64
a 9480 8576 64
f 8214
f 9133
f 8427
f 8804
f 8862
f 8447
a 9481 12864 256
a 9482 21920 256
a 9483 15664 64
f 8026
f 8061
f 9372
a 9484 13424 16
f 8638
f 9249
f 6664
f 8254
a 9485 59248 16
a 9486 464 256
f 8140
a 9487 3360 256
a 9488 736 64
a 9489 368 256
f 6098
a 9490 104864 16
f 8499
a 9491 288 256
f 7242
a 9492 1728 64
a 9493 800 64
f 8202
a 9494 4592 16
f 7454
f 9257
a 9495 23584 64
a 9496 100400 64
f 9065
f 8243
f 9285
f 8444
a 9497 38752 16
f 7904
a 9498 1376 256
a 9499 384 64
f 6724
a 9500 74160 64
f 9375
a 9501 125328 16
f 7579
a 9502 74576 256
f 9084
a 9503 768 256
a 9504 99232 64
f 9407
f 8207
a 9505 13344 16
a 9506 7152 16
a 9507 12208 16
f 8528
f 9396
a 9508 13104 256
f 8089
f 9359
f 5251
a 9509 10768 64
a 9510 3424 64
a 9511 24512 256
a 9512 109232 256
a 9513 560 64
a 9514 480 16
a 9515 1632 64
a 9516 1264 16
f 5960
f 7708
a 9517 28976 64
f 9402
a 9518 6240 16
f 9329
a 9519 4288 256
a 9520 15392 16
f 7531
a 9521 78832 16
a 9522 11728 16
a 9523 43728 64
f 7915
a 9524 85440 16
a 9525 85040 16
a 9526 1968 64
f 9203
f 5840
f 8070
a 9527 30528 64
a 9528 19616 16
f 8338
f 6171
a 9529 368 16
a 9530 1104 16
f 5725
f 8614
a 9531 30640 16
f 7856
a 9532 55952 64
a 9533 1984 64
f 6405
a 9534 2048 256
a 9535 69200 64
f 9462
f 9086
f 6382
f 9216
a 9536 2544 16
f 5653
f 9366
a 9537 32400 64
f 6936
a 9538 23664 16
a 9539 31488 16
a 9540 7072 16
f 9299
f 5093
a 9541 2816 256
a 9542 2448 64
a 9543 912 64
f 8185
a 9544 14720 16
f 8017
f 6915
f 7863
f 8498
f 7607
a 9545 12656 64
a 9546 11600 64
f 8914
f 8353
a 9547 3488 64
a 9548 64544 64
f 6643
f 7693
a 9549 688 16
f 9448
a 9550 1872 64
a 9551 15712 256
f 8174
f 7791
f 9307
f 7982
f 8404
f 9132
f 8909
a 9552 624 64
a 9553 54784 256
a 9554 368 256
f 9055
f 7702
f 9490
f 8750
a 9555 25280 16
a 9556 46096 64
a 9557 864 256
a 9558 1536 256
a 9559 5952 64
f 7669
a 9560 31200 16
a 9561 2320 256
a 9562 448 16
f 8641
f 8385
a 9563 30912 256
a 9564 14464 256
a 9565 1088 256
f 7394
f 7752
a 9566 4848 16
f 9555
f 9498
f 8725
f 8041
f 5111
a 9567 39712 64
f 9194
a 9568 58560 256
a 9569 128720 256
f 7622
a 9570 8992 16
f 5237
f 9139
f 9113
a 9571 104864 64
a 9572 62448 64
f 7390
f 7853
a 9573 10336 64
f 9314
f 8361
a 9574 6432 16
f 8673
f 9477
f 8466
f 7942
a 9575 38640 16
f 9489
a 9576 2000 16
a 9577 1584 256
f 8589
a 9578 464 256
a 9579 592 256
f 6768
f 9333
a 9580 3232 256
f 6172
a 9581 3824 256
a 9582 63328 16
a 9583 39440 64
a 9584 416 64
a 9585 1696 64
a 9586 32944 256
a 9587 6336 256
a 9588 10576 16
f 9308
a 9589 336 256
f 8968
f 7644
f 9417
f 7988
a 9590 9248 64
f 9398
f 9157
f 9325
a 9591 100160 256
a 9592 6224 16
a 9593 42496 256
a 9594 784 256
a 9595 1552 64
f 8880
a 9596 24128 256
a 9597 96992 16
f 7961
a 9598 3264 256
a 9599 47776 16
a 9600 9232 256
a 9601 101776 16
f 8065
f 9559
f 5995
f 5432
a 9602 432 256
a 9603 13104 256
f 9129
a 9604 111008 16
f 7802
a 9605 560 64
a 9606 103424 256
a 9607 720 16
a 9608 976 256
a 9609 1296 64
a 9610 976 256
f 7807
a 9611 20960 16
a 9612 1392 64
f 7850
f 9577
f 9053
a 9613 496 256
a 9614 3392 64
a 9615 320 256
a 9616 3344 256
f 7522
f 9251
f 8900
a 9617 3264 64
f 8355
a 9618 78096 16
f 9330
f 7931
a 9619 336 64
a 9620 17200 64
f 8406
a 9621 11312 256
a 9622 6352 64
a 9623 2064 64
f 9601
f 7611
a 9624 46688 256
f 8364
a 9625 11568 64
a 9626 512 64
f 8876
f 8536
f 8990
a 9627 2784 64
f 5775
f 8930
a 9628 464 256
a 9629 656 256
a 9630 30784 16
f 8005
a 9631 18416 16
a 9632 7648 256
f 8038
f 7605
f 8052
a 9633 576 64
f 4846
f 8215
f 9315
a 9634 12256 64
f 7913
a 9635 4112 16
f 8110
f 5373
f 8113
a 9636 848 16
f 9250
a 9637 46656 64
a 9638 55152 64
f 8984
a 9639 6912 256
a 9640 3056 64
a 9641 12624 64
f 9254
a 9642 6912 64
a 9643 4032 16
a 9644 1744 16
f 4989
a 9645 19824 64
a 9646 3264 256
f 8029
f 4789
f 7248
a 9647 62080 16
a 9648 70096 64
a 9649 1840 256
a 9650 74384 256
f 9321
f 8532
f 9586
a 9651 17728 256
a 9652 496 16
f 8501
f 9420
f 5969
f 7810
a 9653 14976 64
f 7097
a 9654 1152 16
f 8896
a 9655 352 64
f 7677
a 9656 1872 64
a 9657 12400 256
a 9658 624 256
a 9659 4192 16
f 9031
a 9660 25136 16
f 8391
a 9661 3504 64
f 8543
a 9662 2192 16
f 9134
f 4566
a 9663 1504 64
a 9664 704 16
a 9665 3152 16
f 9605
a 9666 7936 64
a 9667 3856 256
f 6430
f 9237
a 9668 1952 16
a 9669 384 16
f 9547
a 9670 13696 64
f 8044
f 8674
f 9317
f 9323
f 7499
a 9671 2048 64
a 9672 1088 16
f 8445
f 4859
a 9673 1008 256
a 9674 46832 16
a 9675 9888 256
a 9676 57424 64
f 8223
a 9677 120096 16
a 9678 512 16
a 9679 5248 16
a 9680 368 256
f 9452
f 8686
a 9681 736 256
f 8563
a 9682 7088 256
f 9290
a 9683 14176 256
a 9684 124992 64
a 9685 29632 256
a 9686 2320 16
a 9687 27936 16
f 7706
a 9688 448 64
f 9173
a 9689 896 256
f 6796
a 9690 4000 256
f 8696
f 7812
a 9691 1168 16
a 9692 7216 256
a 9693 752 64
f 8390
a 9694 35296 64
f 8947
f 9283
f 8201
f 8709
a 9695 95920 64
f 7729
a 9696 8048 256
f 8239
a 9697 21232 256
f 9495
f 8560
a 9698 6736 64
a 9699 98432 256
a 9700 3744 16
f 7916
f 5158
a 9701 880 16
a 9702 896 16
f 6942
f 3545
f 8835
a 9703 7552 16
f 9583
a 9704 832 64
f 8958
f 9179
a 9705 1088 256
a 9706 1744 256
f 7385
a 9707 976 16
a 9708 28816 64
a 9709 512 64
a 9710 26608 256
f 5749
a 9711 7584 256
a 9712 6944 16
f 9072
f 9543
f 7903
f 9135
f 7684
f 7573
f 9037
f 9565
f 5527
a 9713 27584 256
a 9714 9696 256
f 8231
f 8301
f 9123
a 9715 37760 256
a 9716 992 64
a 9717 416 64
f 8797
f 8125
f 7629
f 8669
f 7972
a 9718 3568 256
f 9339
a 9719 5168 16
f 9714
a 9720 336 16
a 9721 67600 64
f 5601
a 9722 4416 64
f 8583
a 9723 25776 256
f 6611
a 9724 61648 64
a 9725 116528 16
a 9726 4208 64
a 9727 912 64
f 7439
f 9520
f 9705
f 7206
f 6111
a 9728 6576 64
a 9729 116608 64
a 9730 43152 256
a 9731 15408 64
a 9732 432 16
f 9309
a 9733 12480 16
f 8078
f 9687
a 9734 6880 16
f 8806
a 9735 1808 64
a 9736 89360 64
f 7155
a 9737 13584 16
a 9738 9248 16
a 9739 400 64
a 9740 54480 256
f 2979
f 5396
a 9741 1520 256
a 9742 1280 64
a 9743 544 256
f 8882
a 9744 67616 16
f 9403
a 9745 2384 16
a 9746 5840 16
f 9557
a 9747 129008 256
a 9748 45136 64
f 9182
a 9749 14304 64
f 8290
a 9750 3600 64
f 8133
f 7528
f 9115
a 9751 62336 256
a 9752 672 64
a 9753 55712 16
f 3119
f 8736
a 9754 28016 256
f 5312
f 8746
f 8324
f 9050
f 2549
f 9621
a 9755 752 16
f 8081
f 8668
f 6150
a 9756 96288 256
a 9757 15552 64
a 9758 12048 64
f 7765
f 8659
f 6303
a 9759 608 64
f 7944
f 8712
a 9760 27360 256
a 9761 52960 256
a 9762 288 64
a 9763 1520 16
f 9570
a 9764 5712 64
f 6683
f 5698
f 8737
f 9603
f 9509
f 9049
f 9479
f 8042
a 9765 1376 256
a 9766 12032 64
a 9767 44272 256
f 9191
f 8929
f 6262
a 9768 3056 16
a 9769 67552 256
a 9770 95968 16
f 6061
f 8018
a 9771 2400 64
f 6330
f 9588
a 9772 114608 256
a 9773 117232 64
f 9472
a 9774 4608 64
a 9775 33424 256
a 9776 1280 256
a 9777 1152 256
f 1770
a 9778 3296 16
a 9779 464 256
f 9475
f 8425
f 8341
f 9025
f 8591
a 9780 960 256
f 8253
f 7796
f 9215
f 8423
f 9278
f 9112
a 9781 928 256
f 8541
a 9782 16608 256
a 9783 7024 256
a 9784 17456 16
a 9785 4912 256
f 7954
f 7592
f 8564
a 9786 25440 16
a 9787 3200 64
a 9788 4512 64
a 9789 107488 256
f 9614
a 9790 400 256
f 9766
f 9063
f 4673
a 9791 43568 16
f 8645
a 9792 432 256
a 9793 4736 16
a 9794 42016 16
a 9795 480 16
a 9796 752 16
f 9697
f 8553
a 9797 3232 64
f 9368
a 9798 5456 256
a 9799 14560 256
f 8940
f 7737
f 8957
a 9800 2448 256
f 9066
a 9801 10128 16
f 9530
f 6034
f 7992
f 8156
a 9802 2256 64
a 9803 6848 64
a 9804 5232 16
a 9805 784 256
a 9806 3536 16
a 9807 1504 256
a 9808 2512 256
f 9515
a 9809 58656 256
f 6780
a 9810 320 64
a 9811 640 256
f 6152
f 9458
f 9481
f 8834
a 9812 624 64
f 8157
a 9813 16176 16
f 8845
a 9814 25584 16
a 9815 544 256
a 9816 3040 256
a 9817 24608 64
f 5843
f 7894
f 8576
a 9818 3680 64
a 9819 37616 64
f 8168
a 9820 5440 16
f 8417
a 9821 11664 256
f 8209
a 9822 15792 64
f 8433
a 9823 1808 256
f 7704
f 9405
a 9824 928 64
f 9761
f 8955
f 8816
a 9825 640 16
a 9826 288 256
f 8379
a 9827 368 64
f 7793
a 9828 118048 16
f 9039
f 9253
f 5718
f 9622
f 9521
a 9829 3632 16
f 7232
a 9830 127808 256
a 9831 7040 256
a 9832 1712 256
f 9360
a 9833 14288 16
a 9834 912 16
f 8786
f 7048
f 7580
f 7788
a 9835 13648 16
a 9836 304 16
f 9265
a 9837 101488 64
f 9803
f 8192
a 9838 2992 64
f 8841
a 9839 368 16
a 9840 9712 64
f 8760
f 8601
f 8320
f 5681
a 9841 27648 16
f 9733
f 8037
a 9842 512 256
f 9425
a 9843 61104 64
f 9480
f 9393
a 9844 496 256
a 9845 832 256
f 8006
f 8263
a 9846 23632 64
f 7102
f 8306
a 9847 1856 64
f 9508
a 9848 416 64
f 9282
f 7483
f 9100
a 9849 1952 16
a 9850 1536 64
a 9851 848 16
a 9852 36096 256
a 9853 960 64
f 8818
a 9854 6768 64
f 9431
a 9855 6880 16
a 9856 55184 256
a 9857 272 16
a 9858 336 256
f 6195
a 9859 119680 256
f 8272
a 9860 12848 16
a 9861 49744 256
a 9862 5744 64
a 9863 800 256
f 7098
f 9259
f 8682
f 5497
f 9701
f 9438
a 9864 65264 16
a 9865 61840 256
f 7395
a 9866 5696 16
f 8608
f 8762
f 9499
f 9078
a 9867 15632 256
f 7873
a 9868 3824 64
a 9869 7312 256
a 9870 117184 16
a 9871 416 64
a 9872 2464 16
f 8471
f 9639
a 9873 352 16
a 9874 2272 256
f 8359
f 8383
a 9875 15040 256
a 9876 2576 256
f 8838
f 9671
a 9877 10016 16
a 9878 16912 64
a 9879 608 64
f 8842
f 7311
a 9880 752 16
a 9881 1280 16
f 9455
f 9486
a 9882 4720 256
f 8087
a 9883 2512 64
a 9884 37264 64
f 4574
f 4747
a 9885 560 256
a 9886 976 256
a 9887 1168 256
a 9888 3792 64
f 4111
f 8897
f 9081
f 9783
a 9889 13024 256
a 9890 56768 256
a 9891 448 256
a 9892 9568 256
a 9893 5360 256
a 9894 368 64
a 9895 1584 64
a 9896 2640 16
a 9897 29792 64
a 9898 7712 64
a 9899 36816 16
f 9064
a 9900 928 16
f 9155
f 7432
a 9901 1904 64
f 6249
a 9902 64816 64
f 8527
f 9652
a 9903 17216 256
a 9904 560 64
f 8534
a 9905 4096 64
a 9906 93408 64
a 9907 2016 64
f 8775
a 9908 1664 256
f 9706
f 9820
a 9909 19616 16
a 9910 117808 16
f 8870
a 9911 736 64
f 9629
a 9912 3840 16
a 9913 65200 64
f 8836
f 8150
a 9914 1744 64
a 9915 117536 64
a 9916 2304 16
f 8552
a 9917 3472 16
a 9918 7824 64
f 7537
a 9919 9936 64
f 9476
a 9920 8240 16
f 9838
f 8255
f 9331
f 7535
f 9825
a 9921 45376 64
f 8414
f 9528
f 9541
f 9436
f 9626
f 7593
f 8830
f 8409
a 9922 864 64
f 5406
f 9795
a 9923 13920 64
a 9924 448 64
f 7525
f 8238
a 9925 10272 64
f 8953
a 9926 92416 64
f 8019
f 8690
a 9927 928 16
f 9103
a 9928 1824 16
a 9929 8032 256
f 9852
f 7614
f 8047
f 9248
f 7727
f 7678
a 9930 496 16
f 9232
a 9931 59408 256
a 9932 6768 16
a 9933 46224 64
a 9934 464 256
f 7654
a 9935 75632 64
a 9936 19712 256
f 9667
a 9937 1008 256
a 9938 1216 64
a 9939 56784 256
a 9940 43152 256
a 9941 53760 256
a 9942 368 64
f 8356
f 7216
a 9943 104640 64
a 9944 37680 64
a 9945 128848 256
f 9831
a 9946 46432 256
a 9947 23632 16
a 9948 5664 64
f 6257
f 9791
a 9949 55760 256
f 7652
a 9950 544 16
f 8033
a 9951 2928 64
f 7051
f 9300
a 9952 14784 64
a 9953 4832 256
f 9207
a 9954 3104 16
a 9955 368 256
f 9691
f 9575
a 9956 29296 256
a 9957 115808 256
a 9958 57680 64
f 9898
a 9959 1008 256
f 8285
a 9960 352 64
a 9961 71840 64
a 9962 10192 16
a 9963 11424 64
a 9964 39568 16
a 9965 2112 64
a 9966 56336 256
a 9967 4912 64
a 9968 101696 64
f 8732
a 9969 35344 16
f 9138
f 9073
a 9970 14512 64
a 9971 1776 64
a 9972 28816 64
a 9973 1088 64
a 9974 101888 256
f 7133
f 9077
f 7543
f 9218
f 7784
a 9975 4784 256
a 9976 59968 16
a 9977 31248 256
f 1994
f 7262
f 7748
a 9978 6576 256
f 8926
a 9979 896 16
a 9980 3280 256
a 9981 3984 256
a 9982 1072 64
a 9983 432 64
f 3397
a 9984 496 64
a 9985 608 256
f 9364
f 5434
f 9551
f 9492
f 9242
a 9986 4864 256
a 9987 6528 64
a 9988 6896 16
f 9685
a 9989 96624 16
a 9990 1024 64
a 9991 656 16
f 9141
a 9992 25232 256
f 5894
f 8987
a 9993 39584 256
f 7930
a 9994 3040 64
a 9995 784 16
f 8075
f 9607
f 8531
f 9568
a 9996 61104 64
f 8151
a 9997 1280 64
a 9998 34048 64
a 9999 624 16
f 8711
f 9784
a 10000 76736 256
f 8036
a 10001 9120 16
a 10002 1168 256
a 10003 60640 16
a 10004 60192 16
f 9707
c level-4-churned
f 8461
f 8571
f 6174
f 5657
f 8759
f 7947
f 9850
f 7686
f 8108
f 8342
f 9758
f 8397
f 7549
f 8961
f 9388
f 5313
f 4662
f 8159
f 8898
f 9574
f 8609
f 6489
f 5838
f 9027
f 7756
f 9137
f 9813
f 9015
f 8105
f 9689
f 8924
f 8119
f 8104
f 7513
f 9987
f 1979
f 7995
f 6825
f 9851
f 9745
f 8863
f 9702
f 9302
f 7711
f 4928
f 9273
f 8616
f 10002
f 7696
f 4811
f 8976
f 6614
f 8398
f 7631
f 550
f 8135
f 9172
f 7598
f 8007
f 5628
f 5801
f 7818
f 4884
f 6858
f 8376
f 7533
f 9286
f 5993
f 7268
f 8803
f 9721
f 9456
f 8971
f 10000
f 9093
f 9997
f 9934
f 8348
f 8743
f 6675
f 8866
f 9239
f 9350
f 8412
f 8782
f 9426
f 8777
f 8688
f 8276
f 7320
f 8200
f 9993
f 8429
f 9600
f 7177
f 8451
f 6049
f 7786
f 7844
f 7952
f 8580
f 8851
f 9414
f 7949
f 5652
f 9742
f 9335
f 5083
f 10003
f 8366
f 8210
f 7860
f 9863
f 9881
f 8131
f 9272
f 8558
f 9651
f 7920
f 9637
f 8753
f 6821
f 7662
f 6753
f 7609
f 7950
f 6901
f 8194
f 7319
f 7523
f 8622
f 8981
f 8074
f 7411
f 9841
f 7997
f 9632
f 9523
f 8790
f 9444
f 8505
f 7259
f 9347
f 8701
f 8034
f 7520
f 6449
f 7934
f 7666
f 9681
f 7798
f 8171
f 5473
f 8932
f 9933
f 9245
f 7767
f 9185
f 9967
f 9925
f 7705
f 7870
f 9778
f 9703
f 8492
f 3986
f 9890
f 9233
f 7581
f 9012
f 8459
f 4568
f 8294
f 9669
f 8142
f 8040
f 6266
f 9260
f 9028
f 6829
f 7871
f 9296
f 7926
f 9610
f 7768
f 9235
f 9234
f 5965
f 7837
f 8144
f 8387
f 9612
f 8340
f 7498
f 9994
f 9516
f 8357
f 9695
f 8063
f 9338
f 9143
f 6307
f 8399
f 7991
f 9026
f 8820
f 9853
f 9268
f 9645
f 8950
f 9412
f 9042
f 8426
f 9069
f 8798
f 8177
f 5788
f 9262
f 9642
f 9789
f 8009
f 9821
f 8833
f 7750
f 9988
f 4958
f 5188
f 3543
f 8695
f 8687
f 7928
f 5157
f 7738
f 8793
f 7829
f 9968
f 9312
f 7964
f 9116
f 8710
f 8145
f 9861
f 7747
f 7733
f 9313
f 9228
f 7713
f 6328
f 9106
f 9873
f 9355
f 6996
f 9231
f 9373
f 8989
f 9673
f 9694
f 7734
f 9885
f 8308
f 9594
f 7825
f 9319
f 7410
f 8413
f 8128
f 6534
f 8393
f 9884
f 8858
f 5003
f 9000
f 8486
f 9855
f 7247
f 9558
f 9519
f 7359
f 9591
f 9835
f 9900
f 5569
f 7582
f 8524
f 8887
f 7753
f 9686
f 6878
f 9866
f 9397
f 8474
f 9659
f 9092
f 8624
f 9983
f 8031
f 5361
f 9247
f 9161
f 9544
f 9936
f 9358
f 7585
f 9731
f 9787
f 9662
f 9087
f 7865
f 9380
f 4705
f 9510
f 8603
f 9970
f 9563
f 8198
f 7302
f 8565
f 5318
f 8980
f 9768
f 7974
f 8676
f 7958
f 9241
f 7501
f 9799
f 9464
f 5857
f 7827
f 7690
f 8773
f 6970
f 9102
f 9699
f 8839
f 7641
f 7912
f 8437
f 6502
f 8014
f 9950
f 8539
f 8658
f 8343
f 9210
f 5437
f 7723
f 7656
f 7965
f 8566
f 8469
f 9465
f 9362
f 8148
f 7805
f 8288
f 7508
f 9836
f 7621
f 8372
f 9341
f 5272
f 8575
f 8504
f 6720
f 9792
f 8879
f 8497
f 9776
f 8936
f 9990
f 9295
f 6377
f 9511
f 9298
f 6636
f 6925
f 7181
f 5931
f 7695
f 9824
f 8048
f 6968
f 8165
f 9580
f 8247
f 8134
f 7742
f 9650
f 9915
f 9354
f 7280
f 9996
f 8975
f 7659
f 7577
f 9522
f 7630
f 7859
f 3121
f 8974
f 9823
f 8266
f 7284
f 6723
f 7600
f 7754
f 9722
f 7530
f 8593
f 7782
f 8224
f 9907
f 9608
f 9631
f 7773
f 8612
f 8491
f 8011
f 5053
f 8132
f 8931
f 7978
f 7045
f 9293
f 5047
f 5833
f 9097
f 8670
f 9101
f 8281
f 7902
f 5599
f 9618
f 6568
f 6378
f 8567
f 9326
f 9585
f 9737
f 7822
f 5994
f 8094
f 9409
f 8869
f 7769
f 8407
f 8948
f 9082
f 9602
f 7613
f 5644
f 8634
f 7175
f 9531
f 8180
f 7638
f 9524
f 6944
f 8970
f 9801
f 7725
f 7428
f 8071
f 5822
f 6452
f 8453
f 5138
f 6519
f 8321
f 9125
f 9441
f 6182
f 8381
f 9111
f 8365
f 6908
f 3814
f 8529
f 9369
f 8375
f 7980
f 9034
f 6565
f 6423
f 8421
f 5469
f 8062
f 8717
f 6165
f 9361
f 8741
f 8095
f 8512
f 8354
f 8796
f 9760
f 8411
f 7673
f 4731
f 7682
f 6122
f 8295
f 8314
f 8781
f 9324
f 7663
f 3282
f 8859
f 9891
f 8765
f 8637
f 9532
f 9389
f 7815
f 8549
f 4233
f 9811
f 7936
f 8067
f 4860
f 7164
f 9859
f 7459
f 9708
f 8973
f 7492
f 8518
f 9710
f 5410
f 8027
f 7835
f 7857
f 8179
f 9772
f 8562
f 7484
f 9739
f 7665
f 8873
f 6703
f 5704
f 5240
f 5551
f 5934
f 8345
f 7148
f 7509
f 8085
f 9690
f 6913
f 9044
f 6453
f 8599
f 9683
f 7676
f 8949
f 8154
f 8704
f 6834
f 7721
f 9698
f 8115
f 7521
f 8600
f 9895
f 8691
f 7435
f 6685
f 9958
f 7814
f 9500
f 7615
f 8120
f 9966
f 9908
f 7919
f 9406
f 9840
f 9013
f 9746
f 9740
f 9797
f 7090
f 9782
f 8335
f 8962
f 9047
f 9794
f 8665
f 7185
f 7874
f 7876
f 8442
f 9010
f 7922
f 8596
f 5566
f 8130
f 9942
f 9267
f 8998
f 8377
f 8099
f 8010
f 8823
f 7710
f 9126
f 6684
f 7907
f 5185
f 9750
f 8952
f 6579
f 8086
f 8004
f 9206
f 5859
f 9046
f 5268
f 9384
f 9971
f 9275
f 5973
f 9428
f 8282
f 9413
f 5549
f 8771
f 6634
f 8508
f 8316
f 9291
f 5613
f 9379
f 9730
f 6149
f 9190
f 9604
f 6975
f 5069
f 3242
f 9059
f 8382
f 9938
f 9281
f 9709
f 9615
f 7661
f 3810
f 7852
f 9213
f 9214
f 8509
f 9716
f 7561
f 8744
f 9095
f 9647
f 7701
f 7507
f 5667
f 8626
f 9196
f 3678
f 7503
f 8056
f 3536
f 8570
f 9195
f 9348
f 7714
f 9785
f 8620
f 5049
f 8481
f 9717
f 8969
f 8500
f 7735
f 8740
f 9098
f 9497
f 9619
f 6053
f 8908
f 9732
f 8022
f 8431
f 6822
f 8428
f 8613
f 9036
f 8084
f 8883
f 8051
f 5794
f 6261
f 5883
f 9931
f 7495
f 9877
f 8208
f 7836
f 4820
f 5729
f 8941
f 9236
f 9556
f 8152
f 8458
f 9961
f 6446
f 7318
f 9887
f 9496
f 8530
f 9387
f 7130
f 8705
f 7205
f 9512
f 8917
f 8805
f 8452
f 7953
f 9904
f 8109
f 9798
f 7945
f 8727
f 9483
f 7861
f 9587
f 8072
f 8124
f 7361
f 7898
f 9004
f 9755
f 8522
f 9154
f 7342
f 8111
f 9163
f 9301
f 9666
f 7806
f 9862
f 8053
f 9429
f 5550
f 9998
f 8362
f 6831
f 8699
f 8279
f 8228
f 9606
f 8631
f 8850
f 9910
f 9385
f 9896
f 9752
f 8716
f 7770
f 6373
f 9121
f 9553
f 7107
f 7838
f 9751
f 7437
f 9906
f 6641
f 8337
f 5515
f 7354
f 9897
f 9715
f 7732
f 9754
f 6701
f 8091
f 9460
f 9846
f 9914
f 8861
f 6057
f 9921
f 8327
f 2650
f 9660
f 7975
f 9726
f 9590
f 7867
f 7335
f 8503
f 7497
f 9189
f 2629
f 9304
f 8809
f 7667
f 7514
f 7431
f 7882
f 8848
f 8679
f 9430
f 7285
f 5248
f 9860
f 7887
f 7763
f 5746
f 7296
f 8821
f 5500
f 8672
f 8666
f 4876
f 7567
f 9940
f 8464
f 9040
f 5516
f 9287
f 9989
f 9935
f 9736
f 9377
f 7840
f 4863
f 9769
f 7584
f 7779
f 7640
f 9144
f 8767
f 5619
f 7623
f 8035
f 8226
f 6236
f 7569
f 9572
f 9922
f 8054
f 9843
f 9542
f 7918
f 7619
f 8923
f 9029
f 9700
f 6041
f 5555
f 7851
f 9830
f 9221
f 9876
f 8657
f 9684
f 8945
f 9070
f 9351
f 7880
f 7764
f 7875
f 5210
f 6815
f 3332
f 7527
f 9839
f 9539
f 8260
f 9682
f 9288
f 7868
f 2826
f 9401
f 7540
f 7731
f 9023
f 8287
f 8046
f 9491
f 8515
f 8755
f 8792
f 9527
f 9494
f 8939
f 4453
f 9085
f 7885
f 7943
f 8577
f 7178
f 8217
f 7602
f 9598
f 7510
f 9485
f 9246
f 7308
f 9926
f 8648
f 8745
f 9453
f 9470
f 9664
f 9945
f 9804
f 8100
f 9670
f 8160
f 7587
f 9435
f 9280
f 7636
f 7771
f 5664
f 8742
f 9487
f 9032
f 8697
f 6464
f 9728
f 7720
f 8050
f 9847
f 8176
f 4685
f 7990
f 8457
f 8032
f 9723
f 8625
f 9518
f 7668
f 7900
f 8024
f 9727
f 8872
f 9548
f 9879
f 7650
f 9725
f 8535
f 5671
f 4926
f 7578
f 9153
f 7606
f 7529
f 7618
f 9949
f 9743
f 6338
f 9974
f 9336
f 9305
f 6439
f 8785
f 9381
f 5621
f 7555
f 8102
f 7689
f 8542
f 9471
f 3807
f 8912
f 9582
f 9488
f 9217
f 8045
f 9928
f 9878
f 9374
f 6503
f 9130
f 9105
f 9663
f 8147
f 9889
f 6333
f 8460
f 8351
f 8478
f 7883
f 6922
f 9734
f 9781
f 8346
f 8305
f 9767
f 9802
f 7935
f 9762
f 9912
f 5791
f 9894
f 7846
f 9627
f 9777
f 9449
f 7038
f 7306
f 9805
f 9713
f 8943
f 9952
f 5436
f 8617
f 9534
f 9252
f 6246
f 8206
f 7951
f 9419
f 9741
f 8982
f 5317
f 7123
f 8441
f 8193
f 9345
f 5056
f 7921
f 8122
f 9871
f 5773
f 5428
f 7745
f 9463
f 8852
f 7847
f 8888
f 7558
f 8218
f 5260
f 9261
f 8166
f 8146
f 6838
f 8649
f 8317
f 9332
f 9256
f 6035
f 8055
f 9167
f 7408
f 3041
f 6727
f 8770
f 9505
f 8954
f 8311
f 8137
f 9688
f 9661
f 5710
f 7843
f 9150
f 8779
f 3178
f 8763
f 8507
f 9175
f 5458
f 9266
f 9810
f 9796
f 9457
f 9827
f 8708
f 9984
f 8502
f 9423
f 3377
f 8467
f 9178
f 8025
f 9451
f 9327
f 7109
f 8769
f 8581
f 5322
f 7356
f 9365
f 7877
f 9976
f 8178
f 5963
f 9068
f 1902
f 7803
f 9744
f 9303
f 7026
f 9416
f 9186
f 9999
f 6113
f 8654
f 9623
f 9648
f 5868
f 9165
f 9560
f 6969
f 9589
f 8761
f 9552
f 8819
f 9526
f 9482
f 6597
f 3460
f 9158
f 6885
f 8756
f 7849
f 8136
f 7660
f 7698
f 9525
f 9152
f 7571
f 8082
f 7924
f 8020
f 10004
f 9386
f 5896
f 2985
f 8946
f 6475
f 8902
f 9696
f 8371
f 8546
f 9617
f 9757
f 4793
f 9089
f 6987
f 8434
f 8922
f 9899
f 9872
f 7884
f 8016
f 9867
f 8237
f 7568
f 9812
f 9200
f 8480
f 6548
f 7556
f 9149
f 6808
f 7848
f 9951
f 7795
f 8735
f 7536
f 8899
f 8789
f 7910
f 9151
f 8967
f 8322
f 8920
f 8479
f 8181
f 5012
f 9274
f 7651
f 8241
f 7560
f 8093
f 7688
f 7647
f 8470
f 9390
f 9166
f 7583
f 9554
f 9969
f 8979
f 7730
f 8937
f 8857
f 5063
f 8655
f 9169
f 6859
f 9006
f 8607
f 8189
f 9415
f 7938
f 8905
f 9170
f 8204
f 9920
f 5998
f 8463
f 8713
f 8983
f 9277
f 9383
f 9893
f 9128
f 9806
f 8815
f 8319
f 5836
f 7890
f 8315
f 9198
f 8299
f 7565
f 7759
f 8807
f 7687
f 8544
f 9595
f 8698
f 9342
f 6438
f 9596
f 8893
f 9822
f 8935
f 7845
f 8060
f 6804
f 7775
f 5059
f 8066
f 9146
f 8646
f 8636
f 9514
f 7981
f 7634
f 8963
f 8627
f 9653
f 5179
f 6279
f 5115
f 9982
f 8114
f 9677
f 8275
f 9597
f 6066
f 8028
f 3016
f 9886
f 8959
f 9693
f 8849
f 7939
f 9148
f 7399
f 9829
f 9109
f 7762
f 9665
f 5546
f 8021
f 6512
f 8440
f 6923
f 9913
f 9888
f 7545
f 9672
f 8778
f 9793
f 7697
f 8684
f 7570
f 7595
f 7719
f 5238
f 7707
f 9418
f 8378
f 9977
f 5534
f 8578
f 7608
f 9592
f 7460
f 9513
f 8826
f 9815
f 9473
f 8662
f 9790
f 8604
f 8802
f 9289
f 9107
f 9834
f 8996
f 8942
f 9187
f 9616
f 2755
f 8605
f 9957
f 3935
f 9561
f 9809
f 8999
f 6871
f 2201
f 7576
f 8312
f 9507
f 7063
f 8008
f 8831
f 9506
f 7087
f 8419
f 7624
f 7653
f 8329
f 9845
f 7699
f 3705
f 7963
f 8333
f 9905
f 9573
f 8813
f 8058
f 9177
f 9788
f 9222
f 8525
f 8748
f 8088
f 9536
f 8890
f 9903
f 6364
f 7557
f 5793
f 8013
f 8774
f 9174
f 7914
f 9774
f 8296
f 9033
f 9292
f 9635
f 8435
f 8000
f 9080
f 7559
f 9678
f 9826
f 5884
f 6771
f 8694
f 9357
f 9367
f 7823
f 9459
f 9656
f 8225
f 9446
f 9454
f 9775
f 8988
f 7789
f 6898
f 9569
f 9168
f 9633
f 7826
f 6914
f 7564
f 8380
f 5959
f 9229
f 8161
f 9564
f 8370
f 5244
f 9294
f 6305
f 9924
f 9008
f 9955
f 8079
f 9962
f 6187
f 5252
f 8606
f 7330
f 9981
f 9747
f 8776
f 8615
f 7642
f 8310
f 9352
f 9140
f 9883
f 6427
f 9091
f 6762
f 2177
f 7960
f 9502
f 8825
f 5180
f 6835
f 3730
f 7941
f 7694
f 6116
f 8252
f 8768
f 8141
f 9848
f 8568
f 9779
f 9353
f 7683
f 9443
f 7517
f 8183
f 9571
f 7542
f 7804
f 9545
f 7973
f 9437
f 7881
f 8628
f 8510
f 6280
f 9058
f 7967
f 7338
f 8751
f 7276
f 7983
f 8554
f 9504
f 6680
f 9392
f 9668
f 7717
f 9932
f 5647
f 6728
f 8780
f 8513
f 8506
f 6115
f 9609
f 9959
f 9394
f 7554
f 7940
f 9320
f 6657
f 5465
f 7774
f 9875
f 9919
f 8651
f 8938
f 9537
f 7722
f 5474
f 9599
f 8650
f 9220
f 6881
c level-4-unloaded
a 10005 43936 64
a 10006 66000 256
a 10007 592 256
a 10008 36848 64
a 10009 117824 256
a 10010 128320 256
a 10011 6288 16
a 10012 66096 64
a 10013 60608 64
a 10014 54832 64
a 10015 3920 256
a 10016 2864 64
a 10017 304 16
a 10018 5872 16
a 10019 5888 16
a 10020 1184 256
a 10021 10272 16
a 10022 304 64
a 10023 54080 16
a 10024 768 16
a 10025 1328 256
a 10026 18288 64
a 10027 432 256
a 10028 864 256
a 10029 14464 256
a 10030 73424 64
a 10031 73264 256
a 10032 1408 16
a 10033 78368 64
a 10034 2208 16
a 10035 28784 64
a 10036 31072 64
a 10037 90576 16
a 10038 36176 16
a 10039 672 64
a 10040 123216 256
a 10041 39680 64
a 10042 272 256
a 10043 26752 64
a 10044 1536 16
a 10045 7776 16
a 10046 3920 16
a 10047 720 16
a 10048 14832 16
a 10049 1936 256
a 10050 2160 16
a 10051 27648 16
a 10052 58352 64
a 10053 288 256
a 10054 352 256
a 10055 4208 16
a 10056 272 16
a 10057 15312 256
a 10058 58000 256
a 10059 2336 16
a 10060 272 256
a 10061 880 256
a 10062 94816 64
a 10063 528 64
a 10064 77824 64
a 10065 6272 256
a 10066 2112 16
a 10067 416 16
a 10068 91840 256
a 10069 512 256
a 10070 432 64
a 10071 3968 16
a 10072 3584 64
a 10073 3632 16
a 10074 65296 256
a 10075 720 256
a 10076 8704 16
a 10077 54448 64
a 10078 512 256
a 10079 35232 256
a 10080 480 16
a 10081 6192 16
a 10082 1024 256
a 10083 12112 256
a 10084 13392 256
a 10085 656 64
a 10086 113616 64
a 10087 20960 16
a 10088 5056 256
a 10089 12016 16
a 10090 944 64
a 10091 56976 16
a 10092 121584 64
a 10093 592 64
a 10094 1168 16
a 10095 28320 16
a 10096 1888 256
a 10097 16192 256
a 10098 4096 16
a 10099 512 16
a 10100 27312 256
a 10101 35344 64
a 10102 1456 16
a 10103 127376 64
a 10104 624 16
a 10105 672 256
a 10106 17984 16
a 10107 73776 256
a 10108 48320 256
a 10109 720 16
a 10110 41776 64
a 10111 46224 16
a 10112 10576 256
a 10113 496 16
a 10114 1376 256
a 10115 512 64
a 10116 608 64
a 10117 1440 256
a 10118 640 256
a 10119 3168 256
a 10120 3792 256
a 10121 104848 256
a 10122 4080 256
a 10123 118832 256
a 10124 12704 256
a 10125 448 64
a 10126 464 16
a 10127 976 256
a 10128 1280 256
a 10129 33840 64
a 10130 10128 16
a 10131 6992 64
a 10132 2832 256
a 10133 88928 16
a 10134 14048 256
a 10135 125200 256
a 10136 3616 16
a 10137 14592 16
a 10138 2368 256
a 10139 41632 16
a 10140 656 64
a 10141 2000 64
a 10142 416 256
a 10143 560 256
a 10144 8384 16
a 10145 81808 64
a 10146 1664 16
a 10147 2016 16
a 10148 88976 256
a 10149 528 256
a 10150 11456 16
a 10151 29072 64
a 10152 82608 64
a 10153 832 64
a 10154 13536 16
a 10155 304 256
a 10156 720 64
a 10157 352 256
a 10158 2800 16
a 10159 2944 64
a 10160 115200 64
a 10161 272 64
a 10162 24512 64
a 10163 12384 16
a 10164 720 64
a 10165 85088 64
a 10166 20128 64
a 10167 114912 16
a 10168 118928 256
a 10169 23920 16
a 10170 55120 16
a 10171 27600 16
a 10172 18624 64
a 10173 35328 256
a 10174 104528 16
a 10175 7024 16
a 10176 26960 64
a 10177 1824 256
a 10178 1872 16
a 10179 704 64
a 10180 83184 16
a 10181 127392 16
a 10182 12816 16
a 10183 38432 256
a 10184 28704 64
a 10185 106480 256
a 10186 127488 64
a 10187 1344 16
a 10188 19696 16
a 10189 119040 64
a 10190 13360 256
a 10191 17312 256
a 10192 432 16
a 10193 128240 64
a 10194 720 16
a 10195 1712 64
a 10196 14608 64
a 10197 88880 16
a 10198 2608 16
a 10199 86336 16
a 10200 368 64
a 10201 4544 16
a 10202 928 256
a 10203 55616 16
a 10204 47056 64
a 10205 86496 16
a 10206 62320 16
a 10207 3184 64
a 10208 14656 256
a 10209 368 16
a 10210 68800 16
a 10211 14528 256
a 10212 5648 256
a 10213 7920 64
a 10214 26352 16
a 10215 3808 64
a 10216 80624 16
a 10217 1168 16
a 10218 120016 256
a 10219 1696 256
a 10220 352 64
a 10221 5040 256
a 10222 4432 64
a 10223 3568 256
a 10224 7136 64
a 10225 384 16
a 10226 27712 16
a 10227 544 16
a 10228 3248 16
a 10229 11424 256
a 10230 113872 256
a 10231 6544 16
a 10232 31200 64
a 10233 5712 16
a 10234 1680 256
a 10235 4512 64
a 10236 85616 256
a 10237 592 64
a 10238 12288 16
a 10239 106224 256
a 10240 36752 16
a 10241 12192 256
a 10242 12000 256
a 10243 61376 64
a 10244 20384 256
a 10245 27200 256
a 10246 14112 64
a 10247 35632 64
a 10248 17360 16
a 10249 688 64
a 10250 2896 64
a 10251 107216 256
a 10252 11520 64
a 10253 51584 16
a 10254 4496 64
a 10255 800 64
a 10256 1616 16
a 10257 496 64
a 10258 34720 64
a 10259 73680 16
a 10260 352 64
a 10261 7632 256
a 10262 432 64
a 10263 7984 64
a 10264 2624 64
a 10265 320 256
a 10266 1360 16
a 10267 8144 16
a 10268 27264 256
a 10269 100592 256
a 10270 448 16
a 10271 4928 16
a 10272 44192 256
a 10273 3936 256
a 10274 4832 16
a 10275 592 64
a 10276 624 16
a 10277 400 64
a 10278 384 256
a 10279 416 64
a 10280 6896 256
a 10281 64144 64
a 10282 3952 64
a 10283 20064 256
a 10284 2016 16
a 10285 126400 64
a 10286 1216 16
a 10287 272 256
a 10288 4032 64
a 10289 2336 256
a 10290 672 64
a 10291 3888 256
a 10292 2144 256
a 10293 768 64
a 10294 4592 64
a 10295 464 256
a 10296 5280 64
a 10297 1232 64
a 10298 14976 64
a 10299 2768 64
a 10300 304 64
a 10301 944 16
a 10302 115040 16
a 10303 1840 16
a 10304 1984 256
a 10305 11568 256
a 10306 125040 64
a 10307 3440 64
a 10308 2688 64
a 10309 19104 256
a 10310 13152 256
a 10311 14832 64
a 10312 976 16
a 10313 26640 16
a 10314 3472 64
a 10315 8896 256
a 10316 59792 64
a 10317 464 64
a 10318 6624 16
a 10319 31968 256
a 10320 368 256
a 10321 92720 256
a 10322 448 16
a 10323 15024 64
a 10324 304 256
a 10325 63088 16
a 10326 24736 64
a 10327 108320 16
a 10328 768 16
a 10329 736 64
a 10330 94672 16
a 10331 124032 64
a 10332 736 256
a 10333 94128 16
a 10334 1504 256
a 10335 304 256
a 10336 304 256
a 10337 1040 16
a 10338 1904 16
a 10339 31440 256
a 10340 1696 256
a 10341 672 64
a 10342 304 64
a 10343 43440 64
a 10344 15920 16
a 10345 68816 256
a 10346 89312 64
a 10347 512 16
a 10348 29024 256
a 10349 52064 256
a 10350 2960 16
a 10351 1024 64
a 10352 14976 64
a 10353 121984 16
a 10354 4656 64
a 10355 1456 256
a 10356 3520 64
a 10357 336 16
a 10358 544 64
a 10359 6240 16
a 10360 304 16
a 10361 432 256
a 10362 704 256
a 10363 116944 16
a 10364 368 64
a 10365 784 64
a 10366 63248 256
a 10367 3024 16
a 10368 432 64
a 10369 45136 256
a 10370 58592 256
a 10371 116480 64
a 10372 77280 64
a 10373 24928 16
a 10374 4752 16
a 10375 416 64
a 10376 4512 64
a 10377 42448 64
a 10378 52176 256
a 10379 384 256
a 10380 2912 16
a 10381 101456 16
a 10382 68544 16
a 10383 2544 256
a 10384 3728 64
a 10385 1728 16
a 10386 4032 64
a 10387 6160 256
a 10388 18064 16
a 10389 4048 256
a 10390 3600 64
a 10391 288 16
a 10392 1872 16
a 10393 21056 64
a 10394 512 64
a 10395 480 256
a 10396 31504 64
a 10397 4784 64
a 10398 384 16
a 10399 384 16
a 10400 79072 64
a 10401 3472 64
a 10402 1792 256
a 10403 2672 64
a 10404 7072 16
a 10405 3872 256
a 10406 784 256
a 10407 13456 256
a 10408 29264 256
a 10409 7440 256
a 10410 928 64
a 10411 27216 64
a 10412 14144 16
a 10413 29152 256
a 10414 9536 64
a 10415 512 256
a 10416 7840 64
a 10417 368 256
a 10418 27920 64
a 10419 50768 256
a 10420 848 64
a 10421 17360 64
a 10422 272 64
a 10423 576 256
a 10424 44832 64
a 10425 9648 16
a 10426 9296 256
a 10427 69424 256
a 10428 800 256
a 10429 6800 64
a 10430 1680 64
a 10431 6608 256
a 10432 512 16
a 10433 4080 256
a 10434 34976 256
a 10435 4688 256
a 10436 1168 256
a 10437 25216 64
a 10438 3856 64
a 10439 94944 256
a 10440 7248 256
a 10441 50704 256
a 10442 416 64
a 10443 4096 256
a 10444 13792 64
a 10445 2336 16
a 10446 13312 64
a 10447 4192 16
a 10448 10720 16
a 10449 4000 256
a 10450 69392 16
a 10451 496 16
a 10452 18704 64
a 10453 68864 64
a 10454 2992 16
a 10455 21088 16
a 10456 7104 64
a 10457 22288 16
a 10458 576 256
a 10459 3136 64
a 10460 38800 256
a 10461 3744 16
a 10462 496 64
a 10463 36336 16
a 10464 24208 64
a 10465 1056 64
a 10466 1600 64
a 10467 1984 64
a 10468 432 64
a 10469 6704 16
a 10470 92112 256
a 10471 23840 64
a 10472 832 64
a 10473 98992 256
a 10474 93088 256
a 10475 42448 16
a 10476 18432 64
a 10477 5776 64
a 10478 28992 64
a 10479 18368 16
a 10480 3536 16
a 10481 14624 16
a 10482 2032 256
a 10483 864 256
a 10484 13568 64
a 10485 25792 256
a 10486 2448 256
a 10487 50624 256
a 10488 75632 16
a 10489 22240 256
a 10490 1792 256
a 10491 2976 256
a 10492 15632 256
a 10493 86240 256
a 10494 1792 64
a 10495 82896 64
a 10496 896 64
a 10497 736 16
a 10498 27024 16
a 10499 6544 16
a 10500 848 16
a 10501 2848 64
a 10502 1504 16
a 10503 336 16
a 10504 4704 64
a 10505 3008 64
a 10506 1200 256
a 10507 3440 64
a 10508 37888 16
a 10509 7296 16
a 10510 8208 16
a 10511 66816 64
a 10512 96832 16
a 10513 15696 64
a 10514 10864 256
a 10515 26096 64
a 10516 4080 16
a 10517 1792 256
a 10518 464 16
a 10519 1472 256
a 10520 59856 256
a 10521 15216 16
a 10522 122368 16
a 10523 41344 256
a 10524 17168 256
a 10525 18016 256
a 10526 288 16
a 10527 1792 256
a 10528 31328 64
a 10529 22720 16
a 10530 61472 16
a 10531 288 64
a 10532 1888 64
a 10533 3824 16
a 10534 15888 64
a 10535 24688 256
a 10536 656 256
a 10537 3936 64
a 10538 6816 16
a 10539 14624 64
a 10540 52640 64
a 10541 1760 64
a 10542 976 64
a 10543 288 16
a 10544 7984 64
a 10545 13680 64
a 10546 3616 256
a 10547 5872 16
a 10548 8064 16
a 10549 1360 16
a 10550 27712 256
a 10551 1248 64
a 10552 1424 256
a 10553 5456 64
a 10554 304 256
a 10555 960 16
a 10556 99552 64
a 10557 30816 64
a 10558 11104 64
a 10559 1856 64
a 10560 20992 16
a 10561 2032 256
a 10562 5472 16
a 10563 3488 256
a 10564 512 16
a 10565 14960 256
a 10566 432 256
a 10567 496 256
a 10568 20992 256
a 10569 13408 256
a 10570 528 256
a 10571 64560 16
a 10572 59568 64
a 10573 25312 64
a 10574 960 256
a 10575 1488 16
a 10576 55776 16
a 10577 20256 16
a 10578 97936 256
a 10579 800 64
a 10580 8272 16
a 10581 672 64
a 10582 10640 64
a 10583 512 256
a 10584 22192 256
a 10585 4192 64
a 10586 20224 64
a 10587 14400 64
a 10588 20640 16
a 10589 24416 256
a 10590 50144 64
a 10591 736 64
a 10592 6208 16
a 10593 31200 64
a 10594 12368 256
a 10595 30336 256
a 10596 736 256
a 10597 12400 16
a 10598 1184 256
a 10599 1120 16
a 10600 448 256
a 10601 112672 256
a 10602 33920 16
a 10603 18912 64
a 10604 25712 64
a 10605 544 256
a 10606 44208 16
a 10607 17760 64
a 10608 50880 16
a 10609 25664 64
a 10610 69168 16
a 10611 85168 16
a 10612 13680 256
a 10613 11888 64
a 10614 23856 16
a 10615 34400 16
a 10616 101584 256
a 10617 1392 256
a 10618 27280 16
a 10619 1888 16
a 10620 62384 16
a 10621 65568 16
a 10622 1296 256
a 10623 15520 64
a 10624 78128 64
a 10625 8048 256
a 10626 1952 64
a 10627 9952 256
a 10628 80064 256
a 10629 10480 256
a 10630 528 64
a 10631 14128 16
a 10632 37136 16
a 10633 928 256
a 10634 19328 256
a 10635 1232 64
a 10636 21872 16
a 10637 113904 16
a 10638 128480 16
a 10639 3040 16
a 10640 28000 256
a 10641 672 16
a 10642 25296 256
a 10643 1152 256
a 10644 496 16
a 10645 52000 256
a 10646 4576 256
a 10647 432 16
a 10648 3504 64
a 10649 89792 256
a 10650 3360 256
a 10651 30576 16
a 10652 1312 16
a 10653 528 16
a 10654 21136 16
a 10655 304 256
a 10656 26816 256
a 10657 40368 64
a 10658 944 64
a 10659 54080 256
a 10660 12160 256
a 10661 5136 256
a 10662 29136 64
a 10663 5968 16
a 10664 2560 256
a 10665 108416 256
a 10666 400 16
a 10667 89776 256
a 10668 2256 256
a 10669 69760 64
a 10670 2896 16
a 10671 10320 256
a 10672 16144 64
a 10673 16672 16
a 10674 96048 256
a 10675 46192 64
a 10676 71008 256
a 10677 2224 64
a 10678 384 16
a 10679 61376 256
a 10680 24240 16
a 10681 1424 64
a 10682 5840 256
a 10683 816 64
a 10684 16128 16
a 10685 20368 16
a 10686 115600 64
a 10687 57984 64
a 10688 864 64
a 10689 119984 256
a 10690 14848 16
a 10691 46400 16
a 10692 7296 256
a 10693 896 64
a 10694 3024 16
a 10695 127552 256
a 10696 1360 256
a 10697 128736 256
a 10698 320 64
a 10699 27888 16
a 10700 20176 16
a 10701 688 16
a 10702 4272 64
a 10703 49712 16
a 10704 75264 16
a 10705 111232 16
a 10706 118592 16
a 10707 304 256
a 10708 512 16
a 10709 1760 256
a 10710 576 256
a 10711 25920 16
a 10712 17600 64
a 10713 3680 16
a 10714 7744 256
a 10715 352 16
a 10716 1920 16
a 10717 960 64
a 10718 56768 256
a 10719 52320 64
a 10720 912 256
a 10721 6352 16
a 10722 720 16
a 10723 1600 256
a 10724 23952 64
a 10725 20480 64
a 10726 8144 256
a 10727 272 256
a 10728 82704 256
a 10729 2128 256
a 10730 31792 64
a 10731 7008 16
a 10732 592 256
a 10733 656 16
a 10734 1376 64
a 10735 15664 64
a 10736 640 64
a 10737 7616 16
a 10738 3008 256
a 10739 2752 64
a 10740 11312 16
a 10741 10032 16
a 10742 1968 16
a 10743 35184 16
a 10744 27792 256
a 10745 21072 64
a 10746 384 256
a 10747 14560 64
a 10748 272 256
a 10749 784 256
a 10750 992 64
a 10751 2624 16
a 10752 3360 256
a 10753 1232 16
a 10754 6224 64
a 10755 1424 16
a 10756 400 16
a 10757 74832 256
a 10758 3520 256
a 10759 23168 16
a 10760 1088 16
a 10761 2032 16
a 10762 1328 16
a 10763 18016 256
a 10764 96448 256
a 10765 123168 256
a 10766 3072 16
a 10767 26480 256
a 10768 3056 64
a 10769 102144 64
a 10770 880 16
a 10771 3136 16
a 10772 6720 16
a 10773 1216 64
a 10774 896 256
a 10775 3440 256
a 10776 2032 16
a 10777 31808 64
a 10778 14176 256
a 10779 19488 64
a 10780 768 16
a 10781 2736 64
a 10782 1824 64
a 10783 39968 16
a 10784 93504 256
a 10785 16288 16
a 10786 30576 64
a 10787 86848 16
a 10788 752 64
a 10789 896 256
a 10790 21536 16
a 10791 512 16
a 10792 9696 16
a 10793 7616 16
a 10794 1232 16
a 10795 6464 256
a 10796 3072 64
a 10797 864 16
a 10798 400 256
a 10799 5840 16
a 10800 624 16
a 10801 4016 16
a 10802 34016 256
a 10803 15664 64
a 10804 119840 64
a 10805 26832 16
a 10806 7312 16
a 10807 704 256
a 10808 432 64
a 10809 912 16
a 10810 4480 64
a 10811 368 256
a 10812 656 16
a 10813 4048 64
a 10814 22272 64
a 10815 1024 64
a 10816 848 256
a 10817 16208 16
a 10818 48768 16
a 10819 464 64
a 10820 912 64
a 10821 56128 64
a 10822 6448 16
a 10823 272 16
a 10824 1008 16
a 10825 15296 64
a 10826 14496 16
a 10827 7376 64
a 10828 608 64
a 10829 122448 64
a 10830 5104 16
a 10831 21168 64
a 10832 1216 256
a 10833 1808 64
a 10834 16128 16
a 10835 336 16
a 10836 20624 16
a 10837 127792 64
a 10838 28832 256
a 10839 2624 64
a 10840 27776 256
a 10841 784 256
a 10842 10752 64
a 10843 76752 16
a 10844 304 16
a 10845 1904 256
a 10846 1056 16
a 10847 2768 256
a 10848 4816 16
a 10849 896 16
a 10850 58160 64
a 10851 512 64
a 10852 736 256
a 10853 25760 64
a 10854 528 16
a 10855 3728 64
a 10856 115344 64
a 10857 1392 256
a 10858 33728 16
a 10859 512 16
a 10860 800 256
a 10861 11392 256
a 10862 528 256
a 10863 57552 256
a 10864 37952 64
a 10865 1888 64
a 10866 34848 64
a 10867 272 256
a 10868 3376 16
a 10869 79952 16
a 10870 4544 64
a 10871 320 64
a 10872 3568 256
a 10873 3488 16
a 10874 101120 16
a 10875 7856 16
a 10876 3984 64
a 10877 9872 64
a 10878 41008 16
a 10879 1040 256
a 10880 110064 16
a 10881 115408 256
a 10882 1488 256
a 10883 512 16
a 10884 92096 16
a 10885 14144 64
a 10886 59856 16
a 10887 2864 64
a 10888 22608 16
a 10889 87360 64
a 10890 448 64
a 10891 368 256
a 10892 15936 16
a 10893 36592 256
a 10894 800 256
a 10895 864 16
a 10896 50960 256
a 10897 432 256
a 10898 320 256
a 10899 23968 64
a 10900 1440 64
a 10901 512 256
a 10902 5792 16
a 10903 2256 256
a 10904 1120 64
a 10905 100320 64
a 10906 1024 16
a 10907 32352 256
a 10908 1232 64
a 10909 17184 256
a 10910 3584 256
a 10911 68192 16
a 10912 352 256
a 10913 7984 16
a 10914 16000 256
a 10915 50304 16
a 10916 1168 16
a 10917 18640 16
a 10918 4096 256
a 10919 8352 64
a 10920 2336 256
a 10921 65456 16
a 10922 93728 64
a 10923 4112 256
a 10924 7136 16
a 10925 5776 256
a 10926 26400 64
a 10927 9584 64
a 10928 1808 16
a 10929 512 256
a 10930 576 16
a 10931 5184 64
a 10932 400 256
a 10933 15744 16
a 10934 74160 256
a 10935 5504 256
a 10936 272 16
a 10937 2592 64
a 10938 3904 16
a 10939 14992 64
a 10940 5904 64
a 10941 272 64
a 10942 129584 16
a 10943 4304 64
a 10944 31808 16
a 10945 608 16
a 10946 6992 256
a 10947 8544 256
a 10948 10688 64
a 10949 69040 256
a 10950 7264 64
a 10951 62576 256
a 10952 130528 64
a 10953 50464 16
a 10954 416 256
a 10955 976 64
a 10956 7344 16
a 10957 912 256
a 10958 944 256
a 10959 11776 16
a 10960 864 256
a 10961 2864 64
a 10962 24416 16
a 10963 17744 256
a 10964 98848 16
a 10965 624 256
a 10966 48704 16
a 10967 800 64
a 10968 1280 64
a 10969 704 256
a 10970 2544 16
a 10971 416 256
a 10972 2544 16
a 10973 47216 16
a 10974 3632 64
a 10975 107648 64
a 10976 992 256
a 10977 6896 16
a 10978 7552 256
a 10979 288 64
a 10980 89248 16
a 10981 3920 64
a 10982 4432 16
a 10983 768 64
a 10984 8096 256
a 10985 4960 16
a 10986 512 64
a 10987 12608 16
a 10988 512 64
a 10989 272 16
a 10990 5280 64
a 10991 608 256
a 10992 26048 16
a 10993 126160 64
a 10994 9264 16
a 10995 37536 256
a 10996 2096 256
a 10997 9200 64
a 10998 11072 16
a 10999 720 64
a 11000 3424 256
a 11001 496 256
a 11002 71472 64
a 11003 4080 64
a 11004 816 16
a 11005 52592 64
a 11006 592 64
a 11007 4000 16
a 11008 1152 64
a 11009 400 256
a 11010 5152 256
a 11011 111200 64
a 11012 704 64
a 11013 1888 64
a 11014 496 64
a 11015 2528 64
a 11016 11248 64
a 11017 2656 64
a 11018 90320 16
a 11019 640 16
a 11020 22128 64
a 11021 25392 16
a 11022 47808 16
a 11023 31808 16
a 11024 3600 64
a 11025 768 256
a 11026 448 16
a 11027 96352 16
a 11028 13696 16
a 11029 1328 64
a 11030 5328 256
a 11031 7584 16
a 11032 2848 256
a 11033 688 64
a 11034 336 64
a 11035 14896 16
a 11036 14304 64
a 11037 2544 16
a 11038 1472 256
a 11039 640 16
a 11040 1552 64
a 11041 3408 16
a 11042 107040 256
a 11043 11744 64
a 11044 118432 256
a 11045 432 16
a 11046 53888 256
a 11047 17632 16
a 11048 2704 64
a 11049 544 64
a 11050 1552 256
a 11051 61872 16
a 11052 976 16
a 11053 3536 256
a 11054 4416 16
a 11055 1856 16
a 11056 32320 64
a 11057 21504 64
a 11058 464 64
a 11059 38304 256
a 11060 42784 16
a 11061 1920 256
a 11062 832 256
a 11063 5920 64
a 11064 82672 256
a 11065 65488 256
a 11066 5104 16
a 11067 1520 64
a 11068 58784 16
a 11069 11296 256
a 11070 1664 64
a 11071 4160 256
a 11072 640 64
a 11073 56032 64
a 11074 14800 16
a 11075 5648 64
a 11076 1424 64
a 11077 3888 16
a 11078 48336 256
a 11079 91520 256
a 11080 126928 16
a 11081 11248 256
a 11082 272 16
a 11083 464 256
a 11084 65888 16
a 11085 27104 64
a 11086 104992 256
a 11087 3456 64
a 11088 4656 64
a 11089 121984 64
a 11090 91712 256
a 11091 432 64
a 11092 22448 256
a 11093 31440 64
a 11094 3536 16
a 11095 1600 64
a 11096 71968 64
a 11097 1472 256
a 11098 4992 16
a 11099 57024 16
a 11100 1184 16
a 11101 42032 16
a 11102 27968 16
a 11103 464 256
a 11104 992 256
a 11105 4080 64
a 11106 1328 256
a 11107 31840 64
a 11108 368 256
a 11109 8192 64
a 11110 656 256
a 11111 992 16
a 11112 3184 64
a 11113 384 256
a 11114 37664 16
a 11115 37920 256
a 11116 42304 16
a 11117 3936 64
a 11118 528 64
a 11119 688 64
a 11120 4368 64
a 11121 912 16
a 11122 6928 256
a 11123 4912 16
a 11124 53152 256
a 11125 11776 64
a 11126 100000 64
a 11127 20240 64
a 11128 2880 16
a 11129 3408 64
a 11130 37440 16
a 11131 105776 64
a 11132 27024 16
a 11133 107792 16
a 11134 2704 256
a 11135 14624 256
a 11136 976 16
a 11137 1920 64
a 11138 384 256
a 11139 25600 64
a 11140 10080 64
a 11141 63632 256
a 11142 368 64
a 11143 336 64
a 11144 560 256
a 11145 85472 64
a 11146 1184 256
a 11147 7776 64
a 11148 480 64
a 11149 11328 64
a 11150 6016 256
a 11151 52688 16
a 11152 12640 64
a 11153 2784 64
a 11154 48768 16
a 11155 45824 64
a 11156 58672 16
a 11157 121056 16
a 11158 32880 16
a 11159 5632 16
a 11160 30832 256
a 11161 2016 64
a 11162 672 256
a 11163 32480 64
a 11164 784 64
a 11165 3504 64
a 11166 41056 16
a 11167 480 256
a 11168 960 64
a 11169 19888 64
a 11170 1408 256
a 11171 2432 256
a 11172 22256 16
a 11173 103104 64
a 11174 368 256
a 11175 23472 16
a 11176 704 256
a 11177 768 256
a 11178 111376 16
a 11179 27248 256
a 11180 27008 64
a 11181 74080 256
a 11182 816 64
a 11183 480 256
a 11184 66336 16
a 11185 320 64
a 11186 288 256
a 11187 7392 256
a 11188 56272 64
a 11189 16128 16
a 11190 896 256
a 11191 62144 64
a 11192 7984 64
a 11193 71520 64
a 11194 6832 256
a 11195 69424 64
a 11196 704 16
a 11197 16240 64
a 11198 10592 64
a 11199 39504 16
a 11200 80656 16
a 11201 23376 64
a 11202 2720 16
a 11203 16176 256
a 11204 10416 16
a 11205 11712 256
a 11206 1632 64
a 11207 24416 16
a 11208 5424 256
a 11209 416 16
a 11210 1616 16
a 11211 39392 256
a 11212 416 16
a 11213 83360 16
a 11214 2160 256
a 11215 5344 16
a 11216 27664 16
a 11217 1072 256
a 11218 1024 16
a 11219 10304 256
a 11220 3568 16
a 11221 8800 64
a 11222 432 64
a 11223 432 256
a 11224 800 16
a 11225 2112 16
a 11226 33776 16
a 11227 10592 64
a 11228 3120 64
a 11229 1648 256
a 11230 8288 256
a 11231 17120 16
a 11232 7520 256
a 11233 368 256
a 11234 13216 256
a 11235 1856 64
a 11236 30704 256
a 11237 15392 16
a 11238 11168 16
a 11239 3728 256
a 11240 15696 64
a 11241 72848 16
a 11242 73376 256
a 11243 752 256
a 11244 992 256
a 11245 736 64
a 11246 27632 64
a 11247 128960 64
a 11248 22656 256
a 11249 448 64
a 11250 1920 64
a 11251 14064 64
a 11252 124560 16
a 11253 1616 256
a 11254 110768 16
a 11255 57120 16
a 11256 720 16
a 11257 30848 64
a 11258 2576 16
a 11259 9664 256
a 11260 15168 64
a 11261 3808 16
a 11262 304 64
a 11263 448 64
a 11264 896 64
a 11265 4576 16
a 11266 688 16
a 11267 33744 256
a 11268 7712 256
a 11269 28912 64
a 11270 26176 16
a 11271 91104 256
a 11272 2704 256
a 11273 129776 64
a 11274 39936 16
a 11275 2512 64
a 11276 45584 64
a 11277 17536 16
a 11278 384 64
a 11279 1184 64
a 11280 6128 256
a 11281 704 256
a 11282 4016 16
a 11283 68640 64
a 11284 512 64
a 11285 15232 256
a 11286 29792 256
a 11287 448 64
a 11288 3440 16
a 11289 4736 16
a 11290 608 64
a 11291 864 16
a 11292 54592 16
a 11293 56368 256
a 11294 6176 256
a 11295 304 256
a 11296 1424 16
a 11297 95552 256
a 11298 92240 16
a 11299 2272 16
a 11300 864 16
a 11301 52128 16
a 11302 816 256
a 11303 5200 256
a 11304 32368 64
a 11305 480 64
a 11306 75008 256
a 11307 800 16
a 11308 800 64
a 11309 10096 16
a 11310 800 64
a 11311 304 64
a 11312 704 16
a 11313 1024 64
a 11314 6736 64
a 11315 13920 16
a 11316 55056 64
a 11317 28448 256
a 11318 1376 256
a 11319 93664 64
a 11320 107200 64
a 11321 18720 256
a 11322 33584 256
a 11323 7712 256
a 11324 1280 16
a 11325 18224 256
a 11326 8048 256
a 11327 1152 256
a 11328 16096 64
a 11329 832 16
a 11330 8432 256
a 11331 98384 16
a 11332 400 64
a 11333 2720 64
a 11334 27104 256
a 11335 544 256
a 11336 1936 256
a 11337 39616 16
a 11338 50448 16
a 11339 21408 256
a 11340 12976 64
a 11341 54624 64
a 11342 416 16
a 11343 55552 64
a 11344 1888 64
a 11345 4304 16
a 11346 39008 16
a 11347 1008 16
a 11348 16480 16
a 11349 4032 64
a 11350 1296 64
a 11351 11024 16
a 11352 7728 16
a 11353 38768 256
a 11354 608 64
a 11355 20640 256
a 11356 384 64
a 11357 118048 256
a 11358 48800 256
a 11359 11888 64
a 11360 15680 16
a 11361 42720 256
a 11362 640 256
a 11363 26752 64
a 11364 400 16
a 11365 6336 256
a 11366 864 16
a 11367 11680 64
a 11368 464 256
a 11369 528 16
a 11370 1888 256
a 11371 272 64
a 11372 1152 256
a 11373 19200 64
a 11374 10272 16
a 11375 81488 256
a 11376 25648 64
a 11377 3312 64
a 11378 15344 256
a 11379 32096 16
a 11380 7328 64
a 11381 1344 256
a 11382 89040 16
a 11383 12832 64
a 11384 37008 64
a 11385 1392 16
a 11386 432 64
a 11387 4112 64
a 11388 3600 256
a 11389 5904 256
a 11390 3536 64
a 11391 864 16
a 11392 3232 64
a 11393 49456 16
a 11394 5824 256
a 11395 1968 64
a 11396 1152 256
a 11397 128496 256
a 11398 4496 64
a 11399 14736 16
a 11400 52976 64
a 11401 784 16
a 11402 63904 64
a 11403 416 16
a 11404 384 64
a 11405 108368 64
a 11406 35408 64
a 11407 43728 16
a 11408 128960 256
a 11409 18480 256
a 11410 5232 64
a 11411 9664 16
a 11412 352 256
a 11413 3696 64
a 11414 3760 64
a 11415 1440 16
a 11416 79568 256
a 11417 560 64
a 11418 26384 256
a 11419 5088 64
a 11420 880 64
a 11421 6864 256
a 11422 768 16
a 11423 4576 64
a 11424 880 64
a 11425 20832 256
a 11426 3232 256
a 11427 7984 64
a 11428 1136 64
a 11429 63584 256
a 11430 26704 16
a 11431 944 256
a 11432 496 16
a 11433 4096 64
a 11434 1728 256
a 11435 304 16
a 11436 640 64
a 11437 672 256
a 11438 41664 256
a 11439 1232 64
a 11440 8336 64
a 11441 97952 256
a 11442 608 64
a 11443 6240 64
a 11444 272 16
a 11445 11728 16
a 11446 1968 256
a 11447 14960 64
a 11448 25072 256
a 11449 1456 64
a 11450 6752 64
a 11451 117712 64
a 11452 6640 16
a 11453 8144 16
a 11454 5856 64
a 11455 848 16
a 11456 129552 16
a 11457 43904 256
a 11458 6048 64
a 11459 6368 256
a 11460 30048 256
a 11461 76112 256
a 11462 15152 256
a 11463 544 64
a 11464 432 256
a 11465 4048 256
a 11466 8144 64
a 11467 3744 16
a 11468 32656 256
a 11469 704 256
a 11470 105760 16
a 11471 2608 256
a 11472 4320 64
a 11473 288 16
a 11474 18080 256
a 11475 880 256
a 11476 37392 16
a 11477 4944 256
a 11478 9264 16
a 11479 2176 64
a 11480 46976 64
a 11481 12832 16
a 11482 384 16
a 11483 48592 16
a 11484 1968 64
a 11485 2544 16
a 11486 5696 256
a 11487 464 256
a 11488 448 16
a 11489 7152 64
a 11490 6528 16
a 11491 4048 64
a 11492 1424 256
a 11493 13280 16
a 11494 7920 256
a 11495 3776 16
a 11496 496 256
a 11497 126080 64
a 11498 336 256
a 11499 46976 16
a 11500 29536 256
a 11501 62832 16
a 11502 3824 256
a 11503 8112 64
a 11504 1872 256
c level-5-loaded
f 6651
f 9184
f 11044
f 10129
f 11484
f 2976
a 11505 1728 16
f 10739
f 10496
f 9948
a 11506 46528 64
f 10006
a 11507 2464 16
f 10488
f 8103
a 11508 4080 64
a 11509 4256 64
a 11510 7296 64
a 11511 464 64
f 10954
a 11512 125392 16
f 8443
f 8496
f 11124
f 11191
f 5217
a 11513 26576 256
f 10790
f 11410
f 10342
a 11514 29456 256
a 11515 11840 16
a 11516 13312 64
a 11517 1552 64
a 11518 1200 16
f 10248
a 11519 91360 16
a 11520 50880 64
a 11521 7264 16
a 11522 800 64
f 11325
f 10925
a 11523 288 64
a 11524 65264 64
a 11525 50144 256
f 11368
a 11526 10480 16
a 11527 1488 64
a 11528 2928 16
a 11529 14464 64
a 11530 1200 64
a 11531 16832 256
a 11532 4016 64
f 11129
f 10648
f 10431
a 11533 28704 16
a 11534 15664 16
f 6588
f 10502
f 11111
f 11034
a 11535 14320 64
f 10035
a 11536 8576 16
a 11537 58224 256
f 10198
a 11538 768 64
f 10476
f 11375
a 11539 17776 16
f 10377
f 10282
a 11540 5968 256
f 10522
a 11541 55968 64
f 11091
f 10672
a 11542 109520 16
f 10515
f 11140
f 10046
a 11543 26592 256
a 11544 624 256
f 10408
f 11342
f 9991
a 11545 22432 64
f 8572
f 10915
a 11546 33136 64
a 11547 400 256
a 11548 12096 256
f 10503
a 11549 31536 16
a 11550 1248 16
f 10427
a 11551 8144 256
a 11552 6464 256
f 9923
f 8186
a 11553 61728 256
f 8280
f 10110
f 10970
f 5442
a 11554 60480 64
a 11555 81376 64
f 10181
a 11556 1824 16
a 11557 1104 64
f 10482
f 10252
a 11558 27456 64
a 11559 107856 256
a 11560 6320 64
a 11561 16928 256
f 9649
f 11350
a 11562 1136 16
a 11563 54144 64
a 11564 124464 256
f 10230
f 6028
a 11565 130912 64
f 10866
a 11566 3824 64
a 11567 33632 16
f 10348
a 11568 4800 16
a 11569 5456 64
f 10756
a 11570 1024 256
a 11571 5696 16
a 11572 46336 256
a 11573 1728 256
f 10083
a 11574 49792 256
f 9421
a 11575 71776 256
f 11151
f 10762
f 10748
f 9176
f 10334
a 11576 54528 256
a 11577 88736 64
f 9711
a 11578 53072 16
a 11579 50128 256
f 11460
a 11580 7520 64
a 11581 1328 64
a 11582 47488 16
a 11583 1664 16
f 10437
f 11107
f 10215
a 11584 10624 256
f 10577
f 8220
a 11585 42016 256
f 10487
a 11586 1984 64
f 5618
f 7643
a 11587 11296 256
a 11588 102912 64
a 11589 352 256
f 11219
a 11590 1008 16
a 11591 1888 16
f 11361
f 11181
a 11592 44352 64
a 11593 848 16
f 11130
a 11594 6400 64
a 11595 1808 256
a 11596 2496 64
f 10803
f 9901
a 11597 288 64
a 11598 2288 256
a 11599 9216 64
a 11600 2800 16
f 11270
f 10332
f 10055
f 11404
a 11601 12752 16
a 11602 688 64
a 11603 9328 64
a 11604 15632 256
f 10985
a 11605 2800 16
a 11606 24144 256
a 11607 60416 64
f 10029
f 9979
f 10965
a 11608 42528 16
a 11609 30016 64
a 11610 10128 256
f 8325
a 11611 51072 64
f 10414
f 10337
f 10183
f 7337
a 11612 13440 256
a 11613 1008 256
a 11614 14656 64
f 11526
f 10388
a 11615 928 256
f 11114
f 11029
f 11162
a 11616 34976 16
a 11617 25072 16
f 10560
f 10052
a 11618 5376 256
a 11619 6832 64
a 11620 688 16
a 11621 1392 16
f 10859
a 11622 976 16
a 11623 496 16
f 11478
f 11420
a 11624 12896 256
f 10740
a 11625 272 256
f 10837
a 11626 7680 16
f 11623
a 11627 960 256
f 10236
a 11628 23712 16
a 11629 13088 16
f 10539
f 10847
f 10224
a 11630 14944 256
a 11631 14416 64
a 11632 36048 64
a 11633 1760 256
f 8791
f 10994
f 9680
a 11634 8272 16
f 10296
a 11635 27328 16
f 10485
a 11636 3136 256
a 11637 3840 16
f 10550
a 11638 114576 64
f 11462
f 7897
a 11639 2416 256
f 11201
f 10822
a 11640 17472 256
f 8489
f 10283
f 11142
a 11641 2256 64
a 11642 656 256
f 10695
f 11508
f 11403
f 10450
f 10206
a 11643 1728 256
f 8855
a 11644 4320 256
f 9630
a 11645 3264 16
a 11646 272 256
f 10745
a 11647 14448 256
f 3514
a 11648 896 256
a 11649 2000 256
a 11650 31840 256
f 11295
a 11651 2256 16
f 10410
a 11652 9552 256
a 11653 1760 16
a 11654 58464 64
a 11655 832 256
a 11656 1664 16
a 11657 38688 64
f 9929
f 10815
a 11658 43584 256
f 10907
a 11659 1456 64
f 10217
a 11660 480 16
f 11224
f 8891
a 11661 2128 16
f 10537
f 8475
f 11545
f 10130
a 11662 7696 16
a 11663 72336 16
f 5263
f 11421
f 10366
f 9546
a 11664 42400 16
f 11616
a 11665 2960 256
f 10229
f 6848
a 11666 7376 16
a 11667 6384 64
a 11668 704 64
a 11669 28448 64
f 8196
f 11563
f 10406
a 11670 21312 256
a 11671 30864 64
f 10862
f 11332
a 11672 106736 256
a 11673 480 256
f 8092
f 11156
f 10932
a 11674 2048 64
a 11675 20912 64
a 11676 5552 16
a 11677 12896 64
a 11678 14624 256
a 11679 512 256
a 11680 123296 256
f 10900
a 11681 2016 16
f 11250
a 11682 3712 64
f 10809
a 11683 83600 64
f 11141
a 11684 6048 64
f 9238
a 11685 121072 16
f 10084
f 7976
f 11324
f 9960
f 7603
a 11686 1424 16
a 11687 54960 16
f 11542
a 11688 800 64
a 11689 2976 256
a 11690 103552 16
a 11691 272 64
f 11079
f 10870
f 11442
a 11692 3776 16
a 11693 15152 16
a 11694 119744 256
a 11695 31392 64
a 11696 95616 16
f 10092
f 10457
f 10015
f 5961
a 11697 3568 64
a 11698 12368 16
a 11699 5488 64
f 10678
a 11700 11680 16
a 11701 720 64
f 11273
a 11702 39120 256
f 10788
f 10691
f 11591
f 11094
a 11703 1696 64
f 10315
a 11704 320 16
a 11705 86608 256
a 11706 672 16
a 11707 2240 256
a 11708 4304 256
a 11709 6400 16
a 11710 2992 64
a 11711 6880 64
a 11712 352 64
f 8993
f 10996
f 10506
a 11713 20544 256
f 9501
f 9786
f 7797
a 11714 704 64
a 11715 28336 16
f 11138
a 11716 14720 64
f 11075
a 11717 33136 256
a 11718 29920 256
a 11719 2192 256
f 11412
a 11720 1440 64
f 11580
f 11060
f 11492
f 10349
a 11721 105328 16
a 11722 320 64
f 11721
f 7899
f 11213
f 8374
f 11595
a 11723 101264 64
a 11724 1456 256
f 9142
a 11725 2512 16
a 11726 4704 256
a 11727 2032 16
f 10561
f 10331
f 7059
f 11315
a 11728 1232 256
f 10963
a 11729 32144 256
a 11730 3104 64
a 11731 103568 16
f 7985
a 11732 7488 64
f 11598
f 10478
a 11733 25104 64
f 10586
a 11734 7136 16
f 10400
f 11571
f 10733
f 11015
a 11735 1008 64
a 11736 6384 16
f 10120
f 8772
f 10219
f 11105
f 10872
f 10846
a 11737 12992 256
a 11738 60256 64
f 10239
f 9763
a 11739 26928 256
a 11740 51584 256
a 11741 87440 64
a 11742 82848 16
f 11337
f 11073
f 10249
f 7716
f 11432
a 11743 5840 256
f 11539
a 11744 6336 256
f 10536
f 11302
f 11599
a 11745 1008 64
f 10314
f 10021
a 11746 6720 64
a 11747 12304 256
f 10700
a 11748 3136 64
f 9749
a 11749 74720 64
a 11750 54944 256
f 9854
a 11751 10528 256
f 10955
f 11323
a 11752 15792 16
a 11753 15936 64
f 10461
f 10784
a 11754 46784 16
a 11755 3328 64
a 11756 36384 16
a 11757 123232 16
f 10142
f 7500
f 10466
a 11758 21824 64
a 11759 848 16
a 11760 464 256
a 11761 336 64
f 10365
a 11762 3568 64
f 8843
f 10422
f 10631
a 11763 5664 256
a 11764 59136 16
f 11614
f 9009
a 11765 752 16
f 10178
a 11766 3488 64
f 8450
a 11767 10624 16
a 11768 110992 64
a 11769 24368 256
f 8197
a 11770 51584 16
f 5757
a 11771 464 16
f 10775
f 10668
f 10426
a 11772 320 64
f 11703
a 11773 2224 16
a 11774 128912 64
f 11731
a 11775 512 16
f 7772
a 11776 480 64
f 9939
f 10703
a 11777 1920 16
f 11172
a 11778 576 16
f 8752
a 11779 2032 256
f 10948
a 11780 7520 64
a 11781 2704 16
f 11597
a 11782 25264 256
a 11783 784 256
f 9807
f 9842
f 10781
a 11784 2976 256
f 7969
a 11785 3280 256
f 10723
f 11346
f 10338
f 10982
f 8172
f 10813
a 11786 15888 256
a 11787 736 256
f 10223
a 11788 63376 256
f 11699
f 7597
a 11789 2784 64
f 11012
f 10889
f 11051
f 7866
f 10280
a 11790 3632 256
a 11791 10048 16
a 11792 720 64
f 10716
f 11602
a 11793 13072 64
a 11794 12288 64
a 11795 6176 256
a 11796 3168 256
a 11797 784 64
a 11798 3360 64
a 11799 37728 16
f 4091
a 11800 416 256
f 10747
f 9201
f 10718
a 11801 23104 256
a 11802 3264 16
f 8126
a 11803 1152 64
f 11334
f 11048
a 11804 512 16
f 11792
f 11778
f 7819
f 11715
f 11171
f 7911
a 11805 115536 256
a 11806 107872 64
a 11807 4688 256
f 10810
f 11795
a 11808 1088 64
f 11318
a 11809 800 256
f 10350
a 11810 57040 256
a 11811 3392 256
a 11812 5488 64
f 7872
a 11813 113808 64
a 11814 672 256
f 8540
f 9212
f 11544
a 11815 384 64
f 10336
f 10570
a 11816 8192 256
f 11510
f 6839
a 11817 352 64
a 11818 21376 256
f 8911
f 10980
a 11819 110656 64
f 8726
a 11820 1568 256
a 11821 93664 64
f 11449
f 9258
a 11822 20864 256
a 11823 800 256
a 11824 2800 64
f 9800
a 11825 1424 64
a 11826 9008 256
f 11628
f 7343
a 11827 3568 256
a 11828 3040 16
a 11829 8464 256
a 11830 1008 64
a 11831 89232 256
f 10941
a 11832 7904 64
f 10860
a 11833 41632 64
a 11834 304 256
a 11835 21152 64
a 11836 30144 64
f 9119
a 11837 5120 16
f 11485
f 10114
a 11838 896 16
a 11839 272 16
a 11840 6112 256
f 11443
a 11841 864 256
f 10666
a 11842 123488 64
a 11843 45472 64
a 11844 352 64
a 11845 42080 16
a 11846 48112 64
a 11847 992 16
a 11848 106128 64
f 10363
a 11849 36096 16
f 8837
f 10030
f 11383
f 9718
a 11850 26464 64
f 8309
a 11851 61776 256
f 10510
a 11852 448 64
f 11746
a 11853 16080 64
a 11854 7904 16
a 11855 2480 16
a 11856 7232 256
a 11857 9104 256
f 10011
f 11423
a 11858 129472 16
f 11087
a 11859 71728 256
a 11860 46336 256
f 10765
f 8222
f 11656
a 11861 15008 16
a 11862 1248 64
f 11634
f 7575
f 11275
a 11863 31312 256
f 11529
f 10049
a 11864 64704 256
f 10169
a 11865 464 16
a 11866 5888 16
a 11867 6112 64
f 10878
f 10105
a 11868 1232 64
f 8671
a 11869 38608 16
f 7646
f 10228
f 11550
a 11870 40848 64
f 10849
f 10981
a 11871 4208 256
a 11872 10464 64
f 8339
a 11873 99936 256
a 11874 928 16
f 11799
a 11875 496 16
f 11031
f 10594
f 9973
f 11376
f 10727
f 9636
a 11876 21440 16
f 9719
a 11877 40352 256
a 11878 1568 64
a 11879 5008 64
a 11880 1056 256
f 9540
a 11881 14112 16
a 11882 368 256
f 7780
f 10769
f 10172
a 11883 22816 16
a 11884 15568 256
a 11885 528 64
f 11876
f 10397
f 11122
f 9223
f 3800
a 11886 6720 256
f 11669
f 9566
f 11209
a 11887 288 256
f 10156
f 11100
a 11888 1184 16
f 10111
a 11889 57808 64
a 11890 20352 256
a 11891 32368 256
a 11892 31344 256
a 11893 640 64
a 11894 6720 16
a 11895 480 64
a 11896 1856 64
a 11897 20160 16
a 11898 7472 64
a 11899 4944 16
a 11900 81504 64
f 9765
a 11901 31584 64
f 10173
f 11385
a 11902 1392 16
f 9643
a 11903 6416 16
a 11904 34672 256
a 11905 56288 256
a 11906 2448 64
f 8297
a 11907 15056 16
a 11908 68672 16
a 11909 15904 16
a 11910 4416 256
f 9204
f 11816
f 11352
a 11911 12304 16
f 9052
f 10328
a 11912 720 16
f 11216
a 11913 1200 64
f 11188
a 11914 3344 64
a 11915 6336 16
f 11727
f 11611
f 10927
a 11916 320 16
a 11917 8032 16
a 11918 71424 256
a 11919 27344 16
a 11920 2688 16
f 11381
f 11450
f 11040
f 10708
f 11074
f 10917
a 11921 121360 256
f 10731
f 8693
a 11922 352 16
f 11405
a 11923 944 64
f 10362
f 10272
a 11924 272 64
a 11925 1504 64
f 10381
a 11926 3744 64
f 3621
a 11927 113680 64
f 10830
a 11928 3616 16
f 10598
a 11929 304 64
f 7518
f 10632
a 11930 3152 256
a 11931 118448 64
f 10707
f 11851
f 11759
f 11747
f 10555
a 11932 6608 16
f 10498
f 10576
f 10126
f 10007
f 10770
a 11933 400 256
f 10221
f 11567
a 11934 12784 64
f 11708
f 11771
f 10767
a 11935 480 16
a 11936 2864 16
f 10097
f 10896
f 11257
a 11937 576 16
a 11938 55936 256
f 11853
a 11939 18304 64
f 10642
f 8747
a 11940 16736 16
f 10470
f 10531
f 8107
f 11774
f 10056
a 11941 3360 64
a 11942 3120 64
f 11922
a 11943 320 16
f 8246
f 9517
a 11944 2016 16
a 11945 8864 64
a 11946 2960 256
f 10520
a 11947 15872 256
f 10321
a 11948 2896 64
a 11949 5088 16
f 10116
f 10330
a 11950 2880 256
a 11951 12000 64
f 11360
a 11952 400 16
f 10053
f 10626
a 11953 14944 256
f 10494
f 7616
a 11954 13136 64
a 11955 560 64
a 11956 1136 16
f 11304
a 11957 66624 16
f 11433
a 11958 87552 64
f 11584
a 11959 816 16
a 11960 44928 64
a 11961 384 256
a 11962 352 256
f 10888
f 8273
f 5494
f 11487
f 8229
f 10068
f 11072
f 8840
a 11963 21856 256
f 10704
f 11341
f 9264
a 11964 60016 16
a 11965 848 16
a 11966 304 16
f 11126
a 11967 1168 256
f 8889
f 11578
a 11968 4928 16
a 11969 50080 256
a 11970 1008 16
a 11971 44784 64
f 7901
f 10572
a 11972 528 64
a 11973 3664 64
a 11974 544 256
f 11099
a 11975 46112 256
a 11976 1104 256
f 11066
f 10091
f 11113
f 10772
a 11977 13360 64
a 11978 11216 16
a 11979 59392 16
f 10640
f 11861
a 11980 12512 256
a 11981 4624 16
f 11200
a 11982 3744 256
f 9205
f 11889
a 11983 2368 64
a 11984 1088 256
f 9356
f 10916
a 11985 48256 16
f 10010
f 10061
f 10671
f 11395
f 11642
f 6861
a 11986 65344 16
f 9197
a 11987 8832 16
f 11660
a 11988 15168 16
f 10894
f 8635
a 11989 928 64
a 11990 10352 16
f 10309
a 11991 4112 16
a 11992 848 64
a 11993 53280 64
f 11328
a 11994 7536 256
f 10737
f 10144
f 10233
f 9391
f 11184
f 10108
f 11990
f 9814
f 11649
a 11995 1008 256
f 10931
a 11996 992 64
f 10675
a 11997 12928 256
a 11998 11424 256
f 10293
a 11999 4832 64
a 12000 1040 64
a 12001 21936 256
f 10583
f 7996
f 11135
a 12002 1312 64
f 11518
f 10600
f 8369
f 11194
f 10698
f 11586
f 11509
a 12003 102512 16
a 12004 704 64
a 12005 3856 64
f 11525
a 12006 6128 64
f 11639
a 12007 1232 16
a 12008 608 16
a 12009 61040 64
a 12010 1504 16
a 12011 85648 16
f 10557
a 12012 12752 256
f 10508
a 12013 528 64
a 12014 26256 16
a 12015 1456 64
a 12016 11952 16
a 12017 3104 16
a 12018 352 64
a 12019 368 256
a 12020 118384 16
f 10441
a 12021 736 256
a 12022 37120 256
a 12023 43968 16
a 12024 1904 64
a 12025 1984 16
a 12026 15360 256
f 10182
f 11583
f 10277
f 10843
a 12027 4752 256
a 12028 45120 64
f 7655
a 12029 1504 16
f 6867
a 12030 752 256
f 10540
a 12031 784 64
a 12032 6144 64
f 8724
f 8814
a 12033 99312 16
f 8960
a 12034 912 64
a 12035 352 256
a 12036 110000 16
a 12037 1216 64
a 12038 7024 16
f 7612
f 10415
f 11737
a 12039 47904 16
a 12040 9360 16
a 12041 21744 256
f 11564
f 10440
f 11570
f 7384
a 12042 97840 16
a 12043 352 64
f 11685
f 7841
a 12044 93984 16
f 11587
f 10040
f 11020
f 10407
a 12045 3808 16
a 12046 576 256
f 11680
a 12047 49920 64
a 12048 26928 64
f 9001
f 9964
a 12049 1968 64
f 10905
a 12050 3216 16
a 12051 784 256
a 12052 3712 16
f 11477
a 12053 47744 256
f 7589
a 12054 496 16
f 10821
a 12055 12000 16
a 12056 129952 16
a 12057 672 64
f 7760
f 11832
a 12058 1984 256
a 12059 46048 16
a 12060 32496 256
a 12061 18160 16
a 12062 384 16
a 12063 9296 256
f 11175
f 9724
a 12064 304 256
f 11702
f 10042
a 12065 1024 256
f 10693
a 12066 512 64
a 12067 1856 16
f 9057
f 7821
f 10384
a 12068 18688 64
f 10037
f 3691
f 8473
f 11971
a 12069 29872 16
f 11911
f 11490
a 12070 10688 64
a 12071 33008 64
a 12072 720 16
a 12073 29856 256
f 11007
f 12031
a 12074 416 16
a 12075 992 64
a 12076 11360 16
f 11725
a 12077 23776 16
a 12078 68912 16
a 12079 3392 64
f 10433
a 12080 75488 256
a 12081 11920 16
a 12082 4592 256
f 11626
f 10493
f 10474
f 11617
a 12083 1008 16
f 8352
a 12084 672 256
a 12085 3968 64
a 12086 1280 256
f 11980
f 8116
a 12087 34736 16
a 12088 82080 256
f 11128
a 12089 1488 64
a 12090 5424 256
f 11061
a 12091 93328 64
f 11054
a 12092 123152 64
a 12093 28448 16
f 10107
f 11845
a 12094 18112 256
f 10741
f 10268
a 12095 272 16
a 12096 44000 256
a 12097 7504 64
f 10123
a 12098 51504 64
f 11668
f 9655
f 10333
a 12099 22048 256
f 10234
a 12100 125360 16
f 11139
a 12101 1584 64
f 11632
f 11491
a 12102 62576 256
f 11064
f 11892
a 12103 40096 64
a 12104 51888 16
f 11408
a 12105 288 64
f 6472
a 12106 448 64
f 11710
a 12107 368 16
a 12108 37952 64
f 9021
a 12109 416 256
f 10311
f 10933
a 12110 304 64
a 12111 2448 64
a 12112 96880 16
a 12113 320 64
f 10065
f 11940
f 7574
f 11297
a 12114 60560 64
f 10521
f 10573
f 1557
f 9051
a 12115 1664 256
f 10945
f 10552
a 12116 54336 64
a 12117 123824 64
a 12118 5328 256
f 10991
f 11520
f 11234
a 12119 25984 16
f 10191
f 11603
a 12120 1744 16
f 11233
a 12121 76960 256
a 12122 816 256
f 6954
f 11227
f 10566
f 9857
a 12123 36384 256
a 12124 8368 16
f 7553
f 10713
f 11827
f 9424
a 12125 46576 16
a 12126 720 64
f 10926
a 12127 3360 16
a 12128 960 256
a 12129 4928 64
f 8363
a 12130 1024 256
a 12131 12112 64
a 12132 29472 64
a 12133 1056 64
f 10778
f 9911
a 12134 16336 16
a 12135 1648 256
a 12136 48128 256
f 10705
f 11425
f 8754
a 12137 4064 16
f 11300
f 11333
f 10755
f 11705
f 11569
f 9400
f 12063
f 8886
a 12138 129440 64
f 11277
a 12139 3808 16
a 12140 1152 256
a 12141 105136 64
a 12142 11904 256
f 10479
a 12143 464 64
a 12144 6720 256
f 7632
f 12137
a 12145 1168 256
a 12146 119568 16
a 12147 1328 256
f 9493
a 12148 16544 256
a 12149 1936 64
f 10475
a 12150 7536 256
f 6298
a 12151 6368 256
a 12152 5072 256
a 12153 64432 64
f 11251
f 11149
f 10610
a 12154 528 64
f 11527
f 10650
f 11316
f 11406
f 12152
f 7526
a 12155 464 16
f 8652
f 10553
a 12156 12144 64
a 12157 45840 16
a 12158 2192 256
f 11517
a 12159 2544 256
a 12160 54752 64
f 10910
f 10423
f 9117
f 7896
f 11909
a 12161 496 64
a 12162 368 256
a 12163 82544 256
f 11243
a 12164 7728 16
a 12165 992 256
a 12166 608 256
a 12167 944 256
f 9041
f 12095
f 11874
f 11220
f 8511
f 11307
a 12168 124272 256
f 10079
f 11004
a 12169 640 16
a 12170 14256 256
f 11263
a 12171 352 64
f 11786
f 11811
a 12172 1504 64
f 11198
a 12173 21952 64
f 10375
a 12174 304 256
f 10090
a 12175 400 256
f 11511
a 12176 384 16
f 11041
f 10613
a 12177 400 64
f 11895
f 12060
f 11035
f 11058
a 12178 8208 256
f 10077
f 9567
a 12179 3472 256
f 9318
a 12180 2912 64
f 11764
a 12181 15888 16
a 12182 10368 256
f 11435
f 10582
f 8163
f 11659
a 12183 8576 16
f 8432
a 12184 36976 256
f 10599
f 11863
f 10192
a 12185 336 16
f 11910
f 11036
a 12186 624 256
a 12187 24576 16
a 12188 6480 256
f 10106
a 12189 7264 64
f 7709
f 11756
a 12190 2672 64
a 12191 22272 256
a 12192 106752 64
a 12193 1840 16
a 12194 32048 64
a 12195 30080 256
f 11458
f 12003
a 12196 304 16
a 12197 24640 256
a 12198 416 64
f 10542
f 11841
f 11199
a 12199 1200 16
f 12032
a 12200 50416 16
f 10455
a 12201 1664 256
a 12202 1120 256
f 10456
a 12203 272 64
a 12204 98896 16
a 12205 59696 64
a 12206 464 16
f 10526
a 12207 2432 64
f 9002
a 12208 6752 64
f 11322
a 12209 2480 16
f 11654
a 12210 4544 256
a 12211 368 256
f 12010
a 12212 31984 64
f 10575
a 12213 8608 16
a 12214 432 16
a 12215 1312 64
a 12216 944 64
f 10609
f 9954
f 11160
a 12217 1696 256
a 12218 1232 64
f 8660
f 11217
f 10750
a 12219 6976 256
f 11665
f 12175
a 12220 400 64
a 12221 30064 256
f 11868
a 12222 115952 64
a 12223 107328 64
f 11471
a 12224 720 256
a 12225 736 64
f 12052
a 12226 62400 256
a 12227 6560 64
f 11514
a 12228 3808 16
a 12229 4816 16
f 9584
f 12129
f 9104
a 12230 1520 16
f 11008
f 10160
f 6745
a 12231 2272 64
a 12232 124288 256
f 10605
a 12233 37824 16
f 11193
f 11131
f 10489
f 8083
a 12234 10800 64
f 10071
a 12235 480 64
a 12236 1552 256
f 10276
f 11948
f 10247
a 12237 44016 64
a 12238 49840 256
a 12239 37712 16
f 11801
a 12240 25360 16
f 10683
f 6400
f 10997
f 11428
a 12241 400 16
f 11927
f 6073
a 12242 768 16
f 10196
f 10043
a 12243 320 16
f 12100
a 12244 65536 256
f 11292
a 12245 25552 64
f 11311
f 9011
a 12246 9792 256
a 12247 12976 16
a 12248 496 64
f 10425
f 10634
f 10884
f 10820
f 11310
a 12249 2656 256
a 12250 22752 64
a 12251 3216 16
a 12252 992 64
a 12253 106960 64
f 11042
f 9434
f 10855
f 11969
f 8323
f 11258
f 11843
f 12077
f 10039
f 9371
f 11973
f 11709
a 12254 14768 256
a 12255 15120 16
a 12256 1904 64
a 12257 5712 64
a 12258 6368 16
f 11147
f 12116
a 12259 848 256
a 12260 119040 64
a 12261 480 64
a 12262 640 256
a 12263 108432 64
a 12264 130496 16
a 12265 15184 64
f 11436
a 12266 70320 16
f 10226
f 12108
a 12267 18880 64
a 12268 27120 256
a 12269 4016 16
a 12270 102944 16
a 12271 416 16
a 12272 352 16
a 12273 432 256
f 10840
f 11735
f 11943
f 10453
f 7955
f 11568
a 12274 336 256
a 12275 2304 16
a 12276 896 256
a 12277 7760 64
f 12263
a 12278 6304 256
a 12279 880 16
f 11647
a 12280 55904 256
f 11553
a 12281 58128 64
a 12282 58848 64
a 12283 4176 256
f 12248
a 12284 4768 256
f 11039
a 12285 624 256
a 12286 125424 256
a 12287 12176 16
a 12288 66640 64
a 12289 1024 16
a 12290 8992 256
f 11777
f 10532
f 10628
f 10281
f 11609
a 12291 8064 16
f 10913
f 10562
f 10786
f 10027
f 10112
a 12292 3104 256
a 12293 24464 256
a 12294 1744 16
a 12295 1632 16
f 11854
f 12088
f 8764
f 11522
f 11916
a 12296 400 64
a 12297 2144 64
a 12298 3088 16
a 12299 400 256
a 12300 3440 16
a 12301 3840 256
f 9445
f 12265
f 11770
f 12247
a 12302 51488 64
a 12303 3120 256
a 12304 43008 64
a 12305 23216 256
a 12306 1328 256
f 11503
a 12307 18288 64
a 12308 9424 16
f 10393
a 12309 125872 16
a 12310 2896 16
a 12311 2512 64
a 12312 8016 256
f 11907
a 12313 320 256
f 11637
a 12314 127168 16
a 12315 448 64
a 12316 59968 256
f 11211
f 11205
a 12317 848 16
a 12318 59056 64
f 12023
a 12319 288 256
a 12320 26128 256
f 10853
f 11962
f 11945
a 12321 36512 16
a 12322 12464 64
a 12323 88832 256
a 12324 5056 256
a 12325 66976 64
f 11180
a 12326 7568 64
a 12327 19952 64
a 12328 2800 64
f 6584
a 12329 2928 256
f 11751
a 12330 1584 16
f 10793
a 12331 6768 64
f 9224
f 8801
f 10495
f 11693
f 11454
f 11667
a 12332 480 256
f 10165
f 12142
f 10036
a 12333 6608 64
f 10544
f 8965
a 12334 53504 64
f 10523
f 9099
f 11755
f 10680
a 12335 2000 16
f 12027
a 12336 5040 16
a 12337 15744 256
a 12338 912 256
f 12292
a 12339 384 16
a 12340 15216 256
f 12231
f 10512
a 12341 14176 16
a 12342 93088 256
a 12343 1152 16
f 12260
f 12007
a 12344 6240 64
a 12345 29168 256
f 12071
f 7633
a 12346 3120 64
f 11673
a 12347 2224 256
a 12348 62288 256
f 11493
a 12349 368 256
a 12350 45904 256
f 7534
a 12351 27248 16
a 12352 3024 16
a 12353 2576 64
a 12354 288 16
f 9729
f 9578
f 10012
a 12355 4784 64
f 10852
f 7620
f 11880
f 11561
a 12356 1216 64
a 12357 1536 16
f 10292
f 9712
f 10227
a 12358 3808 16
a 12359 336 16
a 12360 17952 16
f 11287
a 12361 53856 16
a 12362 1056 16
f 10578
f 10563
a 12363 320 16
f 10833
f 12215
f 11984
f 11059
a 12364 368 256
a 12365 112864 16
f 11218
a 12366 432 256
a 12367 1488 64
f 11562
a 12368 512 16
a 12369 752 64
a 12370 2576 64
a 12371 1856 64
f 11538
a 12372 118816 64
a 12373 480 16
a 12374 6464 64
a 12375 94752 64
a 12376 336 64
f 10667
a 12377 37712 256
a 12378 28496 64
f 10203
f 11791
f 5703
a 12379 6592 16
a 12380 832 16
a 12381 560 256
a 12382 26688 64
f 10313
f 8734
a 12383 752 64
f 12350
f 10758
f 11026
f 12241
f 12014
f 10166
f 12117
a 12384 4560 16
f 10823
f 10418
a 12385 5568 64
a 12386 118896 64
f 12172
a 12387 30288 256
a 12388 58864 16
a 12389 57296 256
f 11069
f 11593
f 11249
f 10117
a 12390 864 16
f 9432
f 8795
a 12391 9632 64
a 12392 432 256
a 12393 480 64
a 12394 1472 16
f 12332
f 12049
f 10468
f 11259
a 12395 20352 256
f 12319
a 12396 272 256
a 12397 1120 64
f 7373
a 12398 11952 256
a 12399 129872 64
f 9868
a 12400 69312 16
a 12401 2048 64
f 12153
a 12402 432 16
a 12403 2000 16
a 12404 4528 64
f 11010
f 10319
a 12405 3200 256
f 10094
a 12406 30160 64
a 12407 592 16
f 10409
f 11704
f 11981
f 8860
a 12408 27792 16
a 12409 12752 256
a 12410 130032 16
a 12411 117728 64
a 12412 11952 16
f 10355
a 12413 113168 64
f 8493
a 12414 26944 64
a 12415 12624 16
f 11999
a 12416 1600 64
f 10929
f 12115
f 8822
a 12417 1952 16
a 12418 7904 64
a 12419 5024 16
a 12420 64160 256
a 12421 3232 256
f 11296
f 12070
a 12422 3408 256
a 12423 7504 256
a 12424 24080 16
f 11796
a 12425 448 64
f 8424
f 12030
f 7649
a 12426 30256 16
a 12427 102304 256
a 12428 24336 64
a 12429 288 16
f 11414
a 12430 1504 64
f 10025
f 11388
a 12431 432 16
a 12432 41488 256
f 10454
a 12433 9888 256
f 9780
a 12434 15008 16
f 7948
f 12312
f 11798
f 12187
f 10979
f 11857
a 12435 2048 256
f 9634
a 12436 18176 16
a 12437 82624 16
f 11913
a 12438 7584 256
f 11197
a 12439 1536 256
f 12379
f 10504
a 12440 528 64
f 10580
a 12441 368 256
f 11398
a 12442 76832 64
a 12443 72048 256
f 10930
f 12118
a 12444 6224 16
a 12445 976 256
a 12446 1600 256
f 11706
f 11728
f 10419
f 11098
f 10763
f 11653
f 12283
f 12059
a 12447 116720 256
a 12448 480 16
a 12449 5232 64
f 10880
a 12450 2880 256
f 10844
f 12022
a 12451 1920 64
a 12452 1392 256
a 12453 4512 64
a 12454 110384 64
f 10500
f 11966
a 12455 912 16
f 8728
a 12456 608 256
f 12205
a 12457 39936 64
a 12458 40800 16
f 12196
a 12459 53952 64
f 10779
a 12460 720 256
a 12461 31248 256
f 12291
f 8867
a 12462 1024 64
f 10824
a 12463 448 16
a 12464 5104 64
a 12465 1904 16
a 12466 117552 16
a 12467 304 16
a 12468 816 16
f 10051
f 9992
a 12469 128960 256
a 12470 272 256
f 11781
f 12072
f 11794
a 12471 12464 256
a 12472 1616 64
f 12017
a 12473 544 64
f 12082
a 12474 8448 64
f 9180
a 12475 19632 256
f 11502
a 12476 86592 64
a 12477 31328 64
f 7998
a 12478 9296 256
a 12479 124512 16
a 12480 1184 256
a 12481 1184 64
f 10290
a 12482 3696 16
a 12483 29936 256
a 12484 4528 16
a 12485 10688 64
a 12486 320 64
a 12487 4512 16
f 11358
a 12488 8704 256
f 11017
f 10285
f 11276
f 11828
a 12489 50304 16
f 7516
f 10961
f 12303
f 10259
f 11719
a 12490 368 64
a 12491 34720 16
a 12492 65232 64
f 8344
a 12493 14784 64
a 12494 122256 256
a 12495 7632 64
a 12496 8128 256
a 12497 11312 16
a 12498 1424 64
a 12499 40080 64
f 11899
f 10652
f 12372
a 12500 15200 64
a 12501 400 64
f 11644
a 12502 2400 64
a 12503 1760 256
a 12504 14672 256
a 12505 65888 16
a 12506 19424 256
a 12507 704 64
f 12086
f 10063
f 11965
a 12508 103872 16
a 12509 1024 64
c level-5-churned
f 10122
f 9243
f 12484
f 11575
f 10682
f 7787
f 10838
f 9579
f 10768
f 10743
f 10322
f 11369
f 2509
f 10969
f 7831
f 11540
f 11822
f 11169
f 11817
f 10639
f 12468
f 8030
f 12089
f 12481
f 10935
f 12252
f 10062
f 8149
f 11921
f 10255
f 11343
f 10324
f 11177
f 11444
f 11846
f 12169
f 11926
f 10416
f 11675
f 12411
f 10383
f 12289
f 12447
f 11089
f 11067
f 10016
f 12357
f 11979
f 10946
f 12253
f 10826
f 12163
f 10622
f 10660
f 10974
f 10759
f 12087
f 9018
f 12453
f 5454
f 11782
f 10171
f 11447
f 10262
f 10031
f 10286
f 11884
f 10176
f 10260
f 12111
f 11505
f 11670
f 12065
f 12367
f 7099
f 11733
f 11306
f 8689
f 12132
f 12149
f 11793
f 11765
f 8261
f 9461
f 12501
f 9946
f 7933
f 11852
f 12392
f 12346
f 11203
f 11712
f 11189
f 11452
f 10047
f 11005
f 10835
f 12136
f 8121
f 10735
f 10848
f 10269
f 7552
f 11391
f 11871
f 10104
f 10101
f 11165
f 11419
f 10602
f 8368
f 11440
f 11057
f 11280
f 10538
f 11016
f 10636
f 8556
f 12157
f 11848
f 11860
f 11842
f 11422
f 12281
f 12498
f 12029
f 10676
f 11237
f 10354
f 12018
f 10159
f 12329
f 11384
f 12039
f 10098
f 11468
f 12402
f 12344
f 10644
f 8259
f 10088
f 12458
f 12363
f 11651
f 11394
f 10009
f 10190
f 11936
f 11501
f 8907
f 12064
f 8265
f 10851
f 10102
f 11807
f 10202
f 11121
f 11137
f 11025
f 10402
f 10353
f 8895
f 12439
f 10922
f 11402
f 11353
f 11823
f 10125
f 10359
f 11920
f 11103
f 10103
f 11690
f 12080
f 11726
f 9676
f 10871
f 10372
f 12083
f 8582
f 7932
f 11858
f 11204
f 10559
f 12504
f 10951
f 10595
f 11590
f 12038
f 11882
f 12297
f 9870
f 12445
f 10806
f 5144
f 10028
f 7423
f 8101
f 12446
f 10209
f 8097
f 10180
f 10903
f 7739
f 10692
f 11319
f 10452
f 10530
f 11157
f 11577
f 5595
f 11240
f 12307
f 9439
f 4340
f 11134
f 11154
f 12334
f 10612
f 12399
f 10637
f 10947
f 10127
f 11455
f 10143
f 10109
f 12255
f 10670
f 11431
f 12257
f 10205
f 11331
f 8569
f 10615
f 12480
f 7781
f 11982
f 11954
f 8584
f 9624
f 12131
f 9576
f 9735
f 4993
f 12264
f 11370
f 6846
f 10184
f 6899
f 11076
f 12301
f 7743
f 10995
f 7726
f 12058
f 10975
f 3575
f 8847
f 11475
f 10800
f 10497
f 6900
f 10899
f 8550
f 11754
f 12259
f 10148
f 10892
f 9346
f 12119
f 10463
f 12213
f 11629
f 11676
f 7755
f 11949
f 11931
f 9376
f 7441
f 10591
f 12313
f 9538
f 10124
f 11688
f 12042
f 10300
f 10893
f 10509
f 11964
f 11222
f 10208
f 10588
f 11531
f 11261
f 10783
f 11989
f 10335
f 12224
f 11349
f 10170
f 10533
f 10757
f 10238
f 11862
f 11145
f 12374
f 11633
f 11476
f 12424
f 11744
f 11547
f 10185
f 11825
f 12314
f 6699
f 12495
f 11244
f 10909
f 9469
f 12184
f 12508
f 5109
f 10744
f 8722
f 12105
f 11579
f 12238
f 11991
f 11519
f 11692
f 8784
f 11935
f 11308
f 12417
f 11298
f 10558
f 10829
f 11231
f 11272
f 12441
f 10174
f 12194
f 9378
f 12048
f 11604
f 9122
f 12338
f 11867
f 11720
f 11546
f 11814
f 12432
f 11768
f 11898
f 10275
f 9874
f 10928
f 11749
f 11486
f 10554
f 7563
f 9427
f 12275
f 6275
f 10261
f 12148
f 9844
f 10045
f 10874
f 11127
f 11482
f 11638
f 9943
f 12222
f 11093
f 12053
f 9156
f 7548
f 11661
f 10312
f 9892
f 9442
f 8685
f 11047
f 11870
f 11574
f 11120
f 10305
f 10465
f 12006
f 11056
f 10776
f 9271
f 12327
f 8661
f 9549
f 8594
f 10256
f 11937
f 11065
f 11730
f 10511
f 10369
f 11366
f 12244
f 12277
f 11662
f 12091
f 7601
f 10579
f 12415
f 10943
f 12470
f 6589
f 3002
f 11844
f 11365
f 11605
f 10702
f 11652
f 10746
f 10764
f 9620
f 8702
f 11975
f 10534
f 10054
f 11745
f 11758
f 10592
f 10302
f 11810
f 11681
f 12191
f 6284
f 10024
f 12461
f 11429
f 8415
f 11106
f 5662
f 11118
f 11512
f 8446
f 5184
f 10574
f 10968
f 11620
f 9162
f 10017
f 11648
f 10728
f 11095
f 8597
f 12069
f 11000
f 9837
f 11818
f 12122
f 10434
f 12466
f 11741
f 11317
f 12362
f 12047
f 12479
f 10795
f 10541
f 10819
f 12386
f 11671
f 11625
f 11027
f 12192
f 12143
f 10715
f 12144
f 11085
f 9024
f 11279
f 10231
f 11497
f 11641
f 10113
f 11850
f 11957
f 8647
f 10677
f 9864
f 9764
f 10253
f 12242
f 10603
f 12145
f 9484
f 8639
f 9447
f 12067
f 11229
f 10662
f 12102
f 10288
f 12475
f 10535
f 10760
f 4178
f 9937
f 12212
f 12057
f 12221
f 12274
f 12306
f 12211
f 11624
f 11252
f 9533
f 12079
f 11192
f 11516
f 7532
f 11918
f 12485
f 12054
f 10186
f 11904
f 10141
f 11701
f 7778
f 10026
f 7864
f 10087
f 9382
f 11554
f 8592
f 10664
f 9183
f 10630
f 9075
f 10357
f 11788
f 12076
f 11556
f 10364
f 10093
f 10882
f 12272
f 10814
f 11694
f 11635
f 9410
f 11453
f 11387
f 11776
f 11481
f 11080
f 12206
f 10041
f 10517
f 7504
f 11305
f 11534
f 11045
f 10721
f 7895
f 12356
f 11303
f 12429
f 7547
f 9930
f 12020
f 12271
f 11523
f 5967
f 12360
f 11464
f 12366
f 11834
f 12304
f 10175
f 12004
f 7625
f 12121
f 11996
f 11427
f 12377
f 10669
f 11019
f 12182
f 12081
f 12316
f 7572
f 12227
f 10099
f 9771
f 10629
f 10385
f 11643
f 11558
f 11397
f 11393
f 10738
f 11543
f 11372
f 12204
f 12476
f 7312
f 12503
f 12290
f 11021
f 9503
f 11804
f 11906
f 10050
f 10857
f 10787
f 11168
f 11166
f 10696
f 10216
f 10390
f 10033
f 12443
f 11581
f 11855
f 11037
f 10687
f 11963
f 10908
f 12225
f 11474
f 10361
f 12373
f 11955
f 10641
f 10038
f 12388
f 8794
f 10291
f 10243
f 9337
f 12345
f 12393
f 12050
f 12397
f 11357
f 10967
f 9145
f 12505
f 11800
f 10486
f 10596
f 12134
f 9467
f 12167
f 11014
f 7183
f 11859
f 10258
f 11716
f 10341
f 10977
f 12160
f 8817
f 10959
f 12342
f 11282
f 10346
f 10865
f 11206
f 10842
f 11363
f 12437
f 12438
f 11615
f 7314
f 11677
f 10791
f 10132
f 12436
f 8242
f 11896
f 12506
f 7590
f 9865
f 10257
f 11314
f 11875
f 12451
f 10953
f 12101
f 11646
f 12299
f 10081
f 10918
f 11228
f 10827
f 11255
f 12489
f 12416
f 12019
f 10976
f 10964
f 12323
f 10864
f 12280
f 5501
f 10773
f 10188
f 10734
f 11596
f 8221
f 8465
f 10146
f 9927
f 11812
f 7799
f 10832
f 10556
f 9869
f 11288
f 10432
f 8555
f 10972
f 12202
f 12210
f 11631
f 10627
f 12428
f 12021
f 11780
f 10919
f 11448
f 11831
f 11887
f 12096
f 12099
f 10952
f 10492
f 12370
f 11236
f 11552
f 10720
f 12381
f 12162
f 11466
f 12150
f 11732
f 11865
f 11958
f 10263
f 11757
f 11071
f 8112
f 10368
f 7892
f 7450
f 10373
f 12128
f 10347
f 11679
f 12324
f 12425
f 10162
f 12294
f 10161
f 10987
f 11409
f 12457
f 11473
f 10836
f 12369
f 12249
f 11364
f 11152
f 11164
f 12331
f 11974
f 11929
f 12341
f 6823
f 10133
f 12308
f 11607
f 10446
f 9640
f 9226
f 10766
f 12502
f 10712
f 12321
f 12024
f 11417
f 10394
f 10796
f 8367
f 12427
f 11808
f 9965
f 12287
f 11271
f 11223
f 11116
f 11472
f 10005
f 10376
f 10581
f 9972
f 12235
f 5723
f 10429
f 12180
f 10869
f 12478
f 10868
f 12352
f 8203
f 12382
f 10619
f 12034
f 9440
f 5218
f 7854
f 11588
f 11707
f 10958
f 1840
f 8523
f 11986
f 10861
f 8073
f 12174
f 11666
f 9316
f 12496
f 10356
f 10921
f 12110
f 10547
f 10150
f 10139
f 11182
f 5171
f 10653
f 11096
f 10451
f 10066
f 11123
f 11753
f 11173
f 8901
f 10240
f 7994
f 7463
f 10411
f 12005
f 10403
f 10153
f 11377
f 11439
f 11711
f 12355
f 11163
f 11238
f 11763
f 9985
f 11820
f 11993
f 9343
f 11378
f 11769
f 11621
f 11046
f 9654
f 10973
f 12473
f 8892
f 10395
f 11081
f 11248
f 10078
f 11893
f 10567
f 10665
f 8106
f 11682
f 11618
f 10134
f 10232
f 11934
f 10008
f 12509
f 11284
f 10317
f 7588
f 10289
f 10442
f 11838
f 8245
f 10597
f 12084
f 10524
f 8700
f 10998
f 11245
f 12330
f 12237
f 11636
f 8158
f 11952
f 12051
f 10811
f 10608
f 12460
f 8250
f 11548
f 9297
f 10777
f 10659
f 10638
f 9535
f 10200
f 11239
f 11104
f 10699
f 10706
f 10635
f 11767
f 10218
f 12404
f 11208
f 10804
f 12295
f 7086
f 12056
f 12009
f 10069
f 7539
f 12302
f 12016
f 11136
f 8410
f 12300
f 11313
f 9657
f 11006
f 8438
f 9808
f 10299
f 11456
f 11600
f 8894
f 6256
f 12389
f 12037
f 10801
f 10374
f 12197
f 10654
f 10237
f 11078
f 10939
f 11266
f 10674
f 11399
f 10034
f 11382
f 12284
f 10873
f 8422
f 10885
f 9956
f 11312
f 10890
f 8392
f 10514
f 11883
f 11285
f 10297
f 12125
f 10316
f 9408
f 10754
f 11826
f 11819
f 11148
f 12002
f 11743
f 11355
f 10616
f 9917
f 11787
f 12347
f 8828
f 11470
f 10722
f 11650
f 10519
f 11024
f 11050
f 10225
f 10701
f 11174
f 10725
f 12448
f 7679
f 12269
f 12223
f 12243
f 8787
f 5081
f 12482
f 11232
f 11683
f 5873
f 10618
f 11914
f 11696
f 11170
f 10986
f 11837
f 11338
f 10507
f 12444
f 9944
f 11856
f 9753
f 11549
f 9020
f 11750
f 11521
f 11972
f 12001
f 12190
f 8211
f 10697
f 10212
f 11915
f 6832
f 8057
f 12406
f 11161
f 10462
f 11225
f 11608
f 10614
f 10379
f 12440
f 11221
f 11176
f 8557
f 7596
f 10736
f 9284
f 11947
f 12201
f 12124
f 11700
f 10584
f 8547
f 11418
f 10911
f 10018
f 10158
f 11658
f 10564
f 11115
f 12309
f 10278
f 12431
f 12385
f 12214
f 12472
f 5032
f 9529
f 12333
f 12270
f 11230
f 10805
f 11286
f 10284
f 8240
f 12155
f 9079
f 12176
f 11281
f 12199
f 7794
f 11500
f 10075
f 11879
f 10399
f 12043
f 12094
f 11049
f 11254
f 12359
f 10604
f 11589
f 12364
f 12298
f 11622
f 7648
f 10360
f 10601
f 10458
f 12268
f 10152
f 10645
f 12123
f 9679
f 11268
f 11262
f 12278
f 10886
f 10839
f 7681
f 8559
f 12015
f 12008
f 11336
f 12230
f 10271
f 10711
f 12239
f 10877
f 11062
f 9466
f 12430
f 9076
f 11901
f 10897
f 10213
f 12376
f 12151
f 11724
f 10086
f 9675
f 9918
f 10543
f 10380
f 12349
f 9638
f 11347
f 9941
f 11847
f 10818
f 11028
f 10187
f 10624
f 11290
f 10327
f 10020
f 10942
f 10445
f 8904
f 11736
f 12179
f 12420
f 11806
f 11723
f 10222
f 12279
f 8187
f 12435
f 9646
f 11760
f 11400
f 11070
f 7703
f 11961
f 12335
f 10484
f 12236
f 10875
f 6730
f 12092
f 12232
f 11722
f 11803
f 10643
f 12035
f 12044
f 10421
f 10655
f 12146
f 11265
f 11190
f 11640
f 11084
f 12078
f 11849
f 10938
f 11932
f 11293
f 8964
f 11585
f 12183
f 10983
f 11869
f 9159
f 12103
f 8420
f 11864
f 12170
f 10067
f 10080
f 10898
f 12459
f 9818
f 10469
f 9209
f 11998
f 10690
f 11537
f 10651
f 11890
f 12261
f 11389
f 12276
f 12220
f 11373
f 11886
f 9550
f 7740
f 12282
f 12013
f 11469
f 12055
f 11411
f 11362
f 11499
f 11925
f 11968
f 11762
f 11289
f 12028
f 11434
f 11530
f 9613
f 10298
f 12383
f 11953
f 12185
f 12288
f 10742
f 11939
f 6592
f 10306
f 10340
f 9306
f 8629
f 11030
f 10251
f 10448
f 10565
f 11912
f 11371
f 12354
f 10717
f 10490
f 11689
f 12262
f 7999
f 9014
f 9003
f 10460
f 11897
f 6443
f 10115
f 11784
f 11022
f 10303
f 12463
f 9980
f 10070
f 10392
f 11109
f 10270
f 7962
f 11902
f 9902
f 10792
f 11494
f 10401
f 10447
f 12161
f 12216
f 10749
f 10318
f 12422
f 12098
f 10193
f 9048
f 10590
f 11928
f 11179
f 11601
f 12365
f 11465
f 11839
f 7811
f 12494
f 11459
f 8490
f 10242
f 12188
f 12186
f 9641
f 12285
f 11246
f 11242
f 8077
f 10220
f 9395
f 10464
f 11833
f 11183
f 10505
f 10483
f 11967
f 8155
f 11132
f 10726
f 10689
f 12120
f 10957
f 10001
f 10048
f 10881
f 11734
f 11291
f 11269
f 11264
f 10527
f 10194
f 8521
f 10168
f 9819
f 12130
f 9975
f 11566
f 11407
f 9411
f 11451
f 12409
f 11729
f 10828
f 11335
f 12361
f 10199
f 10345
f 8878
f 10250
f 8692
f 10611
f 11535
f 10710
f 9310
f 10044
f 10308
f 12336
f 10816
f 12449
f 11994
f 10924
f 12062
f 11655
f 12469
f 10902
f 8449
f 11555
f 8270
f 11009
f 8985
f 10386
f 10620
f 10887
f 12474
f 11082
f 11167
f 11185
f 10895
f 11695
f 11415
f 12189
f 11802
f 11748
f 10621
f 11663
f 9674
f 11613
f 5335
f 11752
f 11159
f 10167
f 6809
f 12418
f 12396
f 11941
f 11877
f 11144
f 10060
f 12462
f 12490
f 11664
f 10656
f 10936
f 11386
f 10525
f 10197
f 11773
f 10990
f 10074
f 10732
f 12410
f 10439
f 10989
f 8389
f 11872
f 11565
f 12233
f 10658
f 10151
f 12442
f 12113
f 12000
f 12412
f 9628
f 10854
f 10647
f 11908
f 10082
f 7586
f 10264
f 10378
f 11212
f 10343
f 10709
f 10057
f 9720
f 10438
f 10686
f 9832
f 12011
f 12127
f 11713
f 8721
f 10914
f 11461
f 10545
f 10937
f 11108
f 11267
f 11541
f 10072
f 12097
f 11090
f 7766
f 10473
f 8516
f 10310
f 8881
f 12464
f 11888
f 12375
f 10661
f 10140
f 7639
f 12467
f 11143
f 10287
f 11379
f 10405
f 9311
f 9817
f 10201
f 11033
f 10808
f 10163
f 12408
f 10370
f 11959
f 12226
f 10164
f 11930
f 9644
f 11515
f 9909
f 8184
f 11112
f 10694
f 6966
f 11321
f 11260
f 12025
f 11339
f 11557
f 10076
f 11367
f 10978
f 11013
f 10137
f 11829
f 8271
f 12114
f 5137
f 9748
c level-5-unloaded
