# hetoimasia allocator parity trace, format 1; see README.md
# Synthetic: nine in ten allocations 256 B to 64 KiB, one in ten 256 KiB to 4 MiB;
# alignments 16, 64 or 256; churn around a 60 MiB live target in a 64 MiB block.
trace small-mixed
capacity 67108864
seed 3
a 0 880 256
a 1 496 256
a 2 3263248 64
a 3 31840 256
a 4 18512 64
a 5 4912 64
a 6 928 256
f 1
f 5
a 7 2672 16
a 8 3568 64
a 9 1856 16
f 8
f 9
f 3
a 10 496 256
f 10
a 11 656 256
a 12 12864 64
a 13 54000 64
a 14 58352 64
a 15 1728 256
a 16 20144 64
a 17 320 256
a 18 17344 16
a 19 7664 64
a 20 3248 256
a 21 7440 64
a 22 1008 16
a 23 5360 16
a 24 27872 64
a 25 7456 16
a 26 9616 256
a 27 1951504 64
a 28 6768 256
f 13
f 4
a 29 13824 64
a 30 5968 64
f 6
f 29
a 31 416 16
a 32 864 256
a 33 1440 256
a 34 352 64
f 2
f 7
a 35 6128 256
f 35
f 15
a 36 25296 64
a 37 336 64
a 38 1680 256
a 39 4672 64
a 40 21328 256
f 26
a 41 9008 16
f 27
a 42 432 256
a 43 288 64
a 44 2336 16
a 45 10864 64
a 46 2560 16
a 47 918272 256
a 48 400 64
a 49 14384 256
a 50 2624 16
a 51 25856 64
f 37
a 52 1600 64
a 53 7760 16
a 54 58208 256
a 55 50608 256
a 56 31312 64
a 57 9072 64
a 58 43184 64
a 59 4656 16
a 60 9280 16
a 61 6000 64
f 18
f 16
f 57
f 55
a 62 360096 64
a 63 33920 256
a 64 3696 64
f 42
a 65 15040 64
f 65
a 66 26768 256
a 67 21248 64
a 68 56208 256
f 39
a 69 61632 64
a 70 1663056 16
f 38
a 71 5088 16
f 19
a 72 671760 16
a 73 896 256
f 36
a 74 11328 64
f 52
f 63
f 74
a 75 6272 64
a 76 37248 16
a 77 64192 64
a 78 7776 256
a 79 401296 16
f 11
a 80 517584 64
a 81 61456 16
a 82 2944 256
a 83 62016 256
a 84 3360 16
f 40
a 85 6752 16
a 86 384 256
f 75
a 87 4240 16
a 88 5456 256
a 89 3504 16
a 90 2592 16
a 91 29616 256
f 31
a 92 288 64
a 93 333392 16
f 62
f 59
f 73
a 94 496 256
a 95 436976 64
a 96 2336 64
f 14
a 97 14272 64
a 98 1985440 256
a 99 55984 64
a 100 1632 16
f 50
a 101 512 16
f 51
a 102 1648 256
a 103 3081776 16
a 104 11584 256
a 105 368 64
a 106 416 16
a 107 6320 256
f 61
f 43
a 108 20816 256
a 109 6160 16
a 110 13520 64
a 111 326288 64
a 112 1808 64
a 113 13216 64
a 114 60816 64
a 115 6176 256
a 116 24080 256
a 117 480224 64
a 118 4864 16
a 119 848 64
a 120 400 64
a 121 10912 64
a 122 656 64
a 123 8768 64
a 124 568736 256
a 125 743376 64
a 126 3456 64
a 127 21616 256
a 128 1088 64
a 129 25904 256
a 130 368 256
a 131 2704 256
f 85
a 132 6480 64
a 133 37584 256
f 90
a 134 45984 256
a 135 640 64
a 136 2064 64
f 23
a 137 446144 64
a 138 2736 16
a 139 60736 64
a 140 960 256
f 129
a 141 304 64
a 142 27104 256
a 143 1808 16
f 44
a 144 6448 16
a 145 5504 256
f 87
a 146 49408 64
a 147 1520 64
f 115
f 106
a 148 480 256
a 149 2864 16
f 136
f 104
a 150 2256 256
a 151 11776 64
a 152 2816 64
a 153 3726304 64
f 28
a 154 11520 16
f 71
a 155 55328 256
f 41
a 156 29856 64
a 157 56816 64
a 158 656 64
a 159 418832 64
a 160 19136 256
a 161 448 256
a 162 400 64
a 163 15072 16
a 164 768 16
a 165 8368 64
f 46
a 166 438384 256
a 167 14848 16
a 168 33136 64
a 169 12288 16
a 170 24608 256
a 171 304 256
f 155
a 172 27840 64
f 145
a 173 1742480 16
a 174 1200 16
a 175 20384 256
a 176 21552 16
a 177 12160 256
a 178 384 256
a 179 27504 16
a 180 1280 64
a 181 3168 16
f 154
f 60
f 164
f 98
f 97
a 182 25744 16
a 183 6496 256
a 184 4047712 64
a 185 397392 16
a 186 2064 16
a 187 789168 16
f 109
a 188 1296 64
a 189 752 16
a 190 17600 16
f 176
a 191 28144 16
a 192 37408 16
f 151
f 132
f 126
a 193 3136384 16
a 194 6448 16
a 195 482416 16
a 196 44944 64
f 165
f 122
a 197 8336 256
f 186
a 198 6560 64
a 199 7280 16
a 200 640 16
a 201 880 256
a 202 832 64
a 203 14160 16
a 204 1488 64
a 205 32160 64
f 58
a 206 6736 256
a 207 2272 16
a 208 528 16
f 170
f 157
a 209 6784 16
a 210 2192 16
a 211 48352 16
a 212 4080 256
f 196
f 89
a 213 40624 64
a 214 14720 256
a 215 352 16
a 216 416 256
a 217 1664 256
a 218 560 16
f 212
a 219 416 16
a 220 56496 64
a 221 18272 16
a 222 19408 256
a 223 14144 256
a 224 2766544 16
a 225 864 256
a 226 3440 16
a 227 19536 256
a 228 17104 256
a 229 15904 256
a 230 2784 64
f 91
f 142
f 64
a 231 3072 256
f 99
a 232 7984 64
a 233 24880 256
a 234 656 256
f 198
f 118
f 195
f 93
f 88
a 235 1056720 16
f 220
a 236 14752 16
a 237 4304 256
f 102
a 238 656176 256
f 213
a 239 31552 256
a 240 1136 64
f 130
a 241 1034032 64
a 242 1940176 64
a 243 25392 256
a 244 6112 256
a 245 2847952 256
a 246 20608 16
f 95
f 12
a 247 25056 64
f 163
f 159
a 248 992 64
f 83
a 249 848 64
f 133
a 250 2784 16
f 79
a 251 880 64
a 252 24768 256
a 253 2304 256
a 254 496 16
a 255 1600 64
a 256 736 16
a 257 7760 256
a 258 1399344 64
a 259 35760 256
f 245
f 256
a 260 7184 64
f 241
a 261 3472 256
a 262 288 256
a 263 8432 16
f 78
a 264 1728 64
f 146
a 265 2016 256
a 266 9616 16
a 267 10144 16
a 268 31664 64
a 269 1568 16
f 48
f 232
a 270 771808 16
a 271 21520 256
a 272 63072 256
a 273 1888 16
f 190
a 274 51536 64
a 275 6928 256
a 276 4480 256
a 277 832 16
a 278 464 64
f 66
a 279 7504 16
a 280 25216 64
f 262
f 254
f 208
f 185
a 281 2576 256
a 282 384 64
a 283 42448 256
a 284 1244336 16
a 285 1936 256
f 96
f 243
a 286 4336 256
a 287 10336 256
f 218
a 288 992 256
a 289 1296 16
a 290 3056 64
a 291 3792 256
a 292 576 256
a 293 672 256
a 294 688 256
a 295 816 256
a 296 3680 16
f 120
f 206
a 297 384 16
a 298 2464 64
a 299 736 256
a 300 40464 64
a 301 31888 64
a 302 20480 16
a 303 4032 64
f 280
a 304 45776 256
a 305 304 256
a 306 2080 16
a 307 352 64
a 308 2128 16
a 309 7696 256
a 310 1808 256
a 311 62304 256
a 312 57424 256
a 313 5808 16
f 273
a 314 7760 64
a 315 40448 64
a 316 55024 256
a 317 1488 64
a 318 47200 64
a 319 2517184 16
a 320 25392 16
a 321 39968 64
a 322 4048 16
f 114
a 323 10336 16
f 215
a 324 1696 64
f 315
f 108
a 325 45072 64
a 326 928 64
a 327 1536 16
a 328 736 256
a 329 14768 64
a 330 983104 64
a 331 54112 16
a 332 368 64
a 333 9248 16
a 334 27824 16
f 300
f 200
f 53
f 285
a 335 736 256
a 336 1456 16
a 337 2960 64
a 338 337200 256
a 339 18336 16
f 123
a 340 2592 256
a 341 30208 256
a 342 890304 64
f 277
a 343 676080 64
f 332
f 308
a 344 19392 64
a 345 10560 256
a 346 288 64
f 184
a 347 976 256
a 348 944 256
a 349 28432 16
a 350 1856 16
f 247
f 76
f 194
a 351 4624 64
a 352 31040 256
a 353 1012176 16
a 354 1248 64
a 355 5840 256
f 22
f 160
f 237
a 356 304 64
a 357 10128 256
a 358 3712 64
a 359 8736 16
f 171
a 360 1041360 16
a 361 3346128 16
a 362 7952 16
a 363 29136 64
a 364 7184 64
f 205
a 365 6960 64
a 366 4928 256
a 367 1424 16
f 346
a 368 63888 256
f 54
a 369 480 64
a 370 10672 64
a 371 11248 16
a 372 1232 256
a 373 29568 256
a 374 12528 256
f 169
f 197
a 375 17072 256
a 376 23312 64
a 377 1015952 256
a 378 640 64
a 379 752 16
a 380 2528 256
a 381 65008 64
a 382 21344 16
a 383 368 16
a 384 608 16
a 385 3248 64
a 386 6560 64
a 387 10560 16
a 388 8960 64
a 389 61040 256
a 390 2704 16
a 391 3856 16
a 392 15152 64
f 221
a 393 688 64
a 394 3200 16
a 395 544 16
a 396 4192352 16
a 397 1792 64
a 398 60752 16
a 399 13520 16
a 400 42464 64
f 158
a 401 304 16
a 402 1712 16
a 403 5168 256
a 404 928 16
f 17
a 405 9136 256
a 406 17936 256
a 407 396576 256
a 408 880 64
a 409 944 256
a 410 24816 64
a 411 784 64
a 412 1488 64
f 340
a 413 6864 256
f 207
a 414 272 16
a 415 320 256
a 416 4032 64
a 417 288 16
a 418 480 64
f 282
a 419 7392 64
f 110
a 420 3904 16
a 421 35376 64
a 422 2048 64
a 423 368 16
a 424 5984 64
f 421
a 425 1136 256
a 426 384 64
a 427 320 64
a 428 41680 64
a 429 28304 16
f 139
f 284
a 430 39696 16
a 431 752 256
a 432 60144 16
f 321
f 156
a 433 1968 64
f 339
a 434 592 64
f 306
a 435 6096 64
a 436 1712 256
a 437 3632 256
a 438 349104 64
f 231
a 439 304 16
a 440 2258080 64
a 441 2304 16
a 442 1938688 16
a 443 1664 64
a 444 1520 16
a 445 386288 16
a 446 8400 16
a 447 880 256
f 351
a 448 1872 16
a 449 3072 256
a 450 6160 16
a 451 2224 64
a 452 47072 64
f 415
a 453 1952 256
a 454 736 16
a 455 672 256
a 456 2304 16
a 457 12208 16
a 458 7632 16
a 459 64688 256
a 460 48176 64
a 461 14352 64
a 462 2112 256
a 463 1440 256
a 464 7920 64
a 465 2512 16
a 466 768 64
a 467 1360240 16
a 468 2002704 64
a 469 352 16
a 470 304 256
f 422
a 471 2304 16
f 199
a 472 13632 256
a 473 375440 64
a 474 992 256
a 475 512 16
f 362
a 476 1504 256
a 477 12160 64
a 478 2480 256
a 479 3760 16
a 480 2944 16
a 481 768 256
a 482 31312 64
a 483 864 64
f 235
f 447
a 484 51120 16
f 125
f 124
a 485 672 256
a 486 928 256
a 487 18784 256
a 488 3856 16
a 489 997344 16
a 490 1304128 64
f 423
a 491 4928 16
f 338
f 116
a 492 4432 256
a 493 64368 256
a 494 47536 64
a 495 6800 16
a 496 2351440 64
a 497 1264 256
f 183
f 382
a 498 23984 256
a 499 48096 16
a 500 25648 64
a 501 2368 16
a 502 6592 16
f 179
f 107
f 45
f 312
a 503 3128880 64
a 504 688 16
f 492
a 505 880 256
a 506 4176 16
f 80
a 507 6512 256
a 508 29760 16
a 509 2240 16
a 510 864 64
a 511 25952 16
a 512 2320 16
a 513 1456 256
a 514 1280 64
a 515 6336 64
a 516 1696 256
a 517 3520 64
f 226
a 518 18592 256
f 166
a 519 784 256
a 520 44336 256
a 521 35648 64
a 522 64544 16
a 523 320 256
a 524 15568 256
a 525 544 16
a 526 18800 256
a 527 1248 256
f 517
a 528 60592 64
a 529 15808 256
a 530 3152 256
f 253
f 177
a 531 13040 256
a 532 907664 64
a 533 12816 64
f 117
a 534 28768 16
f 290
a 535 966352 256
a 536 5024 64
f 309
a 537 368 256
f 485
a 538 330176 256
a 539 6944 256
a 540 2544 64
a 541 880 64
f 501
a 542 384 256
a 543 560 256
f 460
a 544 24736 64
a 545 3520 64
a 546 1600 64
a 547 1856 64
a 548 23328 256
a 549 2784 64
a 550 27312 16
f 345
f 188
f 112
a 551 528 16
a 552 496 64
a 553 1120 256
a 554 15328 64
a 555 28736 64
a 556 3344 16
a 557 9104 256
f 374
f 336
a 558 1584 256
a 559 7936 64
a 560 368 256
f 92
a 561 9584 256
a 562 768 256
a 563 752 16
a 564 20592 16
a 565 480 16
a 566 40128 16
a 567 2257952 256
f 441
a 568 512 16
a 569 2752 16
f 546
f 520
a 570 56752 64
a 571 27040 16
a 572 16128 64
f 503
a 573 13616 16
a 574 2656 64
a 575 10176 256
a 576 34336 16
f 283
a 577 867296 64
a 578 441136 16
a 579 1849168 16
f 473
a 580 332608 64
a 581 5040 256
a 582 2688 16
f 264
f 270
f 359
f 361
a 583 5008 16
a 584 9808 64
a 585 2784 64
a 586 720 16
f 105
a 587 3052000 256
a 588 33216 256
f 230
a 589 264592 64
a 590 10848 64
f 342
f 479
f 463
f 393
f 135
f 187
a 591 48080 256
a 592 53824 16
a 593 1760 64
a 594 13760 64
f 465
a 595 57248 16
a 596 5344 256
a 597 11328 256
f 252
a 598 48256 256
a 599 3935216 16
f 398
f 268
f 180
f 449
a 600 27680 16
f 371
f 227
f 552
a 601 29648 64
f 192
f 575
a 602 20704 16
a 603 3616 16
f 580
f 572
f 294
a 604 2160 256
f 149
a 605 1488 256
f 386
f 344
a 606 464 16
f 348
f 360
f 72
f 448
f 363
f 320
a 607 38480 256
a 608 464 64
f 375
f 541
a 609 3120 16
f 596
f 281
a 610 10032 16
f 175
f 567
a 611 1915472 64
f 278
f 482
f 402
f 173
a 612 496 16
a 613 15648 256
a 614 2400 64
a 615 49600 16
f 353
a 616 53280 16
a 617 512 16
a 618 8960 256
a 619 1568 16
a 620 26928 16
f 86
a 621 448 64
a 622 4048 16
a 623 971904 16
a 624 50112 256
a 625 641920 16
f 295
f 581
f 100
f 452
f 234
f 574
a 626 39168 64
f 328
f 271
f 307
f 211
a 627 2704 64
f 377
a 628 27616 16
f 565
f 542
a 629 15456 16
f 495
a 630 1568 16
f 577
a 631 3510064 256
f 591
f 630
f 534
f 564
f 489
a 632 18944 64
f 539
f 617
a 633 52960 256
a 634 2980384 64
f 347
f 545
f 150
a 635 2032 256
f 467
f 191
a 636 384 16
a 637 576 64
a 638 512 256
f 597
a 639 2544 16
a 640 1904 16
f 269
f 507
f 438
f 384
f 589
f 557
f 240
a 641 608 64
f 585
f 576
a 642 1024 16
f 84
a 643 31648 256
f 162
f 461
f 560
f 32
f 410
a 644 44080 256
f 275
a 645 323696 256
a 646 11984 256
a 647 14272 256
f 500
a 648 544 64
a 649 3616 256
f 369
f 297
a 650 26832 16
f 569
a 651 45296 64
f 522
f 629
f 82
f 229
f 605
f 141
f 451
f 372
f 606
f 649
f 260
f 487
a 652 2256 16
a 653 1552 64
f 411
f 388
f 586
f 127
f 578
a 654 944 16
a 655 1040 256
a 656 848 64
f 128
a 657 3488 256
f 222
a 658 3568 16
f 405
f 390
f 354
f 119
f 334
f 526
f 94
f 599
a 659 640 64
a 660 565408 256
f 70
a 661 39488 256
a 662 867408 64
f 474
f 509
a 663 400 64
a 664 304 16
a 665 768 16
a 666 39904 16
a 667 352 16
a 668 1608480 16
a 669 8160 64
a 670 1487424 256
a 671 320 256
f 559
f 412
f 201
f 274
f 592
a 672 8864 256
a 673 19968 64
f 314
f 535
a 674 656 64
f 651
a 675 4864 64
a 676 320 256
a 677 2528 64
a 678 4080 64
a 679 12624 256
a 680 832 64
a 681 22576 16
f 287
f 654
f 641
a 682 16000 64
a 683 320 256
a 684 928 16
a 685 1792 256
f 396
a 686 1040 256
a 687 64960 256
a 688 576 256
a 689 3024 64
f 329
a 690 2864 64
a 691 928 16
a 692 880 16
f 266
a 693 424624 256
a 694 5200 16
a 695 28944 16
a 696 40480 16
a 697 1504 256
a 698 704 16
a 699 317680 256
a 700 4928 16
f 251
a 701 1968 16
f 537
a 702 496 256
a 703 288 16
a 704 1856 16
a 705 304 64
a 706 304 16
f 34
a 707 1824 16
a 708 528 64
f 445
a 709 29072 256
a 710 2418624 16
a 711 379904 16
a 712 28432 64
a 713 752 16
a 714 51936 256
a 715 12080 64
a 716 400 256
a 717 6944 16
f 536
a 718 336 64
f 528
a 719 25312 64
f 152
a 720 1248 16
a 721 48160 16
a 722 18752 16
a 723 10368 16
f 502
a 724 3680 256
a 725 64928 256
a 726 432 64
a 727 21936 64
a 728 448 256
f 563
f 397
a 729 59632 256
a 730 5440 64
a 731 15696 16
a 732 31920 16
a 733 11264 16
f 291
f 437
f 302
f 442
a 734 915872 256
a 735 352 64
a 736 34944 16
a 737 1200 256
a 738 1360 16
a 739 672 64
a 740 18240 64
f 624
f 553
a 741 9264 16
a 742 10896 256
a 743 62800 16
a 744 1920 16
a 745 3088 16
a 746 24416 64
f 668
a 747 28400 16
f 178
a 748 11328 64
a 749 19424 16
a 750 3904 256
a 751 44912 256
a 752 61424 64
f 582
a 753 9072 16
a 754 608 16
f 622
a 755 4102960 16
a 756 544 16
a 757 3216 64
f 419
f 705
f 134
f 665
a 758 11264 256
f 216
f 628
f 504
f 391
a 759 19088 64
a 760 3360 64
f 493
a 761 1664 16
a 762 28992 64
f 261
f 389
f 663
a 763 10384 16
f 653
a 764 1856 16
f 648
f 751
f 466
f 233
f 416
f 571
f 298
a 765 3168 16
f 669
f 631
f 636
a 766 832 16
a 767 304 256
a 768 528 16
a 769 5984 256
a 770 3968 64
a 771 15184 64
a 772 400 16
a 773 1120 16
a 774 25072 256
f 512
a 775 1584 64
a 776 352 64
a 777 41408 64
a 778 25392 64
a 779 1024 256
a 780 3936560 64
f 741
f 714
a 781 1856 64
a 782 6688 256
f 462
a 783 352 64
f 343
f 414
f 498
f 777
f 259
f 538
a 784 40512 256
a 785 288 256
a 786 960 256
a 787 8080 16
f 357
a 788 928 16
a 789 336 64
a 790 12752 64
a 791 288 64
f 566
a 792 6496 16
a 793 784 64
f 554
a 794 887760 16
a 795 30560 256
f 242
a 796 34720 256
f 646
a 797 332112 256
a 798 11184 64
a 799 15280 64
a 800 29648 256
f 453
a 801 272 16
a 802 3104 16
a 803 2624 16
a 804 31216 16
a 805 10544 16
a 806 664816 64
a 807 9648 16
a 808 9168 64
a 809 672 64
f 327
a 810 3248 64
a 811 13632 256
f 491
f 656
f 753
a 812 14144 16
a 813 512 256
a 814 976 16
f 707
a 815 480 256
f 681
a 816 1474976 256
f 642
f 736
f 673
a 817 7008 16
a 818 2240 256
a 819 5536 16
a 820 63584 16
f 558
f 299
f 103
a 821 304 256
a 822 1114064 256
a 823 320 16
f 365
a 824 62128 16
a 825 656 16
a 826 19840 256
f 679
a 827 6688 64
a 828 1648 64
a 829 4336 64
a 830 784 256
f 488
f 744
a 831 816 256
a 832 2144 64
a 833 412944 16
a 834 34384 256
f 459
a 835 2816 256
a 836 8784 256
a 837 3616 256
a 838 313440 64
f 595
f 810
f 470
f 834
f 239
a 839 15920 256
a 840 56352 16
f 399
f 675
f 655
a 841 2528 256
f 731
f 478
f 830
a 842 560 256
f 140
f 548
f 774
f 743
a 843 480 256
a 844 413008 256
f 611
a 845 7200 256
a 846 15312 64
a 847 9152 16
f 21
f 335
a 848 2442976 256
a 849 16752 256
f 704
f 364
f 733
f 787
f 304
f 724
f 56
a 850 25888 256
f 706
a 851 13664 256
f 695
f 518
f 778
f 439
f 475
f 293
a 852 4240 64
f 625
f 477
a 853 17760 64
f 457
f 403
a 854 448 64
f 497
f 511
f 820
a 855 1392 256
f 366
f 811
f 781
a 856 4096 16
f 236
f 804
a 857 19488 16
f 547
f 609
a 858 8896 256
f 111
a 859 6448 16
a 860 35008 16
a 861 2400 16
f 819
a 862 13904 64
a 863 19600 64
f 319
a 864 2160 16
f 785
f 627
f 709
f 510
a 865 3936 16
a 866 57552 16
a 867 992 256
a 868 10800 64
f 392
f 225
a 869 14816 256
f 672
f 739
a 870 11920 256
a 871 2784 256
a 872 16352 64
a 873 432 256
a 874 435808 256
a 875 15840 64
f 767
a 876 14416 64
a 877 1184 256
a 878 61536 256
a 879 13632 64
a 880 400 256
f 313
a 881 368 16
f 440
a 882 304 16
a 883 14512 16
f 587
a 884 8832 16
f 326
a 885 4816 16
a 886 1440 16
a 887 22160 16
f 687
a 888 3552 16
a 889 2672 16
a 890 53616 16
a 891 1008 64
f 484
f 670
a 892 3712 64
a 893 11440 256
a 894 1760 64
a 895 13424 64
a 896 48736 16
a 897 31120 16
a 898 14448 64
a 899 4224 256
f 301
a 900 3392 256
a 901 2800 256
a 902 1858368 16
a 903 528 64
a 904 1984 256
f 409
a 905 2064 64
f 794
f 407
f 729
a 906 3216 16
a 907 3488 256
a 908 20464 16
a 909 7584 16
a 910 48768 64
f 181
a 911 4208 64
a 912 2144 64
a 913 3264 256
a 914 32480 64
a 915 592 64
a 916 6528 64
f 272
a 917 8512 64
a 918 2736 16
a 919 23072 64
a 920 19040 16
f 746
a 921 576 16
a 922 48768 256
a 923 3936 256
a 924 18480 16
a 925 11536 16
a 926 4992 64
a 927 29424 64
a 928 6704 16
a 929 3440 64
f 857
a 930 63904 64
a 931 12336 256
a 932 4032 64
a 933 11184 16
a 934 1616 16
a 935 10944 256
a 936 1526128 256
a 937 1584 256
a 938 672 64
a 939 3824 16
f 381
a 940 56000 64
a 941 3206784 64
f 878
a 942 768 16
a 943 416 256
a 944 5824 16
a 945 1363040 16
a 946 39648 256
a 947 2192 16
a 948 7328 64
a 949 46256 256
a 950 464 16
f 923
a 951 1872 64
a 952 1504 16
f 296
f 827
f 796
a 953 1632 16
a 954 13104 16
a 955 1648 64
f 279
f 607
f 267
a 956 1280 64
a 957 31392 256
a 958 1213600 256
f 760
a 959 336 256
a 960 4624 256
a 961 1840 256
a 962 3536 64
a 963 47920 256
a 964 6144 64
a 965 2992 64
a 966 944 64
a 967 17184 256
a 968 2804224 16
f 962
f 671
f 598
f 837
a 969 311424 64
f 750
a 970 15744 256
f 305
f 425
f 955
f 737
f 762
a 971 454960 16
f 444
f 969
f 896
f 555
a 972 320 16
a 973 35616 64
f 689
f 836
f 148
a 974 5760 16
f 875
f 826
f 615
f 928
f 913
f 413
a 975 59168 64
f 898
f 899
f 825
a 976 6912 64
a 977 16000 16
f 634
f 640
a 978 52400 256
a 979 320 16
a 980 432 256
a 981 400 16
f 773
a 982 18512 16
a 983 1168 16
a 984 2384 64
a 985 3392 256
a 986 672 64
a 987 31856 64
a 988 2240 256
f 370
a 989 24832 64
a 990 3920 256
f 426
a 991 26128 256
f 508
f 202
f 735
a 992 21664 16
a 993 864 256
f 515
a 994 38032 64
f 761
a 995 2688 256
a 996 1552 64
a 997 855824 64
f 406
a 998 1296 16
f 249
f 980
f 394
f 808
f 715
a 999 1728 16
f 531
a 1000 10608 64
a 1001 45296 256
f 380
f 904
f 771
a 1002 25104 64
f 755
a 1003 8048 256
a 1004 19216 16
f 881
a 1005 688 64
a 1006 10528 256
a 1007 912 16
a 1008 27056 256
a 1009 60720 256
f 355
f 0
a 1010 37040 64
a 1011 304 64
f 490
a 1012 6896 64
a 1013 480 16
a 1014 4912 256
a 1015 64688 256
a 1016 31872 256
a 1017 368 16
f 579
a 1018 624 16
a 1019 12304 256
a 1020 12672 64
a 1021 28496 64
f 602
f 373
a 1022 39280 16
a 1023 33872 16
a 1024 7648 16
a 1025 42176 256
a 1026 272 64
a 1027 3472 16
a 1028 65376 256
a 1029 3376 64
a 1030 1136 16
f 144
a 1031 26240 16
f 835
a 1032 3216 256
a 1033 37456 16
a 1034 873504 16
a 1035 3824 256
a 1036 384 256
a 1037 3952 16
a 1038 3536 64
f 209
a 1039 28912 256
f 551
a 1040 45744 256
f 1002
f 620
f 1029
a 1041 709280 16
a 1042 560 256
f 692
a 1043 436160 64
f 995
a 1044 416 256
f 793
a 1045 368 64
a 1046 1616 16
a 1047 3312 256
a 1048 368 256
f 352
a 1049 5328 256
f 436
a 1050 5520 16
a 1051 576 64
a 1052 8016 16
a 1053 17328 64
a 1054 4960 64
a 1055 608 256
a 1056 3408 64
f 1010
a 1057 6288 256
a 1058 7360 256
a 1059 12240 16
a 1060 23632 256
a 1061 5808 64
a 1062 816 64
f 959
f 590
a 1063 928 64
a 1064 1120 16
a 1065 7696 64
a 1066 31120 64
a 1067 1200 256
a 1068 60064 16
a 1069 5136 16
f 890
f 888
f 1052
f 684
f 608
a 1070 304 16
a 1071 37936 16
f 798
a 1072 398240 64
f 997
a 1073 7680 64
a 1074 64448 16
f 1071
a 1075 11328 256
a 1076 408064 16
a 1077 5520 16
a 1078 57472 64
f 443
a 1079 6816 64
f 427
a 1080 1936 256
a 1081 624 64
a 1082 65392 16
f 784
a 1083 7616 64
a 1084 960 16
f 914
a 1085 6208 256
a 1086 1600 64
a 1087 384 256
a 1088 13824 64
a 1089 272 64
a 1090 1392 64
a 1091 60704 64
f 1072
a 1092 4784 64
a 1093 480 16
f 745
a 1094 304 16
a 1095 1936 16
f 983
f 1070
f 167
a 1096 416160 64
a 1097 480 64
a 1098 11584 256
a 1099 288 64
a 1100 9632 256
f 756
f 644
f 1089
a 1101 7248 256
a 1102 778800 256
f 543
a 1103 976 256
f 1094
f 797
f 841
a 1104 1008 16
a 1105 784 256
a 1106 35200 256
a 1107 3280 64
a 1108 39744 16
a 1109 4016 256
f 1091
a 1110 7648 64
a 1111 2192 16
a 1112 416 64
a 1113 12384 256
a 1114 64144 16
f 1102
a 1115 512 256
a 1116 1120 256
a 1117 7648 256
a 1118 1200 16
a 1119 485680 16
a 1120 2448 256
a 1121 8128 64
f 532
a 1122 13824 256
a 1123 7552 64
f 889
f 476
a 1124 2024080 256
a 1125 592 16
f 685
a 1126 7856 64
a 1127 10048 16
a 1128 272 256
a 1129 64144 256
a 1130 688 256
f 917
f 1017
a 1131 1984 64
a 1132 27696 16
a 1133 1728 16
a 1134 37424 64
a 1135 54304 16
a 1136 976 256
f 699
a 1137 272 16
a 1138 14720 256
a 1139 18688 64
f 799
a 1140 13184 16
a 1141 13728 16
f 619
a 1142 4000 16
f 341
f 1123
a 1143 352 256
a 1144 7328 64
a 1145 304 64
a 1146 384 16
a 1147 302176 64
a 1148 14080 64
f 674
a 1149 368 256
a 1150 15200 256
a 1151 12576 64
a 1152 880 64
a 1153 432 16
a 1154 4080 256
a 1155 9984 16
a 1156 876512 256
a 1157 432 16
f 812
a 1158 1216 256
a 1159 27520 64
a 1160 7168 64
a 1161 7600 16
a 1162 44512 16
a 1163 3888 256
f 721
a 1164 3408 16
a 1165 10176 64
a 1166 8544 64
a 1167 7136 16
f 544
a 1168 960 256
a 1169 1280 16
a 1170 60544 256
a 1171 496 64
a 1172 2592 16
a 1173 1449968 64
a 1174 864 64
f 1129
a 1175 1002816 256
f 720
f 1082
a 1176 928 256
f 1112
a 1177 8656 16
f 137
a 1178 592 64
a 1179 8176 256
f 763
f 69
f 455
f 1132
f 464
f 937
f 900
f 1179
f 1063
f 953
f 988
a 1180 14880 64
f 1047
a 1181 2336 16
f 1101
f 894
f 740
f 782
f 1170
f 1058
f 527
f 954
f 223
f 395
f 318
f 728
f 850
f 1153
a 1182 736 16
f 795
f 854
f 257
f 822
f 77
a 1183 4704 256
f 214
a 1184 1312 256
a 1185 3565888 256
a 1186 20272 64
f 530
f 562
f 946
f 1122
f 540
f 263
f 842
f 927
f 1137
f 217
f 483
f 1138
f 621
a 1187 2480 64
f 710
f 1150
f 387
a 1188 21808 16
f 792
a 1189 13152 64
f 978
f 919
a 1190 8960 256
a 1191 5760 256
f 1033
f 643
f 358
f 821
f 908
a 1192 5088 16
f 418
f 1030
f 550
f 1154
f 849
f 727
f 852
a 1193 272 16
f 863
f 561
a 1194 368 16
a 1195 57168 64
f 521
a 1196 768 64
f 1083
f 766
f 956
f 1096
a 1197 23968 256
a 1198 14176 64
a 1199 816 64
a 1200 320 256
a 1201 41728 256
a 1202 3910640 64
a 1203 768 256
f 601
f 879
f 1001
f 770
f 182
f 987
f 1051
a 1204 10352 64
a 1205 851904 256
f 664
f 1049
a 1206 512 64
f 1147
f 468
f 678
f 1011
a 1207 3664176 64
a 1208 672 256
a 1209 11184 16
a 1210 1823184 16
f 645
a 1211 5520 64
f 1205
f 874
f 934
f 172
f 376
f 677
f 990
f 594
f 1075
a 1212 928 16
a 1213 10736 64
f 867
f 1040
f 1093
f 906
a 1214 3472 256
a 1215 9792 256
f 368
a 1216 55488 16
f 723
f 1177
f 856
a 1217 576 256
a 1218 592 16
a 1219 859856 256
f 859
f 676
f 935
f 549
f 1157
f 1199
f 1090
f 991
f 1172
a 1220 3600 64
a 1221 12560 64
f 772
a 1222 7792 256
f 961
f 524
f 265
a 1223 52656 256
f 1042
a 1224 4144 16
f 1180
f 738
f 860
a 1225 688 256
f 911
f 583
f 1077
f 1113
f 691
f 780
f 996
a 1226 368 64
a 1227 7664 256
f 981
f 1225
f 324
a 1228 272 16
f 897
f 702
a 1229 6176 64
f 994
f 556
a 1230 43696 16
f 667
f 113
a 1231 9232 256
f 499
f 637
f 907
f 1131
f 823
f 1110
f 807
f 1103
f 982
f 659
f 1227
f 1209
f 952
a 1232 5168 16
a 1233 51248 256
f 383
f 1076
f 1136
f 1185
a 1234 29952 64
c op-2000
a 1235 928 16
a 1236 6848 16
a 1237 464 64
a 1238 7808 64
a 1239 1328 256
a 1240 6336 16
a 1241 618224 16
a 1242 496 256
a 1243 368 256
a 1244 3648 256
a 1245 4992 64
a 1246 1840 256
a 1247 3424 16
f 891
a 1248 58128 256
a 1249 337072 256
a 1250 46240 16
a 1251 480 256
f 623
f 432
a 1252 42176 64
a 1253 1632 64
a 1254 4688 256
a 1255 1584 16
a 1256 304 64
a 1257 11744 16
f 1099
f 1198
f 1189
a 1258 1904 64
a 1259 20400 64
a 1260 3827888 16
f 1148
a 1261 624 16
f 876
f 916
f 330
f 1212
f 1151
f 932
a 1262 11008 64
a 1263 24768 64
f 924
f 865
f 1020
f 757
f 1034
a 1264 9584 16
a 1265 5920 256
f 708
f 1186
f 322
f 614
a 1266 15920 256
f 858
f 506
a 1267 1424 64
f 941
a 1268 784 64
a 1269 6576 64
a 1270 3146688 256
a 1271 31296 64
f 992
f 693
f 775
f 513
f 944
a 1272 720 16
f 131
f 1163
f 1219
a 1273 60464 256
f 311
a 1274 31264 16
a 1275 23440 256
a 1276 5232 256
a 1277 544 256
a 1278 592896 64
f 533
a 1279 448 256
a 1280 50112 16
f 456
a 1281 56160 256
a 1282 30832 16
f 652
f 404
f 1266
f 947
a 1283 3824 16
a 1284 16624 64
f 1182
a 1285 1965952 64
f 939
f 1262
f 1130
f 970
f 1067
a 1286 6384 256
a 1287 480 256
a 1288 352 16
a 1289 10480 16
f 920
f 686
a 1290 38032 16
a 1291 1280 16
f 1224
f 862
a 1292 544 64
f 430
f 815
f 887
f 317
f 161
f 1158
f 1145
f 349
a 1293 10224 64
f 1190
f 1184
a 1294 3712 16
a 1295 14912 256
f 1273
f 1055
f 758
f 400
f 433
a 1296 3264 16
f 20
f 193
a 1297 1008 16
a 1298 56944 64
a 1299 576 64
a 1300 2032 16
f 1078
a 1301 4496 64
a 1302 12976 16
a 1303 1824 64
a 1304 7296 64
a 1305 5760 16
a 1306 3296 16
a 1307 560 256
f 618
a 1308 20400 16
a 1309 5648 16
a 1310 3744992 256
f 1107
f 683
f 1203
f 748
f 1026
f 1243
f 481
f 1106
f 1142
f 635
f 1307
f 1276
f 940
f 973
f 925
f 843
f 929
f 840
f 1061
a 1311 29408 16
f 1213
f 1280
f 999
f 660
a 1312 1728 64
f 809
f 680
f 1278
f 1016
f 1188
f 1241
f 1263
f 1222
f 734
a 1313 656 256
a 1314 9936 256
a 1315 320 64
f 47
a 1316 1913440 256
f 367
f 880
f 688
f 1169
f 1232
a 1317 6128 64
f 68
f 1019
f 228
f 1018
f 1060
f 1197
a 1318 4032 256
a 1319 2304 16
f 957
f 1056
a 1320 40288 256
a 1321 403184 64
f 143
f 964
f 250
f 1244
f 248
f 1286
f 1104
a 1322 933664 16
f 1054
f 1194
a 1323 688 256
f 779
f 765
f 1159
f 893
f 786
f 1288
f 446
f 915
f 1143
a 1324 31952 64
f 974
f 945
a 1325 2992 256
a 1326 13792 256
f 378
f 1041
a 1327 3328 256
a 1328 3232 64
a 1329 2912 16
a 1330 4304 64
f 529
f 454
f 1281
a 1331 1060608 64
a 1332 976 64
a 1333 5440 64
f 832
f 523
f 612
f 1127
f 1291
f 1302
f 1079
f 801
f 885
f 24
a 1334 13552 64
a 1335 448 256
f 1097
f 292
f 759
f 647
a 1336 6608 16
f 385
a 1337 513296 16
f 1295
f 847
f 1133
f 831
f 1115
f 716
f 639
a 1338 496 16
f 246
f 1320
f 1009
a 1339 1491776 16
a 1340 3822112 256
f 1043
f 613
a 1341 6032 64
f 1328
f 1013
a 1342 1696 16
f 1245
f 922
f 333
a 1343 18144 256
f 1337
f 1057
a 1344 10960 256
f 633
f 901
a 1345 9872 16
f 1256
f 238
f 1324
f 933
a 1346 2752 64
a 1347 2800 16
f 848
f 1005
f 1081
a 1348 272 64
f 789
f 1344
f 1021
a 1349 24992 16
f 696
f 1211
f 1050
f 1332
f 986
a 1350 15616 16
f 1048
a 1351 336 64
f 1300
f 323
f 855
f 719
f 276
f 471
a 1352 1488 16
a 1353 2248720 64
f 903
f 886
a 1354 21216 256
f 694
f 1191
f 303
f 1343
f 1156
a 1355 13792 256
a 1356 640 256
f 1007
f 33
f 1064
f 1230
f 401
f 1283
a 1357 1104 256
f 1207
a 1358 512 16
a 1359 8032 64
a 1360 1312 64
a 1361 6928 16
a 1362 3440 16
a 1363 1174288 16
a 1364 29344 16
f 496
a 1365 29088 16
a 1366 19200 256
a 1367 1416128 16
f 1120
f 573
a 1368 13808 64
a 1369 22768 16
f 730
a 1370 896 64
a 1371 496 64
a 1372 38800 256
f 882
f 979
a 1373 1052176 16
f 153
a 1374 4944 64
a 1375 10528 64
a 1376 816 64
a 1377 1328 256
f 1376
a 1378 47904 16
a 1379 1760 256
a 1380 5360 64
a 1381 5952 16
a 1382 22016 64
a 1383 1024 64
a 1384 8112 256
a 1385 1008 64
f 1319
a 1386 29904 64
f 1024
a 1387 12672 64
a 1388 2208 256
a 1389 3456 16
f 450
a 1390 784 64
f 1254
a 1391 25072 16
f 1220
a 1392 1216 256
a 1393 1408 64
f 1046
a 1394 12944 64
a 1395 336 64
a 1396 64496 16
f 638
a 1397 3888 256
f 968
f 1350
a 1398 37968 64
a 1399 352 16
f 948
a 1400 15632 256
a 1401 720 64
f 866
a 1402 6272 64
a 1403 864 256
a 1404 1785152 64
f 824
a 1405 3824 16
a 1406 7456 16
a 1407 1168 256
a 1408 1120 64
a 1409 3059888 16
a 1410 464 64
a 1411 3308912 64
f 101
f 1168
a 1412 553312 16
f 1385
f 429
f 902
a 1413 59904 256
a 1414 12240 16
f 752
f 505
f 722
a 1415 336 16
f 1378
a 1416 672 256
f 747
f 984
f 1045
f 1181
f 1037
f 604
f 1259
f 286
a 1417 448 64
f 1025
f 568
a 1418 23120 16
f 967
f 1417
a 1419 14160 256
a 1420 816 16
a 1421 1113248 16
f 1345
f 1303
f 942
f 472
f 1238
a 1422 21248 64
f 1032
f 883
a 1423 9200 64
f 174
f 1065
f 1124
f 1419
f 938
f 1287
f 803
f 833
a 1424 35920 16
a 1425 1568 16
f 791
f 1144
a 1426 1712 64
f 1367
f 486
a 1427 3792 64
f 1326
a 1428 1979872 16
f 310
f 593
a 1429 54928 64
a 1430 3712 256
f 1118
f 1427
a 1431 32304 256
f 30
f 1346
a 1432 51072 256
f 514
f 1428
a 1433 47072 256
a 1434 45072 64
f 1313
a 1435 3968 64
f 711
a 1436 368 64
f 1036
a 1437 800 256
a 1438 928 64
a 1439 4624 256
a 1440 5504 64
a 1441 1392 64
a 1442 337504 64
a 1443 12640 64
a 1444 928 64
a 1445 1024 64
f 650
a 1446 1152 64
a 1447 3077232 256
f 603
f 1447
a 1448 38624 64
a 1449 2163696 256
f 1424
f 1003
a 1450 37280 256
f 67
f 337
f 936
f 965
a 1451 7184 64
a 1452 2720 256
a 1453 6560 64
a 1454 58512 64
f 1305
f 918
a 1455 1568 16
a 1456 2320 16
a 1457 480 16
a 1458 63488 64
a 1459 3440 256
a 1460 320 256
f 814
f 1275
a 1461 899648 16
f 1413
f 219
a 1462 1168 16
f 1204
a 1463 944 256
f 1455
a 1464 4544 256
f 632
f 1140
f 203
f 1012
f 1446
f 1453
a 1465 1936 256
a 1466 14496 256
f 1384
a 1467 59088 64
f 525
f 1457
f 1271
f 1467
f 726
f 1463
f 379
f 1452
a 1468 1024 256
a 1469 624 64
f 1356
f 1325
f 1117
f 1285
f 325
f 1126
a 1470 45648 256
f 356
a 1471 5312 16
a 1472 400 256
a 1473 432 16
f 966
a 1474 1760 64
f 1084
a 1475 5184 256
f 1403
f 1105
a 1476 41504 256
a 1477 448 64
f 1195
a 1478 1168 256
f 1141
a 1479 2915152 16
f 1434
a 1480 14176 16
a 1481 4064 256
a 1482 1341296 256
f 570
a 1483 2272 16
f 870
f 1458
f 1146
f 1476
f 1445
f 1359
f 1292
a 1484 42912 256
a 1485 2744560 64
f 853
f 1353
f 861
f 1322
f 1031
f 1085
a 1486 54768 16
f 1451
f 1465
f 1482
f 993
a 1487 2012000 16
a 1488 288 256
f 1119
f 846
f 1483
a 1489 1056 16
f 616
f 1068
f 1414
f 1381
a 1490 8432 16
a 1491 1520 256
f 1411
f 1080
a 1492 17632 64
f 1192
a 1493 22128 16
f 977
a 1494 1680 64
f 1405
a 1495 23440 64
a 1496 28736 16
a 1497 1910816 16
a 1498 864 64
f 1114
f 1410
a 1499 50224 16
f 1481
f 1250
f 717
a 1500 35008 64
f 1027
f 950
a 1501 3039552 256
f 818
f 1108
f 1369
a 1502 15536 256
f 1387
f 1059
f 1178
f 1426
a 1503 1056 64
f 1022
f 1290
f 408
f 1486
a 1504 5776 64
f 1472
f 1358
f 1471
a 1505 896 64
f 845
f 700
f 1196
a 1506 512 16
a 1507 1152 16
f 1371
f 1380
f 1396
f 1466
f 1165
a 1508 352 64
f 912
f 1289
f 1443
f 657
f 435
f 1342
f 1298
f 610
f 690
f 829
f 1233
f 1349
f 1394
a 1509 31408 16
f 1418
f 1478
f 1073
a 1510 2016 64
a 1511 30192 64
f 1333
a 1512 49472 16
f 1223
f 1456
a 1513 752 256
a 1514 896 256
a 1515 400 16
a 1516 272 256
f 1459
f 1229
f 725
f 1512
a 1517 1888 16
f 1500
a 1518 512 16
f 1135
f 931
a 1519 649072 64
a 1520 8256 256
a 1521 4736 64
a 1522 12912 16
f 1335
f 1334
a 1523 576 256
a 1524 25584 256
f 1488
f 921
f 1454
f 1518
f 1502
a 1525 11280 16
f 1253
f 1069
f 1282
a 1526 23584 64
f 1421
f 800
f 1309
f 998
f 1008
f 963
f 1399
f 1511
a 1527 43888 16
f 839
f 658
f 1351
f 1395
f 480
a 1528 20240 64
a 1529 3184 16
f 1234
f 1513
f 316
f 828
f 1355
f 1439
f 1490
f 1515
f 1053
a 1530 1152 64
f 1373
a 1531 5120 256
f 1310
f 1044
a 1532 944 64
f 1522
a 1533 448 64
a 1534 52032 64
a 1535 9920 256
f 469
a 1536 448 256
f 81
a 1537 11920 256
a 1538 2928 16
a 1539 1488 64
a 1540 1872 16
a 1541 848 64
a 1542 3248 256
a 1543 7408 16
a 1544 832 64
f 1294
f 147
a 1545 464 256
f 1464
a 1546 928 16
a 1547 832 256
a 1548 432 16
a 1549 704 64
a 1550 2912 16
a 1551 4368 16
a 1552 5104 256
f 1161
a 1553 46240 256
a 1554 14880 256
f 769
a 1555 6352 256
f 1505
a 1556 22976 64
a 1557 20224 16
a 1558 784992 256
f 1537
f 1391
a 1559 7520 16
a 1560 1947024 64
f 1228
f 1183
f 210
f 1560
a 1561 63968 16
a 1562 1920 16
f 698
a 1563 672 256
a 1564 5104 256
a 1565 336 16
f 909
a 1566 720 256
a 1567 912 64
a 1568 48928 64
a 1569 816 64
a 1570 46096 64
f 1547
a 1571 25040 16
a 1572 3344 256
a 1573 4768 256
a 1574 26112 16
a 1575 4448 64
a 1576 1136 64
a 1577 423344 64
a 1578 7856 64
a 1579 29936 64
a 1580 3232 64
a 1581 6944 16
a 1582 1824848 64
a 1583 1536 256
a 1584 48080 256
a 1585 55968 64
f 1435
f 1577
f 289
a 1586 2448 16
a 1587 400 64
f 1557
f 884
f 1257
f 1409
a 1588 468832 64
f 1175
a 1589 528 64
f 1028
a 1590 800 256
a 1591 4368 16
a 1592 60336 256
a 1593 784 64
f 1555
a 1594 9408 64
f 1215
f 1038
f 1217
a 1595 518448 16
f 1258
a 1596 49920 64
a 1597 1488 16
f 1582
a 1598 12976 64
f 1430
a 1599 3904 256
a 1600 4784 256
a 1601 6752 16
a 1602 6144 16
a 1603 304 64
a 1604 7760 64
a 1605 1024 256
a 1606 9328 256
a 1607 288 64
a 1608 12880 256
a 1609 480 64
f 1450
a 1610 2656 256
f 1546
a 1611 34992 16
a 1612 45072 16
a 1613 868160 256
a 1614 368 256
a 1615 1424 64
f 790
a 1616 432 256
a 1617 6912 256
f 872
f 1087
f 1461
a 1618 496 64
a 1619 15232 256
a 1620 7440 16
a 1621 2592 16
a 1622 9184 64
a 1623 7760 256
a 1624 20272 16
a 1625 32000 256
a 1626 640 64
a 1627 2411152 16
a 1628 416 16
a 1629 12208 256
f 1375
a 1630 304 16
a 1631 46688 16
a 1632 2240 256
a 1633 14256 16
a 1634 21392 256
a 1635 14944 64
a 1636 5376 256
a 1637 44656 64
a 1638 1952 256
a 1639 3664 256
a 1640 496 256
a 1641 24544 64
f 1242
a 1642 19584 16
a 1643 1040 64
a 1644 544 256
a 1645 802288 256
a 1646 832 256
a 1647 592 64
a 1648 848 64
a 1649 1696 64
a 1650 28144 64
f 1493
f 975
a 1651 592 64
f 1551
f 949
a 1652 592 64
a 1653 11856 16
a 1654 61504 256
a 1655 6688 64
a 1656 13104 16
a 1657 5920 16
a 1658 4464 64
a 1659 12560 16
f 1605
a 1660 4016 256
a 1661 2512 256
a 1662 2944 16
f 1525
a 1663 1641296 256
a 1664 848 64
f 1541
f 1382
f 682
f 742
a 1665 1136 64
f 1100
f 1592
f 1612
f 1370
f 1176
f 1437
f 1604
f 1383
f 1269
f 1412
a 1666 1136 64
a 1667 928 64
a 1668 6816 64
a 1669 54480 64
a 1670 1984 64
f 895
f 1393
f 331
f 1361
a 1671 896 16
a 1672 9168 64
f 1321
a 1673 21744 16
a 1674 2576 16
a 1675 15520 64
a 1676 16128 16
a 1677 42144 256
a 1678 2944 16
f 1231
a 1679 2352 256
a 1680 17472 256
f 1261
a 1681 1968 256
a 1682 13232 64
a 1683 7536 256
f 1296
a 1684 8608 16
a 1685 1472 256
a 1686 2400 64
a 1687 1168 64
a 1688 496 64
a 1689 2976 64
a 1690 5616 256
a 1691 896 16
a 1692 42080 64
a 1693 14816 16
f 1329
a 1694 944 64
a 1695 288 16
a 1696 704 64
a 1697 512 256
f 1671
a 1698 7392 256
a 1699 880 256
f 244
f 1630
a 1700 15664 64
a 1701 60160 256
a 1702 1712 64
a 1703 13360 256
f 1475
f 1622
a 1704 560 16
a 1705 4304 16
f 424
a 1706 1856 256
a 1707 480 16
a 1708 14864 64
f 1006
a 1709 10384 64
f 1469
a 1710 39632 64
f 1600
a 1711 384 16
a 1712 40640 256
a 1713 480 256
a 1714 464 64
a 1715 17280 16
a 1716 880 256
a 1717 11296 256
f 851
a 1718 1376 256
a 1719 6544 64
a 1720 30448 64
a 1721 1312 16
a 1722 1440 256
a 1723 3920 16
a 1724 304 16
a 1725 400 64
a 1726 13568 256
f 701
a 1727 4016 256
f 1193
a 1728 12192 16
a 1729 960 64
f 1654
f 1700
a 1730 1152 64
f 1423
f 1727
f 1583
f 972
a 1731 63456 16
a 1732 448 16
a 1733 3986160 16
a 1734 4736 256
f 1636
f 1688
a 1735 7344 64
a 1736 384 64
a 1737 336 64
a 1738 2464 16
a 1739 26656 256
f 1586
f 1425
a 1740 272 256
f 703
a 1741 9440 64
f 1448
a 1742 2000 64
a 1743 7568 16
f 1336
f 1249
f 1676
f 1691
f 1200
f 1125
f 1619
f 1601
f 1397
f 1561
f 1311
f 1362
f 1506
f 1480
a 1744 14480 16
f 1573
a 1745 912 16
f 1736
f 1529
f 1210
a 1746 5472 256
f 1398
f 813
f 1674
f 1519
f 1717
f 1388
f 1621
a 1747 9280 256
a 1748 10208 256
f 1338
a 1749 3728 64
f 1218
f 1707
f 905
f 1379
f 1747
f 1703
a 1750 27024 64
f 1550
f 1000
f 1206
f 1567
f 1677
a 1751 6528 16
f 1709
f 1705
f 1564
f 838
f 420
f 1565
a 1752 32208 64
f 1670
f 1648
f 1279
f 1534
a 1753 5696 16
a 1754 53744 64
f 138
f 1576
f 877
f 764
f 1644
f 1270
a 1755 22256 64
a 1756 1216 64
a 1757 37184 64
a 1758 3607376 256
a 1759 1664 16
a 1760 26480 16
a 1761 384 256
f 1730
f 1274
f 1444
a 1762 944 256
f 1347
f 1745
f 1015
a 1763 3619984 16
f 1686
f 1653
f 1277
f 1759
f 666
f 1035
f 1304
f 1470
f 1651
a 1764 582848 256
f 1552
a 1765 352 256
f 1536
f 626
f 1226
a 1766 3088 256
f 1526
f 1632
f 1420
a 1767 3976272 256
f 1740
f 1760
f 1682
a 1768 2320080 16
a 1769 1360 64
a 1770 3856 16
a 1771 21088 64
f 806
f 1404
a 1772 6976 256
a 1773 27776 16
f 971
f 871
f 1340
a 1774 11712 64
f 864
f 783
f 431
a 1775 26192 256
a 1776 7696 256
f 1655
f 1528
f 1477
a 1777 29392 256
f 1744
a 1778 2336 256
f 951
a 1779 38304 16
a 1780 1072 256
a 1781 3008 64
f 1687
a 1782 14688 256
f 768
f 1775
f 1587
a 1783 9008 256
f 1708
a 1784 4672 256
a 1785 35776 16
f 1753
a 1786 54304 16
f 1637
a 1787 23552 16
a 1788 1584 16
f 1023
f 1779
f 1603
a 1789 7904 256
f 892
f 1774
f 1312
f 1377
a 1790 7120 64
f 1606
a 1791 2704 256
f 1308
f 1643
f 1593
f 817
a 1792 23584 16
a 1793 4320 64
f 1697
f 1781
f 1214
f 1749
a 1794 13600 64
f 1544
a 1795 31632 64
f 1681
f 600
f 1672
f 1408
f 1216
f 1155
f 1538
f 1581
f 1498
f 1585
a 1796 13360 256
f 1237
f 1741
f 1789
f 1757
f 1742
a 1797 496 64
f 1255
f 1766
f 1579
a 1798 57232 64
f 1549
a 1799 1776 256
f 1588
f 873
a 1800 8016 256
a 1801 304 64
f 288
a 1802 2256 16
a 1803 3360 256
f 1520
f 1248
a 1804 4608 64
f 1756
a 1805 22192 256
a 1806 352 64
f 1743
f 1662
f 1092
a 1807 5280 64
a 1808 53488 256
a 1809 3276256 256
f 1639
f 1171
a 1810 44304 256
a 1811 55920 256
f 588
f 1701
f 1794
f 1314
f 1788
a 1812 2864 256
f 1786
f 1729
a 1813 1872 256
f 1440
f 1669
f 1187
f 1160
f 1782
a 1814 1649152 16
f 1633
f 1668
f 1492
f 1724
f 428
f 1128
a 1815 508496 256
a 1816 8320 256
f 49
a 1817 295616 16
f 1532
f 1265
f 1503
f 1610
f 1721
f 1323
f 844
a 1818 320 256
f 1647
f 1640
a 1819 8752 16
f 732
f 1267
f 1813
f 1372
f 1221
f 1272
a 1820 464 64
f 1722
f 1306
f 1152
f 1436
a 1821 57888 256
f 168
f 1442
f 1479
f 1805
f 1517
f 1771
f 1796
a 1822 1552 64
a 1823 31520 64
f 662
f 1777
f 1545
a 1824 26496 64
f 1507
f 1174
a 1825 592 64
a 1826 3680 16
f 1433
f 1659
f 1645
a 1827 22624 64
f 1678
f 1618
f 1523
f 1264
f 1706
f 1752
f 1720
f 1149
f 1684
a 1828 16320 256
f 1539
a 1829 4640 64
f 1365
f 1663
a 1830 837248 64
f 1754
f 1816
f 1121
a 1831 2016 64
a 1832 24944 256
f 1415
a 1833 60048 64
f 1462
f 1652
f 1109
f 1762
f 1710
a 1834 2464 64
f 1566
f 584
f 1790
a 1835 11888 64
a 1836 832 256
a 1837 272 16
f 417
a 1838 9360 256
f 1066
f 1374
f 1807
f 1821
f 713
f 1553
f 1284
f 1649
f 1822
f 1400
f 1533
f 1554
f 1543
f 1834
f 1778
f 1299
f 1240
f 224
f 1363
a 1839 4064 256
a 1840 816 64
f 1111
f 1769
a 1841 10368 16
a 1842 512 16
f 1531
a 1843 25712 16
a 1844 9184 256
a 1845 421456 16
a 1846 9728 16
a 1847 371504 16
a 1848 1888 64
a 1849 11072 256
a 1850 2336 16
a 1851 448 64
a 1852 800 16
a 1853 976 16
a 1854 59904 64
a 1855 7536 64
a 1856 24960 16
a 1857 560 256
a 1858 11328 256
a 1859 1568 16
f 1787
a 1860 30464 256
f 1599
f 1570
f 1685
a 1861 1776 64
a 1862 368 16
a 1863 5328 256
f 1202
a 1864 4832 16
a 1865 8256 16
a 1866 21008 16
a 1867 2880 64
a 1868 2976 256
a 1869 5264 16
a 1870 8160 256
a 1871 4976 64
f 1773
a 1872 18832 16
a 1873 496 64
f 1556
a 1874 26192 16
a 1875 38768 16
a 1876 864 16
a 1877 320 64
a 1878 35344 64
a 1879 528 256
a 1880 12720 256
a 1881 413648 16
f 1832
a 1882 29280 64
a 1883 6528 16
a 1884 3664 256
a 1885 11776 256
a 1886 3315008 64
f 1594
a 1887 5584 64
f 1364
f 1530
a 1888 3197584 64
a 1889 58160 16
f 1772
f 1074
f 1856
f 1352
f 1620
f 1738
f 1858
a 1890 26608 64
a 1891 288 64
f 1758
a 1892 19744 16
a 1893 11200 256
f 1562
f 943
a 1894 1088 256
f 1597
a 1895 1344 64
a 1896 12272 64
f 1869
a 1897 272 64
f 1835
a 1898 2352 16
a 1899 1856 64
f 1432
f 1806
a 1900 464 256
a 1901 22192 16
a 1902 1186240 256
f 1316
a 1903 22144 256
f 1584
a 1904 53984 64
a 1905 6048 16
f 1808
a 1906 880 256
a 1907 2656 64
f 1690
f 1568
f 1898
a 1908 23024 256
a 1909 2576 16
f 1795
a 1910 14400 256
a 1911 17872 64
a 1912 848 256
a 1913 5184 64
a 1914 1600 256
a 1915 41968 16
a 1916 816 64
a 1917 20144 64
a 1918 432 64
f 1617
f 1877
a 1919 1552 256
a 1920 16192 64
a 1921 2366256 64
f 1494
a 1922 45472 16
f 1631
a 1923 1904 16
f 1895
a 1924 272 256
f 1765
f 1857
f 1535
f 1860
f 1763
a 1925 368 64
a 1926 5504 64
a 1927 480 64
f 1913
a 1928 58224 64
a 1929 2320 64
a 1930 26672 256
a 1931 30928 256
a 1932 672 64
a 1933 1136 16
f 1843
a 1934 288 64
a 1935 17840 16
a 1936 23552 64
f 1164
a 1937 2433984 16
f 1590
a 1938 27440 16
f 1880
f 1817
a 1939 3984 256
a 1940 432 64
a 1941 28048 64
a 1942 2699488 256
a 1943 1440 16
f 1731
f 1401
a 1944 44688 64
f 1854
f 1675
a 1945 4368 64
f 1715
f 1501
a 1946 496 256
f 930
a 1947 25824 256
a 1948 7440 256
a 1949 608 64
a 1950 672 64
a 1951 400 64
a 1952 47520 16
a 1953 560 256
a 1954 32128 16
a 1955 5216 16
f 1823
a 1956 720 16
a 1957 61968 256
a 1958 12176 64
a 1959 16128 16
a 1960 5808 64
a 1961 18736 64
a 1962 14816 256
f 1916
a 1963 336 16
a 1964 3136 64
f 1712
a 1965 27008 256
f 1897
a 1966 11408 16
a 1967 416 256
a 1968 40400 64
f 1341
a 1969 8688 256
f 1919
f 1849
a 1970 14208 16
a 1971 438096 256
f 494
a 1972 29504 16
f 1236
f 1696
a 1973 35776 64
a 1974 752 64
f 1923
f 1613
f 1798
f 1853
a 1975 2744960 64
f 1829
a 1976 1926416 64
a 1977 464 256
a 1978 400 16
f 1946
f 1912
f 350
f 1875
f 1201
f 1965
f 1389
f 1509
f 1896
a 1979 1872848 64
a 1980 2466672 64
a 1981 759648 256
f 1327
f 1598
f 1527
f 1968
f 1575
f 1870
a 1982 11280 64
f 1485
f 1918
f 1508
f 1694
f 1802
f 1718
f 1904
f 1910
f 1301
f 868
f 1339
f 1625
a 1983 53888 256
a 1984 9808 256
f 1608
a 1985 21728 64
f 1934
f 1801
a 1986 322016 16
f 1962
f 189
f 1876
f 1872
f 1956
f 1039
f 1252
f 1861
f 1810
a 1987 32096 256
a 1988 794832 256
f 1882
a 1989 2187904 64
f 718
f 1975
f 754
a 1990 1296 16
f 1987
f 1695
f 1804
f 1497
a 1991 304 64
f 1406
a 1992 1072 64
a 1993 10256 256
f 1868
a 1994 56528 64
f 1173
f 1977
f 1354
f 960
f 1664
f 1725
a 1995 59280 64
a 1996 40272 256
f 1683
a 1997 464 16
f 1878
f 1842
f 1614
f 1360
f 1719
f 1693
f 1504
f 1098
a 1998 3792 64
f 1623
f 1596
f 661
f 1642
f 1992
f 1139
a 1999 6480 256
f 1984
f 1723
f 1348
f 1885
f 1785
f 1767
a 2000 272 16
a 2001 864 64
f 1809
f 1871
a 2002 864 64
a 2003 1469376 256
f 1797
a 2004 14864 256
a 2005 944 256
f 1495
a 2006 1616 16
a 2007 2624 16
a 2008 12816 16
a 2009 31568 256
f 802
a 2010 464 16
a 2011 13888 64
a 2012 3808 256
a 2013 704224 64
a 2014 5328 256
a 2015 1056 64
f 1646
a 2016 3152 16
a 2017 1968 256
a 2018 496 256
f 1831
a 2019 59440 16
a 2020 2752 64
a 2021 416 64
a 2022 688 256
a 2023 22080 256
a 2024 15264 64
f 1711
a 2025 912 256
f 1667
f 1793
f 1994
a 2026 2331184 16
a 2027 2448 16
a 2028 1520 16
a 2029 14352 64
a 2030 7264 256
a 2031 464 64
f 1750
f 2023
a 2032 576 16
a 2033 1007824 16
a 2034 784 16
a 2035 3584 64
a 2036 21424 256
a 2037 6352 16
f 1881
a 2038 34912 16
a 2039 2192 256
f 1903
f 2012
a 2040 3191648 16
a 2041 4096 16
f 2017
f 1166
f 869
f 2013
f 1768
f 1818
a 2042 12336 256
a 2043 304 16
a 2044 448 256
a 2045 3552 16
f 1755
a 2046 31600 256
a 2047 9776 64
a 2048 64752 16
a 2049 6864 64
f 1634
a 2050 3840 64
a 2051 5728 256
a 2052 368 16
a 2053 28608 64
a 2054 2448 64
f 1635
a 2055 1680 64
a 2056 2112 256
a 2057 12576 64
a 2058 4128 64
a 2059 4304 64
a 2060 24352 64
f 1318
a 2061 1024 16
a 2062 32432 256
a 2063 1724080 16
f 2028
f 2005
f 1496
f 1819
f 1791
f 1714
f 1247
a 2064 976 16
f 1014
a 2065 42768 256
a 2066 30992 256
f 1926
f 1930
a 2067 1503024 16
f 1429
f 1937
a 2068 8384 256
f 1656
f 1589
f 1624
a 2069 368 256
f 1569
f 2006
f 1574
a 2070 1328 256
a 2071 2384 256
f 25
f 1665
f 749
f 2030
f 2019
f 1915
f 1251
f 1658
f 1591
f 1824
a 2072 5440 16
a 2073 368 16
f 788
a 2074 38224 16
a 2075 400 256
a 2076 8976 256
f 1955
a 2077 576 64
f 1629
f 1521
f 2058
a 2078 1104 16
f 1958
f 1540
a 2079 2752 16
f 2068
a 2080 1632 16
f 2064
a 2081 432 256
a 2082 2496 16
f 2011
a 2083 336 16
f 1846
a 2084 38976 256
f 1929
f 1602
f 1558
f 1924
f 1134
a 2085 2096 16
f 1510
a 2086 20208 16
a 2087 960 256
f 2055
a 2088 32768 256
a 2089 1824 256
f 516
a 2090 15168 256
f 1953
a 2091 496 256
f 1820
a 2092 7168 256
a 2093 7744 64
f 2062
f 2085
a 2094 48064 16
a 2095 2176 256
a 2096 7808 64
a 2097 9136 16
a 2098 576 16
f 1764
a 2099 448 64
a 2100 9072 64
a 2101 1472 256
f 2092
a 2102 46272 16
a 2103 9360 64
a 2104 60896 16
a 2105 4544 16
a 2106 11184 256
a 2107 1136 16
a 2108 53632 64
a 2109 3888 64
f 1948
f 2063
a 2110 672 256
a 2111 1840 256
f 2069
a 2112 2848 64
f 1999
a 2113 28640 64
a 2114 41472 64
a 2115 14880 64
f 1920
a 2116 512 256
f 2050
a 2117 1984 64
f 1460
f 1863
f 2025
a 2118 6048 16
a 2119 23152 64
a 2120 1424 64
a 2121 4640 64
a 2122 1040 64
f 1473
a 2123 16320 16
a 2124 12704 64
a 2125 352 256
a 2126 368 256
a 2127 10880 256
a 2128 1056 16
a 2129 2368 16
f 1840
f 1825
a 2130 2976 64
a 2131 12528 256
a 2132 9200 64
a 2133 486416 16
a 2134 1024 64
f 2081
a 2135 51888 64
a 2136 1360 16
f 1944
f 1980
a 2137 49504 16
a 2138 7568 64
a 2139 2864 256
a 2140 22432 256
a 2141 352 64
a 2142 448 256
f 1702
a 2143 62720 64
a 2144 1776 64
f 1746
a 2145 1904 16
a 2146 56544 64
f 1487
f 1892
a 2147 5088 16
a 2148 288 16
a 2149 5904 256
a 2150 3424 16
a 2151 2048 64
a 2152 1760 64
a 2153 336 16
f 2135
f 1422
a 2154 368 16
a 2155 54512 64
a 2156 10880 256
a 2157 1680 64
a 2158 1342192 16
a 2159 59472 16
f 2073
a 2160 17712 64
f 2128
a 2161 18880 256
a 2162 58656 64
a 2163 2912 64
a 2164 272 64
a 2165 9904 256
a 2166 352 256
a 2167 267856 16
a 2168 544 64
a 2169 40416 256
a 2170 50032 64
a 2171 560 64
a 2172 3792 16
f 2029
a 2173 10528 16
a 2174 15296 64
a 2175 901488 256
a 2176 2464 16
a 2177 1056 256
a 2178 861424 256
a 2179 1904 64
f 2026
a 2180 592 64
a 2181 41856 16
f 2161
a 2182 8800 16
a 2183 35072 16
a 2184 39248 64
a 2185 480 16
a 2186 3184 16
a 2187 51744 256
f 2181
a 2188 7136 16
f 1883
a 2189 2656 64
a 2190 8048 16
c op-4000
a 2191 864 16
a 2192 14704 256
a 2193 25792 256
a 2194 380480 16
a 2195 46672 256
a 2196 288 64
a 2197 669888 256
f 1830
a 2198 272 256
a 2199 1280 256
a 2200 4112 256
a 2201 960 16
f 1845
f 2018
a 2202 704 16
a 2203 1824 16
f 2124
a 2204 14064 256
a 2205 25888 64
a 2206 384 16
f 1859
f 2133
a 2207 1632 16
f 1985
a 2208 25936 256
f 1627
a 2209 5520 16
f 2123
a 2210 13152 64
a 2211 43968 16
a 2212 448 64
a 2213 14848 16
f 2053
a 2214 4064 256
a 2215 7664 256
a 2216 20128 64
a 2217 3120 64
a 2218 12352 256
a 2219 1104 256
a 2220 567456 64
f 1961
a 2221 43936 64
a 2222 1344 16
a 2223 800 16
a 2224 272 256
f 1990
a 2225 320 16
a 2226 880 16
a 2227 1488 64
f 1660
a 2228 22096 16
a 2229 1248 64
f 1239
a 2230 11872 256
a 2231 16688 64
f 2199
a 2232 30400 256
a 2233 27840 256
a 2234 1216 256
f 1297
a 2235 1040 64
a 2236 14640 64
a 2237 400 64
a 2238 14640 256
a 2239 3330768 64
a 2240 45664 64
a 2241 6896 64
f 2040
a 2242 48176 64
a 2243 5152 256
a 2244 912 256
a 2245 28320 16
a 2246 2336 64
a 2247 2064 256
a 2248 352 16
a 2249 384 64
f 2044
a 2250 664272 64
a 2251 27520 16
f 1841
a 2252 3856 256
a 2253 784 256
a 2254 2800 64
a 2255 7056 256
a 2256 1952 256
a 2257 432 16
a 2258 11568 64
a 2259 3217728 64
f 2111
f 2078
f 1836
a 2260 9376 256
a 2261 8688 256
a 2262 27904 16
a 2263 899152 64
f 1899
a 2264 1574624 16
a 2265 40480 64
a 2266 29280 256
a 2267 28992 16
a 2268 8928 64
f 2196
a 2269 6672 16
a 2270 512 16
f 2099
a 2271 1086800 16
f 2097
f 2237
f 2130
f 2217
a 2272 47216 64
f 2008
f 1847
f 1964
f 2229
f 1909
f 2082
f 1732
a 2273 22752 64
a 2274 20832 16
f 1981
a 2275 22720 16
a 2276 39920 16
f 1938
a 2277 37200 64
f 2072
f 2118
a 2278 2672 256
f 1733
a 2279 1504 16
a 2280 425248 64
f 2035
a 2281 816 16
a 2282 1456 16
a 2283 5792 16
a 2284 304 16
a 2285 1200 64
a 2286 2128 64
a 2287 368 256
a 2288 592 16
a 2289 336 64
a 2290 3584 64
a 2291 1072 64
f 2270
a 2292 915808 256
f 2186
f 1235
f 2291
f 1887
f 2214
a 2293 640 16
a 2294 65056 16
a 2295 992 256
a 2296 1664 16
a 2297 22864 64
a 2298 320 64
a 2299 21040 16
a 2300 752 256
a 2301 2480 64
a 2302 55600 64
f 1728
f 1852
a 2303 2160 16
a 2304 54784 64
a 2305 28320 256
f 1735
a 2306 1024 256
a 2307 3056 16
a 2308 1840 16
a 2309 63168 16
a 2310 61488 256
a 2311 4432 256
a 2312 3760 256
a 2313 7008 16
a 2314 2816 64
a 2315 28048 256
a 2316 6592 16
f 2294
a 2317 45872 256
f 2258
a 2318 3958464 64
f 1866
f 1828
f 2000
a 2319 2640 256
f 2080
f 2241
f 2266
f 1595
f 2224
f 712
a 2320 42864 256
f 2075
f 1838
f 2298
f 2192
f 1748
f 2198
a 2321 976 16
f 2254
f 2110
f 1972
f 2163
f 2304
f 1499
f 2060
f 2221
f 1901
f 2262
f 1615
f 2116
f 1542
f 2094
f 1925
f 2297
f 2016
f 1889
f 2188
a 2322 7568 16
a 2323 6288 64
f 2240
f 1867
f 2090
a 2324 2656 256
f 1907
f 255
f 1979
a 2325 20880 256
a 2326 1824 16
f 2038
a 2327 10272 256
f 2267
f 1931
f 2292
a 2328 17584 64
a 2329 1008 256
f 1315
a 2330 1408 256
a 2331 3952 64
a 2332 784 16
a 2333 960 64
a 2334 7600 64
a 2335 976 64
a 2336 832 16
f 2248
a 2337 64016 16
a 2338 2000 256
a 2339 1520 64
f 1699
a 2340 1556704 64
a 2341 3819744 16
f 2301
f 2096
f 2056
a 2342 704 64
f 1657
f 2281
f 805
a 2343 1024 256
f 2239
a 2344 15984 16
a 2345 4064 16
a 2346 3776 64
f 2308
a 2347 4336 64
a 2348 480 64
a 2349 1248 256
a 2350 464 256
a 2351 432 16
a 2352 2304 16
a 2353 3280 16
a 2354 1756256 16
f 1666
f 2263
f 2195
f 1996
f 2243
f 1973
f 1799
a 2355 944 256
a 2356 448 64
f 1893
f 2208
a 2357 432 64
f 1890
a 2358 11920 64
f 2059
f 1922
f 2057
a 2359 19664 16
a 2360 1853072 16
f 2276
f 2271
a 2361 12272 16
a 2362 2096 256
f 1983
a 2363 656 16
f 1268
f 2136
f 2147
f 2102
a 2364 496 64
a 2365 937264 256
f 910
f 2236
f 1438
a 2366 39456 64
f 2086
f 1572
f 1392
a 2367 26240 256
a 2368 21072 256
f 2337
a 2369 624 256
a 2370 1824 64
f 1911
f 2247
f 2235
a 2371 1376 256
f 2109
a 2372 12016 16
f 1692
a 2373 864 64
f 2319
f 1431
f 1641
f 1960
f 2259
a 2374 384 256
a 2375 17056 16
a 2376 25232 64
f 2215
a 2377 494416 256
a 2378 832 16
a 2379 7840 64
a 2380 19392 16
a 2381 62464 16
f 2145
f 1812
a 2382 1168 256
f 2117
f 2156
f 2320
a 2383 384 64
a 2384 49952 16
a 2385 1680 16
a 2386 2922208 16
a 2387 2496 16
a 2388 1568768 256
a 2389 306272 16
f 1957
a 2390 2688 16
f 1783
f 2390
f 1578
a 2391 3232 64
f 1837
f 2022
f 2024
a 2392 13248 256
f 2326
a 2393 1648 256
a 2394 3184 256
f 2380
f 2015
f 2048
f 2041
f 2054
a 2395 26352 256
f 2138
f 2177
f 1941
f 2367
a 2396 800 16
a 2397 301392 64
f 2106
f 1638
a 2398 28320 16
f 2321
f 2218
a 2399 6080 256
f 1811
f 2066
f 2179
f 2339
f 2228
f 2098
a 2400 35168 64
f 1317
f 2290
a 2401 784 64
f 1293
a 2402 448 64
f 2315
a 2403 15952 16
f 2398
f 1607
f 2393
f 1246
f 2364
f 2283
f 2256
f 2129
a 2404 9872 16
f 2125
f 2201
f 2370
f 1680
f 1827
f 2211
f 1888
f 1800
a 2405 30272 16
f 2306
f 1908
a 2406 1104 64
a 2407 1632 16
f 2189
f 1967
f 2225
f 2213
f 2405
a 2408 453808 256
a 2409 2288 64
a 2410 16240 16
a 2411 40496 16
f 2104
f 2284
f 2355
a 2412 4160 16
f 1661
f 2020
a 2413 772976 16
a 2414 6784 64
f 2246
f 519
f 2101
f 2154
f 2408
f 2091
f 697
a 2415 20672 16
a 2416 1120768 16
a 2417 480 256
f 2103
f 2190
f 2014
f 1331
f 2245
f 2307
a 2418 22992 256
f 2331
a 2419 426176 256
f 2187
a 2420 336 16
f 2047
a 2421 752 64
a 2422 2665760 256
f 1902
f 1407
f 2310
f 2089
f 2093
f 1998
f 2127
f 1491
f 2121
f 1933
f 2114
f 2249
f 2383
f 1761
f 2159
f 2372
f 2325
f 2113
f 1162
f 2414
f 2049
f 2335
f 2386
f 2169
a 2423 6432 256
a 2424 1344 64
a 2425 3472 256
a 2426 35136 64
a 2427 14480 16
a 2428 5792 64
a 2429 963280 256
f 2148
a 2430 64176 256
f 2143
f 434
a 2431 752 256
f 258
a 2432 7088 256
a 2433 1872 64
a 2434 3328 16
a 2435 272 16
a 2436 1968 16
a 2437 46896 16
a 2438 2656 256
a 2439 10976 256
a 2440 1600 256
a 2441 272800 256
a 2442 20688 16
a 2443 15312 256
f 1004
a 2444 39920 256
a 2445 3520 256
a 2446 402880 256
a 2447 11840 16
a 2448 6592 16
f 2252
f 1116
f 2401
f 2010
f 2158
f 2435
a 2449 704 64
a 2450 928 16
f 2003
a 2451 49616 256
f 2419
a 2452 464 64
f 2446
a 2453 43872 64
a 2454 496 64
a 2455 63392 256
a 2456 27232 16
a 2457 1216 256
a 2458 1920 16
f 2391
a 2459 1744 256
a 2460 518912 64
a 2461 63648 64
a 2462 1040 64
a 2463 500528 64
f 1936
a 2464 736 256
a 2465 5648 64
a 2466 6960 256
a 2467 14256 256
a 2468 1712 64
a 2469 384 16
a 2470 960 64
a 2471 2068176 16
a 2472 2544 256
f 2373
a 2473 3984 64
a 2474 384 256
f 2142
f 1716
f 2250
a 2475 480 64
a 2476 8160 64
a 2477 9376 64
a 2478 1264 256
a 2479 3152 16
a 2480 416 256
a 2481 512 64
f 2456
f 2366
a 2482 10848 64
a 2483 9824 64
f 2132
f 2180
a 2484 7280 64
a 2485 880 16
a 2486 1024 256
a 2487 3692256 256
f 2141
f 2226
a 2488 30800 256
a 2489 43616 64
f 2134
f 2485
f 2230
a 2490 22320 64
f 2481
f 2120
f 2353
f 2433
f 2387
f 2222
f 1751
f 2077
f 2004
f 2065
a 2491 29392 64
f 2167
f 2444
a 2492 4448 64
f 1713
f 2194
f 2416
f 1548
f 2324
f 1982
a 2493 13712 16
a 2494 416 16
f 1776
f 2359
f 2033
f 2480
f 1609
a 2495 1504 16
f 1851
f 1330
f 1905
f 2346
f 1516
f 2032
f 1088
f 2300
f 1988
a 2496 5664 16
a 2497 432 16
a 2498 20656 16
a 2499 1792 64
a 2500 53536 16
a 2501 7136 256
a 2502 24016 256
f 1932
f 2423
a 2503 448 64
f 2061
a 2504 1344 256
a 2505 314144 64
a 2506 416 64
a 2507 6928 256
a 2508 480 256
f 1970
a 2509 496 64
a 2510 331840 256
f 1839
f 2295
f 1062
f 1939
f 2438
f 1402
f 2197
a 2511 12448 256
a 2512 27600 256
f 2432
a 2513 1552 64
a 2514 400 64
a 2515 33632 16
f 2454
a 2516 592 256
f 2329
a 2517 336 64
a 2518 35776 16
f 2425
a 2519 6320 256
a 2520 3216 16
a 2521 45824 256
f 2349
a 2522 6096 16
a 2523 640 16
a 2524 1703536 64
f 989
f 2146
f 2507
f 2268
a 2525 3680 16
f 2431
f 2314
f 2238
f 1474
a 2526 38496 64
a 2527 2032 64
f 2527
f 1484
f 1086
f 1726
f 2157
a 2528 8448 16
f 2508
f 1963
f 2358
a 2529 57280 256
f 1704
f 1874
f 2336
f 2279
f 2286
a 2530 736 64
f 2287
f 2497
f 1673
a 2531 688 256
f 2498
f 1580
f 1208
f 121
a 2532 45216 256
a 2533 14208 64
f 2242
f 2484
f 2519
f 2404
f 2512
f 2303
f 2469
f 2334
f 2220
f 2204
f 2533
f 2486
f 2345
f 1095
f 926
f 2510
f 1942
a 2534 320 16
a 2535 8928 256
f 2037
f 1950
a 2536 44912 64
a 2537 672 256
a 2538 1408 16
a 2539 288 256
a 2540 3716816 64
f 2434
f 2232
f 1986
f 2171
f 976
f 1559
f 1894
f 1792
f 2255
f 1900
a 2541 352 16
f 2449
f 2164
a 2542 40128 64
f 2347
f 1449
a 2543 3200 64
a 2544 355920 16
a 2545 7264 64
f 1784
a 2546 30864 256
a 2547 4176 64
a 2548 338656 256
f 2233
f 2476
f 2344
a 2549 1184 256
a 2550 27072 256
a 2551 1168 256
a 2552 1024 16
a 2553 2000 256
f 1468
a 2554 1974320 64
f 1848
a 2555 11120 64
f 2131
f 2126
f 1997
f 2540
a 2556 544 256
f 2231
a 2557 672 256
f 1489
f 1815
a 2558 2528 64
a 2559 10048 256
a 2560 6144 16
f 2424
a 2561 656 16
a 2562 7328 256
a 2563 14752 256
f 1978
a 2564 2800 64
a 2565 1888 64
a 2566 1984 64
f 2494
a 2567 19280 64
a 2568 3472 16
a 2569 352 64
a 2570 6736 16
a 2571 1024 16
a 2572 6144 64
f 1855
f 2264
a 2573 1340064 64
a 2574 3696 16
a 2575 603600 64
a 2576 7152 256
a 2577 16736 64
f 1850
a 2578 3328 64
f 1737
a 2579 1888 256
a 2580 7488 64
f 2076
f 2269
a 2581 64208 64
a 2582 17296 64
a 2583 512 64
a 2584 47376 256
a 2585 6688 64
a 2586 16256 64
a 2587 3680 16
a 2588 2864 256
a 2589 4976 64
a 2590 2384 256
a 2591 9136 64
a 2592 53056 256
a 2593 4768 256
a 2594 30704 64
a 2595 3455264 64
f 2083
f 1921
a 2596 9424 16
a 2597 53392 16
a 2598 7248 16
a 2599 31040 64
a 2600 7072 16
f 2202
a 2601 15136 256
a 2602 416 16
a 2603 3696 64
a 2604 1457760 16
f 2513
a 2605 1456 64
f 2046
a 2606 1920 256
f 2360
f 2379
a 2607 19680 64
a 2608 19840 256
f 1949
a 2609 1600 256
f 2516
a 2610 11856 256
a 2611 400 64
a 2612 26224 16
f 1991
f 2309
a 2613 47104 256
a 2614 58400 64
a 2615 448 256
a 2616 3392 16
a 2617 21696 16
f 1951
a 2618 736 64
a 2619 16640 64
a 2620 976 16
a 2621 2803952 64
f 2536
f 1914
f 2429
f 1679
f 2389
f 2363
f 2178
f 2592
a 2622 3568 16
a 2623 9904 256
a 2624 36400 64
a 2625 49984 256
a 2626 864 256
f 2144
a 2627 2048 64
a 2628 39728 256
a 2629 2000 16
a 2630 1824 64
a 2631 50896 16
a 2632 272 16
a 2633 1168 16
f 2368
f 2071
f 2272
f 2558
f 2168
a 2634 3216 256
f 2588
a 2635 5872 16
f 2535
a 2636 39936 16
a 2637 1536 64
a 2638 7696 16
a 2639 353504 16
f 2585
a 2640 3936 256
a 2641 1088 256
f 2172
f 2392
a 2642 416 256
f 2570
a 2643 960 16
f 2643
a 2644 16496 64
f 2590
a 2645 9744 256
f 2447
f 2045
a 2646 2896 16
f 2489
f 2612
f 2477
f 2628
f 2523
f 2614
a 2647 3728 16
a 2648 30128 64
f 2356
a 2649 3088 256
a 2650 30784 64
a 2651 7504 256
a 2652 1808 16
a 2653 384 64
a 2654 826880 256
f 2200
f 2155
a 2655 1002176 16
a 2656 52192 16
f 2553
f 2418
f 2343
a 2657 1280 16
f 1803
a 2658 31024 256
f 2176
f 2185
a 2659 33712 256
f 2382
f 1927
f 1940
f 2223
f 1514
f 2348
f 2597
f 2193
f 2462
f 2470
f 2149
f 2569
f 1826
f 1571
f 2296
f 2362
a 2660 26288 256
f 2482
f 2455
f 2436
a 2661 4016 16
f 1966
f 2575
f 2658
a 2662 55296 64
f 2662
f 958
f 2603
f 2166
a 2663 64144 64
a 2664 688 64
f 2641
f 2656
a 2665 432 16
f 2426
a 2666 2888896 64
f 2036
f 2474
f 2458
f 2479
f 2559
f 2633
a 2667 3648 256
f 1945
f 2381
f 2406
f 2529
a 2668 2912 16
f 2667
f 2520
f 2607
a 2669 54864 16
f 1689
f 2632
f 2042
f 2105
f 2666
f 2532
f 2661
a 2670 8272 16
a 2671 4025056 16
f 2027
a 2672 6864 16
f 2244
f 2451
f 2488
f 2302
f 2506
f 2457
f 2340
f 2672
f 776
f 458
f 2139
f 2052
a 2673 992 16
a 2674 928 64
f 2397
f 1864
f 2525
a 2675 848 64
f 2411
a 2676 1115888 256
f 2586
a 2677 63984 16
f 1390
f 2274
f 2676
f 2402
f 2669
f 2609
f 2318
a 2678 4960 256
a 2679 7776 256
a 2680 6992 16
f 2591
a 2681 49712 64
a 2682 4752 256
f 2646
a 2683 1808 16
a 2684 5440 16
a 2685 57856 64
a 2686 18224 256
a 2687 1472 64
f 2278
a 2688 5808 256
f 2352
a 2689 28576 64
a 2690 16512 64
a 2691 6464 256
f 2683
a 2692 694752 16
a 2693 480 16
a 2694 1879024 256
a 2695 20640 64
f 2580
f 2642
f 2420
a 2696 944 256
f 2206
f 2374
a 2697 891792 64
a 2698 11872 16
f 2589
f 2690
f 2288
f 2599
f 2323
f 2021
f 2509
a 2699 1808 64
f 2466
f 2385
f 1959
f 1947
f 2151
f 2322
f 2522
f 2689
f 2376
a 2700 20688 64
a 2701 24624 64
a 2702 14640 16
a 2703 4608 64
a 2704 21872 64
f 2528
f 2659
a 2705 4624 256
f 1976
f 2655
a 2706 40560 16
a 2707 960 64
a 2708 29488 64
a 2709 38400 16
a 2710 33040 64
a 2711 1888 16
f 2587
a 2712 3623136 256
f 2681
a 2713 6736 256
f 1167
a 2714 33168 16
a 2715 448 64
a 2716 18512 16
f 2251
a 2717 432 16
f 2369
f 2439
f 985
a 2718 1120 256
f 2576
f 2636
a 2719 1360 64
f 2277
f 1441
f 2561
f 2718
f 2453
a 2720 4816 64
f 2511
f 2396
f 2115
f 2702
f 2693
f 2554
a 2721 42448 256
f 2505
f 1971
a 2722 464 16
f 2317
a 2723 2024256 256
f 2629
f 2122
f 2673
f 2577
a 2724 57152 64
a 2725 3328 256
a 2726 55984 256
f 2615
f 2333
f 2665
f 2649
f 2555
f 1865
f 2403
f 2660
f 2698
f 2571
f 2437
a 2727 1744 16
f 1879
f 2564
f 2427
f 2598
f 2293
f 2257
f 2725
f 2538
a 2728 37344 64
f 2638
a 2729 1824 64
f 2388
f 2442
a 2730 6288 256
a 2731 818560 64
f 2652
f 2727
f 2491
f 2619
f 2452
f 2601
a 2732 4400 256
f 2079
f 2572
a 2733 6160 64
f 2627
f 2312
f 2677
f 2716
a 2734 6912 16
a 2735 6800 16
a 2736 7552 64
f 2610
a 2737 3776 64
a 2738 1152 16
a 2739 9648 64
a 2740 464 256
a 2741 1744 256
f 1943
f 2160
f 2625
a 2742 447536 256
f 2542
f 2657
f 2421
f 2651
f 2400
a 2743 2864 16
a 2744 5008 256
f 2305
a 2745 560 64
f 1626
f 1862
f 2354
f 2738
a 2746 15440 64
a 2747 3167104 256
f 2692
f 1873
f 2203
f 1357
a 2748 1472 64
f 2637
a 2749 3024 16
f 2152
f 2503
f 2412
f 2112
f 2471
a 2750 26240 64
f 1891
a 2751 11136 256
a 2752 1552 64
a 2753 33184 64
a 2754 63072 256
a 2755 40144 16
f 2703
f 2031
a 2756 2816 256
a 2757 992 64
a 2758 1264 16
a 2759 26496 64
a 2760 2772608 256
a 2761 496 256
f 2726
f 2493
f 2074
f 1524
f 2545
f 2526
f 2119
f 2557
f 2499
f 2706
a 2762 464 256
f 2207
f 2448
f 2450
f 2530
a 2763 7056 64
f 2351
a 2764 1936 256
f 2644
f 1844
a 2765 7696 64
f 1954
f 2568
f 2648
f 2070
f 2543
f 2732
f 2701
f 1993
f 2740
f 2675
a 2766 21728 64
a 2767 28768 64
f 2622
a 2768 656 16
f 2544
f 816
f 2709
a 2769 592 16
a 2770 4592 16
a 2771 663856 64
a 2772 31648 64
f 2664
f 2002
f 2565
f 1814
a 2773 330192 256
a 2774 10656 256
a 2775 39488 16
a 2776 384 64
a 2777 496 256
f 2095
a 2778 400 256
f 2751
f 2634
f 2227
a 2779 768 64
f 2546
f 2289
f 2234
a 2780 1040 256
f 2724
a 2781 59872 64
f 2685
a 2782 2192 64
a 2783 12000 16
f 2746
f 1616
a 2784 19120 256
a 2785 687600 64
a 2786 46240 256
a 2787 12640 64
a 2788 1088 64
a 2789 6976 64
f 2342
f 2752
a 2790 8432 16
a 2791 6656 16
f 2620
a 2792 44368 256
a 2793 24096 64
a 2794 10512 256
a 2795 464 256
a 2796 480 256
a 2797 43600 256
f 2574
f 2756
a 2798 487200 64
f 2067
a 2799 3936 64
a 2800 1968 256
f 2583
a 2801 560 256
f 2613
a 2802 3456 16
a 2803 4040224 256
f 1386
f 2764
f 2514
f 1416
f 2789
f 2084
f 2518
f 2760
a 2804 12368 64
a 2805 10608 64
a 2806 54800 64
f 2791
f 2785
a 2807 31680 64
a 2808 17440 256
a 2809 480 64
a 2810 512 256
a 2811 2068496 256
a 2812 8032 64
a 2813 2528 64
f 2043
f 2790
a 2814 400 16
f 2804
a 2815 2608 16
f 2285
f 2735
f 2415
f 2500
a 2816 1150272 16
f 2596
f 2282
f 2809
f 2749
f 2711
f 2216
f 2730
a 2817 44960 64
f 2184
f 2150
f 2717
f 1886
a 2818 368 256
a 2819 768 16
a 2820 7264 256
a 2821 7936 16
a 2822 460768 64
a 2823 36608 64
f 2770
a 2824 352 256
a 2825 2710352 16
f 2501
a 2826 15392 64
f 2562
f 2582
a 2827 2560 256
f 2761
f 2684
f 2465
f 2822
f 2560
f 2784
f 2328
f 2473
f 1989
f 2209
f 2087
a 2828 1520 16
f 2682
f 2631
a 2829 5840 256
a 2830 59040 256
f 2650
f 1734
a 2831 4704 256
a 2832 313616 256
f 2468
f 2460
a 2833 15952 64
a 2834 20192 16
a 2835 17376 16
a 2836 4688 256
a 2837 10352 64
a 2838 1022560 256
f 2780
f 1935
f 2729
f 2834
a 2839 13456 256
f 2407
a 2840 976 64
a 2841 272 256
a 2842 992 256
f 2635
a 2843 576 16
f 2774
f 2715
f 2461
a 2844 1168 64
a 2845 8272 16
f 2357
a 2846 3664 256
f 2766
f 2823
a 2847 4944 64
a 2848 332816 64
f 2792
f 2338
f 2140
f 2843
f 2754
f 2606
f 2205
a 2849 32016 64
a 2850 6288 256
f 1974
f 2705
f 2670
f 2654
f 2778
a 2851 927520 256
a 2852 23296 64
f 2743
f 2371
f 2748
f 2524
f 2475
a 2853 52352 16
f 2850
a 2854 608 256
a 2855 3968 256
a 2856 49248 256
a 2857 4048 16
a 2858 640 64
a 2859 20512 16
a 2860 18720 256
a 2861 12640 64
f 2859
f 2624
a 2862 14128 16
a 2863 480 64
a 2864 960 64
a 2865 32816 16
a 2866 5648 256
a 2867 3488 64
a 2868 39728 64
a 2869 55712 64
a 2870 58640 256
f 2573
a 2871 528 256
a 2872 12320 256
a 2873 23376 16
a 2874 11424 16
a 2875 864 16
a 2876 1152704 256
f 2537
a 2877 8352 256
a 2878 31424 64
a 2879 976 16
a 2880 992 64
a 2881 5008 16
f 1884
a 2882 1472 16
f 2563
a 2883 3690704 256
f 2517
a 2884 1792 64
f 1366
a 2885 14608 16
a 2886 1808 64
a 2887 1936 64
f 2191
f 2866
f 2617
f 2856
f 2808
f 2332
f 2781
a 2888 1456 16
a 2889 3978336 256
f 2327
f 2857
f 2889
f 2548
f 2001
f 2490
f 2787
f 2829
a 2890 608 16
f 2733
f 2877
a 2891 23072 16
f 2299
a 2892 40272 64
a 2893 3168 64
a 2894 640 16
f 2515
f 2496
a 2895 432 16
a 2896 4720 16
f 2891
f 1833
a 2897 4848 16
f 2688
f 2280
f 2816
f 2849
f 1611
f 2853
f 2467
f 1995
a 2898 576 64
f 2534
f 2422
a 2899 1324096 16
a 2900 672 16
a 2901 2080 256
a 2902 7280 256
f 2775
a 2903 11904 16
a 2904 2048 256
a 2905 416 16
a 2906 976 256
a 2907 10368 64
a 2908 512 64
a 2909 880 256
a 2910 1680 256
f 2174
f 2710
a 2911 10048 64
a 2912 768 16
a 2913 432 64
f 2734
a 2914 1609024 16
f 2854
f 2890
f 2832
f 2175
a 2915 2064 16
a 2916 992 64
f 2750
f 2428
f 2618
a 2917 37952 64
a 2918 912 64
a 2919 2333312 256
a 2920 784 64
f 2914
f 2815
f 2696
f 2802
f 2920
f 2878
f 2009
f 2375
f 2502
f 2107
a 2921 450272 16
a 2922 32848 64
f 1260
a 2923 8064 64
a 2924 12240 16
a 2925 3504 16
a 2926 3808 64
a 2927 1696 64
f 2839
a 2928 304 64
a 2929 1072 64
f 1917
a 2930 21232 16
f 2551
a 2931 3024 64
a 2932 6592 256
f 2901
a 2933 1360 64
a 2934 25376 64
a 2935 13600 16
a 2936 1360 64
f 2771
a 2937 336 64
a 2938 54384 256
a 2939 416 16
a 2940 18752 64
a 2941 720 16
a 2942 1232 16
a 2943 2448 16
a 2944 528 16
a 2945 2416 256
a 2946 16560 256
a 2947 23424 16
a 2948 10656 64
a 2949 1765216 16
a 2950 816 64
a 2951 1392 16
f 2773
a 2952 2475136 64
a 2953 576 256
f 2417
f 2594
f 2459
f 2794
a 2954 400 16
a 2955 704 64
a 2956 5984 64
a 2957 2900480 16
f 2848
f 2768
a 2958 2608 64
f 2762
f 2777
a 2959 3348640 256
a 2960 52960 256
f 2929
a 2961 31280 64
a 2962 48368 256
a 2963 1120 16
f 2947
f 2902
f 2867
f 2882
f 2472
f 2915
f 2413
f 2797
f 2212
f 2953
f 2931
a 2964 1898784 16
f 2579
a 2965 6128 16
f 2799
f 2881
f 2653
a 2966 480 256
f 2578
f 2378
f 2772
f 2739
a 2967 2320 64
f 2350
f 2964
a 2968 1424 16
f 2616
f 2737
a 2969 3440 256
f 2731
f 2399
f 2687
f 2034
f 2567
f 2907
f 2440
a 2970 560 16
a 2971 672 256
f 2758
f 2847
a 2972 2200496 256
f 2377
f 2971
f 2788
a 2973 560 64
f 2311
f 2930
f 2483
f 2443
f 2680
f 2949
f 2721
f 2863
a 2974 4240 256
f 2946
f 2394
f 2640
f 2875
f 2478
f 2767
f 2719
a 2975 1824 64
f 2707
f 2556
f 2826
f 2838
a 2976 1968 64
f 2824
f 2365
f 2951
f 2608
f 2626
a 2977 1748320 16
f 2905
a 2978 944 16
f 2956
a 2979 21456 64
f 2108
f 2783
f 1928
a 2980 7856 64
f 2782
a 2981 15632 16
f 2492
a 2982 2112 16
f 2549
f 2210
f 2852
f 2879
f 2893
f 2851
a 2983 6144 256
a 2984 31456 256
f 2007
f 2888
f 2963
f 2950
a 2985 29568 256
f 2039
f 2873
a 2986 38480 256
f 2895
f 1650
a 2987 960 256
f 2763
f 2974
a 2988 19728 64
f 2753
f 2384
a 2989 6032 16
f 2922
a 2990 9072 64
f 2810
f 2934
f 2341
a 2991 2320 256
f 2741
f 2941
a 2992 3792 256
f 2445
a 2993 2240 16
a 2994 2224 16
a 2995 320 16
a 2996 49184 16
f 2547
a 2997 61232 256
a 2998 43808 256
a 2999 14560 256
f 2998
a 3000 24448 64
a 3001 17584 64
a 3002 5136 16
a 3003 50448 16
a 3004 1853440 64
f 2581
f 2833
f 2183
f 2713
a 3005 384 16
f 3001
f 2645
f 2647
a 3006 2675296 16
f 2260
a 3007 22400 64
f 2800
f 2182
a 3008 2992 64
a 3009 51344 16
f 2712
a 3010 38464 16
f 2995
f 2722
f 2600
f 2869
f 2100
f 2845
a 3011 46976 16
f 2700
f 2983
a 3012 368 256
a 3013 6992 16
f 3013
a 3014 560 256
f 2798
a 3015 15456 256
f 2868
a 3016 704 16
a 3017 12800 16
a 3018 3584 64
a 3019 54448 64
a 3020 57680 256
a 3021 15760 16
a 3022 352 64
a 3023 10896 64
a 3024 3856 64
a 3025 28368 64
a 3026 28928 256
a 3027 592 256
a 3028 26000 64
a 3029 448 16
a 3030 1120 256
f 2273
a 3031 508144 16
f 3005
f 2261
f 2887
f 2942
f 2441
f 2928
a 3032 431440 16
f 2948
f 2984
f 2463
a 3033 23584 16
a 3034 46000 64
f 2742
a 3035 4816 64
a 3036 960 256
f 3021
a 3037 2864 16
a 3038 7920 16
f 2736
a 3039 33536 16
a 3040 39776 64
a 3041 8704 64
a 3042 9824 256
a 3043 327744 16
f 2395
a 3044 5312 16
a 3045 7168 16
f 3025
a 3046 1712 64
a 3047 288 256
f 2844
a 3048 784 256
a 3049 320 16
a 3050 14064 16
a 3051 15200 16
a 3052 5056 16
a 3053 60752 64
f 204
f 2903
f 2969
f 3042
f 2316
f 2153
f 1952
a 3054 7712 16
a 3055 54240 64
f 2704
a 3056 3952 64
f 2813
a 3057 352 256
a 3058 336 256
a 3059 1152 256
f 2883
a 3060 3776 256
a 3061 3152 16
a 3062 672 16
a 3063 816 16
a 3064 1504 256
a 3065 320 16
f 2674
a 3066 1184 16
a 3067 6304 16
f 2841
a 3068 27424 64
a 3069 2652160 64
a 3070 12096 64
a 3071 3520 256
a 3072 32432 256
a 3073 49776 64
f 2911
a 3074 4400 16
a 3075 28400 64
a 3076 5008 64
a 3077 6240 16
a 3078 656 64
a 3079 25360 64
a 3080 4016 16
f 3034
a 3081 384 64
a 3082 24320 64
a 3083 768 256
a 3084 1728 256
a 3085 5776 16
a 3086 384 64
f 2978
a 3087 944 16
f 2464
a 3088 34768 256
a 3089 416 256
f 2962
f 3010
a 3090 3824 64
a 3091 58656 256
a 3092 3312 64
a 3093 352 16
a 3094 21360 64
a 3095 368 64
a 3096 3518832 64
a 3097 28272 16
f 3030
f 3073
f 2605
f 2872
f 3012
a 3098 849088 64
f 2945
a 3099 7920 64
f 3089
f 3007
f 2686
f 3017
f 1969
f 2595
a 3100 512 256
a 3101 976 64
f 3065
f 2986
a 3102 7344 16
a 3103 6176 64
f 3006
a 3104 14480 16
a 3105 880 256
f 3094
a 3106 400 16
a 3107 480 64
f 2623
a 3108 29104 16
f 2862
a 3109 480 256
a 3110 400 64
a 3111 368 256
f 3014
a 3112 7072 16
a 3113 26416 16
f 3052
a 3114 336 16
f 2960
f 2924
a 3115 1824 64
a 3116 573376 256
a 3117 53792 256
a 3118 864 64
a 3119 1360 64
a 3120 1632 64
a 3121 1200 64
a 3122 22176 64
a 3123 1584 16
f 3024
a 3124 22400 16
f 3107
a 3125 29616 16
a 3126 20800 64
a 3127 400 64
a 3128 50720 16
f 3035
a 3129 736 64
a 3130 14112 16
a 3131 8112 256
a 3132 14608 16
a 3133 304 256
a 3134 2320 64
a 3135 496 256
a 3136 656 256
a 3137 2016 256
a 3138 7072 256
f 2975
a 3139 65184 64
a 3140 1136 16
a 3141 5712 64
a 3142 9984 64
a 3143 672 16
f 2977
a 3144 11264 64
a 3145 10928 16
f 2755
f 2933
f 2253
f 2825
f 3078
a 3146 2736 64
c op-6000
a 3147 22512 256
a 3148 7888 256
a 3149 1536 64
a 3150 3616 256
a 3151 2016 16
a 3152 6128 256
f 3105
a 3153 2576 16
a 3154 1968 64
a 3155 480 64
a 3156 352 64
a 3157 6368 64
f 2765
f 2593
a 3158 480 16
a 3159 10240 64
a 3160 3136144 64
a 3161 369488 256
a 3162 20720 256
a 3163 1488 256
a 3164 949840 16
f 2973
a 3165 33904 256
a 3166 9280 64
f 2957
f 3066
a 3167 1923552 256
f 2917
a 3168 7712 256
a 3169 49536 256
a 3170 25328 64
a 3171 21744 16
a 3172 2112 256
a 3173 8144 256
a 3174 17984 256
a 3175 336 256
a 3176 2288 16
a 3177 6592 64
a 3178 3294736 64
f 3140
f 3092
f 3128
f 3172
f 2970
f 2982
f 2504
f 3084
f 3152
a 3179 570640 16
a 3180 416 256
a 3181 1600 64
f 3112
f 2162
f 2885
a 3182 12480 64
a 3183 384 16
f 3118
f 2990
a 3184 7472 64
f 3132
f 3101
f 2265
f 2430
f 3141
f 2896
f 3085
f 3044
f 3162
a 3185 501024 64
f 3138
f 2994
f 2720
f 2909
f 2602
a 3186 52800 16
f 3148
a 3187 3088 16
a 3188 15536 64
a 3189 368 64
a 3190 4384 256
f 2935
f 3032
f 3136
f 2861
a 3191 350016 256
f 2817
a 3192 784 64
f 2723
f 2830
f 2805
a 3193 8912 16
f 2694
f 3111
f 3076
a 3194 18176 256
f 2976
f 2993
a 3195 784 64
f 3144
a 3196 16304 256
f 2996
a 3197 976 256
a 3198 1856 64
a 3199 14944 16
a 3200 1328 256
f 2886
f 3153
a 3201 21008 16
f 2837
f 2814
a 3202 33840 16
a 3203 6048 16
a 3204 2304 256
a 3205 51136 16
a 3206 544 256
a 3207 768 64
a 3208 8016 256
f 3036
f 2330
a 3209 1840 256
f 3191
a 3210 1040 256
a 3211 496 16
f 2714
a 3212 4160 64
a 3213 576 16
a 3214 496 256
f 2913
a 3215 15024 16
a 3216 20336 256
a 3217 704 16
f 2776
f 3109
a 3218 61472 16
a 3219 48384 16
a 3220 10480 256
a 3221 832 64
a 3222 960 256
a 3223 24288 16
a 3224 29424 256
f 2812
a 3225 336 64
a 3226 4432 64
f 3048
a 3227 31232 256
f 3117
a 3228 720 64
a 3229 1008 64
a 3230 3856 256
a 3231 816 256
f 2819
a 3232 880 16
a 3233 4032 64
a 3234 46304 256
a 3235 608 16
f 3110
a 3236 896 256
a 3237 288 64
a 3238 7280 64
a 3239 2576 16
a 3240 33280 16
a 3241 3565792 64
f 3237
a 3242 448 64
f 3149
f 2801
f 3130
f 3124
f 3079
a 3243 27536 256
f 3129
f 2944
f 3139
a 3244 1632 256
f 3103
f 3156
a 3245 2704 64
f 2668
f 2842
f 3146
f 2884
f 3192
f 3009
a 3246 5152 64
a 3247 1696 256
f 3143
a 3248 832 64
f 3203
f 2860
f 3161
f 2921
a 3249 688 64
a 3250 2256 256
f 3127
f 3187
a 3251 21408 16
a 3252 24080 64
f 2671
a 3253 464 16
a 3254 2085232 64
a 3255 26816 64
f 2968
f 2835
f 3134
a 3256 19840 64
a 3257 512 16
f 2757
a 3258 352 64
a 3259 21552 64
a 3260 960 16
a 3261 1120 64
f 3182
f 3070
a 3262 29952 64
a 3263 779360 16
f 3233
f 3245
a 3264 1440 256
a 3265 14976 16
a 3266 2624 256
f 1770
a 3267 27472 16
a 3268 1424 16
a 3269 30576 64
f 3000
a 3270 1812320 64
f 3049
a 3271 51648 64
f 2910
f 2806
f 2864
a 3272 496 256
f 2955
a 3273 7760 256
f 3075
f 3106
f 3054
f 3263
a 3274 5696 256
a 3275 55600 64
f 2495
f 3231
f 2807
a 3276 12080 256
a 3277 1328 16
a 3278 28560 256
f 3251
f 3169
a 3279 43504 64
f 2566
a 3280 576 64
a 3281 1206448 64
f 2919
a 3282 31776 64
a 3283 13760 64
a 3284 9632 16
a 3285 592 16
f 3131
f 2991
f 3023
a 3286 1221280 16
f 2487
a 3287 29488 64
a 3288 992 256
f 2898
a 3289 928 64
a 3290 16624 256
a 3291 47424 64
a 3292 1136 16
a 3293 2240 256
a 3294 12608 256
a 3295 14352 64
a 3296 17616 256
a 3297 352 256
a 3298 272 256
a 3299 24400 16
a 3300 2744320 256
f 3266
f 3275
f 3051
f 3283
a 3301 496 16
a 3302 1568 64
a 3303 896 256
a 3304 28960 64
a 3305 1136 16
a 3306 1965424 16
f 2786
f 2985
a 3307 51568 256
f 2936
f 3268
f 3114
f 3037
f 3258
f 3205
a 3308 8448 64
f 3213
f 2793
a 3309 31904 256
f 3301
a 3310 3395056 256
f 3195
f 3225
f 3125
f 2836
a 3311 1504 64
f 3296
f 3166
f 3220
a 3312 25696 16
a 3313 46352 16
f 3201
f 3249
f 2691
a 3314 4704 256
a 3315 4480 64
a 3316 45264 256
f 3033
f 2874
f 2521
f 3303
f 3183
f 3095
f 3015
f 3222
a 3317 57328 256
f 3285
f 3297
f 3164
f 2811
f 3243
f 3308
f 3200
f 3158
f 2409
a 3318 624 256
f 3181
f 3099
f 3083
f 2759
f 3235
f 3299
a 3319 1024 256
f 3271
f 3178
f 3058
a 3320 496 256
a 3321 1200 256
a 3322 20512 16
a 3323 720 64
a 3324 287360 16
a 3325 1424 256
a 3326 5008 256
a 3327 992 16
a 3328 7024 16
a 3329 832 256
a 3330 736 64
a 3331 2752 256
a 3332 7488 16
f 2803
a 3333 35200 64
a 3334 358544 16
a 3335 298624 256
a 3336 13840 16
f 3307
a 3337 1152 64
a 3338 15728 16
a 3339 432 16
f 3039
a 3340 3344 256
a 3341 704 16
a 3342 16112 64
f 3189
a 3343 24592 256
f 3204
f 3209
a 3344 1064624 64
a 3345 1472 64
f 3323
a 3346 432 256
f 3276
f 3242
a 3347 6528 16
a 3348 992 64
a 3349 4768 64
f 2604
a 3350 672 16
a 3351 24496 16
f 2639
f 3261
a 3352 1104 16
a 3353 56720 64
a 3354 61504 64
a 3355 8912 16
a 3356 1857632 64
f 3286
f 2831
f 3334
a 3357 6544 64
a 3358 976 64
a 3359 29808 64
a 3360 52480 256
a 3361 10480 256
a 3362 368 256
a 3363 736 64
a 3364 5664 256
a 3365 320 256
f 3267
f 3068
a 3366 480 64
f 3329
a 3367 976 64
a 3368 721792 64
f 3292
a 3369 267664 64
a 3370 688 64
a 3371 21184 256
a 3372 800 64
f 2173
f 3097
f 2961
f 2663
a 3373 1712 64
f 3168
a 3374 40416 16
f 3287
a 3375 16272 256
a 3376 3120 256
f 3060
f 3028
a 3377 10672 64
a 3378 7216 256
a 3379 3632 16
a 3380 11936 16
a 3381 62256 256
f 3269
a 3382 2464 16
a 3383 8176 64
f 3282
a 3384 11680 16
f 3180
a 3385 10144 256
a 3386 27552 256
a 3387 3776 64
a 3388 523824 256
a 3389 56016 16
a 3390 1024 64
a 3391 1819328 256
f 2697
a 3392 10192 16
a 3393 42016 256
a 3394 57088 16
f 3171
a 3395 7776 256
a 3396 488736 256
a 3397 2640 64
a 3398 59552 64
a 3399 480 256
a 3400 832 256
a 3401 2769216 256
a 3402 1296 16
f 2999
f 3241
a 3403 61520 16
a 3404 21648 64
a 3405 3728 16
a 3406 15520 256
a 3407 3728 16
f 3359
a 3408 496 64
a 3409 320 64
a 3410 6352 64
a 3411 7232 256
a 3412 448 64
f 2880
f 2795
a 3413 7344 256
a 3414 2400 64
a 3415 5536 256
a 3416 336 16
f 3333
a 3417 272 64
a 3418 1088 256
a 3419 528 16
a 3420 4688 64
f 3104
a 3421 1392 256
a 3422 848 64
a 3423 19152 64
a 3424 19168 64
a 3425 1440 256
a 3426 1664 256
a 3427 61072 256
a 3428 1424 16
a 3429 19024 256
a 3430 8848 16
a 3431 16000 64
a 3432 6448 16
a 3433 30896 16
a 3434 20688 16
a 3435 28224 64
f 3228
f 2855
f 3350
f 3300
a 3436 1760 64
f 3385
a 3437 32128 16
a 3438 304 64
f 3388
f 3211
a 3439 2720 64
a 3440 656 256
a 3441 645856 16
a 3442 368 64
a 3443 704 256
f 3310
a 3444 26976 16
a 3445 688 256
a 3446 6144 256
a 3447 29696 64
a 3448 2208 64
f 2051
a 3449 26416 64
f 3341
f 2892
a 3450 1888 256
a 3451 1696 64
a 3452 57104 256
a 3453 41184 256
a 3454 416 256
a 3455 1632 256
a 3456 3712 16
a 3457 2688 64
a 3458 2102752 256
a 3459 816 16
a 3460 5920 16
a 3461 1616 64
a 3462 1648 256
a 3463 61216 16
f 2747
f 2943
a 3464 31232 256
a 3465 5008 16
f 3047
a 3466 60704 256
a 3467 11232 256
f 3374
a 3468 736 64
f 3020
f 3082
f 3239
f 3108
a 3469 13296 256
a 3470 2016 64
a 3471 465312 16
a 3472 528 16
a 3473 512 16
a 3474 400 16
a 3475 992 256
a 3476 448 64
f 3361
a 3477 6784 256
a 3478 37952 16
a 3479 784 256
f 3176
a 3480 877088 16
a 3481 2416 64
a 3482 55392 256
a 3483 2800 16
f 3422
a 3484 63312 64
a 3485 13280 256
a 3486 2496 64
a 3487 1040 64
a 3488 2368 16
a 3489 15920 16
a 3490 912432 16
a 3491 3996640 256
f 3120
a 3492 1488 64
a 3493 15472 64
a 3494 2784 16
a 3495 18032 64
a 3496 8208 256
f 2827
a 3497 61120 256
a 3498 368 64
a 3499 1913664 256
a 3500 416 16
a 3501 7120 16
a 3502 2752 64
a 3503 53680 64
a 3504 560 256
a 3505 5712 16
a 3506 19200 64
a 3507 4112 256
a 3508 3760 64
a 3509 21632 64
a 3510 5488 16
a 3511 688 64
f 3353
f 3378
f 3316
a 3512 950848 64
f 3337
a 3513 2672 256
f 2541
a 3514 1536 256
a 3515 736 16
a 3516 46736 256
f 3278
f 3505
a 3517 53136 64
f 3496
f 3399
f 3313
a 3518 1392 16
a 3519 528 256
a 3520 1808 256
f 3254
a 3521 7968 16
a 3522 480 64
a 3523 31392 16
f 3499
a 3524 15392 16
a 3525 346528 64
f 2918
a 3526 608 64
a 3527 8368 64
a 3528 1632 16
a 3529 3456 16
a 3530 5712 16
a 3531 3279136 256
a 3532 20672 64
a 3533 7328 64
a 3534 7680 64
f 3418
a 3535 45488 16
f 3386
a 3536 4480 256
a 3537 928 16
f 3435
a 3538 1728 256
f 2695
f 3273
a 3539 1744 256
a 3540 1152 16
a 3541 288 64
a 3542 13936 256
f 3055
a 3543 25936 64
a 3544 32640 64
a 3545 368 256
a 3546 4096 64
a 3547 288 256
a 3548 42288 64
a 3549 864 256
a 3550 33664 64
a 3551 65312 64
a 3552 1152 16
a 3553 11504 256
a 3554 512 64
a 3555 13888 16
a 3556 44336 256
a 3557 2864 64
a 3558 960 16
a 3559 29264 256
a 3560 2224 16
a 3561 40256 16
f 3295
f 3321
a 3562 2172944 16
f 3519
a 3563 11664 256
a 3564 1664 64
f 3050
f 3331
f 3504
f 2908
f 3457
f 3509
f 3257
f 3270
f 3232
f 3306
a 3565 2816 256
a 3566 1840 16
f 3396
a 3567 9184 16
a 3568 1744 16
f 3503
a 3569 1624144 16
a 3570 8208 64
a 3571 3840 64
a 3572 10128 256
a 3573 39488 16
a 3574 52560 64
f 3238
a 3575 37648 256
a 3576 864 256
a 3577 1488 256
a 3578 320 64
a 3579 1840 256
a 3580 1264 16
a 3581 336 256
a 3582 2576 64
a 3583 1376 16
a 3584 944 64
a 3585 14992 256
a 3586 384 16
a 3587 912 64
a 3588 7616 256
a 3589 2059584 16
f 2865
f 3294
f 3506
a 3590 752 256
f 2967
f 1698
f 3479
a 3591 3728 256
f 3454
f 3546
f 3559
f 3525
a 3592 39360 16
f 3122
f 3558
f 3038
a 3593 35712 64
f 3016
f 3475
a 3594 320 256
f 3512
a 3595 7312 16
a 3596 15376 64
f 3511
f 3544
f 3041
f 3212
f 3424
f 3259
a 3597 848 16
f 3427
f 3383
a 3598 480 64
a 3599 1344 16
a 3600 26080 64
a 3601 1248544 16
f 3227
f 3404
a 3602 2032 256
a 3603 3120 64
f 3102
f 2988
a 3604 7920 64
f 3413
a 3605 30400 16
f 3593
a 3606 1456 256
f 3324
f 3126
f 2088
f 3093
f 3206
f 3466
a 3607 1184 256
f 3246
f 3440
f 3356
f 3530
a 3608 22272 16
a 3609 3952 64
a 3610 3296 16
a 3611 2240 16
f 3069
a 3612 39408 64
f 3234
a 3613 1525200 64
f 2980
a 3614 768 64
a 3615 304 16
f 3597
a 3616 59568 64
f 2966
a 3617 25584 16
a 3618 4784 256
a 3619 33328 16
a 3620 464 16
a 3621 31520 16
a 3622 7360 256
f 3290
a 3623 15440 16
a 3624 784 16
a 3625 400 64
a 3626 288 16
a 3627 40240 64
a 3628 4624 256
a 3629 28960 16
a 3630 4336 64
a 3631 17504 16
a 3632 480704 256
a 3633 592 16
a 3634 928 64
a 3635 688 16
a 3636 1024 16
a 3637 3120 256
a 3638 1744752 16
f 3373
f 3040
f 3516
f 3407
a 3639 3409840 16
f 3449
f 3008
a 3640 912 16
f 3574
a 3641 432 256
f 2744
f 2550
f 3589
a 3642 1664 64
f 3346
f 3165
f 3184
f 3188
f 3452
f 3491
a 3643 301728 64
a 3644 2176 16
a 3645 4704 16
a 3646 3104 256
a 3647 592 64
a 3648 1136 64
a 3649 18672 256
f 3170
a 3650 298688 64
a 3651 26624 16
f 3223
a 3652 1920 16
a 3653 55696 16
a 3654 7712 256
a 3655 768 16
a 3656 62160 16
a 3657 54176 16
a 3658 1338880 16
a 3659 4736 16
a 3660 720 64
a 3661 19760 64
f 3650
a 3662 1408 16
a 3663 15872 16
a 3664 14784 16
a 3665 7136 256
a 3666 7360 256
a 3667 1072 64
a 3668 59952 64
f 2552
a 3669 2096 64
a 3670 1642928 64
a 3671 928 256
f 3119
f 3375
f 3416
f 3026
f 2531
f 3572
f 3265
f 3429
a 3672 544 256
f 3043
a 3673 4992 64
f 3208
f 3515
a 3674 415712 256
f 3336
a 3675 9280 256
f 2779
f 3526
a 3676 5792 64
a 3677 14384 256
a 3678 272 256
f 3091
f 3415
f 3549
f 3602
f 2728
a 3679 21728 16
a 3680 1992752 256
f 3062
f 3087
f 2992
f 3135
f 3100
f 3226
a 3681 6160 64
f 3410
f 3406
f 3392
f 2820
f 3529
f 3382
a 3682 21008 16
a 3683 21200 16
a 3684 1441472 64
f 3644
a 3685 328160 256
a 3686 12288 16
f 3389
f 3450
f 3614
f 3332
f 3510
a 3687 1088 256
a 3688 40544 16
f 3497
f 3502
f 3264
f 3680
a 3689 5728 64
a 3690 816 256
a 3691 7168 256
f 3537
a 3692 14048 256
f 3646
f 3605
f 3681
f 3596
f 3056
f 2846
a 3693 63600 16
f 3409
a 3694 336 256
f 3174
f 3421
f 3552
a 3695 7856 256
a 3696 22272 16
a 3697 1248 64
a 3698 545584 256
f 3159
f 3357
a 3699 37968 16
f 3639
a 3700 608 64
a 3701 24640 64
a 3702 22000 256
a 3703 592 64
f 2906
f 3053
a 3704 14176 256
f 3689
f 3490
a 3705 11840 16
a 3706 640 16
a 3707 4224 64
a 3708 928 64
a 3709 592 256
a 3710 353872 256
a 3711 400 64
a 3712 8016 64
f 3655
a 3713 35616 16
a 3714 3360 256
a 3715 400 16
a 3716 3744 64
a 3717 976 64
a 3718 288 16
a 3719 5952 16
a 3720 1152 64
a 3721 306096 256
f 3471
a 3722 512 256
a 3723 304 256
a 3724 464 64
a 3725 768 256
a 3726 896 64
a 3727 2032 64
a 3728 60720 64
f 3464
a 3729 2672 64
a 3730 56032 64
f 3214
a 3731 832 16
f 3679
a 3732 864 64
a 3733 8480 256
f 3465
a 3734 3117152 16
f 3202
a 3735 416 64
f 3280
f 3600
f 3677
f 3370
f 2876
f 3590
f 3620
a 3736 40848 256
a 3737 14896 16
f 3635
f 3461
a 3738 26656 16
f 3436
f 2708
a 3739 65488 256
a 3740 3660048 64
f 3636
f 2972
a 3741 304 256
f 3721
f 3737
f 3594
f 3653
a 3742 2311616 256
a 3743 832 64
f 3648
f 3711
f 3027
f 3363
a 3744 11968 256
f 3230
f 3327
f 3472
a 3745 912 16
f 3664
f 3163
f 3314
f 3693
f 3668
f 3722
f 3569
f 3279
a 3746 288 256
f 3425
f 3019
f 3059
a 3747 400 16
f 2997
f 3640
a 3748 1936 256
a 3749 5328 256
a 3750 25024 64
f 3698
a 3751 1171408 64
f 3437
f 3343
f 3145
f 3320
f 2894
f 3729
f 3746
f 2937
f 3417
f 3623
f 3690
f 3376
f 3408
a 3752 352 256
a 3753 1008 256
f 3687
a 3754 288 16
f 3484
a 3755 683408 256
a 3756 5632 256
f 3588
f 3586
f 3678
f 3488
f 3714
f 3115
f 2965
f 3177
a 3757 1632 256
f 3736
f 3734
f 3360
f 3345
a 3758 832 256
a 3759 784 64
f 1780
f 3617
a 3760 6192 256
f 3669
f 3173
f 3441
f 2858
f 3444
f 3151
f 2938
f 3372
f 3649
f 3281
f 3637
a 3761 58880 64
f 3540
a 3762 15472 64
a 3763 15824 256
f 3750
a 3764 15024 64
a 3765 15760 256
f 3218
f 2539
a 3766 61280 16
a 3767 19488 64
a 3768 6464 256
a 3769 45808 16
a 3770 18624 64
f 3489
a 3771 6640 64
a 3772 822992 256
a 3773 1264 256
a 3774 20576 16
f 3366
a 3775 1248 256
f 3196
f 3428
f 2745
a 3776 5024 16
a 3777 15792 16
a 3778 928 64
a 3779 13840 16
a 3780 384 16
a 3781 60352 256
f 3116
a 3782 8576 16
a 3783 5632 64
a 3784 912 16
a 3785 288 256
a 3786 13344 16
a 3787 16080 256
a 3788 16112 64
a 3789 5936 16
a 3790 496 64
a 3791 1040 256
a 3792 2506992 64
a 3793 25824 256
a 3794 13664 16
f 3767
f 3090
f 2912
f 3724
f 3470
f 3031
f 3611
f 3756
f 2165
f 3587
f 3198
f 3137
f 3578
f 3789
f 3694
a 3795 5520 16
f 3627
f 3244
f 3584
f 3003
f 3364
f 3433
f 3622
f 3371
f 3625
a 3796 51520 64
f 3673
f 3411
a 3797 384 16
a 3798 496 16
f 3348
f 2959
a 3799 2224 16
f 2987
a 3800 704 16
a 3801 2790368 256
f 3221
f 3642
f 2313
f 3670
a 3802 24176 256
a 3803 45984 64
a 3804 18272 16
a 3805 12256 16
a 3806 12944 64
a 3807 1920 256
f 3390
a 3808 5008 16
a 3809 58896 64
a 3810 512 256
a 3811 335696 64
a 3812 336 256
a 3813 10496 64
a 3814 2144 16
a 3815 2720 256
f 3133
a 3816 622192 16
a 3817 16640 16
f 3057
f 3706
a 3818 5680 64
f 3543
a 3819 343584 16
f 3806
f 3609
a 3820 496 16
f 3802
f 3715
a 3821 6960 16
f 3744
f 3719
f 3481
f 3072
f 3595
f 3412
f 3517
f 3531
a 3822 1424 256
a 3823 434752 64
a 3824 1888 64
a 3825 6016 256
a 3826 4352 64
a 3827 12528 256
a 3828 2768 256
a 3829 768 64
f 3826
a 3830 352 16
a 3831 3959712 16
a 3832 336 256
f 3405
a 3833 4656 16
f 3500
f 3638
a 3834 52544 256
f 3743
a 3835 30512 256
a 3836 656 64
a 3837 416 16
a 3838 7696 16
a 3839 2688 16
a 3840 768 64
a 3841 14064 256
a 3842 736 256
f 3365
a 3843 8896 16
a 3844 272 256
f 3236
a 3845 788016 16
a 3846 1280 64
a 3847 1072 256
f 2275
f 2916
f 3492
f 3652
f 3662
a 3848 36064 16
f 3186
f 3480
f 3819
f 3318
f 3532
a 3849 5696 16
a 3850 6176 16
a 3851 17056 16
a 3852 2416 64
a 3853 498352 16
a 3854 1984 256
a 3855 3824 64
a 3856 1648 64
f 3692
a 3857 592 16
a 3858 7168 16
a 3859 1008 64
a 3860 24512 256
f 3857
f 3675
f 3583
a 3861 1536 256
a 3862 3657072 64
f 3463
a 3863 11152 256
f 3431
f 3339
f 3663
f 3071
a 3864 11936 256
f 3482
a 3865 992 16
f 3727
f 3696
f 3716
f 3604
a 3866 1168 256
f 3575
a 3867 464 64
f 3381
f 3446
f 3832
a 3868 1184 256
f 3018
a 3869 24192 16
f 3501
f 3608
a 3870 336 64
f 3790
f 3607
f 3598
a 3871 348000 64
f 3538
f 3493
f 3419
f 3485
f 3335
f 3660
f 3619
f 3603
a 3872 3712 16
f 3342
f 3863
a 3873 25952 16
f 3859
f 3860
f 3580
a 3874 8960 64
f 2679
a 3875 864 64
f 3527
f 3474
f 2904
f 3732
f 3875
f 3557
f 3330
a 3876 937536 256
f 3728
f 3864
f 3632
f 3467
f 3749
f 3507
f 3210
a 3877 2129072 64
f 3822
f 3757
a 3878 49520 64
f 3844
f 3045
f 1739
f 2678
f 3601
f 3682
f 3705
f 1368
f 3328
f 2137
f 3459
a 3879 27792 16
f 2611
f 3778
f 3807
f 2981
f 3831
f 3414
f 3794
a 3880 784 256
f 3759
f 2932
f 3434
f 3167
a 3881 7744 16
a 3882 6000 256
a 3883 4336 256
a 3884 5232 16
a 3885 438208 16
a 3886 3072 256
a 3887 4816 16
f 3518
a 3888 672 64
a 3889 1744 256
a 3890 37696 256
f 3805
a 3891 30752 64
a 3892 1808 16
a 3893 32144 64
a 3894 64080 16
a 3895 288016 256
a 3896 6720 256
a 3897 288 16
a 3898 25504 16
a 3899 40464 256
a 3900 1120 16
f 3563
f 3553
a 3901 1575936 64
a 3902 58656 16
f 3248
f 2219
f 3551
f 3754
a 3903 1952 64
f 3846
f 3713
f 3824
f 3880
f 3634
f 3836
a 3904 2767280 256
a 3905 7936 64
f 3895
a 3906 1408 256
a 3907 9840 64
a 3908 37008 256
a 3909 23376 16
f 3426
f 3851
f 3468
f 3878
a 3910 2400 16
a 3911 41728 16
f 3781
f 3380
f 3666
f 3154
a 3912 1072 64
f 3579
f 3121
f 3814
f 3665
f 3866
f 3550
a 3913 46416 64
a 3914 35344 64
f 2630
f 3291
f 3817
f 3782
f 3909
a 3915 1376 256
a 3916 7952 16
a 3917 8944 64
a 3918 11920 256
f 3766
f 3253
a 3919 3840 16
f 3613
a 3920 3680 64
f 3624
f 3029
a 3921 7536 16
f 3367
f 3430
f 3610
f 3319
a 3922 1536 256
a 3923 10624 64
f 2897
f 3731
f 3571
f 3486
f 3229
f 3783
a 3924 10848 256
f 2899
f 3816
a 3925 1904 64
a 3926 4944 256
a 3927 1552 16
a 3928 36208 16
f 3247
a 3929 1350768 256
f 3576
f 3554
a 3930 3888 256
a 3931 784 16
a 3932 2736 256
f 2958
a 3933 3190864 16
a 3934 816 64
f 2840
f 3839
f 3352
a 3935 7888 64
f 3900
a 3936 2640 256
f 3821
f 3818
a 3937 336 256
f 3458
f 3921
f 3002
f 3890
f 2818
f 3922
a 3938 480 16
f 3629
f 3379
f 3498
f 3661
f 3763
f 3835
f 3567
a 3939 800 16
f 3521
f 2170
f 3867
a 3940 15072 16
a 3941 24368 16
f 3354
f 3338
f 3748
f 2828
f 3804
f 3460
f 3577
f 3175
f 3796
f 3801
a 3942 832 256
a 3943 28816 256
a 3944 544 64
a 3945 1040 16
f 3701
a 3946 50000 16
a 3947 656 256
a 3948 656 16
f 3615
a 3949 38048 64
a 3950 800 256
a 3951 3984 256
f 3841
a 3952 6080 16
a 3953 1024 16
f 3882
a 3954 416 16
a 3955 1168 16
a 3956 1744 16
a 3957 65072 64
a 3958 30240 256
a 3959 32464 16
a 3960 63216 16
a 3961 1456 16
a 3962 13808 64
a 3963 25952 16
a 3964 768 256
f 3704
a 3965 8592 16
a 3966 272 16
f 3798
a 3967 28912 16
a 3968 33616 256
a 3969 21296 256
a 3970 2077984 256
f 3924
a 3971 55152 256
a 3972 20384 256
f 3566
f 3968
f 3930
a 3973 14608 256
f 3400
a 3974 1024 64
f 3397
f 3948
f 3185
f 3936
f 2952
f 3906
f 3791
a 3975 3312 16
a 3976 3536 256
a 3977 2640 64
a 3978 2688 256
f 3534
a 3979 59712 16
a 3980 19568 16
f 3764
a 3981 8352 16
a 3982 416 256
f 3113
f 3970
f 3828
f 3219
a 3983 22096 256
a 3984 753648 16
f 3302
f 3697
f 3942
a 3985 60608 64
a 3986 61536 16
f 3423
a 3987 1696 64
a 3988 6816 16
a 3989 465792 16
f 3934
f 3305
a 3990 14512 256
a 3991 1504 256
f 3899
a 3992 1072 16
a 3993 608 16
a 3994 10224 64
a 3995 16320 256
a 3996 40128 256
a 3997 288 64
a 3998 56032 16
a 3999 7744 256
a 4000 53360 64
a 4001 336 16
a 4002 20720 16
a 4003 23904 64
a 4004 1472 256
a 4005 3392 16
a 4006 3895744 64
f 3943
f 3853
a 4007 971152 64
f 3969
a 4008 7456 64
f 3274
f 3897
f 3712
a 4009 2528 16
f 3967
a 4010 832 16
a 4011 44592 256
f 3651
f 3913
f 3813
f 3215
f 3190
f 3096
a 4012 59232 256
a 4013 11680 16
f 3779
f 3207
a 4014 1008 64
f 3656
a 4015 8336 64
a 4016 272 64
f 3325
a 4017 1872 16
a 4018 816 16
a 4019 5520 256
a 4020 3392 64
a 4021 6800 256
f 3621
a 4022 5744 64
a 4023 368 16
a 4024 1136 256
a 4025 3280 256
a 4026 24384 16
a 4027 35632 64
a 4028 3600 256
f 3931
a 4029 846736 16
a 4030 7664 256
a 4031 576 256
a 4032 20944 64
a 4033 3536 64
a 4034 19696 256
f 4021
a 4035 48592 16
f 3702
a 4036 1842960 64
f 3785
f 3628
f 3982
a 4037 416 16
f 3965
f 3476
f 4005
f 3351
f 3869
a 4038 4624 16
f 3823
f 3659
f 4024
a 4039 775648 256
f 4037
a 4040 752 16
f 3063
f 4034
f 4000
f 3568
f 3565
f 3901
a 4041 919488 16
f 3703
f 3688
a 4042 5232 16
a 4043 48976 64
f 3700
f 3344
f 3322
f 3742
a 4044 1552 256
a 4045 51328 64
f 3674
a 4046 19008 256
a 4047 26432 256
a 4048 7568 64
a 4049 60128 256
a 4050 12160 64
f 3695
a 4051 8416 64
a 4052 13056 256
f 3956
a 4053 416 64
a 4054 5120 256
a 4055 368 64
f 3752
a 4056 4192 16
a 4057 316992 256
a 4058 896 16
a 4059 3816928 16
f 3046
a 4060 10752 256
a 4061 288 16
a 4062 47312 64
f 3250
a 4063 1744 256
a 4064 6176 256
a 4065 528 16
f 3683
f 3978
f 3455
f 4055
f 3770
f 3935
f 3495
f 3626
f 3810
f 4058
f 4014
f 3064
f 3738
f 4063
f 4029
f 4057
a 4066 4416 64
f 3494
f 2989
f 4040
f 3833
f 3820
f 3349
f 4065
a 4067 3440 256
f 4013
f 3868
f 3564
f 3877
a 4068 336 64
a 4069 306848 256
f 3541
f 3547
a 4070 3296 16
a 4071 8656 16
a 4072 674560 16
a 4073 45728 64
a 4074 32704 64
a 4075 1689280 256
f 3929
a 4076 416 64
a 4077 16240 64
a 4078 49168 64
a 4079 12816 64
f 3886
f 3933
a 4080 24448 256
a 4081 344560 256
a 4082 55936 256
f 3815
f 3067
f 3902
a 4083 45184 64
a 4084 2528 256
a 4085 4672 64
a 4086 288 16
a 4087 432 256
f 2870
a 4088 5088 16
f 3990
a 4089 2736 16
f 3155
a 4090 3049792 256
f 3971
f 3865
f 3780
a 4091 4720 256
f 3645
f 3377
f 3775
a 4092 2336 256
f 3633
f 3384
f 3672
f 4081
a 4093 336 16
a 4094 992 256
f 3751
a 4095 55712 64
a 4096 3376 256
a 4097 352 16
a 4098 11856 64
f 3252
a 4099 1776 256
a 4100 6240 256
a 4101 8048 16
a 4102 43984 64
a 4103 1936 256
a 4104 26032 16
a 4105 37696 16
a 4106 13936 64
f 3216
a 4107 51184 64
a 4108 1486384 64
f 3892
f 3951
f 3522
f 2410
f 3573
f 3562
a 4109 3049824 16
f 3987
a 4110 10576 64
a 4111 16256 64
f 3784
f 3974
a 4112 57744 256
f 3717
f 4032
f 3808
f 3647
a 4113 45472 256
f 3803
f 3950
a 4114 1360 256
f 3658
f 2796
f 3944
f 4084
a 4115 51408 256
a 4116 1296 256
a 4117 352 64
a 4118 1200 256
a 4119 42528 64
f 3255
f 2927
a 4120 1840 256
f 4089
a 4121 12512 16
a 4122 52592 64
f 3989
a 4123 11600 16
a 4124 1520 16
f 4090
a 4125 20736 256
f 4112
a 4126 11440 16
f 3793
a 4127 3536 16
f 4011
a 4128 539856 16
a 4129 52784 16
a 4130 608 16
a 4131 816 256
a 4132 511904 256
a 4133 310704 256
f 4104
a 4134 576 64
a 4135 1000352 64
a 4136 5696 16
f 4083
a 4137 2096 16
a 4138 23888 16
a 4139 4080 256
a 4140 1797808 64
f 3947
f 3641
f 4087
f 3799
f 3884
f 2954
a 4141 42640 16
f 3147
f 4113
f 3786
f 3011
f 4028
f 4096
f 4093
f 3856
a 4142 2048 16
f 3887
f 4122
f 3561
f 4026
f 3277
f 4131
f 4042
f 2926
a 4143 848 16
a 4144 1024 16
f 3362
a 4145 1664 64
f 3795
f 4076
f 3723
f 3081
f 4115
a 4146 7888 16
f 4142
f 3391
f 3197
f 3896
f 3758
a 4147 732240 256
a 4148 3168 64
a 4149 350944 256
a 4150 61936 256
a 4151 544 16
a 4152 1296 256
a 4153 544 64
f 3825
a 4154 39984 16
a 4155 333120 256
a 4156 5392 256
a 4157 48224 64
a 4158 12336 256
a 4159 17296 64
f 4132
a 4160 20304 64
f 3918
a 4161 57344 256
a 4162 4752 64
a 4163 10304 16
a 4164 21360 64
f 4126
a 4165 23008 16
a 4166 3872 16
a 4167 1391536 256
f 4067
f 3240
f 3592
a 4168 2649120 256
a 4169 7680 64
a 4170 864 256
f 3439
a 4171 2176 256
f 4038
f 4116
f 4128
f 3612
f 3939
f 3654
f 4051
f 3684
f 3787
f 4159
a 4172 7296 256
f 3991
a 4173 657808 64
f 4160
f 3955
a 4174 7392 16
f 4092
f 3556
a 4175 6272 64
a 4176 3904 256
a 4177 5632 16
f 4035
f 2769
f 3570
f 4121
f 3387
f 3874
a 4178 1664 16
f 4135
f 3871
f 3262
f 3945
f 4156
f 3975
f 4101
a 4179 2170944 256
f 4041
f 3199
f 3927
a 4180 1568 16
f 3941
f 3739
f 3838
f 4022
f 3304
a 4181 718752 16
a 4182 5216 16
a 4183 4032 16
f 4094
a 4184 1984 256
c op-8000
f 3769
f 4179
a 4185 1856 16
f 3157
a 4186 26800 64
f 3077
f 3443
a 4187 560 64
f 4002
f 3520
a 4188 1312 16
f 4149
a 4189 976 64
a 4190 2336 256
a 4191 47968 64
f 3911
a 4192 288 16
a 4193 7728 64
a 4194 2976 64
f 3730
f 3438
a 4195 442272 16
f 3369
a 4196 15040 16
a 4197 7120 16
f 3888
f 4194
a 4198 64720 16
f 4124
a 4199 761584 64
a 4200 2448 64
f 3123
a 4201 832 16
f 3740
f 2979
f 4133
a 4202 45936 256
a 4203 2176 16
f 4162
a 4204 1296 64
f 4145
a 4205 1872 64
a 4206 3168 64
a 4207 10416 16
a 4208 32960 256
a 4209 5104 256
a 4210 28032 256
a 4211 286464 256
f 4017
a 4212 55376 16
f 4007
a 4213 13632 64
a 4214 5056 256
f 4078
a 4215 10784 64
a 4216 505600 16
f 4185
a 4217 288 64
a 4218 60976 256
a 4219 2224 64
a 4220 1888 64
a 4221 1376 64
f 4166
a 4222 21488 256
a 4223 23952 256
a 4224 30576 64
f 4111
f 3917
f 4010
a 4225 272 64
a 4226 7104 256
a 4227 17168 256
a 4228 7840 64
a 4229 18944 64
a 4230 47440 16
f 3741
a 4231 813376 256
f 3988
f 2900
a 4232 8864 256
f 4072
a 4233 592 256
a 4234 1504 256
a 4235 416 256
a 4236 25152 256
a 4237 1648 64
f 4025
a 4238 4368 16
a 4239 45904 64
f 2621
a 4240 29856 16
a 4241 16128 256
a 4242 384 16
f 4220
a 4243 30704 256
f 2939
f 3691
a 4244 36656 16
f 3996
a 4245 816 16
f 3606
a 4246 464 16
a 4247 10992 256
a 4248 3815200 64
a 4249 14528 64
a 4250 6384 16
a 4251 37088 256
a 4252 31856 64
a 4253 27536 64
a 4254 23824 16
f 4091
a 4255 11280 16
a 4256 24304 16
a 4257 5792 16
a 4258 23840 16
a 4259 2768 16
f 4254
a 4260 20448 256
f 3773
f 3667
a 4261 2992 64
a 4262 11152 256
f 4173
a 4263 480 64
f 3513
a 4264 63024 64
a 4265 5520 256
f 4187
a 4266 7696 64
a 4267 1360 64
a 4268 416 64
a 4269 265456 16
a 4270 6144 256
a 4271 7536 256
f 4206
a 4272 1504 16
a 4273 1056 64
a 4274 960 16
f 3812
a 4275 736 16
f 3849
a 4276 6800 16
f 3256
a 4277 3440 16
a 4278 5648 64
a 4279 26176 64
a 4280 11184 64
a 4281 4688 256
f 4190
f 4233
a 4282 6592 16
a 4283 256 64
a 4284 8832 64
a 4285 2752 64
a 4286 25072 64
a 4287 7648 16
f 4204
a 4288 752 16
a 4289 1936 16
a 4290 33968 64
a 4291 1488 64
a 4292 640800 64
a 4293 11216 256
a 4294 7504 64
a 4295 3808 256
f 4248
f 4169
a 4296 488896 64
a 4297 522432 64
a 4298 496 256
a 4299 21584 16
a 4300 368 16
a 4301 1312 64
a 4302 305008 16
a 4303 1328 256
f 3903
a 4304 5296 64
a 4305 18560 256
a 4306 7184 64
f 3445
a 4307 60832 256
a 4308 1248 64
f 4144
a 4309 38800 16
a 4310 4576 16
f 3914
f 4178
a 4311 5488 64
a 4312 336 64
f 3394
a 4313 45104 16
a 4314 512 16
f 4235
a 4315 35408 16
a 4316 20800 256
f 4158
a 4317 49072 64
a 4318 47392 256
a 4319 52496 64
a 4320 4752 64
a 4321 688 16
a 4322 384 16
f 3347
a 4323 23408 64
f 4209
a 4324 28960 64
f 4191
a 4325 2064 256
a 4326 6832 64
a 4327 19504 64
a 4328 368 64
a 4329 15168 16
a 4330 10368 16
a 4331 37856 64
a 4332 3200 256
a 4333 61856 16
a 4334 18880 16
a 4335 448 64
a 4336 30096 256
a 4337 2480 16
f 4020
f 2940
a 4338 13296 16
a 4339 4256 64
a 4340 10832 16
a 4341 1829248 64
a 4342 1952 64
a 4343 1296 256
f 4075
a 4344 432 256
a 4345 368 64
a 4346 688 64
a 4347 4189104 256
f 4250
f 3893
f 3368
f 3946
f 4226
f 4307
f 4332
f 3928
f 4256
a 4348 19232 256
f 4276
f 4155
f 3533
a 4349 1968 16
f 4061
f 4339
f 4167
a 4350 640 64
a 4351 3712 64
f 2361
a 4352 438576 256
a 4353 1036256 64
f 3873
a 4354 32592 256
f 3984
a 4355 33824 16
f 4318
a 4356 576 16
a 4357 33168 64
a 4358 54352 16
a 4359 576 16
a 4360 11744 16
f 4359
a 4361 784 16
a 4362 4336 16
a 4363 1632 256
a 4364 672 256
f 4221
a 4365 38304 16
f 4344
a 4366 512 64
a 4367 2704 256
f 4183
a 4368 23088 16
a 4369 13152 16
a 4370 416 256
a 4371 3088 64
a 4372 3856 64
a 4373 544 256
a 4374 784 16
a 4375 2721504 16
f 3747
f 4251
f 3961
f 4100
f 4366
f 4006
a 4376 416 64
a 4377 1872 16
a 4378 368 16
a 4379 1360 16
a 4380 301552 64
a 4381 8048 64
a 4382 9488 256
a 4383 2505984 256
f 3858
f 4326
f 3959
a 4384 288 64
f 4372
a 4385 2192 16
f 3919
f 4148
f 4279
f 3616
a 4386 512 256
f 3964
a 4387 12704 256
f 4289
f 4192
a 4388 26944 256
f 4165
f 4300
a 4389 6432 64
a 4390 29936 16
f 3585
f 3852
f 4053
f 4085
f 3837
a 4391 49216 64
f 4245
f 4347
a 4392 39536 64
a 4393 7168 256
a 4394 624 256
a 4395 11760 256
a 4396 2736 256
f 4052
a 4397 65456 256
a 4398 588752 16
a 4399 288 64
a 4400 60832 64
a 4401 8944 256
f 3872
f 4172
f 3671
a 4402 448 256
a 4403 10928 64
a 4404 1424 256
f 3298
a 4405 15536 64
a 4406 432 16
f 4105
a 4407 5664 256
a 4408 404432 256
a 4409 373344 16
a 4410 304 256
a 4411 1568 16
f 3555
a 4412 7024 256
a 4413 12928 64
a 4414 2992 16
f 4375
f 4333
a 4415 35808 16
a 4416 704 64
a 4417 768 16
f 3954
f 4237
a 4418 1088 16
f 3710
a 4419 25184 64
a 4420 2496 256
a 4421 3808 256
a 4422 49232 64
a 4423 2112 16
a 4424 45056 64
a 4425 400 256
f 4171
a 4426 15728 64
a 4427 4256 256
a 4428 7296 64
f 3022
a 4429 384 16
a 4430 13744 64
a 4431 608 256
a 4432 3600 256
a 4433 656 16
f 4229
a 4434 320 64
a 4435 304 64
a 4436 13024 16
a 4437 304 64
a 4438 18912 256
a 4439 26288 256
a 4440 1792 16
a 4441 24832 256
f 4368
a 4442 22208 64
a 4443 28496 64
a 4444 641584 64
f 4410
a 4445 8368 256
a 4446 26704 16
a 4447 6800 64
a 4448 624 256
a 4449 1488 16
a 4450 1760 64
a 4451 55424 64
a 4452 640 64
a 4453 24304 16
f 3881
a 4454 6576 256
f 4330
a 4455 15648 16
f 4030
a 4456 36544 16
a 4457 1104 16
f 3685
a 4458 7344 64
f 4355
f 4019
a 4459 3312 256
f 4134
a 4460 688 16
a 4461 9248 16
a 4462 3680 64
f 3469
a 4463 13792 64
a 4464 28368 256
a 4465 63984 64
a 4466 544 16
a 4467 9792 16
a 4468 1248 64
f 4049
a 4469 272 256
a 4470 480 16
a 4471 5648 256
a 4472 12544 256
a 4473 33440 16
f 3910
a 4474 304 16
a 4475 1060272 64
a 4476 39168 64
f 3960
a 4477 2856448 256
f 3850
f 4036
f 4378
a 4478 30960 256
a 4479 576 64
a 4480 336 16
a 4481 480 256
a 4482 400 256
a 4483 25120 256
a 4484 3696 256
a 4485 15552 16
a 4486 1004192 256
a 4487 320 256
a 4488 615488 16
a 4489 1792 64
a 4490 2768 64
a 4491 1632 256
f 3840
f 4421
f 4106
a 4492 11456 64
f 4360
f 3870
f 4186
a 4493 384 64
a 4494 16144 64
f 4098
f 4393
a 4495 2624 64
f 4295
f 4495
f 4488
f 4301
f 3992
a 4496 7104 16
a 4497 53392 64
a 4498 10544 64
a 4499 1785408 16
f 3004
a 4500 1568 256
a 4501 896 256
a 4502 1392 16
f 4045
a 4503 794016 256
f 4358
f 3355
f 4059
a 4504 3792 256
a 4505 1520 16
a 4506 24304 256
f 4231
a 4507 4025504 16
f 4432
a 4508 15728 16
f 4387
f 4240
f 4396
a 4509 2528 16
f 4409
a 4510 416 16
a 4511 32688 256
a 4512 4944 64
a 4513 4528 64
a 4514 4816 16
f 4044
a 4515 12832 256
a 4516 44704 256
a 4517 3520 256
a 4518 7728 16
f 3708
a 4519 1004688 256
f 4102
f 3473
f 4312
f 4296
f 3733
a 4520 800 256
f 4469
f 3599
a 4521 480 64
a 4522 25248 64
a 4523 20624 256
a 4524 357728 256
f 2925
f 4428
a 4525 911136 16
f 4277
a 4526 7744 64
a 4527 58032 256
f 4369
a 4528 11728 64
a 4529 51856 64
f 3358
f 4420
f 3829
f 4456
f 4503
a 4530 38128 256
f 3981
f 4392
f 3193
f 3630
f 4433
f 4217
f 4313
a 4531 448 256
a 4532 720 16
f 3142
a 4533 3760 16
f 4154
a 4534 5872 16
f 4202
a 4535 1820736 64
f 3560
f 4200
f 1628
f 4056
f 4136
a 4536 8656 256
a 4537 29600 16
a 4538 352 256
f 4423
f 3088
f 4140
a 4539 3168 16
f 4264
a 4540 1792 64
f 3393
f 4384
f 3776
f 4046
a 4541 2622832 256
a 4542 327600 256
f 4519
f 4082
a 4543 4720 16
a 4544 24400 64
f 3462
f 3523
f 4517
f 4434
f 3735
f 4048
f 4203
a 4545 12384 64
f 4201
f 4236
f 3811
f 3432
a 4546 1792 64
f 4352
f 4463
f 4483
f 4338
a 4547 944 16
f 4317
f 3949
f 4440
f 3745
f 3962
a 4548 24560 64
f 2584
f 3718
f 4180
f 3999
a 4549 400 64
f 4436
a 4550 12464 16
f 4370
f 4353
a 4551 7968 64
a 4552 2347984 16
f 3845
f 4181
f 4241
a 4553 2192 256
f 4207
f 4195
a 4554 976 256
a 4555 848 16
f 3915
f 4385
f 4320
f 4452
f 4097
f 4518
f 4382
f 4549
f 4550
f 4337
f 4060
a 4556 3312 256
a 4557 49760 256
f 4232
f 4486
a 4558 448 256
f 4509
f 3771
f 3284
a 4559 9024 16
f 4077
a 4560 52944 256
a 4561 3941968 16
f 4542
f 3309
f 4373
f 4544
a 4562 11792 64
f 3726
f 4324
a 4563 1712 256
f 3451
a 4564 14960 256
f 4459
f 4263
f 4120
f 4280
f 4418
f 3618
a 4565 13472 256
f 4335
a 4566 1488 256
f 4282
f 4532
f 3973
f 4288
f 4064
f 4023
f 4565
f 4283
f 3932
f 3788
f 4357
f 3477
f 4213
a 4567 944 64
f 3340
f 4407
f 4267
a 4568 27808 256
a 4569 36128 16
f 1906
f 4259
f 4399
f 4114
f 3847
a 4570 55872 256
f 4246
f 3483
a 4571 2608 16
a 4572 65456 256
f 4088
a 4573 18848 256
f 4137
f 4340
a 4574 480 16
f 4031
f 4537
f 4196
f 4146
f 4062
f 3631
a 4575 1000656 16
f 3765
a 4576 3504 64
f 4524
f 3843
f 4151
f 4242
f 3260
f 4381
f 4291
f 4271
a 4577 944 64
f 4047
a 4578 7792 16
f 4494
f 4139
a 4579 18992 256
f 4349
f 3972
f 4184
f 4095
f 4157
a 4580 12112 64
f 3657
f 4371
f 3395
f 4460
f 4435
a 4581 16112 16
f 4535
a 4582 62144 16
a 4583 3776 256
f 3442
f 4450
f 4117
f 4502
f 4562
f 4070
f 4161
a 4584 59376 64
f 4529
f 4364
f 4108
a 4585 768 256
a 4586 432 64
a 4587 752 64
a 4588 3680 16
a 4589 6288 16
f 3086
f 4219
a 4590 32240 256
a 4591 1824 256
a 4592 23984 64
a 4593 560 16
a 4594 32000 256
a 4595 1504 16
a 4596 464 64
a 4597 7248 64
a 4598 15488 256
a 4599 960 64
a 4600 2912 256
a 4601 15040 256
a 4602 64144 64
f 3753
f 4493
a 4603 368 16
a 4604 21168 256
f 4455
f 4188
a 4605 41088 64
f 3923
a 4606 357552 16
f 4512
a 4607 960 16
f 3998
f 4310
a 4608 3760 64
f 2821
f 3883
f 3891
f 4448
a 4609 480 16
f 4511
f 3686
f 4308
f 4328
f 4599
f 3582
a 4610 4140576 64
a 4611 2304 64
a 4612 4736 256
f 4380
f 3938
f 4594
f 4478
a 4613 8880 16
f 4379
f 3907
f 3885
a 4614 32448 64
f 4408
a 4615 410816 16
f 4086
a 4616 432 256
f 3879
f 4125
f 4066
f 4278
f 4292
f 4552
f 4603
f 3542
f 3591
f 4462
a 4617 1623376 256
f 4351
f 3447
f 3830
f 3760
a 4618 3088 64
f 4489
a 4619 480 256
a 4620 3888 64
f 4275
f 4402
f 4430
f 4610
a 4621 29920 64
a 4622 288 16
a 4623 3216 16
a 4624 368 16
a 4625 416 16
a 4626 6112 64
a 4627 2768 16
f 4606
a 4628 63904 256
a 4629 17760 256
a 4630 4000 16
a 4631 368 256
a 4632 9184 64
f 4257
a 4633 9296 256
f 4127
a 4634 64992 64
a 4635 19136 256
f 4143
a 4636 2794544 64
a 4637 24608 256
f 3420
f 4103
f 4465
f 3643
f 4266
f 4356
f 3755
a 4638 608 256
a 4639 57936 16
a 4640 624 256
a 4641 3728 256
a 4642 17200 16
a 4643 1264 64
f 4123
a 4644 60080 64
a 4645 1298256 16
f 3940
a 4646 6992 256
a 4647 2352 64
f 4625
a 4648 3024 256
f 4639
a 4649 304 16
f 3834
f 4403
f 4636
a 4650 11808 64
a 4651 25664 16
a 4652 1892320 16
f 4218
f 4563
f 4480
f 4566
f 4397
f 4442
a 4653 38240 16
a 4654 14656 64
f 4630
f 4199
a 4655 26928 16
f 3983
a 4656 35376 256
a 4657 5248 16
a 4658 1392 16
f 4350
f 4394
a 4659 2736 64
f 3995
a 4660 3888 16
a 4661 65024 64
a 4662 9168 16
a 4663 336 16
a 4664 784 64
a 4665 2736 256
a 4666 384 16
a 4667 27536 64
f 4426
a 4668 1536 256
a 4669 784 256
f 4572
a 4670 368 16
a 4671 1048608 256
f 3862
f 4441
a 4672 416 16
f 4584
f 4003
a 4673 11680 256
a 4674 9168 16
a 4675 21248 64
a 4676 2688 16
a 4677 1536 16
a 4678 9824 16
a 4679 17136 64
a 4680 752 64
f 4472
a 4681 352 16
f 3508
a 4682 416 256
a 4683 2160 16
a 4684 881168 16
a 4685 736 64
a 4686 4064 16
f 4027
f 4193
a 4687 688 256
a 4688 384 256
a 4689 1952 16
a 4690 5392 64
a 4691 800480 16
a 4692 288 256
a 4693 7120 64
a 4694 4528 16
a 4695 2832 256
f 4536
a 4696 520176 256
f 4695
f 4561
a 4697 15536 256
a 4698 2640 256
a 4699 25952 16
a 4700 1200 16
a 4701 576 256
a 4702 1232 256
a 4703 912 64
a 4704 288 64
f 4383
a 4705 4000 64
a 4706 43552 256
a 4707 19024 16
a 4708 2254576 16
a 4709 2080 64
f 3224
a 4710 768 256
a 4711 1546816 16
a 4712 640 64
a 4713 304 64
f 4703
a 4714 336 16
a 4715 1808 16
a 4716 43056 16
a 4717 384 64
a 4718 2000 16
a 4719 12960 16
a 4720 60336 16
f 4015
a 4721 480 16
a 4722 11856 64
f 4290
f 4714
a 4723 2519728 256
a 4724 2240 64
a 4725 15984 64
a 4726 447136 16
f 1563
a 4727 63424 256
a 4728 16224 64
a 4729 48768 256
a 4730 61728 16
f 4496
a 4731 272 64
a 4732 30960 64
f 4461
a 4733 457248 256
a 4734 430848 64
f 4329
f 4732
f 4016
f 4685
f 4342
f 4377
f 4255
f 4677
f 4590
f 4374
a 4735 5152 64
f 4574
f 4475
a 4736 13952 16
a 4737 6944 16
f 4354
a 4738 29808 256
f 4303
a 4739 52624 64
a 4740 558656 16
a 4741 521456 16
a 4742 29008 256
f 4297
f 3761
a 4743 19472 64
f 4500
a 4744 895424 64
f 3986
f 4715
f 4573
f 4609
a 4745 2029168 256
f 4602
f 3720
f 4272
a 4746 31568 64
f 4287
f 4730
f 4304
f 4425
a 4747 368 64
a 4748 5712 64
f 4669
f 4228
f 4457
a 4749 3648 64
f 4635
a 4750 11968 256
f 4437
a 4751 4096 64
f 4575
a 4752 1712 16
f 4601
f 4736
f 4694
f 4429
a 4753 1248 16
f 4646
f 4175
a 4754 2240 16
f 4530
f 4643
f 4477
a 4755 288 256
f 4673
a 4756 25920 256
a 4757 784 16
a 4758 5808 256
a 4759 39168 256
a 4760 7872 256
a 4761 432 256
f 4755
a 4762 2720 256
a 4763 1392 16
a 4764 736 16
a 4765 1760 64
a 4766 512 16
a 4767 2384 64
a 4768 4151856 64
f 3997
f 4623
a 4769 16928 16
f 4080
f 4683
f 4215
a 4770 371360 64
a 4771 4352 64
f 4663
f 4604
f 3401
f 3326
f 4138
f 4390
f 4593
f 4670
f 4443
a 4772 6512 16
a 4773 1392 64
f 4039
a 4774 2784 16
a 4775 6784 64
a 4776 1728 16
a 4777 384 256
f 4618
f 3762
a 4778 624 16
a 4779 19104 16
a 4780 412576 16
f 4164
f 4617
a 4781 9264 256
a 4782 592 64
a 4783 4560 256
a 4784 12384 16
a 4785 1488 256
a 4786 5040 64
f 3709
a 4787 21520 16
a 4788 1792 64
a 4789 752 256
a 4790 1536 16
f 3514
a 4791 544 16
a 4792 1232 256
f 4697
a 4793 7248 256
f 4068
a 4794 480 256
a 4795 3728 64
f 3876
a 4796 656 256
a 4797 784112 256
a 4798 49056 16
a 4799 35296 16
f 4314
a 4800 264848 64
f 4141
a 4801 13952 64
f 4302
a 4802 18112 256
f 3792
a 4803 23712 64
a 4804 5248 256
a 4805 8208 256
a 4806 352 16
a 4807 1472 64
a 4808 688 16
f 4559
a 4809 1577408 16
f 4315
a 4810 272 16
a 4811 1088 16
f 4522
a 4812 5200 16
a 4813 47280 64
a 4814 2608 16
a 4815 1293136 256
a 4816 2000 16
a 4817 576 64
f 4447
a 4818 2224 16
a 4819 10320 16
a 4820 3119168 256
f 4661
a 4821 272 16
a 4822 512 64
f 4729
a 4823 1024 256
a 4824 1504 256
a 4825 736 256
f 4361
f 4323
f 4331
a 4826 656 16
f 4415
f 4309
f 4707
f 4569
f 3925
a 4827 1933296 256
f 4800
f 4733
f 4018
f 3963
f 4721
f 4539
f 4389
f 3456
f 4818
f 4672
f 4341
a 4828 46112 256
f 4298
f 4540
f 4626
a 4829 64224 16
f 4170
f 3194
f 4556
f 4474
f 4624
a 4830 19968 64
f 4541
a 4831 1534608 256
a 4832 33456 256
a 4833 6768 64
a 4834 4640 256
f 4322
a 4835 272 64
f 4109
a 4836 18416 16
f 4718
a 4837 14768 256
a 4838 32528 16
a 4839 8080 256
f 4797
f 4633
f 4548
a 4840 6512 256
f 3809
a 4841 2928 64
f 4832
a 4842 28416 256
a 4843 3632 256
a 4844 7872 16
a 4845 22080 256
a 4846 19616 256
a 4847 1424 16
a 4848 864 256
f 4507
a 4849 944 16
a 4850 30512 16
f 4701
a 4851 7808 256
a 4852 8640 64
a 4853 57120 16
f 4210
f 4553
a 4854 736 256
a 4855 1961216 16
f 4363
a 4856 363488 16
a 4857 22256 256
a 4858 4832 16
a 4859 5728 256
a 4860 914304 16
a 4861 14768 64
a 4862 416 64
a 4863 4816 256
a 4864 5584 256
f 4652
a 4865 368 64
a 4866 400 16
a 4867 4656 256
f 3179
a 4868 416 16
a 4869 22944 16
a 4870 53840 256
a 4871 30512 256
a 4872 6704 16
a 4873 35776 64
a 4874 1536 256
a 4875 21792 64
a 4876 6352 16
a 4877 17184 16
a 4878 50416 256
a 4879 11120 256
a 4880 54528 256
a 4881 1712 256
a 4882 7712 16
f 4150
a 4883 6416 16
a 4884 13712 64
a 4885 5760 256
a 4886 51840 16
f 4820
a 4887 5280 64
f 4376
f 4860
a 4888 416 16
f 4570
a 4889 10704 64
a 4890 49216 64
a 4891 5632 256
a 4892 624 16
a 4893 384 256
f 4411
a 4894 10256 256
a 4895 3776 64
a 4896 448624 256
a 4897 1712 256
a 4898 3008 256
f 4742
a 4899 14272 256
a 4900 1756032 256
a 4901 480 64
a 4902 17360 256
a 4903 55232 16
a 4904 22160 16
f 4764
a 4905 14416 16
a 4906 31440 256
a 4907 368 256
f 4746
f 4690
a 4908 4112 16
a 4909 26416 256
a 4910 368 64
a 4911 3248 256
a 4912 32560 16
a 4913 16480 64
f 4579
a 4914 3584 256
a 4915 512 64
a 4916 4416 16
a 4917 624 256
f 4815
a 4918 1607072 16
f 4645
a 4919 48256 64
f 4656
f 3985
a 4920 7792 64
a 4921 736 64
a 4922 1648 256
a 4923 560 64
a 4924 26928 64
a 4925 29136 256
a 4926 912 16
f 4446
a 4927 24416 16
f 4877
a 4928 61760 256
f 4702
a 4929 1408 64
a 4930 2573904 16
a 4931 1392 64
a 4932 1008 16
f 4454
a 4933 34384 256
a 4934 19440 256
a 4935 47936 16
a 4936 15136 64
f 4767
f 3842
f 4738
a 4937 9024 16
a 4938 8176 16
a 4939 6320 16
a 4940 432 16
f 4445
f 4805
a 4941 42848 16
a 4942 1488 16
f 4791
a 4943 1552 64
a 4944 624 256
a 4945 25840 256
a 4946 4672 64
a 4947 1008 256
f 3312
a 4948 1799904 64
a 4949 1712 64
f 4752
a 4950 3104 256
f 3707
f 4405
a 4951 336 64
a 4952 5104 16
a 4953 400 256
f 4632
f 4628
f 4265
a 4954 3717632 256
f 4588
a 4955 3376 256
a 4956 13952 64
a 4957 35952 64
f 4897
a 4958 27280 16
f 4631
a 4959 2080 256
a 4960 8192 16
a 4961 467568 16
a 4962 17344 256
f 4852
f 4223
a 4963 14944 64
f 4750
f 3916
a 4964 816 64
a 4965 1296 16
f 4406
f 4931
a 4966 15344 256
f 4667
f 4491
a 4967 10448 64
f 4908
a 4968 400 16
a 4969 2208 16
f 3854
f 4607
a 4970 487296 256
a 4971 13360 16
f 4722
a 4972 17264 16
f 4404
a 4973 16432 64
f 4675
a 4974 15152 64
a 4975 23264 256
f 4792
f 4582
a 4976 3984 256
a 4977 1808 16
a 4978 22176 256
a 4979 2433232 256
f 3855
f 4348
f 4834
f 4534
f 4719
a 4980 9392 16
f 4716
f 4944
f 4597
f 4859
a 4981 560 256
f 4388
f 4726
f 4501
f 4901
a 4982 26096 64
a 4983 1827232 256
f 4336
f 4810
a 4984 13472 16
f 4688
f 4967
f 3539
a 4985 1456 16
f 4923
f 4775
f 3528
f 4177
f 4523
f 4538
f 4427
f 4952
f 3289
a 4986 400 16
a 4987 42736 256
f 3937
f 4479
f 3979
f 4482
f 4753
f 4650
a 4988 1456 16
f 4208
f 3098
a 4989 4352 16
f 4110
f 4968
f 4684
f 4983
f 4769
a 4990 15408 256
f 4734
f 4510
f 4545
a 4991 46560 64
a 4992 2976 64
f 4963
f 4654
a 4993 1856 256
a 4994 800 16
a 4995 13840 64
a 4996 5760 256
a 4997 4020080 16
f 4689
f 3777
f 4773
f 4790
f 4731
f 4881
f 4874
f 3311
f 4801
f 4708
f 4580
a 4998 816 16
f 4847
a 4999 9696 256
f 4284
f 3980
f 4875
f 4153
f 4814
f 4595
f 4473
f 4273
f 4822
f 4843
a 5000 11344 16
a 5001 37744 256
a 5002 4464 16
a 5003 64784 16
f 3994
f 4527
f 4894
f 4938
f 4984
f 4868
f 4043
a 5004 800 16
a 5005 1872 64
f 4627
f 4551
f 3894
f 4793
f 4954
a 5006 1544128 256
a 5007 4080 256
a 5008 288 256
a 5009 928 256
a 5010 1248 64
a 5011 15088 16
a 5012 15280 256
a 5013 21216 16
a 5014 2992 256
a 5015 688 16
a 5016 3920 16
a 5017 30672 256
a 5018 3088 16
a 5019 816 64
a 5020 448 256
a 5021 63584 256
a 5022 32416 256
a 5023 17440 64
f 4608
a 5024 1136 16
a 5025 23488 64
a 5026 976 256
a 5027 13264 16
f 4458
a 5028 28864 16
a 5029 14912 64
a 5030 35440 64
a 5031 608 256
a 5032 46672 256
f 4720
f 4971
f 4197
a 5033 704 16
a 5034 464 256
f 3160
f 4925
a 5035 3552 16
a 5036 4336 256
f 3272
a 5037 384 64
a 5038 619632 256
a 5039 432 16
a 5040 5088 256
a 5041 26288 256
a 5042 51728 16
a 5043 1296 256
f 4865
a 5044 3885344 256
f 4867
f 3774
f 4431
a 5045 1024 256
f 5040
f 4555
f 4823
f 4902
f 4662
a 5046 3488 256
f 5043
f 4705
f 4612
f 4940
f 3953
f 4907
f 5028
f 4813
f 5010
a 5047 1264 16
a 5048 44512 256
f 4640
f 4686
a 5049 3424 16
f 4592
f 4927
f 4839
f 4913
f 3952
f 4260
f 4270
f 4620
a 5050 464 64
f 4497
f 4557
f 4727
f 3797
f 4416
f 4419
f 4795
f 4966
f 4893
f 4990
f 4605
f 4937
a 5051 468000 256
f 4693
f 4861
f 4343
f 4826
f 4964
f 4674
f 4903
a 5052 1424 64
a 5053 38304 64
f 4414
f 4581
f 4821
f 4286
f 4211
a 5054 864 16
a 5055 2000 64
a 5056 55504 16
f 4833
f 5024
f 4398
a 5057 13968 256
a 5058 1680 256
f 4878
a 5059 1120 64
a 5060 384 256
a 5061 5056 256
a 5062 496 256
f 4776
a 5063 11792 16
a 5064 2272 16
f 4681
a 5065 824096 16
f 3908
f 5039
f 4163
a 5066 2512 16
f 4904
f 5063
f 3772
a 5067 271136 16
a 5068 9408 256
f 5013
a 5069 3536 64
a 5070 3744 16
a 5071 880 256
a 5072 7392 64
a 5073 14864 64
a 5074 41824 64
f 4749
a 5075 304 16
a 5076 604624 64
f 4464
f 4698
f 4262
f 4234
f 4586
f 4883
a 5077 1104 64
f 4898
f 4009
a 5078 672 256
f 4866
f 4857
f 4481
f 4870
a 5079 1728 256
f 5000
f 4467
f 3448
a 5080 832 16
a 5081 39920 256
f 4499
f 4879
a 5082 608 256
f 5035
a 5083 41248 64
f 4401
f 4777
f 5042
a 5084 6192 16
a 5085 1616 256
a 5086 272 64
f 3926
a 5087 1616 256
a 5088 2096 16
f 4327
a 5089 16656 64
f 4816
a 5090 2112 256
a 5091 400 64
f 4997
f 4951
a 5092 21808 64
a 5093 295440 16
f 4768
a 5094 13424 16
a 5095 496 16
f 4846
a 5096 53312 64
f 4319
a 5097 416 256
f 4770
f 4651
a 5098 1008 64
a 5099 63632 16
a 5100 1472 64
a 5101 3808 256
a 5102 25360 256
a 5103 14400 256
a 5104 1138160 64
a 5105 1520 256
a 5106 352 256
f 4798
a 5107 10224 256
a 5108 10352 16
a 5109 15824 256
a 5110 6592 256
a 5111 1648 16
a 5112 1261264 16
a 5113 496 256
a 5114 4880 256
a 5115 5600 64
a 5116 1088 16
a 5117 645728 64
a 5118 655568 64
a 5119 2192 64
f 3977
f 4578
a 5120 2608 16
a 5121 7296 256
a 5122 3248 16
f 3898
a 5123 3328 256
f 4807
a 5124 720 16
a 5125 20304 64
f 4274
f 4946
a 5126 1936 16
f 4909
a 5127 1488 64
a 5128 3473760 256
a 5129 2428416 256
f 4244
f 4728
f 4050
a 5130 288 64
f 4835
f 5072
f 4069
a 5131 5520 16
a 5132 12928 64
f 4073
a 5133 26560 256
a 5134 25568 64
a 5135 26336 256
a 5136 6272 16
a 5137 3924640 16
a 5138 464 16
f 4647
f 4972
f 5044
a 5139 608 16
a 5140 3120 64
f 4585
f 4660
a 5141 2960 64
a 5142 11120 64
a 5143 4736 16
a 5144 10768 16
a 5145 3936784 64
f 5030
f 4453
f 4506
a 5146 1568 64
f 5076
f 5117
f 4004
a 5147 6640 256
a 5148 34688 64
f 4896
f 5123
f 5054
f 4547
a 5149 18064 256
f 4789
f 5139
f 4711
f 4889
f 5110
f 4851
a 5150 288 16
f 4712
f 4444
a 5151 8832 16
a 5152 20672 64
a 5153 59136 256
f 4554
a 5154 416880 256
f 4613
f 5127
f 5067
f 4649
f 4930
a 5155 2432 64
a 5156 47856 256
f 4941
a 5157 61696 256
a 5158 880 64
f 4252
a 5159 336 16
f 5048
a 5160 768 64
a 5161 6528 16
f 4655
f 4306
a 5162 25328 64
a 5163 714064 256
a 5164 9744 16
a 5165 7760 256
a 5166 16544 16
f 4704
a 5167 3216 256
a 5168 1136 16
a 5169 11440 256
a 5170 2368 16
a 5171 432 16
a 5172 5328 64
a 5173 13120 16
a 5174 272 16
a 5175 496 16
a 5176 46272 64
f 4765
a 5177 28080 16
f 4692
f 4939
a 5178 2672 16
a 5179 1984 64
f 3912
a 5180 14560 64
a 5181 377312 256
a 5182 3712 64
a 5183 8000 64
a 5184 47344 64
a 5185 7584 256
a 5186 1120 64
a 5187 19104 256
a 5188 6848 16
a 5189 24864 16
a 5190 3632 256
f 5156
a 5191 1616 64
f 4892
a 5192 50688 16
a 5193 832 16
f 4619
f 5157
f 4836
a 5194 12528 16
a 5195 512 16
a 5196 8016 64
f 4508
a 5197 528 16
a 5198 944 256
a 5199 784 16
f 5163
a 5200 9056 64
a 5201 2576 16
a 5202 304720 256
f 5185
f 4895
a 5203 448688 256
a 5204 464 64
f 4976
a 5205 416 256
a 5206 8208 64
f 5165
a 5207 1616 16
f 4974
a 5208 1456 64
a 5209 416 256
a 5210 400 16
a 5211 288 16
a 5212 19152 64
a 5213 7200 64
f 4812
a 5214 1488 64
f 4614
a 5215 336 16
a 5216 59744 256
a 5217 40944 16
f 5079
a 5218 1344 16
a 5219 58336 64
a 5220 7328 256
f 5122
a 5221 3680 64
a 5222 3377840 16
f 4809
f 5038
a 5223 336 256
f 4706
f 4824
a 5224 14864 64
f 5131
f 4811
f 4993
a 5225 912 16
f 3074
a 5226 1728 256
f 5090
f 4757
a 5227 6368 64
a 5228 40112 256
f 4915
f 5207
f 5019
f 5062
f 5026
a 5229 54464 16
f 3545
f 4484
f 3524
f 4828
f 5036
f 4884
f 5018
f 4932
f 5189
f 4772
a 5230 3472 256
f 4071
f 5109
a 5231 1024 256
f 4842
f 3398
a 5232 5568 256
a 5233 1712 16
f 5112
a 5234 784 16
a 5235 56528 16
a 5236 1600 16
a 5237 1136 256
f 4001
f 4739
a 5238 1696 256
f 4520
a 5239 5216 16
a 5240 3760 64
a 5241 2464 256
a 5242 288 16
a 5243 288 64
a 5244 4736 256
a 5245 2048 16
a 5246 26448 16
a 5247 293216 256
a 5248 1072 256
a 5249 1472 256
a 5250 4176 256
a 5251 55872 64
f 4961
a 5252 4048 64
a 5253 576 256
a 5254 496 64
a 5255 6832 256
f 4935
a 5256 384 16
a 5257 4008944 64
f 4987
f 4546
a 5258 1358720 64
f 5240
f 5227
f 5056
f 4955
f 5162
f 5137
f 5008
f 4900
a 5259 6576 64
a 5260 7184 256
a 5261 1152 64
a 5262 12416 256
a 5263 672 16
f 5103
a 5264 3440 64
f 5125
a 5265 4800 16
c op-10000
a 5266 510256 256
f 4982
a 5267 25344 256
a 5268 432 64
a 5269 1488 64
a 5270 2496 16
f 5087
a 5271 352 16
a 5272 58464 256
f 5093
f 4942
a 5273 19104 16
a 5274 3152 16
f 4591
a 5275 6960 16
f 4515
a 5276 1136 256
a 5277 416 16
a 5278 27296 256
a 5279 3168 64
a 5280 608 16
a 5281 3712 16
a 5282 14992 256
a 5283 791552 64
a 5284 368 16
a 5285 6848 256
f 5177
f 5145
f 5053
f 4189
a 5286 27792 16
a 5287 928 64
f 4783
a 5288 368 64
a 5289 352 64
a 5290 1568672 16
f 5055
a 5291 13328 256
a 5292 6176 16
f 5160
f 5178
a 5293 384 64
a 5294 384 16
f 4735
a 5295 272 16
f 3889
f 5066
a 5296 42816 64
a 5297 464 256
f 5033
a 5298 7280 64
a 5299 24224 256
a 5300 3392 64
f 4850
f 5060
a 5301 544 64
a 5302 848 16
f 5271
a 5303 1171920 16
a 5304 25664 64
f 4174
a 5305 400 256
a 5306 2112 16
a 5307 21776 16
f 5144
a 5308 32320 64
a 5309 3344 16
a 5310 13792 256
a 5311 13312 16
a 5312 304 64
a 5313 270256 16
f 4872
a 5314 864 16
a 5315 463120 64
f 5236
a 5316 2608 64
a 5317 736 16
a 5318 31216 256
f 4487
a 5319 13344 64
f 4979
a 5320 592 256
a 5321 768 16
a 5322 1792 16
a 5323 848 16
a 5324 55472 16
f 4751
a 5325 5920 256
a 5326 32672 256
a 5327 480 64
a 5328 47536 64
a 5329 2832 256
a 5330 24192 256
f 5225
a 5331 6592 256
a 5332 704 64
a 5333 9024 16
a 5334 464 256
a 5335 13296 64
f 4589
a 5336 960 256
a 5337 51456 64
a 5338 1620336 256
a 5339 55232 16
a 5340 315024 256
f 5312
a 5341 2672 64
a 5342 39904 64
a 5343 5216 16
a 5344 16240 16
f 5183
a 5345 1856 64
a 5346 778480 16
a 5347 41376 64
a 5348 7904 256
a 5349 496 16
f 3536
f 5244
f 5094
a 5350 3648 64
f 4560
a 5351 19040 256
f 5266
a 5352 401824 16
a 5353 49968 256
a 5354 62624 16
f 4848
a 5355 464 256
a 5356 14784 64
a 5357 7856 16
a 5358 6368 256
f 4748
a 5359 1104 256
a 5360 3824 64
a 5361 448 64
a 5362 1213504 256
f 5340
f 4858
f 4771
a 5363 10384 16
f 4849
f 3150
f 5294
f 5218
f 4268
f 4761
f 5150
f 5341
f 4521
f 5338
a 5364 22368 64
f 3905
a 5365 4032 256
a 5366 1840 256
a 5367 14064 64
f 5005
a 5368 1776 256
a 5369 1856 16
a 5370 27184 256
a 5371 320 256
f 5363
a 5372 1680 16
a 5373 1264 256
f 5179
a 5374 665024 256
f 5352
f 4995
a 5375 5024 64
a 5376 12320 256
a 5377 267488 16
f 5107
a 5378 5952 256
a 5379 10816 64
a 5380 272 256
a 5381 432496 16
a 5382 40592 64
a 5383 63376 64
a 5384 441456 64
f 5182
a 5385 15456 64
f 5254
a 5386 4400 64
f 4054
f 5327
a 5387 5712 256
f 3317
f 5329
a 5388 25120 16
f 5088
f 5176
f 5102
f 5220
a 5389 750032 16
f 5263
f 5017
f 4253
f 4885
f 5037
f 5350
f 3453
f 5105
f 5279
f 5206
f 5229
a 5390 400 64
f 5314
f 5190
a 5391 7280 64
f 4285
f 5074
f 3861
f 5199
f 4305
f 4825
a 5392 2752 256
f 5300
f 5083
f 4400
f 5187
f 4653
f 5302
f 4950
f 5070
f 5136
f 4413
a 5393 32656 16
f 5014
a 5394 5808 64
f 4869
f 5351
f 4856
f 4845
a 5395 33152 256
a 5396 12096 64
f 3768
f 5129
a 5397 1552 64
a 5398 26624 16
a 5399 5632 256
a 5400 2528 16
a 5401 432 256
f 4817
a 5402 16592 64
a 5403 1506496 64
a 5404 368 16
a 5405 2960 256
f 5278
a 5406 45792 16
f 4533
a 5407 480 256
a 5408 288 16
a 5409 4464 16
a 5410 352 256
a 5411 19280 64
a 5412 2359760 256
f 5335
f 5411
a 5413 22528 256
f 5078
f 5364
f 4118
f 5258
a 5414 3584 16
f 5168
f 5367
f 4799
a 5415 56576 16
f 4962
f 4829
f 5098
f 4956
f 5046
f 5238
f 5108
f 5196
a 5416 5968 256
f 5349
f 4600
f 5203
a 5417 1831968 16
a 5418 37040 16
a 5419 26320 64
f 5308
f 5193
f 4779
f 3800
f 4505
a 5420 384 64
a 5421 1104 256
f 4247
a 5422 1120 16
a 5423 3936 16
f 4905
f 5146
f 4412
f 4965
f 4666
f 4679
f 4855
a 5424 1472 16
a 5425 272 16
a 5426 2000 16
f 5309
a 5427 46816 256
a 5428 4576 64
a 5429 7968 16
a 5430 14880 256
a 5431 3152 16
f 5224
a 5432 4336 64
a 5433 31472 256
f 5245
a 5434 804208 16
f 5305
a 5435 304 16
a 5436 11152 16
f 5366
f 5092
a 5437 2944 64
f 5295
f 5071
f 5073
f 5304
f 5119
f 4391
f 5269
f 5292
a 5438 3040 64
f 4176
f 5297
a 5439 480 256
f 5210
a 5440 4848 64
f 5149
a 5441 13920 256
a 5442 272 16
f 5375
f 5003
a 5443 304 64
f 4975
a 5444 3248 16
a 5445 672 64
f 5223
f 4758
f 5306
f 4587
f 5331
f 4778
f 5281
f 3993
a 5446 1882288 64
a 5447 428528 64
f 5031
a 5448 522336 64
f 4827
f 5354
f 5345
f 5248
f 4485
a 5449 51792 16
f 3904
a 5450 768 16
f 5328
a 5451 3235504 64
f 4466
a 5452 7024 16
a 5453 3849296 64
f 5202
f 5377
f 5326
f 5191
f 4422
f 5085
a 5454 17440 256
f 4723
f 4973
a 5455 384 64
f 4638
f 4676
f 3315
a 5456 3360 256
f 4921
f 4840
a 5457 4720 256
a 5458 720 16
f 4918
f 4449
f 4281
a 5459 1072 16
f 5383
f 4224
f 4258
f 2923
a 5460 3760 256
f 4205
f 5385
a 5461 65088 16
f 2699
f 5353
f 4943
a 5462 5856 256
f 5027
f 5436
f 5100
f 4917
a 5463 16000 256
a 5464 480 64
f 3676
a 5465 1696 64
f 4763
f 4514
f 5399
f 5284
f 5211
f 5273
a 5466 11104 256
f 5361
a 5467 23472 256
a 5468 1968 16
a 5469 52944 16
f 5180
f 4564
a 5470 2832 256
a 5471 4240 64
f 5209
f 5290
f 4168
f 5265
a 5472 34288 256
f 5130
f 5416
a 5473 960 256
a 5474 448 256
a 5475 922112 16
a 5476 434880 64
f 3487
a 5477 4112 16
a 5478 800 256
a 5479 864 16
a 5480 1808 256
a 5481 2320 16
f 5049
a 5482 1584 64
f 5233
a 5483 25344 64
a 5484 1481264 64
a 5485 316464 256
f 4957
f 4853
f 5357
a 5486 8112 16
f 5454
a 5487 15136 256
a 5488 7552 64
a 5489 7120 16
a 5490 5360 256
f 4762
a 5491 9296 256
a 5492 3792 64
a 5493 896 64
a 5494 496 16
a 5495 1696 256
a 5496 4000 64
a 5497 432 64
f 5425
a 5498 18048 16
a 5499 3904 16
a 5500 400 256
a 5501 37664 256
f 4747
a 5502 7952 256
f 4299
a 5503 2245936 16
a 5504 9136 256
a 5505 3504 256
f 5213
f 5443
f 5467
f 5494
a 5506 3184 64
f 5138
f 5201
f 4214
f 5255
f 5362
f 4794
a 5507 304 256
f 4929
f 5068
f 4249
f 4294
f 5285
f 4960
f 5384
f 4717
f 5497
f 5001
f 4665
f 4119
f 5320
f 3403
a 5508 3872 256
f 4621
a 5509 1376768 64
a 5510 592 64
f 5487
f 4571
f 5482
a 5511 17072 16
f 4659
f 4492
f 4837
a 5512 624 256
f 4668
f 4528
a 5513 32112 64
f 4107
a 5514 56512 64
f 5434
f 5371
f 4657
f 5171
f 5414
a 5515 6064 64
f 4504
f 5492
f 4634
a 5516 3952 256
f 5448
a 5517 52448 64
f 4784
f 4920
f 4785
f 5342
a 5518 11392 16
a 5519 2880 64
a 5520 2592 64
f 5143
a 5521 34000 256
a 5522 1040 16
a 5523 4112 64
f 5386
f 5277
a 5524 480 64
f 4986
f 5011
f 5456
f 3402
f 5164
a 5525 48624 64
f 5457
f 5523
f 5393
f 3958
f 4988
a 5526 416 256
a 5527 29088 16
f 5082
a 5528 16912 64
f 5128
f 5288
f 4644
a 5529 624 16
a 5530 608 16
a 5531 2112 256
a 5532 1023600 64
f 5445
a 5533 23664 256
a 5534 14016 16
a 5535 408928 256
f 4713
a 5536 912 16
a 5537 1712 64
f 5458
a 5538 1360 64
a 5539 432 64
a 5540 37152 64
a 5541 2912 64
a 5542 3600 256
a 5543 1952 16
a 5544 1360 256
f 3976
f 5152
a 5545 3840 16
a 5546 768 16
a 5547 1856 256
a 5548 25952 64
a 5549 1424 256
a 5550 416 16
a 5551 592 16
a 5552 496 256
a 5553 3968 256
f 5358
a 5554 272 256
a 5555 1214432 256
a 5556 2704 64
a 5557 13488 256
a 5558 61168 16
a 5559 969760 256
f 5488
f 4079
f 3827
a 5560 272 64
f 5417
a 5561 8128 64
f 5424
a 5562 624 64
a 5563 56816 256
a 5564 21360 64
a 5565 31120 16
a 5566 1776 16
a 5567 784 16
a 5568 34304 64
a 5569 560 16
a 5570 12752 256
a 5571 1789952 256
f 5242
f 4671
f 5465
f 5381
a 5572 2224 16
a 5573 14256 16
a 5574 2112 16
a 5575 25968 256
f 4985
f 5007
f 4862
a 5576 928 16
f 5449
f 4992
a 5577 28176 256
f 5419
a 5578 3808 256
f 4648
a 5579 336 16
a 5580 23136 256
a 5581 1536 16
a 5582 35808 16
a 5583 1632 16
a 5584 1136 256
a 5585 2096 256
a 5586 1568 64
a 5587 3632 16
a 5588 38528 16
f 4451
a 5589 16672 16
a 5590 880 64
a 5591 41248 16
a 5592 982848 256
a 5593 416 64
a 5594 304 64
a 5595 8160 16
a 5596 528 256
a 5597 853296 256
a 5598 848 64
f 5041
a 5599 362560 256
f 5065
f 4802
f 5121
f 5234
f 4911
f 4615
a 5600 3100928 256
f 4642
f 5520
f 5097
a 5601 15296 64
f 5299
f 5148
f 5330
a 5602 1008 256
f 4887
f 4924
f 5274
f 5571
a 5603 587392 256
f 4227
f 4803
f 5133
f 4994
f 5120
a 5604 3920 256
f 4989
f 4386
f 5588
f 5560
f 5533
f 5272
a 5605 400 256
f 5336
f 5555
f 5570
a 5606 8160 64
f 4367
f 4558
f 5521
f 5198
f 4577
f 5551
a 5607 14176 16
f 4743
f 4498
f 5346
a 5608 9184 64
f 4876
a 5609 16288 16
a 5610 416 16
a 5611 4003488 16
f 5525
f 5420
f 5370
f 3217
f 4438
f 5380
f 5586
f 4470
f 5446
f 4316
f 5438
f 5539
a 5612 60016 64
f 5214
f 5590
f 5607
f 5596
a 5613 1776 16
a 5614 51392 256
f 5132
f 5594
f 5267
f 5247
a 5615 29376 16
a 5616 12544 256
f 5447
f 5261
f 5412
f 5147
f 4906
f 5451
a 5617 1696 16
a 5618 416 16
a 5619 3296 16
a 5620 2064 16
a 5621 17136 64
a 5622 9856 64
a 5623 3136 256
a 5624 496 16
a 5625 60576 64
a 5626 19584 256
a 5627 23424 16
a 5628 6832 256
a 5629 288 256
f 5608
a 5630 40032 256
a 5631 47696 256
a 5632 1280 256
a 5633 336 256
f 5575
a 5634 576 16
f 5390
a 5635 7104 16
a 5636 4192 256
a 5637 58976 64
a 5638 23792 16
a 5639 432 64
a 5640 5440 256
a 5641 47120 64
a 5642 3689360 256
a 5643 352 16
f 5595
a 5644 28016 256
a 5645 7936 64
f 5455
a 5646 2320 256
a 5647 15120 64
a 5648 688 16
a 5649 688 64
a 5650 2144 256
a 5651 416 256
a 5652 368 16
f 5453
a 5653 480 64
a 5654 5344 64
a 5655 1312 64
f 5262
a 5656 48624 256
a 5657 5584 256
a 5658 2072976 16
a 5659 7424 16
a 5660 13296 256
a 5661 9792 256
a 5662 40368 256
a 5663 4912 64
f 3957
a 5664 3632 16
a 5665 336 16
a 5666 512 64
a 5667 384 16
a 5668 15344 16
a 5669 592 256
a 5670 3568 64
a 5671 592 256
a 5672 2608 16
f 2871
f 4225
a 5673 336 256
a 5674 5488 16
a 5675 29776 64
f 5422
f 5532
a 5676 63008 256
a 5677 544 16
a 5678 60240 256
a 5679 26992 64
a 5680 1568 16
f 5388
a 5681 381936 64
a 5682 9008 64
a 5683 3008 64
f 5649
a 5684 368 256
a 5685 4240 256
f 5605
a 5686 1456 16
f 5418
f 5509
a 5687 416 256
a 5688 5056 64
f 5252
a 5689 26032 64
f 5311
a 5690 432 256
a 5691 27888 16
f 4873
a 5692 12672 64
a 5693 25952 256
a 5694 22832 64
a 5695 6832 64
a 5696 7344 256
f 5114
a 5697 1504 16
a 5698 3456 64
f 5280
f 4919
a 5699 6768 64
f 4737
a 5700 768 256
a 5701 39312 64
a 5702 1168 64
a 5703 9120 64
a 5704 6480 256
a 5705 944 64
a 5706 624 64
a 5707 3296 64
a 5708 2992 256
a 5709 992 16
a 5710 1024 16
a 5711 12944 64
a 5712 319152 16
a 5713 650192 64
a 5714 1648 64
f 4936
a 5715 32544 256
f 5715
a 5716 1847312 64
a 5717 5760 64
a 5718 1584 256
f 5226
a 5719 1440 16
a 5720 10160 64
a 5721 17360 64
a 5722 6432 16
a 5723 11104 16
a 5724 864 16
a 5725 4976 256
a 5726 1040 64
a 5727 28528 256
f 5337
a 5728 30032 64
a 5729 4080 64
a 5730 384 16
a 5731 288 64
a 5732 38032 16
f 5154
a 5733 14864 256
a 5734 6800 64
a 5735 528 64
a 5736 27808 64
a 5737 384 16
a 5738 1905072 16
f 4269
f 4525
a 5739 26544 64
a 5740 49664 16
a 5741 53424 16
a 5742 768 256
f 4598
f 4583
a 5743 656 64
a 5744 496 256
a 5745 15424 16
a 5746 880 16
f 4008
a 5747 1888 16
a 5748 3152 16
a 5749 6512 64
a 5750 1024 16
f 5549
a 5751 464 64
a 5752 23792 16
a 5753 316016 16
a 5754 336 256
a 5755 272 256
a 5756 1088 16
a 5757 496 64
f 5106
a 5758 8320 64
a 5759 6128 64
a 5760 1584 64
f 5531
f 5483
a 5761 2384 64
f 4914
f 5184
a 5762 451664 256
a 5763 1392 64
f 5569
f 4334
a 5764 496 256
a 5765 432 256
a 5766 55568 64
f 5116
f 5397
f 3535
a 5767 9168 16
a 5768 563808 64
f 5670
f 5610
f 5192
f 5431
f 4970
f 5527
a 5769 432 16
a 5770 2400 16
a 5771 13840 16
f 5111
a 5772 3392 16
f 5755
a 5773 2320 256
a 5774 4736 64
a 5775 2880 16
a 5776 494768 256
f 5776
f 5768
a 5777 6304 256
a 5778 56400 16
a 5779 17552 16
f 5528
a 5780 1568 16
f 5630
a 5781 1856 16
a 5782 976 16
a 5783 480 256
a 5784 6432 256
a 5785 560 256
a 5786 11072 256
a 5787 464 16
f 5687
a 5788 1184 16
a 5789 1007408 16
f 5716
a 5790 26304 256
a 5791 288 256
a 5792 464 16
f 5461
a 5793 7984 64
a 5794 848 256
f 5652
a 5795 304 256
a 5796 448 16
f 5004
a 5797 1632 256
a 5798 4752 64
a 5799 496 16
a 5800 448 64
a 5801 704 16
a 5802 32512 16
a 5803 768 256
a 5804 5584 256
a 5805 1456 16
a 5806 18608 16
a 5807 14032 64
f 5735
a 5808 17536 16
a 5809 58288 256
a 5810 7568 64
a 5811 3664 256
f 5665
a 5812 60464 256
f 5807
f 5731
a 5813 32016 64
f 5534
f 4230
f 5804
f 3478
a 5814 3679152 256
f 5725
f 5167
f 5627
f 3288
a 5815 1296 256
f 5319
f 5486
f 5729
f 5666
f 5468
f 5680
f 5650
f 5402
a 5816 48304 256
a 5817 504032 16
f 5360
f 5462
f 5554
a 5818 28432 64
f 5762
f 5736
f 5050
f 4998
f 5374
a 5819 1120 256
f 5507
f 5303
a 5820 1202656 256
f 5051
a 5821 3440 64
f 5339
a 5822 5872 64
a 5823 12160 16
f 5566
f 5728
f 5701
f 5099
f 5557
f 5816
f 5696
f 5722
f 5541
f 5287
a 5824 15744 64
f 5782
f 5293
f 5694
f 5141
f 5175
f 5565
f 5195
f 4691
a 5825 784 16
f 5583
f 5204
f 5200
f 5597
a 5826 56960 64
a 5827 992 64
f 5654
f 5324
a 5828 477040 256
a 5829 6736 256
a 5830 1600 256
a 5831 9280 256
a 5832 43408 16
f 5222
a 5833 27936 16
f 5498
a 5834 272 256
a 5835 58240 16
a 5836 1360 16
f 5406
a 5837 7104 64
f 5047
a 5838 38736 64
a 5839 1995440 64
a 5840 2336 64
a 5841 2992 256
f 5228
a 5842 512 16
a 5843 24096 256
f 4365
a 5844 44016 256
a 5845 23680 256
a 5846 974400 256
a 5847 4608 256
a 5848 880 256
a 5849 2640 64
a 5850 545440 16
a 5851 480 64
a 5852 320 256
a 5853 14128 64
a 5854 3376 256
a 5855 512 256
a 5856 8720 64
f 5761
f 4099
f 5615
a 5857 992 256
f 5394
a 5858 20576 64
f 5823
f 4678
f 4637
f 5493
f 5847
f 5842
f 5511
f 4216
a 5859 5472 256
a 5860 31360 256
a 5861 3792 64
a 5862 1664 64
a 5863 1920 256
f 4700
a 5864 4416 64
a 5865 4080 256
f 4687
a 5866 416 16
f 5592
a 5867 448 256
a 5868 832 256
a 5869 15920 256
a 5870 1808 16
a 5871 1088 64
a 5872 640 64
f 5618
a 5873 8560 16
a 5874 3136 16
f 5512
a 5875 15648 256
a 5876 2272 256
a 5877 1568 256
a 5878 2651744 16
a 5879 3744 16
f 5506
f 5173
f 5212
f 5315
f 5820
a 5880 432 16
f 5174
a 5881 26208 64
f 5778
f 5785
a 5882 1200 64
a 5883 1676752 16
f 5433
f 4780
a 5884 400 16
a 5885 8320 256
f 4513
f 5632
a 5886 1728 256
f 5697
a 5887 1408 16
f 4996
f 5846
a 5888 7520 64
a 5889 5344 256
a 5890 496 256
a 5891 416 64
a 5892 16128 64
f 4740
a 5893 1541488 256
a 5894 1472 256
f 5600
a 5895 320 256
a 5896 528 64
a 5897 416 16
a 5898 905104 16
a 5899 304 64
a 5900 50064 64
a 5901 16448 64
f 5562
a 5902 368 64
a 5903 4208 16
a 5904 336 256
a 5905 528 64
a 5906 5264 256
a 5907 576 64
a 5908 385456 256
a 5909 13584 64
a 5910 33120 256
a 5911 4544 16
a 5912 5104 256
a 5913 304 16
f 5750
a 5914 10144 64
a 5915 368 64
a 5916 33744 256
a 5917 2016 16
f 5876
a 5918 864 256
f 5742
a 5919 3104 256
a 5920 704 256
a 5921 2480 16
f 5243
a 5922 64896 256
f 5634
a 5923 22496 16
a 5924 35600 16
f 5572
a 5925 57216 16
f 5915
a 5926 640 256
a 5927 4960 256
f 5344
f 5887
a 5928 26256 256
a 5929 1216 256
a 5930 55904 256
a 5931 325888 64
a 5932 8512 256
a 5933 64912 256
a 5934 464 64
a 5935 2848 16
a 5936 48736 16
a 5937 1696 64
a 5938 5920 64
f 5690
a 5939 734640 256
a 5940 2608 16
a 5941 1888 16
f 5682
f 5894
a 5942 3600 256
a 5943 464 256
f 5852
f 5890
f 5839
a 5944 24976 256
a 5945 320 256
a 5946 480 64
a 5947 5584 16
a 5948 13136 256
f 5733
a 5949 3840 256
f 5075
a 5950 44960 256
a 5951 36688 256
a 5952 2016 256
a 5953 2096 64
a 5954 13760 64
f 5591
f 5574
a 5955 37600 256
a 5956 525056 64
a 5957 26544 256
f 4596
f 5510
a 5958 896 16
a 5959 2048 64
a 5960 352 16
f 5501
a 5961 976 256
a 5962 1887088 16
a 5963 3056 16
f 4325
f 5546
f 5642
a 5964 7008 64
a 5965 5072 16
a 5966 816 64
a 5967 3120 256
a 5968 31024 64
a 5969 49952 256
a 5970 10720 64
f 5834
a 5971 763200 64
f 5963
a 5972 13104 16
a 5973 2576 64
a 5974 384 256
a 5975 9664 256
a 5976 976 256
a 5977 352 64
a 5978 4400 16
a 5979 560 256
a 5980 1138736 256
a 5981 288 64
a 5982 1696 256
f 5490
f 5401
a 5983 3216 16
a 5984 624 64
a 5985 1648 64
a 5986 3792 16
a 5987 53184 256
a 5988 20000 64
a 5989 2784 256
a 5990 11728 256
a 5991 2864 256
a 5992 4320 256
a 5993 1952 256
f 5478
a 5994 336 16
a 5995 1152 16
a 5996 41584 256
a 5997 416 256
a 5998 14304 256
f 5953
a 5999 496 16
a 6000 288 64
a 6001 364112 256
a 6002 560 256
f 5727
f 4238
f 5473
a 6003 17104 16
f 5991
f 5155
a 6004 4688 16
f 4346
a 6005 1184 64
a 6006 1696 16
f 5058
f 5626
f 5870
f 5789
f 5943
a 6007 27840 64
a 6008 52752 64
a 6009 22400 64
a 6010 56848 64
a 6011 60032 16
a 6012 2368 64
f 5440
f 5460
a 6013 6528 64
f 5726
a 6014 3104 256
a 6015 2288 256
a 6016 960 256
a 6017 3696960 16
f 4756
a 6018 3760 64
f 5772
f 5844
f 5463
f 6005
f 5348
f 6016
f 5721
a 6019 1152 64
a 6020 464 64
f 5495
f 6006
f 5530
a 6021 26320 256
f 5491
a 6022 4992 64
f 5480
a 6023 592 64
f 5962
f 5181
f 4710
f 5429
f 3548
a 6024 56512 16
a 6025 432 64
f 5859
f 5593
f 5815
a 6026 272 256
f 5730
f 5602
f 5751
f 5710
f 5880
f 5967
a 6027 1104 16
a 6028 20064 64
f 4345
f 4724
f 3848
f 5908
f 5848
f 4543
f 5812
a 6029 880 256
f 5601
f 5472
f 5413
f 5958
f 5983
a 6030 416 256
f 5996
f 5101
f 5952
f 5563
a 6031 896 256
f 5743
a 6032 1024 16
a 6033 3568 16
a 6034 7392 16
a 6035 26256 64
f 5977
f 6030
a 6036 3149920 16
f 5810
a 6037 60144 64
a 6038 22272 64
f 5061
a 6039 3233408 256
f 5988
f 4629
a 6040 1456 64
f 5382
a 6041 2896 64
f 5118
f 4182
a 6042 26080 64
f 4999
f 4658
a 6043 22320 64
a 6044 19200 64
f 4819
f 5995
f 6025
f 5614
f 5587
f 4980
f 6027
f 5796
f 5929
a 6045 1616 256
a 6046 26480 256
f 5644
f 5688
a 6047 12896 16
f 5599
f 5365
a 6048 10416 16
f 5086
f 5545
f 6008
f 4766
a 6049 23680 64
f 5795
a 6050 48160 64
f 5239
f 5646
f 4417
f 4781
a 6051 416 64
f 5524
f 5941
f 5057
f 6017
f 5609
f 6021
a 6052 2016 16
a 6053 2416 16
a 6054 332080 16
f 5678
f 3293
a 6055 1152 256
f 5681
f 4261
f 5779
a 6056 8208 256
f 5684
f 5999
f 5356
f 5392
f 5973
f 4129
f 5948
f 5216
f 5793
f 6000
f 5159
f 5850
f 5957
f 5135
f 5756
f 5015
f 5217
f 5675
a 6057 448 16
f 5752
a 6058 1200 256
f 4782
f 5359
f 5938
f 5732
a 6059 6640 16
f 5321
f 5421
f 5535
f 4830
f 6002
f 5124
f 5950
f 5378
f 5638
a 6060 880 16
f 5707
f 5095
f 5158
a 6061 1952 256
f 5923
f 5347
f 5903
f 5821
f 5737
f 6003
a 6062 3360 64
f 4863
a 6063 2944 256
a 6064 821216 256
f 5115
a 6065 608 256
a 6066 10736 64
f 5514
f 6018
f 5734
f 5907
a 6067 288 64
f 6054
f 5012
f 5932
f 4831
f 5432
a 6068 1264 16
f 5719
a 6069 25536 256
a 6070 2708736 16
f 4888
f 5827
a 6071 9856 64
a 6072 2336592 256
a 6073 34080 256
a 6074 1296 16
f 4890
a 6075 1088 256
f 5899
f 5235
f 5316
a 6076 12480 256
a 6077 6832 64
f 5921
f 4243
a 6078 416 64
a 6079 512 64
a 6080 2336 256
f 5741
f 5636
a 6081 13424 256
a 6082 36384 16
f 6080
f 4576
f 5439
a 6083 4064 64
f 5786
f 5904
f 5763
f 5802
f 5693
f 4788
f 4808
f 5951
f 5389
f 5307
f 4806
f 5423
f 5700
a 6084 864 256
f 5622
a 6085 976 256
f 5633
f 5947
f 4568
f 5612
f 5942
a 6086 5440 256
f 5585
f 4871
f 4682
f 5568
f 5994
f 4699
a 6087 272 16
f 5767
a 6088 16272 16
f 4928
a 6089 3552 256
a 6090 2512 16
f 4033
f 5251
f 5450
f 5877
f 5246
f 4978
f 6049
f 5893
f 5961
f 4774
f 4796
f 6007
f 5966
a 6091 2447280 256
f 5584
f 5656
f 5920
f 5659
a 6092 6080 256
f 5757
f 5469
f 5194
f 5536
f 5811
f 5838
f 5484
f 5219
a 6093 56512 64
a 6094 21488 256
f 5987
a 6095 12704 256
f 5519
f 4926
f 6066
a 6096 3108720 256
f 5603
f 4991
f 6086
f 5186
a 6097 55088 256
a 6098 3120 16
a 6099 7312 256
f 5689
a 6100 656 64
f 5911
f 5828
f 5023
a 6101 14144 64
f 4395
a 6102 14544 256
f 5926
f 3966
f 5667
f 5540
f 5437
a 6103 323808 64
f 6013
a 6104 3248 16
f 5404
a 6105 2624 256
f 5581
f 5990
f 5369
f 5745
a 6106 19072 256
a 6107 24848 256
f 5496
a 6108 1908816 16
f 5289
a 6109 5200 64
f 5981
f 5724
f 5430
a 6110 3456 16
f 5435
a 6111 2096 16
f 5976
f 3920
f 5984
f 5355
f 6098
a 6112 5504 16
f 5169
a 6113 2441568 16
f 6083
f 4947
f 5317
f 3725
f 5972
f 4981
f 5276
f 5009
f 5452
f 5172
a 6114 39632 64
f 4745
f 4239
a 6115 48464 256
f 4977
f 5901
a 6116 7616 256
a 6117 57680 16
f 4471
f 6078
a 6118 352 16
f 6034
f 5862
f 5301
a 6119 336 256
a 6120 58256 16
f 5664
f 5398
f 5579
f 6102
f 4787
f 5616
f 5855
f 5325
f 5444
f 5475
f 6073
f 6055
a 6121 976 64
f 5635
f 6084
f 5884
f 5286
a 6122 2080 256
a 6123 5680 256
f 6024
f 4754
a 6124 357552 16
f 5500
f 4516
a 6125 3442624 256
f 5142
f 6122
a 6126 8944 16
f 5861
f 4949
f 6107
a 6127 23952 64
f 5683
a 6128 379552 256
a 6129 27008 256
f 4854
f 5940
a 6130 3296 64
f 6090
f 5717
a 6131 15600 64
f 5857
f 5672
f 4152
f 5170
f 6036
f 5937
f 5712
f 5084
f 5858
f 5373
a 6132 304 256
f 4880
f 5866
a 6133 33136 64
a 6134 2464 64
f 5598
f 4664
f 5025
f 5611
f 5896
f 5814
a 6135 543680 64
a 6136 18560 64
a 6137 1749488 16
f 5270
f 6113
a 6138 12064 256
f 6040
a 6139 3872 16
a 6140 512 16
a 6141 1138016 256
a 6142 432 256
a 6143 60848 16
f 5620
a 6144 13696 64
f 5843
a 6145 49776 16
a 6146 16160 16
f 5188
a 6147 35232 256
a 6148 44592 16
f 6012
a 6149 2267136 64
f 5606
f 5985
f 5673
f 5841
a 6150 348432 256
a 6151 624 64
f 4567
f 6147
a 6152 640 16
f 5955
a 6153 10240 16
f 5658
f 5840
a 6154 768 256
f 6139
a 6155 18816 64
a 6156 7968 64
a 6157 55392 256
f 6145
a 6158 976 64
a 6159 432 16
a 6160 15184 256
f 6095
a 6161 23472 16
f 6041
a 6162 18896 256
f 5577
f 5759
a 6163 8352 16
f 5871
f 6106
a 6164 405440 16
f 5564
f 5975
f 5874
f 6032
f 6015
f 5428
f 6111
f 5801
f 5777
f 5744
f 5628
f 5970
a 6165 57056 256
a 6166 46416 16
f 5441
a 6167 5456 64
a 6168 464 64
f 5888
a 6169 7472 16
a 6170 1584 256
f 6039
a 6171 8400 256
a 6172 12336 64
f 5702
a 6173 3728 16
a 6174 1456 64
a 6175 3952 256
a 6176 320 16
a 6177 28608 16
f 6170
f 5832
a 6178 12000 256
a 6179 5808 16
a 6180 777392 16
a 6181 18624 16
a 6182 10496 256
a 6183 20224 256
a 6184 336 16
f 3581
a 6185 992 64
a 6186 368 64
f 5898
a 6187 496 64
a 6188 448 64
a 6189 35376 64
a 6190 24352 16
f 6186
a 6191 448 256
a 6192 464 64
f 5910
a 6193 1808 256
f 6184
a 6194 880 256
a 6195 36896 256
a 6196 26048 256
f 5052
f 6076
a 6197 45360 64
f 5538
f 5663
f 5208
a 6198 54064 64
a 6199 288 16
a 6200 304 16
a 6201 2016 16
a 6202 54640 64
a 6203 3360224 16
f 5409
f 6144
a 6204 15200 256
f 5784
a 6205 12016 256
f 5865
f 5749
f 6198
a 6206 960 64
a 6207 1712 64
f 6103
a 6208 4016 16
f 4844
f 5905
f 5215
f 5800
f 6093
f 6114
f 5989
f 5624
a 6209 496 64
a 6210 400 16
f 6088
a 6211 320 64
f 5806
f 5935
a 6212 25040 256
f 5897
f 5427
f 5069
f 6141
a 6213 19680 16
a 6214 3184 64
a 6215 496 64
a 6216 47264 256
f 5096
a 6217 10080 64
f 6128
f 5686
a 6218 5552 64
a 6219 1568 16
a 6220 368 16
a 6221 46048 64
f 5241
a 6222 1536 256
a 6223 320 64
f 5505
a 6224 1666176 16
f 5253
a 6225 7104 256
a 6226 2608 16
a 6227 5024 256
a 6228 10704 64
f 5968
f 5860
f 6197
f 5986
f 5902
f 5372
f 6042
f 5161
a 6229 25936 16
a 6230 6256 64
f 6137
a 6231 416 16
a 6232 14416 64
a 6233 1136 64
a 6234 1520 64
a 6235 560224 16
a 6236 720 64
a 6237 46384 64
a 6238 46752 64
f 5783
a 6239 1584 64
a 6240 3378832 16
f 6149
f 4468
f 6188
f 5032
a 6241 22912 16
f 5006
a 6242 907792 16
a 6243 3088 64
a 6244 448 16
f 6064
a 6245 15744 16
a 6246 13472 64
f 5676
f 6097
a 6247 12416 64
f 6206
a 6248 9056 64
a 6249 3168 16
a 6250 55696 256
f 5582
f 5919
f 6151
a 6251 672 256
f 4804
a 6252 1114640 64
a 6253 2015264 256
f 4198
a 6254 688 64
f 5799
f 6215
f 5104
f 4841
f 6200
c op-12000
f 6028
f 5794
f 6047
f 5982
f 4864
f 5766
f 6117
f 5738
a 6255 4512 64
f 5826
a 6256 2896 16
a 6257 9952 16
a 6258 63184 64
a 6259 2048 16
a 6260 3632 16
a 6261 3232 64
a 6262 11872 16
f 6203
a 6263 47072 256
f 6163
f 5268
f 6133
a 6264 336 16
a 6265 656 256
a 6266 3136 64
a 6267 916160 256
f 6157
f 6196
a 6268 432 64
a 6269 18848 64
f 6156
f 6241
a 6270 1111056 16
a 6271 2560 256
a 6272 960 256
a 6273 61536 256
a 6274 18256 256
a 6275 13568 16
a 6276 57248 256
a 6277 12544 16
a 6278 1904 64
a 6279 1952 16
a 6280 416 16
a 6281 2416 64
a 6282 2094432 16
a 6283 27536 16
a 6284 992 16
a 6285 272 64
a 6286 272 256
a 6287 7536 16
f 5499
f 6022
a 6288 448 64
a 6289 352 16
a 6290 1264 64
a 6291 15520 16
a 6292 55760 256
a 6293 26928 256
f 6162
f 6267
a 6294 13392 256
f 3061
a 6295 864 64
a 6296 6864 256
a 6297 7232 64
a 6298 2800 256
a 6299 560 16
a 6300 1891792 256
f 5790
f 4611
a 6301 1392 256
f 6033
f 5960
a 6302 21296 16
f 5561
a 6303 1264 256
f 6037
a 6304 752 64
f 4321
f 5237
f 6181
a 6305 55584 16
f 5914
f 6150
f 5550
a 6306 1008 256
f 5641
f 5909
f 4910
a 6307 960 64
f 6292
f 6201
f 6272
f 6085
a 6308 1040 16
f 6142
f 6195
f 6119
f 5747
a 6309 4464 16
a 6310 1120 16
f 5704
f 5818
a 6311 7984 16
f 5825
f 5230
f 5552
a 6312 1723296 256
f 5895
f 5679
f 6308
f 6289
f 6065
f 4616
f 5657
a 6313 3104 256
a 6314 15424 64
f 5703
a 6315 3376 64
f 5671
f 5886
f 4212
f 6011
f 5817
f 6136
f 6247
f 6059
f 5797
f 5250
f 4882
f 5831
f 6293
f 6176
a 6316 1136 64
f 6265
a 6317 1920 64
f 5813
f 5655
f 6233
f 5808
f 6317
f 6052
f 5556
f 6204
f 6185
f 6094
f 6271
f 6177
f 5723
f 6069
f 6217
f 6035
f 5959
f 5334
f 6214
f 5395
f 6263
f 5578
f 5645
f 6044
f 6207
f 6138
f 5029
a 6318 51408 64
a 6319 288 64
a 6320 1008 16
f 5824
a 6321 5792 256
f 5833
f 6231
f 6252
a 6322 960 64
a 6323 352 16
f 6227
a 6324 384 16
a 6325 1760 16
a 6326 31040 16
f 5925
a 6327 16368 16
a 6328 858608 16
f 5739
f 5151
f 5853
f 5643
f 5470
a 6329 9728 16
f 6140
f 6226
a 6330 2400 16
f 5647
a 6331 2048 16
a 6332 1088 256
a 6333 3904 16
f 6239
f 5407
a 6334 1280 64
f 5221
f 5708
f 5332
f 6274
a 6335 784 256
f 6286
f 5769
f 4886
f 5964
f 6053
f 5080
a 6336 4224 64
f 5503
a 6337 3312 16
a 6338 3696 16
a 6339 34368 16
a 6340 1968 256
f 6051
a 6341 272 64
a 6342 14496 64
a 6343 23488 256
a 6344 49376 256
f 5256
a 6345 42048 16
a 6346 42272 16
a 6347 4160 16
f 5720
f 4744
a 6348 432 16
a 6349 27424 256
a 6350 1840 64
a 6351 7984 64
a 6352 720 64
f 5298
f 4424
f 6219
a 6353 1312 16
a 6354 1548480 16
a 6355 1104 16
a 6356 2192 256
a 6357 2128 64
a 6358 1392 64
a 6359 1632 256
a 6360 304 64
a 6361 1417824 256
f 5928
f 6269
f 5845
f 6071
a 6362 6384 256
a 6363 432 256
f 6183
f 5639
f 5692
f 5854
a 6364 496 16
f 5064
a 6365 16128 64
f 5711
f 6282
a 6366 1831280 16
f 6056
f 5140
a 6367 7152 64
f 4526
f 6245
a 6368 6720 16
a 6369 896 64
a 6370 416 256
a 6371 29504 64
a 6372 6944 64
f 6167
f 6079
f 4760
f 6129
a 6373 5680 16
a 6374 1952 16
f 3699
f 5685
a 6375 16304 16
a 6376 409008 256
f 5864
f 5868
f 6291
f 6285
f 5695
a 6377 12576 64
a 6378 2032 64
a 6379 10512 64
a 6380 832 256
a 6381 896 256
f 5883
a 6382 767584 16
a 6383 304 16
a 6384 512 64
a 6385 45456 64
f 5699
f 5471
f 4759
a 6386 1548528 256
f 6212
f 6045
f 6381
f 4948
a 6387 2192 64
a 6388 11376 256
a 6389 36848 16
f 6301
a 6390 2720 256
a 6391 720 256
f 5979
a 6392 25360 64
a 6393 1152 256
a 6394 7792 256
a 6395 784 16
f 6058
a 6396 1152 256
f 6172
a 6397 272 16
a 6398 2512 64
a 6399 5088 256
a 6400 1296 16
a 6401 320 64
a 6402 800 256
f 6099
f 6074
a 6403 2512 16
a 6404 28480 64
a 6405 976 16
a 6406 6816 64
a 6407 39312 64
f 5558
f 5408
a 6408 512 64
f 6116
a 6409 5888 64
a 6410 27472 16
a 6411 992 256
a 6412 928 256
a 6413 13760 256
f 6312
a 6414 496 16
a 6415 8080 16
a 6416 27472 16
a 6417 15168 64
f 6298
a 6418 368 16
a 6419 9728 16
a 6420 3712 16
a 6421 7440 64
f 6318
a 6422 954352 16
a 6423 1200 16
f 6330
a 6424 48832 256
a 6425 17904 64
a 6426 464 256
a 6427 56784 64
a 6428 432 16
a 6429 3872 16
f 4709
a 6430 752 16
f 4311
a 6431 4672 64
a 6432 480 16
a 6433 402240 256
f 6105
f 6373
a 6434 5184 256
f 5232
a 6435 1440 256
a 6436 3520 64
f 6131
a 6437 15408 16
a 6438 448 16
a 6439 29200 16
a 6440 14096 16
a 6441 363536 16
a 6442 512 64
a 6443 4064 64
a 6444 21440 16
f 5974
a 6445 2016 64
f 5836
f 6068
a 6446 608 16
f 6189
a 6447 12752 16
a 6448 35040 256
a 6449 8304 16
a 6450 304 16
a 6451 8864 64
f 6337
a 6452 4144 16
a 6453 3664 64
a 6454 320 16
a 6455 704 256
a 6456 49952 256
a 6457 26656 16
a 6458 16480 256
f 6023
a 6459 1232 64
a 6460 41728 16
f 5993
f 5113
a 6461 44208 256
a 6462 7104 64
f 6118
a 6463 5728 64
a 6464 3064944 256
f 6441
f 6161
a 6465 2144 256
f 6060
a 6466 47760 16
f 6421
f 6063
f 6327
f 5059
f 5637
f 6213
f 6399
a 6467 9376 64
f 6363
f 6355
f 5513
f 6422
a 6468 13168 256
a 6469 31232 64
a 6470 2941488 64
f 6210
f 5830
f 6321
f 5313
f 5805
f 5882
f 4838
a 6471 656 16
f 6423
a 6472 2704 16
f 6294
f 6031
f 6081
a 6473 4048 256
f 6439
f 6410
f 5459
a 6474 2928 256
f 5740
a 6475 7008 16
a 6476 6400 64
a 6477 655280 64
f 6369
f 6401
f 6452
f 6473
f 6383
f 5257
f 6425
a 6478 1840 256
f 6307
a 6479 4672 64
a 6480 288 16
a 6481 736 64
a 6482 1267648 16
f 6462
a 6483 3970128 256
f 5922
f 5543
f 6444
a 6484 4816 256
a 6485 336 64
f 5077
f 6336
a 6486 528 256
a 6487 63456 16
f 6153
f 5792
a 6488 896 16
a 6489 2208 64
a 6490 368 256
f 6456
f 5231
f 5282
a 6491 896 256
f 6211
a 6492 8848 64
f 5529
f 5396
f 6109
a 6493 62224 256
f 5980
f 6192
a 6494 10016 16
f 5662
f 4696
f 5885
f 4934
f 4725
a 6495 560 16
f 6400
f 6259
f 6202
f 5508
f 6455
f 6386
f 5819
f 6313
f 5604
f 5623
a 6496 544 64
f 5322
f 6061
f 6314
f 4012
f 5691
a 6497 6224 16
f 6408
f 6407
a 6498 1008 16
f 5900
a 6499 9760 16
f 6343
f 6230
f 5998
a 6500 608 16
f 5714
a 6501 12064 256
f 6446
f 6465
f 6361
f 5629
a 6502 7200 16
f 6243
f 6244
f 5668
a 6503 800 64
f 5573
f 5651
f 6392
f 6315
f 6409
f 5477
f 5589
a 6504 992 16
f 6152
f 5971
a 6505 9264 256
f 5748
a 6506 2416 64
a 6507 3040 64
a 6508 3904 64
f 6402
f 5296
a 6509 57472 64
a 6510 57248 16
a 6511 37056 16
f 5881
f 5020
f 6276
a 6512 15712 256
f 5489
a 6513 6304 256
a 6514 5552 64
f 6502
f 6395
f 5770
a 6515 1376 256
f 5260
a 6516 22352 16
f 5648
f 5553
f 6296
a 6517 27952 64
f 5517
a 6518 20032 64
a 6519 1760 256
a 6520 1680 64
f 5661
a 6521 13520 64
a 6522 3392 16
a 6523 480 64
f 6435
a 6524 1392 256
a 6525 10992 16
a 6526 7168 64
f 5045
a 6527 608 16
f 6434
a 6528 320 256
f 5405
f 6347
f 6020
f 5946
f 5442
a 6529 7856 64
f 6475
f 6238
a 6530 404912 64
a 6531 848 256
f 5391
f 6508
f 5891
a 6532 1920 256
f 6522
f 5518
f 6228
f 6518
f 4916
f 5775
f 6513
f 6209
a 6533 448 256
f 6297
f 6319
f 5259
f 5580
f 5126
f 6504
f 5889
f 5547
a 6534 11456 256
f 6396
a 6535 44240 16
f 6512
a 6536 5952 256
a 6537 501296 64
f 6254
f 6514
a 6538 4800 64
f 5022
f 6531
f 6310
f 6506
a 6539 496 64
a 6540 46256 64
f 6057
a 6541 304 256
a 6542 15968 64
f 6100
f 5856
f 6368
f 5706
a 6543 634880 16
f 5837
a 6544 5264 256
f 4130
f 6483
a 6545 1952 16
f 6420
a 6546 448 256
a 6547 2624 64
a 6548 3713440 256
a 6549 2288 16
f 6077
f 6328
f 6014
a 6550 25184 256
a 6551 7184 256
f 6249
a 6552 2336 16
f 5930
a 6553 26416 256
f 6174
a 6554 496 64
a 6555 2032 256
f 6091
f 5713
a 6556 2448 64
a 6557 3840 256
a 6558 10192 64
f 5522
a 6559 3241520 16
a 6560 1296 256
a 6561 512 64
a 6562 3680 16
f 5913
a 6563 1008 64
f 6491
f 5674
f 6460
a 6564 336 256
f 5829
f 6087
f 5879
f 6471
f 5992
f 6390
f 6112
f 6277
a 6565 578912 256
f 5625
f 5091
f 4899
f 4933
f 6529
f 6549
f 6464
f 6391
a 6566 350736 64
f 6365
a 6567 5696 64
f 6524
a 6568 49712 256
a 6569 2800 256
a 6570 880 64
a 6571 352 64
a 6572 352 16
a 6573 2496 64
a 6574 12544 64
f 6266
f 6303
a 6575 4880 16
f 5403
f 6481
a 6576 32736 16
a 6577 736 16
f 6280
f 3080
f 6205
a 6578 416 256
f 6190
a 6579 456256 64
f 5264
a 6580 12608 16
a 6581 320 16
a 6582 8640 64
a 6583 816 16
a 6584 752 256
a 6585 352 64
a 6586 62480 64
f 6542
f 5333
a 6587 912 16
f 6541
f 6459
a 6588 4432 64
a 6589 13792 64
a 6590 47104 256
a 6591 352 64
a 6592 647120 256
a 6593 13024 256
a 6594 9728 16
a 6595 1248 64
a 6596 13424 64
f 6229
a 6597 624 16
a 6598 1184 16
a 6599 1632 256
a 6600 4544 16
f 5542
a 6601 2544 256
a 6602 398192 64
a 6603 1664 64
a 6604 3296 16
f 6592
a 6605 6816 64
a 6606 1892672 256
a 6607 24944 256
a 6608 976 256
f 6346
a 6609 2224 256
a 6610 2768 256
a 6611 1200 64
a 6612 512 16
a 6613 912 16
a 6614 1552 16
f 6029
a 6615 3375168 64
f 6165
f 5949
f 4476
f 5415
f 6538
f 6562
f 6418
f 6257
f 6281
a 6616 5024 64
f 6533
f 6436
a 6617 400 64
a 6618 11424 16
f 5933
a 6619 560 64
f 6614
f 6419
f 6379
f 6221
a 6620 800 64
f 6525
a 6621 2048 64
a 6622 3344 256
a 6623 1600 16
f 6577
a 6624 45232 64
f 6340
f 5559
f 5869
f 6354
a 6625 320 64
f 6325
a 6626 815936 256
f 6583
f 6590
f 6424
a 6627 688 256
f 6476
f 6350
f 6551
a 6628 340464 64
f 5205
f 6570
a 6629 55184 256
f 4945
f 6615
a 6630 2763456 64
f 6478
f 6173
f 6468
f 6048
f 6180
f 5197
f 6096
a 6631 24672 16
a 6632 8096 256
a 6633 42272 16
f 6482
f 5873
f 6632
f 6326
a 6634 1728 16
a 6635 2032 64
a 6636 5392 256
a 6637 7440 64
a 6638 5920 64
f 5021
a 6639 10112 256
a 6640 25168 256
a 6641 432 256
a 6642 64688 16
f 6437
a 6643 32784 256
a 6644 408880 16
f 6417
f 5709
a 6645 304 64
a 6646 1296 64
a 6647 1008 256
f 4531
f 5997
a 6648 736 256
f 6484
f 5746
a 6649 720 16
a 6650 2208 256
a 6651 3536 64
a 6652 2048 64
a 6653 6512 16
a 6654 8336 16
a 6655 37136 256
a 6656 10368 256
f 6397
f 6359
a 6657 12656 16
f 6360
f 6388
a 6658 28000 16
a 6659 2893968 16
a 6660 15088 256
a 6661 448 64
a 6662 752 256
f 5872
a 6663 1568240 16
a 6664 2400 64
f 6166
f 6647
f 6552
f 6648
f 6345
f 6194
f 6262
f 5081
f 6299
f 6443
a 6665 32656 64
f 6534
f 6553
f 6521
f 4958
f 6193
f 6638
f 6636
f 6010
a 6666 25952 64
f 5780
f 6495
f 6629
f 6650
f 6050
f 5669
f 6442
f 6543
a 6667 496 16
f 6457
f 6587
a 6668 1296 16
f 6494
a 6669 25712 64
a 6670 5376 256
a 6671 880 64
f 6250
a 6672 14672 16
a 6673 3536 16
a 6674 58240 16
a 6675 928 256
a 6676 6800 16
a 6677 467424 64
a 6678 7776 64
f 6467
f 6279
f 6323
f 5798
a 6679 33408 256
a 6680 11584 64
f 6344
a 6681 11200 16
f 5918
f 6616
f 6486
f 6580
f 6242
a 6682 15120 16
a 6683 937664 256
f 6621
f 6380
f 6493
f 6406
a 6684 32704 256
a 6685 432 256
a 6686 50288 256
f 6070
a 6687 1283776 16
f 6625
f 6331
a 6688 46800 64
a 6689 15024 64
a 6690 2944 64
a 6691 976 256
a 6692 1920 64
a 6693 1856 64
a 6694 1552 64
f 5822
a 6695 336 64
a 6696 1440 64
a 6697 1231264 16
a 6698 45200 256
a 6699 514144 256
f 6654
a 6700 2576 256
a 6701 65056 256
a 6702 1872 256
a 6703 21008 256
f 5318
f 6485
a 6704 880 256
f 4222
f 6515
a 6705 548160 16
a 6706 1872 256
f 6622
f 6560
f 6316
f 5548
a 6707 464 64
f 6579
f 5773
f 6642
a 6708 10096 64
f 5310
f 6520
f 5485
f 6555
f 6120
f 6581
f 5567
f 6601
f 6067
a 6709 37776 16
f 6661
f 6557
f 5912
a 6710 50032 256
a 6711 9680 16
f 5698
f 6377
f 6284
a 6712 15184 256
f 6680
f 6453
f 5343
f 6302
f 6126
f 6667
a 6713 1488 256
f 6492
f 6403
f 6641
a 6714 800 16
f 6342
f 6479
f 6565
a 6715 52720 16
f 6382
a 6716 521536 16
a 6717 13856 16
a 6718 640 256
a 6719 384 256
a 6720 2656 64
a 6721 5152 64
a 6722 12544 64
a 6723 19936 256
a 6724 18272 256
f 6573
a 6725 2720 16
a 6726 1088 16
a 6727 4096 256
a 6728 1024 64
a 6729 1360 256
a 6730 1280 16
a 6731 3616 64
a 6732 2192 16
a 6733 576 256
a 6734 29360 256
a 6735 4704 16
f 6132
a 6736 43456 64
a 6737 33888 64
a 6738 47616 256
a 6739 2011936 64
f 5515
f 5619
f 6738
f 6717
f 6528
f 6287
f 6450
f 6676
f 6567
f 5803
f 5466
a 6740 28928 64
f 6387
f 5291
f 6187
f 6668
f 6719
a 6741 976 64
f 4147
f 5502
f 5771
a 6742 2672 256
a 6743 13840 64
a 6744 2944 16
a 6745 7216 64
f 5835
a 6746 24096 256
f 6537
a 6747 1000928 64
a 6748 12320 64
a 6749 2528 64
f 6075
f 6607
f 6737
f 6687
a 6750 736 16
a 6751 13888 64
a 6752 1392 64
a 6753 512 16
a 6754 1872 256
f 5653
a 6755 3600 16
a 6756 361184 16
a 6757 3744 64
f 6757
f 6115
f 5791
f 6609
f 6554
f 6268
a 6758 304 16
f 6722
a 6759 272 64
a 6760 1552 64
f 6604
f 6324
f 6593
f 6428
f 5410
f 6358
a 6761 512 64
f 4622
a 6762 784 64
f 6696
f 6374
a 6763 6384 16
f 6333
f 6517
a 6764 4160 64
f 6523
f 5764
a 6765 61584 256
a 6766 2400 16
f 5387
f 6304
f 6640
f 6695
a 6767 320 16
f 4922
f 6617
f 4293
a 6768 14304 64
f 6322
a 6769 7616 16
f 5089
a 6770 1658016 16
f 6278
f 6429
a 6771 5888 16
a 6772 596112 64
f 6682
f 6716
f 6589
f 6678
f 6255
f 5917
f 6718
a 6773 1712 256
f 6224
f 6222
a 6774 27104 16
f 6736
a 6775 56144 256
f 6306
a 6776 2672 64
f 6619
f 6675
f 6530
a 6777 18032 64
a 6778 48928 16
a 6779 1024 16
a 6780 3456 64
a 6781 1744 16
a 6782 54864 16
f 6283
a 6783 624 16
f 6742
a 6784 14352 64
a 6785 3280 16
f 6216
a 6786 3584 256
a 6787 816 16
f 6766
a 6788 3456 64
f 6089
a 6789 3680 256
a 6790 736 256
a 6791 1456 256
f 6705
f 5368
a 6792 1312 16
a 6793 20048 256
a 6794 1696 16
a 6795 980064 256
f 5892
f 6545
f 6761
f 6490
a 6796 7328 16
a 6797 1088 16
a 6798 29024 64
f 6092
f 6677
a 6799 1792 16
f 6146
a 6800 449120 16
f 6148
f 6349
f 5939
a 6801 33664 16
a 6802 5104 16
a 6803 528 16
f 6378
a 6804 27840 256
a 6805 624 256
a 6806 1360 256
a 6807 6784 64
a 6808 2055792 256
a 6809 9504 64
f 6168
f 6606
a 6810 62544 16
a 6811 55312 256
a 6812 3024 256
a 6813 1888 64
f 6440
a 6814 37888 256
a 6815 8960 16
a 6816 268432 64
f 6376
a 6817 24576 16
a 6818 736 64
a 6819 3888 64
f 6499
a 6820 768 256
a 6821 41504 64
a 6822 400 256
a 6823 1488 64
a 6824 1488 256
a 6825 29584 16
a 6826 25760 16
a 6827 7424 256
a 6828 14736 256
f 6754
f 6497
a 6829 12704 256
a 6830 14256 16
f 6804
f 5379
f 6715
a 6831 10352 16
f 6605
a 6832 7120 64
f 5516
a 6833 1712 64
a 6834 384 64
f 6405
f 6178
a 6835 10384 64
a 6836 11552 64
a 6837 56224 64
a 6838 4352 64
a 6839 2320 16
f 5924
a 6840 480 256
a 6841 11456 64
a 6842 1625136 64
f 6338
f 6461
f 6362
a 6843 2596992 16
f 6669
f 6724
f 6612
f 6500
f 6639
f 5153
f 6770
f 6404
a 6844 2016 256
f 6550
f 6199
f 6778
f 6072
a 6845 1008 64
f 6411
a 6846 3984 256
a 6847 3888 256
a 6848 8592 256
f 6759
a 6849 24672 16
a 6850 688 256
a 6851 3440 64
a 6852 2272 16
a 6853 13504 64
f 6353
f 6503
a 6854 26864 64
a 6855 2288 256
f 6854
a 6856 4896 64
f 6384
f 5758
a 6857 464 64
a 6858 6640 256
f 6253
f 6666
a 6859 3040 16
a 6860 8304 64
f 6633
a 6861 3312 64
a 6862 3504 64
f 6108
f 6751
a 6863 352 64
f 6781
f 6850
a 6864 33936 16
a 6865 1856 64
a 6866 18368 64
f 6796
a 6867 1152 64
f 6691
f 6626
f 6764
a 6868 36720 16
a 6869 672 16
a 6870 448 256
f 6357
a 6871 6608 256
a 6872 880 64
a 6873 30736 16
a 6874 23872 256
a 6875 3824 64
f 6746
f 6348
a 6876 2320 64
a 6877 752 256
a 6878 3248 16
a 6879 704 64
a 6880 1056 64
a 6881 21728 16
a 6882 336 256
f 6527
a 6883 1392 64
a 6884 2176 16
a 6885 5472 64
a 6886 656 64
a 6887 913728 16
a 6888 2464 64
f 6671
a 6889 19488 64
a 6890 20784 256
a 6891 4528 16
a 6892 6992 16
a 6893 6400 64
a 6894 5792 64
f 6082
a 6895 12768 256
a 6896 3584 64
a 6897 7968 16
f 6539
a 6898 403728 256
a 6899 15952 64
f 6655
f 6536
f 6834
a 6900 3344 16
a 6901 1040 64
a 6902 16256 16
a 6903 10000 256
f 6237
a 6904 434288 16
a 6905 33792 256
a 6906 46048 16
a 6907 12448 64
a 6908 576 16
a 6909 416 256
a 6910 6672 64
a 6911 21696 256
a 6912 2944 64
a 6913 18960 16
a 6914 400 16
a 6915 448 64
f 6699
f 6341
a 6916 30240 256
a 6917 8400 256
a 6918 1472 64
f 6880
a 6919 2912 64
a 6920 3319712 256
f 6637
f 5944
f 6191
f 6823
f 6893
f 6883
f 6745
a 6921 400 64
f 5906
f 6827
f 5474
f 6651
a 6922 896 16
a 6923 24496 64
f 6412
a 6924 3632 256
f 6848
f 6681
a 6925 704 64
f 6840
f 6305
a 6926 2144 64
a 6927 1280 256
a 6928 6544 16
a 6929 288 16
f 5916
a 6930 1920 64
a 6931 1744 16
f 6822
a 6932 288 16
a 6933 63184 64
f 6469
f 6926
a 6934 368 16
a 6935 752 256
f 6160
a 6936 1056 16
a 6937 448 256
a 6938 1248 256
a 6939 5040 16
a 6940 6256 16
f 6889
a 6941 3696 16
f 6886
a 6942 1120 256
a 6943 58016 64
f 5753
a 6944 3840 256
f 6826
a 6945 13664 256
a 6946 2046288 64
f 5249
f 6275
f 6602
f 6516
a 6947 1968 64
f 6645
f 6858
f 6844
f 6164
f 6720
f 6872
f 6511
f 5867
a 6948 26064 256
f 6867
f 6594
f 6158
a 6949 39456 64
f 6445
f 6496
f 6941
a 6950 31440 64
f 6839
f 6454
a 6951 704 256
f 6498
f 6393
f 6588
a 6952 1104 64
f 6458
f 5016
f 6788
f 6734
f 6900
a 6953 3290400 64
a 6954 10336 16
a 6955 922832 64
f 6805
f 6836
f 6915
a 6956 4752 16
f 5765
f 6776
f 6807
f 6634
f 6288
a 6957 1840 16
f 5631
f 6385
f 6881
f 5760
a 6958 4896 16
f 6624
a 6959 768 256
f 6756
f 6596
f 6489
f 6679
f 6659
a 6960 1920 64
f 6488
f 5613
f 6806
f 6810
f 6845
f 6413
a 6961 5360 256
f 6946
a 6962 736 16
a 6963 9312 64
a 6964 2016 64
a 6965 400 256
a 6966 15472 16
a 6967 19584 256
a 6968 12288 256
f 6449
f 4891
a 6969 2272 256
a 6970 1728 256
a 6971 1472 16
a 6972 1504 64
a 6973 30416 16
f 6038
f 6784
a 6974 63136 256
a 6975 1872 256
a 6976 2032 256
a 6977 62992 16
a 6978 7104 256
a 6979 752 16
a 6980 38992 256
a 6981 496 64
f 6575
a 6982 720 256
a 6983 2848 256
f 6817
a 6984 21552 64
a 6985 1024 64
a 6986 35248 16
a 6987 2912 16
a 6988 2063504 256
f 6793
f 6509
a 6989 49984 256
f 6903
f 6979
f 6939
a 6990 1104 64
f 6426
f 6474
a 6991 672 256
a 6992 2006816 64
f 6220
f 6740
a 6993 496 64
f 6564
f 6332
f 6704
f 5945
f 6329
f 6786
f 6841
f 6261
f 6501
f 6977
a 6994 4432 256
a 6995 1440 16
f 6630
a 6996 2080 16
a 6997 29520 64
f 6993
f 6472
a 6998 61312 256
f 5927
f 6959
f 6559
a 6999 1648 16
f 4786
a 7000 19328 256
a 7001 1984 16
a 7002 992 64
a 7003 3296 256
a 7004 11888 16
a 7005 16544 64
a 7006 16432 16
a 7007 8096 64
a 7008 752 16
f 6919
a 7009 6000 16
a 7010 5840 256
f 6046
a 7011 50112 256
a 7012 57824 64
a 7013 55760 256
a 7014 2976 16
f 7007
f 4439
a 7015 24336 64
a 7016 63424 16
a 7017 6464 16
a 7018 6128 64
a 7019 25152 256
a 7020 304 256
a 7021 2208 64
a 7022 45936 256
a 7023 2752 16
a 7024 1488 256
a 7025 1840 256
a 7026 768 16
f 6713
a 7027 30688 64
a 7028 1152 16
f 6980
a 7029 4128 256
f 6821
a 7030 2909808 16
f 6960
f 6535
f 6916
f 6994
f 6830
f 6958
f 5426
f 6828
f 6739
a 7031 880 64
a 7032 6688 256
a 7033 1248 64
a 7034 25792 64
a 7035 11008 16
f 6743
a 7036 5968 256
a 7037 619088 16
a 7038 2528 16
a 7039 36496 256
a 7040 14784 16
a 7041 7520 64
a 7042 8848 64
f 6908
f 6901
a 7043 2483424 256
f 5978
f 6062
f 6750
f 4912
f 6816
a 7044 1456 16
f 6825
f 6894
a 7045 16016 64
f 7034
f 6829
a 7046 3520 16
a 7047 320 16
f 6665
f 6942
a 7048 28672 16
f 6416
f 6334
a 7049 1712 64
f 6885
a 7050 12752 16
f 6930
a 7051 368 16
f 6787
f 6846
f 6663
f 6708
f 6672
a 7052 1312 16
f 6693
f 6208
f 5134
f 6159
a 7053 384 256
f 6432
f 6703
a 7054 272 256
f 6887
a 7055 60160 256
a 7056 1296 256
a 7057 13504 16
f 6558
a 7058 6480 16
a 7059 624 16
f 6971
a 7060 992 64
f 6398
a 7061 1231856 16
f 6135
f 5660
a 7062 31136 64
f 6548
a 7063 3936 16
a 7064 20832 64
a 7065 832 256
f 6246
f 6853
a 7066 736 256
a 7067 272 16
a 7068 732320 16
a 7069 320 64
a 7070 2016 256
f 6991
a 7071 8080 256
a 7072 9744 256
a 7073 7104 16
f 5400
a 7074 30944 64
a 7075 2112 16
a 7076 800 64
a 7077 14608 256
f 6988
a 7078 1232 16
a 7079 20960 16
f 6433
a 7080 864 256
f 6729
f 6507
a 7081 3184 64
f 6366
a 7082 1072 16
f 6782
a 7083 592 16
f 6130
a 7084 5232 16
a 7085 2144 16
a 7086 1008 256
f 7066
a 7087 1504 64
a 7088 4672 16
a 7089 1648 256
a 7090 41360 64
a 7091 40464 256
a 7092 6832 256
a 7093 5136 256
a 7094 976 64
f 6235
a 7095 512 64
a 7096 15600 64
f 6104
a 7097 341168 256
a 7098 1152 16
f 6613
a 7099 1872 16
a 7100 12000 16
a 7101 544 64
f 6918
a 7102 2688 16
a 7103 1478128 16
f 6803
a 7104 3936 64
a 7105 14768 16
f 6447
a 7106 400 64
a 7107 7088 64
a 7108 46960 16
f 6240
a 7109 3616 256
a 7110 1584 16
a 7111 26560 16
a 7112 31232 16
a 7113 1824 16
f 6735
a 7114 63088 256
f 6866
a 7115 18304 64
a 7116 407200 256
a 7117 13856 16
a 7118 6368 256
a 7119 47136 64
f 6956
a 7120 30224 256
f 6175
a 7121 272 64
f 7033
a 7122 512 256
a 7123 4320 64
f 6448
f 7016
a 7124 13824 16
a 7125 2000 16
f 7018
a 7126 848 16
a 7127 11968 16
a 7128 464 256
a 7129 36240 256
a 7130 51504 64
a 7131 4256 256
a 7132 304 64
f 7040
a 7133 3312 256
a 7134 31920 256
f 6769
a 7135 2688 64
a 7136 2320 16
a 7137 848 64
a 7138 1024 64
f 6236
a 7139 26272 16
a 7140 2896 64
a 7141 1488 64
a 7142 656 256
a 7143 65216 64
f 6902
a 7144 2336 64
a 7145 31568 16
a 7146 3072 16
f 7049
a 7147 1520 16
a 7148 288 256
f 7124
a 7149 646048 64
f 6653
a 7150 42208 16
f 6965
a 7151 34448 16
a 7152 40752 64
a 7153 4080 64
a 7154 672 64
a 7155 8656 16
f 6372
a 7156 14352 16
a 7157 46992 64
f 5476
a 7158 17760 16
a 7159 4089408 16
a 7160 43264 64
f 4741
f 6019
a 7161 1248 64
a 7162 42160 64
f 7145
a 7163 1632 64
a 7164 6784 256
f 6375
a 7165 6640 16
f 6674
a 7166 23392 64
a 7167 27296 16
a 7168 18720 256
a 7169 11088 16
a 7170 960 256
f 5544
f 6566
a 7171 4368 16
a 7172 6320 64
f 6895
f 7045
a 7173 1200 256
f 6899
a 7174 60416 256
f 6556
f 6690
a 7175 44272 64
a 7176 32336 64
a 7177 368 64
f 6833
a 7178 31968 256
a 7179 336 64
a 7180 1782960 256
f 6123
a 7181 11552 64
a 7182 1280 256
f 6911
a 7183 462592 256
f 5849
a 7184 849552 16
a 7185 29184 64
a 7186 19424 16
f 7082
a 7187 23728 16
a 7188 1584 64
f 7089
a 7189 320 64
a 7190 1360 256
a 7191 1376 64
f 6256
a 7192 3346256 16
a 7193 58400 16
f 6571
f 6820
f 5640
a 7194 10848 16
f 6857
f 7094
f 6519
a 7195 4432 16
f 5787
f 7195
a 7196 1488 16
a 7197 8688 256
f 6009
f 7106
f 5479
f 6794
a 7198 448 64
f 7194
f 7108
f 6631
f 6234
f 7055
f 4362
a 7199 15040 256
f 6649
f 6714
f 7147
a 7200 23456 16
f 7039
f 6124
a 7201 9184 16
f 6789
f 5954
f 6772
f 6966
f 6143
f 6931
a 7202 18848 16
f 6569
a 7203 15824 64
f 7117
f 6618
a 7204 16544 64
f 6134
f 7053
f 6852
f 5464
f 6685
a 7205 13488 64
f 7088
f 6309
f 6954
f 7184
a 7206 320 64
a 7207 1600 64
a 7208 5056 256
a 7209 2224 16
f 6546
f 6591
f 7051
f 6169
a 7210 31040 64
a 7211 304 16
a 7212 2912 16
a 7213 512 16
a 7214 3536 64
f 7029
f 7001
f 7121
a 7215 3984 256
a 7216 1660576 16
f 6814
f 6768
a 7217 4240 16
f 7052
f 7186
f 6463
a 7218 304 256
f 6944
f 6995
f 6662
f 6290
a 7219 22736 256
a 7220 480 256
f 6182
f 6940
f 6808
a 7221 528 64
f 7100
f 6415
f 5166
a 7222 25344 16
f 6762
a 7223 928 16
a 7224 5440 64
a 7225 12912 64
a 7226 4944 256
a 7227 880 16
a 7228 592 256
f 6780
a 7229 6416 64
a 7230 18352 64
a 7231 322464 16
a 7232 35776 16
a 7233 4688 256
a 7234 3784464 64
f 6873
f 7024
f 5934
a 7235 6272 64
a 7236 640 64
f 7136
a 7237 25776 16
f 6597
a 7238 10016 64
a 7239 624 16
f 6635
f 6912
f 6907
f 6972
f 6998
f 7176
f 6171
f 7042
f 7233
a 7240 464 16
f 7002
f 6818
f 7143
a 7241 2128 16
a 7242 5216 16
f 7204
f 7004
a 7243 1632 256
f 7171
f 7079
f 6295
f 6933
f 7036
a 7244 2768 16
a 7245 3776 16
c op-14000
f 6470
f 7164
f 6935
f 7063
f 6733
f 5323
f 6610
f 7199
f 7224
a 7246 6416 256
f 7093
f 6932
f 5621
f 7197
f 5002
f 6801
f 6595
f 6574
f 5283
a 7247 6144 64
a 7248 2240 256
a 7249 656 16
a 7250 6864 64
a 7251 2032 64
a 7252 11600 256
a 7253 34720 16
f 5617
a 7254 28528 64
f 5956
a 7255 720 64
a 7256 6512 256
a 7257 45744 16
a 7258 288 256
a 7259 10800 256
a 7260 25824 16
a 7261 25248 256
a 7262 7184 16
a 7263 320 16
a 7264 7216 64
a 7265 62336 64
a 7266 27008 256
a 7267 512 64
a 7268 14928 16
a 7269 6320 256
a 7270 23104 16
a 7271 29216 256
f 7061
a 7272 7360 256
a 7273 432 64
a 7274 2000 256
f 6869
f 7265
a 7275 50736 64
a 7276 53104 64
a 7277 15248 256
f 6584
a 7278 4560 256
a 7279 55712 16
a 7280 2192 64
f 6888
f 7243
a 7281 12864 256
a 7282 3776448 256
a 7283 63600 64
a 7284 9904 256
f 7025
f 6914
f 7067
f 6273
f 6572
f 6603
f 7190
a 7285 336 256
f 4074
f 6905
a 7286 6032 64
a 7287 4041232 16
f 7192
f 7070
f 4953
f 6990
a 7288 11792 256
f 5481
f 7115
f 6835
f 6371
f 6813
f 6466
f 7096
a 7289 608 256
a 7290 54448 256
f 6976
a 7291 10800 16
a 7292 1728 64
f 6938
f 6725
f 6731
a 7293 400 16
f 7081
f 6709
a 7294 7312 16
f 7154
f 6707
f 6370
f 7275
f 6748
f 6790
f 6856
a 7295 17344 16
f 5275
a 7296 2480 16
f 7167
f 5851
f 7028
a 7297 3312 256
f 6865
f 7279
a 7298 572784 16
f 6710
f 7253
f 6670
f 7044
a 7299 386992 16
a 7300 3550720 256
f 6961
f 6510
f 7241
f 6795
a 7301 2272 16
f 7209
f 6352
f 6487
f 7165
a 7302 1712 16
f 6427
f 6628
f 7262
f 6721
f 7062
f 6251
a 7303 16576 16
a 7304 912 64
f 7125
a 7305 3024 256
a 7306 4624 16
f 6320
f 7091
f 6957
f 6774
a 7307 1424 64
f 7116
f 7078
f 7011
f 6644
f 6791
f 6652
f 6154
f 6702
f 7178
f 6727
a 7308 880 256
a 7309 706512 16
f 7150
f 7244
a 7310 2400 16
a 7311 15168 64
f 7087
f 6544
f 6339
f 7242
f 7299
a 7312 19696 64
a 7313 447488 16
a 7314 6976 16
a 7315 21632 256
f 6815
a 7316 60464 64
f 7314
f 7022
a 7317 45136 256
f 7047
f 7060
f 7260
f 5754
f 7245
f 6863
f 7216
a 7318 22912 16
f 4641
f 7019
f 6831
f 6664
f 6697
f 6155
f 7256
a 7319 21792 16
f 7014
f 6989
f 7271
f 7177
a 7320 15520 64
f 7185
f 7206
f 7212
f 7280
f 5504
f 7200
f 7316
f 6978
a 7321 393952 256
f 7219
f 7218
a 7322 21712 256
a 7323 3328 16
f 7210
f 7113
f 7151
f 6300
a 7324 6000 64
f 7084
f 7030
a 7325 1248 16
a 7326 13216 16
a 7327 672 256
a 7328 25808 256
a 7329 2480 16
f 7095
a 7330 32512 256
a 7331 816 16
a 7332 2310720 256
f 6974
a 7333 3380064 64
f 6785
f 6765
f 6892
f 6843
f 6999
f 7046
f 7263
a 7334 790976 64
a 7335 14096 64
a 7336 736 64
f 6760
a 7337 3344 64
f 7137
f 6232
a 7338 2592 16
f 6929
f 7166
f 6700
a 7339 37824 256
f 6896
a 7340 16928 256
f 7073
f 5781
a 7341 1264 256
f 7295
f 7238
f 7293
a 7342 6416 256
f 6660
f 7321
f 6600
f 6043
a 7343 14144 256
a 7344 31984 64
f 6792
f 7104
f 6799
a 7345 15024 16
f 7247
f 6913
f 6747
a 7346 544 16
a 7347 1632 256
a 7348 1168 64
a 7349 3296 16
a 7350 28256 64
a 7351 848 16
a 7352 7648 256
a 7353 1760 256
a 7354 496400 64
f 7097
f 6922
f 6811
f 7345
f 7220
a 7355 400 64
f 7252
a 7356 512 256
a 7357 1472 256
a 7358 12576 256
f 7163
f 7130
a 7359 3936 256
a 7360 1872 64
f 7077
a 7361 4416 16
a 7362 2325184 16
f 7232
f 6389
f 6225
a 7363 2754736 16
a 7364 1920 64
f 6937
a 7365 928 256
f 7287
a 7366 1856 64
f 6599
a 7367 464 256
f 6526
f 5774
f 7308
a 7368 272 64
f 7158
f 6608
f 6004
a 7369 928 64
f 7074
f 7148
f 7259
f 6270
f 7009
f 7322
f 7272
a 7370 816 256
f 7201
a 7371 272 64
a 7372 27952 64
a 7373 3088 256
f 7162
a 7374 384 16
f 6860
f 7249
f 7290
a 7375 3344 16
a 7376 2672 64
a 7377 1072 64
a 7378 1440 64
a 7379 25952 64
a 7380 32704 64
f 7065
a 7381 4272 256
f 7187
a 7382 720 256
f 7214
a 7383 1696 16
f 5936
a 7384 22944 64
a 7385 19200 16
f 7221
a 7386 1178960 256
f 6773
f 6875
f 5705
f 7131
f 6701
f 7090
f 6026
f 7311
f 7356
a 7387 3456 64
f 6943
f 7370
f 7288
f 7349
f 6694
f 7160
f 7037
f 6855
a 7388 6736 256
a 7389 879616 64
f 7378
f 7386
a 7390 784 16
a 7391 560 16
a 7392 47024 256
a 7393 8864 256
a 7394 513776 256
f 6505
f 7374
f 7388
f 6730
f 6763
f 7298
a 7395 63504 16
a 7396 33792 256
a 7397 16016 256
a 7398 304 16
f 6987
a 7399 976 16
f 5965
f 6878
a 7400 20192 256
f 7226
f 7058
a 7401 1984 16
a 7402 19728 16
a 7403 2944 256
a 7404 864 256
a 7405 53584 64
a 7406 688 64
a 7407 20944 64
a 7408 272 256
f 7010
a 7409 368 64
a 7410 5104 256
a 7411 12176 16
a 7412 1721936 16
f 7353
a 7413 20048 64
f 7230
f 6861
a 7414 736 256
f 7408
f 6732
f 6723
f 7399
a 7415 1760 64
f 6646
f 7258
f 7161
f 7234
a 7416 9264 256
a 7417 3728 16
a 7418 23424 16
a 7419 50448 16
a 7420 304 256
a 7421 4864 16
a 7422 560 256
a 7423 1930448 16
f 4680
a 7424 43232 16
a 7425 4400 256
a 7426 7392 16
f 6874
a 7427 34464 16
a 7428 4704 256
f 7180
a 7429 8480 64
f 6771
f 7334
a 7430 18496 16
a 7431 7360 256
f 7332
a 7432 577408 256
a 7433 1232 64
f 7006
a 7434 2256 64
a 7435 4352 256
a 7436 672 64
f 4490
a 7437 320 16
a 7438 311552 16
a 7439 432 64
a 7440 2592 64
a 7441 768 256
a 7442 45312 256
f 7300
a 7443 11040 16
a 7444 14816 256
f 7227
a 7445 272 256
f 6753
a 7446 433440 256
a 7447 560 16
a 7448 480 64
a 7449 368 64
a 7450 15824 256
a 7451 335328 256
a 7452 512 64
a 7453 45840 16
a 7454 1728 16
f 7373
a 7455 48976 16
f 7032
f 7360
a 7456 3392 256
a 7457 26560 16
a 7458 1408 16
a 7459 49840 64
a 7460 11024 256
a 7461 2480 64
a 7462 10240 16
f 6758
a 7463 28368 64
a 7464 7040 16
a 7465 10320 64
a 7466 6400 64
a 7467 1104 64
f 7315
a 7468 512 64
a 7469 22832 256
a 7470 1456 64
a 7471 272 256
f 6683
a 7472 16608 16
a 7473 16416 64
a 7474 656 16
f 6890
a 7475 896 16
a 7476 1344 16
a 7477 336 64
a 7478 33488 256
a 7479 1008 16
a 7480 2048 64
a 7481 27808 16
a 7482 23808 64
a 7483 38224 64
f 7105
a 7484 1216 16
a 7485 372480 16
f 7229
a 7486 1152 16
f 6767
a 7487 3104 64
a 7488 976 256
a 7489 2192 16
f 7294
a 7490 3008 64
a 7491 1648 64
a 7492 16176 16
a 7493 6704 64
f 7132
f 6955
f 7460
a 7494 49712 64
a 7495 3584 256
a 7496 432 16
a 7497 992 16
f 7446
a 7498 1024 16
a 7499 14064 64
f 6364
f 7267
f 6585
f 6882
f 7330
a 7500 8864 64
a 7501 2815504 16
f 6832
a 7502 5040 256
a 7503 272 16
f 7159
a 7504 1680 256
a 7505 3632 16
a 7506 752 16
a 7507 3872 64
f 6627
f 7359
a 7508 11536 64
a 7509 1216 256
a 7510 528 16
a 7511 6528 256
f 7208
a 7512 36480 64
a 7513 26224 16
f 6779
f 6997
f 7254
a 7514 704 64
a 7515 914448 256
a 7516 21328 64
a 7517 3344 256
a 7518 63808 64
a 7519 23856 64
a 7520 23584 16
a 7521 1824 256
a 7522 2960 64
a 7523 24592 64
f 7126
a 7524 608 64
a 7525 2656 64
f 7442
a 7526 2948384 64
f 7389
f 7255
f 7366
f 7397
a 7527 1120 16
a 7528 1104 64
f 6809
f 7020
a 7529 45984 64
a 7530 704 16
a 7531 30736 64
f 7027
a 7532 624 64
a 7533 2928 64
a 7534 18496 16
f 7467
a 7535 8512 16
a 7536 512 256
a 7537 288 16
f 7524
a 7538 4864 16
a 7539 14672 16
a 7540 11424 256
a 7541 13472 64
a 7542 53696 256
a 7543 7520 256
a 7544 9120 16
a 7545 25520 256
a 7546 44224 256
a 7547 63872 16
a 7548 6512 256
a 7549 2000 16
a 7550 64432 16
f 7523
a 7551 519680 16
a 7552 9888 64
a 7553 7648 256
a 7554 384 64
a 7555 1376 16
a 7556 48512 64
a 7557 12192 16
a 7558 1600 16
a 7559 7232 16
f 7144
a 7560 3952 64
f 7240
a 7561 31184 64
a 7562 10640 16
f 7413
a 7563 688 256
f 6578
a 7564 3584 256
f 6879
a 7565 704 64
f 7181
a 7566 1456 256
a 7567 6816 16
a 7568 28144 16
a 7569 1195600 64
a 7570 1248 16
a 7571 3008 16
a 7572 1824 256
a 7573 3328 64
a 7574 5408 16
a 7575 400 256
a 7576 27184 16
f 6962
a 7577 18656 64
a 7578 1706768 16
a 7579 7760 256
f 7076
a 7580 368 16
a 7581 1598592 64
a 7582 20384 256
a 7583 272 16
a 7584 22736 64
a 7585 61632 64
a 7586 1888 16
a 7587 1792 16
a 7588 864 16
a 7589 1600 64
a 7590 9360 16
a 7591 2032 64
a 7592 327600 64
f 7480
a 7593 864 256
a 7594 288 16
f 7141
f 7015
a 7595 2483024 256
f 7438
a 7596 2448 16
f 7576
f 7358
a 7597 1088 16
a 7598 26496 16
f 5677
f 6904
f 7451
f 7452
a 7599 3104 256
f 7191
f 7050
f 7146
f 7344
a 7600 25456 64
f 7421
f 6673
f 7250
f 7327
f 6921
f 7440
a 7601 7552 64
f 7577
f 6909
f 7481
a 7602 1055072 64
a 7603 20368 256
f 7059
f 6947
f 7354
f 7506
f 7568
f 7071
f 7068
a 7604 13696 16
f 6798
a 7605 5728 256
a 7606 63376 64
f 6868
f 6563
f 7406
f 7599
f 7324
a 7607 720 64
f 7457
f 6260
a 7608 2416 256
f 7086
f 7539
f 6964
f 7521
f 7596
f 7598
f 5809
f 7207
f 7407
f 7595
f 7511
a 7609 5792 256
a 7610 7856 64
a 7611 1184 16
a 7612 28400 16
a 7613 2896 64
a 7614 63008 64
f 7017
a 7615 882432 64
f 7466
a 7616 3312 16
a 7617 5008 256
a 7618 54320 64
f 6110
a 7619 29648 256
f 6698
a 7620 7952 256
a 7621 19312 16
a 7622 7136 16
a 7623 1744 256
a 7624 6656 64
a 7625 656 256
a 7626 2128 16
a 7627 42192 16
f 7319
a 7628 3616 256
a 7629 2016 16
a 7630 32240 64
a 7631 2240 256
a 7632 672 64
a 7633 6720 256
a 7634 368 256
a 7635 2720 256
f 7282
f 7505
a 7636 352 64
a 7637 912 256
a 7638 3456 256
f 7385
f 6726
a 7639 1840 16
a 7640 352 16
a 7641 1776 16
f 7536
a 7642 496 64
a 7643 23152 16
f 7622
a 7644 47024 16
a 7645 6528 16
a 7646 65040 16
a 7647 6240 16
a 7648 14000 64
a 7649 2944 256
a 7650 848 64
a 7651 368 64
a 7652 5008 64
a 7653 864 64
a 7654 59520 16
a 7655 19808 256
a 7656 1760 16
a 7657 12816 256
f 7107
a 7658 58784 256
f 6001
a 7659 2704 16
f 7578
f 7459
a 7660 21088 64
a 7661 752 16
a 7662 3584 16
f 7416
a 7663 2144 64
a 7664 496 64
a 7665 1008 64
a 7666 717504 16
a 7667 12032 256
a 7668 8256 256
a 7669 7168 16
f 7312
f 7518
a 7670 1901408 64
f 7658
a 7671 6896 64
a 7672 272 64
a 7673 53232 16
f 7627
a 7674 272 256
a 7675 1248 16
a 7676 2144 256
a 7677 8016 256
a 7678 12240 64
a 7679 7136 16
a 7680 1872 16
a 7681 1104 16
a 7682 19920 64
f 7609
a 7683 1008 64
a 7684 3600 64
f 7122
f 7013
a 7685 1409472 256
a 7686 22800 16
a 7687 3440 64
a 7688 730016 16
f 7333
a 7689 24480 64
a 7690 21456 16
f 6802
a 7691 26800 64
a 7692 12800 16
a 7693 432 64
a 7694 1520 64
f 6248
a 7695 1488 16
a 7696 752 16
a 7697 37936 16
a 7698 13200 16
a 7699 12880 16
f 6952
a 7700 864 16
a 7701 320 256
f 7619
a 7702 1696 64
a 7703 1584 64
a 7704 1456 64
f 7544
a 7705 320 256
a 7706 30368 64
a 7707 352 16
a 7708 1616 256
a 7709 843280 16
a 7710 5136 256
a 7711 448 64
a 7712 3338864 256
a 7713 5824 256
f 7410
a 7714 25744 256
a 7715 15104 256
a 7716 1648 64
a 7717 832 64
a 7718 992 64
a 7719 21856 64
a 7720 1824 16
f 7691
a 7721 3056 16
a 7722 1264 16
a 7723 14768 16
a 7724 2480 16
a 7725 53088 256
a 7726 3998208 64
a 7727 1264 16
a 7728 30512 64
f 6950
a 7729 30912 256
a 7730 480 64
a 7731 268224 16
f 7468
f 7503
a 7732 3216 64
a 7733 432 64
a 7734 32880 16
f 7734
a 7735 544 256
a 7736 9136 64
f 6847
f 6598
a 7737 55744 16
a 7738 752 256
a 7739 1216 256
f 7608
f 7496
f 7135
a 7740 4400 64
a 7741 1920 64
a 7742 31984 64
a 7743 26624 256
f 7645
f 7680
f 7193
f 7303
f 7606
a 7744 48144 16
f 7689
f 6741
a 7745 960 256
a 7746 32448 16
a 7747 1312 256
f 4969
f 7699
f 6923
f 7538
f 7043
f 7706
f 7727
f 7273
f 7302
a 7748 13728 256
f 6986
f 6688
f 7721
f 6983
f 7592
f 7674
a 7749 54864 256
f 7443
f 7728
f 7714
f 7425
f 7110
f 7412
a 7750 5728 16
f 7586
a 7751 672 256
f 6985
a 7752 672 256
f 6689
a 7753 352 64
a 7754 7968 64
a 7755 544 16
a 7756 61872 256
a 7757 1029936 256
a 7758 4112 64
f 7540
f 6800
a 7759 496 256
a 7760 24768 64
a 7761 16048 64
f 7701
a 7762 3264 16
a 7763 5616 256
a 7764 816 64
a 7765 15248 256
a 7766 1248736 16
f 7581
a 7767 1392 256
a 7768 15520 256
a 7769 31520 16
f 7377
f 5863
a 7770 448 256
f 7323
a 7771 4496 64
a 7772 496 256
a 7773 2736 16
a 7774 8288 16
a 7775 8864 256
a 7776 304 64
a 7777 832 16
a 7778 416 64
a 7779 624 16
a 7780 14320 16
f 7597
f 7724
a 7781 16656 64
a 7782 1712 64
a 7783 752 64
a 7784 2608 64
f 7355
a 7785 5648 16
a 7786 6896 256
a 7787 736 256
a 7788 15280 16
f 7642
a 7789 29552 16
f 7583
a 7790 4720 256
a 7791 464 16
a 7792 6608 16
f 6837
a 7793 1600 256
f 7661
a 7794 2112 64
a 7795 1360 64
f 7305
f 7603
a 7796 39904 64
f 6264
a 7797 4864 16
a 7798 720 256
a 7799 5616 256
a 7800 384 256
f 7350
a 7801 1600 64
a 7802 7408 64
a 7803 704 16
f 7593
a 7804 30256 16
a 7805 304 16
f 6777
f 6540
a 7806 1312 16
a 7807 304 16
a 7808 393552 64
a 7809 15424 256
a 7810 2016 16
f 7491
a 7811 3952 64
a 7812 34992 16
a 7813 8368 64
a 7814 518064 64
a 7815 448 256
f 7707
f 7708
f 7607
f 7665
f 7625
f 7365
f 6620
f 6611
f 7203
f 7735
f 6728
a 7816 27600 64
a 7817 29232 64
f 7173
a 7818 768 64
a 7819 5968 16
f 7657
f 7469
f 7620
f 7685
a 7820 3966048 256
f 7525
f 7402
f 7563
a 7821 47760 256
a 7822 2352 64
f 6692
a 7823 592 256
f 6783
f 7483
a 7824 23536 256
a 7825 639440 64
f 7681
f 6656
f 7763
f 7587
a 7826 32080 256
f 6684
f 6996
a 7827 6672 64
f 6949
f 6838
f 7814
a 7828 17056 256
f 7613
a 7829 1728 16
a 7830 55968 16
f 7549
f 7155
f 7183
f 7492
f 7710
a 7831 28832 256
f 7718
f 7031
f 6967
f 7639
f 7741
f 7776
f 7693
f 6906
f 7617
f 7725
a 7832 1328 64
f 7528
f 7546
f 7342
a 7833 434400 256
f 7417
f 7152
f 7729
f 6824
f 7429
f 7434
a 7834 1392 64
f 7684
f 7351
a 7835 1616 16
f 7794
f 7133
f 7179
a 7836 3168 16
f 6936
f 6992
f 7157
a 7837 5952 256
a 7838 656 256
f 7307
a 7839 9328 256
a 7840 480 256
f 7398
f 6657
f 7726
a 7841 36800 256
f 6864
f 7317
a 7842 2992 256
a 7843 1680 64
a 7844 50560 16
a 7845 336 16
f 7444
a 7846 64544 64
a 7847 3472 64
a 7848 2064 16
a 7849 612848 256
f 7531
f 6477
f 7739
a 7850 48480 16
a 7851 4640 256
a 7852 11648 64
f 7839
a 7853 2831872 64
a 7854 10432 64
f 7580
a 7855 1248 256
a 7856 15264 16
a 7857 608 16
f 7762
a 7858 832 64
a 7859 4880 64
f 5376
f 7449
f 7788
a 7860 1365904 64
f 7504
f 7231
f 7766
f 6755
a 7861 61040 256
a 7862 9184 16
a 7863 5520 256
a 7864 43920 256
a 7865 390320 64
a 7866 22192 64
a 7867 4032 256
f 7612
f 7647
a 7868 3712 64
f 7383
a 7869 1792 256
a 7870 544 16
a 7871 368 64
f 6797
a 7872 9776 256
a 7873 1008 256
a 7874 8608 256
a 7875 1504 64
a 7876 6480 64
a 7877 1536 64
a 7878 4768 256
a 7879 4064 16
a 7880 1072 256
f 7812
a 7881 15456 64
a 7882 3040 16
a 7883 784 256
a 7884 2000 64
a 7885 320 256
a 7886 8624 256
f 7473
a 7887 1616 64
a 7888 2720 64
a 7889 1440 16
f 7811
f 7228
a 7890 25184 256
f 7700
a 7891 2832 64
a 7892 3856 64
a 7893 46800 256
f 7631
a 7894 39056 64
a 7895 336 16
f 6877
f 6927
f 6686
f 7541
a 7896 5168 16
f 7851
a 7897 816 256
f 7291
a 7898 6080 256
a 7899 21424 256
f 7840
a 7900 8128 64
a 7901 1312 256
f 7802
f 6582
a 7902 3072 16
a 7903 704 256
f 7170
a 7904 59888 64
f 7380
f 7445
a 7905 2656 64
f 7800
f 7189
f 7824
a 7906 24336 256
f 7758
a 7907 2496 256
f 7381
f 7649
f 7533
f 6928
a 7908 2095920 16
f 7567
f 7432
f 7815
f 7564
f 7516
f 7899
f 7215
f 7553
a 7909 416 16
a 7910 30288 64
f 7309
f 7477
f 7611
f 7703
a 7911 438624 256
f 7099
a 7912 329200 16
a 7913 992 16
f 6335
f 7529
a 7914 912 256
f 7896
f 6951
a 7915 560 16
f 7711
f 7101
f 6920
a 7916 24896 16
f 6891
a 7917 1456 16
a 7918 1760 16
f 7783
a 7919 7856 256
a 7920 432 64
a 7921 8512 256
a 7922 1264 64
a 7923 12432 64
a 7924 48016 64
a 7925 2064 256
a 7926 2816 16
a 7927 48304 16
a 7928 384 256
a 7929 2048 256
a 7930 304 256
a 7931 3648 64
a 7932 6528 64
a 7933 912 16
a 7934 23936 16
a 7935 624 64
a 7936 400 64
a 7937 8624 256
a 7938 20448 256
a 7939 13232 256
f 7745
a 7940 6000 64
a 7941 62128 64
a 7942 14208 256
a 7943 6688 16
a 7944 1104 64
f 6367
a 7945 1200 256
a 7946 40896 64
f 7835
a 7947 1829392 16
f 7922
f 7630
f 7584
f 7694
f 7535
f 7235
f 7526
a 7948 4208 16
a 7949 32496 16
a 7950 672 64
a 7951 1280 256
a 7952 9696 256
a 7953 55520 256
a 7954 832 256
a 7955 560 64
a 7956 8096 64
a 7957 816 16
a 7958 1632368 256
a 7959 8528 64
a 7960 14640 16
f 7326
a 7961 1589680 16
f 7138
f 7759
f 7646
f 7514
a 7962 560 64
f 7636
f 6532
f 7289
f 7168
a 7963 880 16
f 7644
f 7347
a 7964 1248 16
f 7500
f 7769
f 7582
f 7733
f 7325
f 7641
f 6981
f 7393
f 6775
f 7859
f 7364
f 7565
f 7957
f 7813
a 7965 20992 64
f 7462
f 7439
a 7966 19792 64
f 6898
f 7257
a 7967 15952 16
a 7968 336 16
a 7969 4944 16
f 7836
a 7970 58656 64
f 7572
a 7971 816 256
f 7810
f 7035
f 7879
f 7964
f 7757
f 7156
a 7972 59024 256
a 7973 12272 256
a 7974 395600 16
a 7975 352 16
a 7976 1040 256
a 7977 24976 64
a 7978 3008 64
a 7979 480 16
a 7980 1936 16
f 7624
f 7789
a 7981 44368 16
a 7982 37056 256
a 7983 832 256
a 7984 272 256
a 7985 592 16
f 7865
a 7986 17344 16
f 6712
a 7987 2576 256
a 7988 368 16
a 7989 432 16
a 7990 3792 64
f 7495
f 7080
a 7991 437120 256
a 7992 8768 64
a 7993 5440 16
a 7994 320 64
f 6871
f 7768
a 7995 29600 16
a 7996 2080 16
a 7997 13408 256
a 7998 816 64
f 7975
f 7870
a 7999 26976 256
a 8000 9760 64
f 6963
a 8001 528 16
a 8002 2384 16
a 8003 960 16
a 8004 1360 256
a 8005 3520 64
f 7819
f 6948
a 8006 45872 16
a 8007 4048 64
a 8008 15712 16
a 8009 928096 256
f 7760
f 7557
a 8010 47472 64
f 7545
f 7352
f 7780
f 7938
f 7175
a 8011 1440 16
f 7994
a 8012 1056 64
a 8013 3973184 16
f 7953
a 8014 4560 256
a 8015 3032400 16
a 8016 40672 64
f 7692
f 7716
f 7023
f 7626
a 8017 39072 256
a 8018 33344 64
f 5526
a 8019 1378704 64
f 7499
f 7102
f 7341
f 7569
f 7988
a 8020 11856 64
f 7306
f 7211
f 7512
f 7999
f 7881
a 8021 47712 16
f 7392
a 8022 320 16
a 8023 8432 64
f 7817
f 5969
a 8024 576 64
f 7990
a 8025 40432 256
a 8026 23568 256
f 7842
f 7604
f 7914
f 5788
f 7376
f 7862
f 7340
f 7717
f 7223
f 7248
f 7854
f 7621
a 8027 913872 256
f 7264
a 8028 2790128 16
f 7000
f 7552
f 6451
f 6127
f 7395
f 7901
f 7948
a 8029 320 256
a 8030 896 256
f 7893
f 5931
f 7915
f 7328
f 7310
f 7977
f 7313
f 7493
f 7403
f 8022
f 7411
f 7069
f 7026
f 7487
f 7903
f 7748
f 7888
f 7765
f 7420
f 7270
a 8031 2624 256
f 7822
f 7447
f 8027
f 7454
f 7967
f 7490
f 7008
f 7873
f 6706
f 7012
f 7792
a 8032 848 64
a 8033 288 64
f 7513
f 7056
f 7494
f 7917
a 8034 10720 16
f 7537
f 7547
f 7236
f 7715
f 8029
f 6982
f 7821
f 7368
a 8035 44928 256
a 8036 928 16
f 6121
f 6924
f 6953
f 7793
f 8018
f 6970
f 7916
a 8037 15888 256
f 7676
a 8038 2464 64
a 8039 585504 16
f 7832
f 7435
f 7683
f 7754
f 7637
a 8040 1392 256
f 8030
a 8041 39136 64
f 7778
a 8042 10528 256
f 8009
f 7502
f 7384
f 7448
f 7925
f 8042
f 7464
a 8043 3024 16
f 7418
a 8044 496 16
f 7301
f 7696
f 7662
f 7450
f 7820
a 8045 416 64
a 8046 576 256
f 7458
a 8047 416 16
f 7129
f 8031
f 7509
f 7602
f 7574
a 8048 2960 64
a 8049 3056 64
f 7830
f 7153
a 8050 2361888 256
f 7003
f 7818
f 7889
f 7919
f 7952
a 8051 35200 256
f 8026
f 7912
a 8052 12704 64
f 7705
a 8053 3120 256
f 7542
a 8054 2176 16
f 7269
f 7687
f 7954
f 7618
f 7767
f 6311
f 4959
a 8055 4189824 256
a 8056 2024256 16
a 8057 1143648 256
f 7320
f 7430
f 7670
f 7103
f 7404
f 7682
f 7795
f 6561
f 8014
f 7723
a 8058 62608 16
a 8059 944 256
f 7296
f 6438
f 7732
f 7697
a 8060 15216 64
f 7713
f 7423
f 7946
a 8061 2166560 64
a 8062 432 256
a 8063 7264 16
a 8064 3760 16
f 7672
f 6897
f 7348
f 8007
f 7779
f 7304
f 7652
f 7098
a 8065 288 16
f 7979
f 7949
f 7357
a 8066 2416 16
f 7863
f 8037
f 7628
f 7566
f 7213
f 7826
a 8067 39616 256
f 7591
a 8068 62880 64
f 8052
f 7363
a 8069 800 64
f 8013
a 8070 2544 16
a 8071 5664 256
a 8072 18272 64
a 8073 512 64
a 8074 7600 256
a 8075 288 64
a 8076 1088 256
a 8077 37088 64
a 8078 327520 256
a 8079 63312 16
f 8044
a 8080 47440 64
a 8081 22048 256
f 7897
f 7338
a 8082 3136 16
f 7261
a 8083 12128 64
a 8084 48960 256
a 8085 688 16
f 6179
f 7816
f 7286
a 8086 24016 16
f 8019
f 7775
a 8087 9680 256
a 8088 35056 16
a 8089 784 256
f 7857
f 8085
a 8090 26544 256
a 8091 13152 64
a 8092 18752 64
a 8093 17808 256
a 8094 28592 16
a 8095 2975904 64
f 8075
f 7667
f 7920
f 7823
f 7806
f 7196
f 7798
f 7950
f 7984
f 8056
f 7898
a 8096 352 64
a 8097 3168 64
a 8098 1088 16
a 8099 14256 16
f 7837
a 8100 10544 64
f 7283
f 8096
f 7886
a 8101 2384 256
a 8102 2832 64
a 8103 1264 256
f 7828
f 8068
a 8104 55728 64
f 7278
a 8105 30960 16
f 7972
a 8106 496 16
f 7465
a 8107 9728 256
a 8108 5392 64
f 7742
f 8076
a 8109 14288 256
a 8110 1968 64
a 8111 26224 16
f 7932
a 8112 1056 64
a 8113 44080 256
f 7980
a 8114 2608 64
f 7744
a 8115 7136 16
a 8116 64912 256
f 7930
f 8104
a 8117 21936 64
a 8118 13808 16
a 8119 4144 16
a 8120 26576 16
a 8121 8528 256
f 7678
a 8122 3322816 64
a 8123 2384 16
f 6749
f 8079
f 7890
f 7382
a 8124 31808 64
f 8002
a 8125 2272 16
a 8126 7408 256
a 8127 3776 16
a 8128 1104 64
f 7463
f 7437
f 7909
f 7902
f 7297
f 8051
f 7486
f 8105
f 7659
f 7790
f 6968
a 8129 54272 256
f 7456
f 8060
f 6812
f 6586
f 7391
f 8020
a 8130 384 64
f 7750
a 8131 306912 256
f 7951
f 6351
f 6414
a 8132 9648 16
f 7856
a 8133 1034000 256
f 8072
f 7867
a 8134 1728720 16
f 8058
a 8135 7632 16
f 7414
f 8087
f 7038
f 8053
f 8128
f 7476
f 7755
a 8136 1392 16
f 7669
f 7933
a 8137 1584 64
a 8138 7312 256
f 8049
a 8139 331632 256
f 8069
f 7663
a 8140 592 64
f 7913
f 6576
f 7623
f 7426
f 8070
f 8047
a 8141 17984 256
a 8142 46384 64
f 8101
f 7986
f 7394
f 8095
f 8089
f 7737
a 8143 12912 64
f 7520
a 8144 2039216 16
f 8083
f 7883
f 7589
f 7284
a 8145 576 16
f 7786
f 7747
a 8146 394496 64
f 7558
f 7911
f 5875
a 8147 23984 64
a 8148 512 256
f 7474
a 8149 49264 64
a 8150 16544 16
f 8147
f 7679
a 8151 1904 64
f 7928
f 7868
f 7829
f 8008
f 7372
f 7695
f 8129
f 7634
f 7638
f 8122
f 7787
f 8024
a 8152 2800 256
f 7237
f 7605
a 8153 432 256
a 8154 54896 256
f 6851
f 8149
f 7751
f 7415
f 8006
a 8155 816 64
f 8109
f 7761
f 7285
a 8156 19072 256
f 8126
f 7561
f 7517
a 8157 2880 256
f 7852
a 8158 13024 256
f 6862
f 7501
a 8159 292816 256
f 7371
f 7764
a 8160 1968 16
a 8161 3200 16
a 8162 576 64
a 8163 800 256
a 8164 3632 256
a 8165 60080 16
a 8166 4992 256
a 8167 31888 256
a 8168 2912 64
f 5034
a 8169 2640 256
a 8170 1360 64
a 8171 800 256
a 8172 14688 16
a 8173 3360 16
a 8174 18080 64
f 8005
f 7339
a 8175 1904 64
f 7390
a 8176 656 64
f 7926
a 8177 416 64
a 8178 59152 256
a 8179 528 256
f 7205
a 8180 1472 64
a 8181 3392 256
f 7600
a 8182 384 64
a 8183 22672 16
a 8184 832 256
a 8185 1344 256
a 8186 640 16
a 8187 416 16
f 7507
a 8188 672 64
a 8189 40992 256
a 8190 20560 16
a 8191 63776 256
a 8192 1856 256
f 8035
a 8193 864 16
a 8194 1200 256
a 8195 5456 16
a 8196 416 256
a 8197 2912 64
a 8198 42016 256
a 8199 3604544 256
f 8132
a 8200 2032 16
f 8142
a 8201 272 256
f 8146
f 8191
f 7482
f 8011
f 7551
a 8202 62656 256
f 6870
f 7202
a 8203 1584 16
a 8204 1984 64
f 7702
f 8204
f 7677
a 8205 35328 64
f 7246
f 7982
f 8040
f 7924
f 7961
a 8206 12384 256
f 7527
a 8207 14608 16
a 8208 1648 64
a 8209 26848 256
a 8210 3056 256
a 8211 50208 64
f 7239
f 8108
a 8212 44240 256
a 8213 704 256
a 8214 2553520 16
f 8094
a 8215 3600 64
f 7075
f 8139
a 8216 3143696 64
f 7188
f 7573
f 6969
f 7361
f 7885
f 7182
a 8217 8240 256
f 7455
f 8215
a 8218 10400 256
a 8219 3200 64
a 8220 1040 256
f 7985
a 8221 1680 16
f 7149
a 8222 11152 256
f 7660
f 6568
f 8077
f 7198
f 8017
f 7860
f 7675
f 8159
f 8046
f 8004
a 8223 1344 16
a 8224 2922368 64
a 8225 1424 16
f 8151
c op-16000
f 7401
f 7869
f 7292
f 7629
f 7532
f 8038
f 7874
f 7409
f 7848
f 8224
f 8205
f 8119
a 8226 8544 64
f 7109
f 7942
a 8227 18528 256
f 6658
f 8174
f 7472
f 7774
a 8228 56976 64
f 7134
f 7123
f 8189
f 7571
f 8222
f 8107
f 7743
f 6547
f 8178
f 7841
f 8166
a 8229 1577392 64
f 7941
f 7866
f 8188
f 8084
a 8230 1024 16
f 7850
f 7543
f 8110
f 8173
f 7686
f 7268
f 7882
f 7918
f 8118
a 8231 11488 256
f 7489
f 8111
a 8232 34960 16
f 7387
f 7419
f 7343
f 7939
f 7083
f 7704
f 8015
f 7688
a 8233 1872 64
a 8234 400 256
f 5718
a 8235 20144 64
f 8192
a 8236 15200 64
a 8237 7456 64
a 8238 35632 64
a 8239 768 64
a 8240 48624 16
a 8241 12704 16
a 8242 9952 64
a 8243 512 64
f 8131
a 8244 23216 16
a 8245 857824 16
f 7362
a 8246 320 64
f 7664
a 8247 60144 256
a 8248 5120 64
a 8249 2800 64
a 8250 288 256
a 8251 1792 16
f 7485
a 8252 1568 256
a 8253 384 64
a 8254 400 256
a 8255 3216 16
f 7921
a 8256 10048 64
a 8257 12080 16
f 8247
a 8258 724272 64
f 7379
a 8259 43776 16
a 8260 13792 64
a 8261 816 256
a 8262 23040 64
a 8263 6400 64
a 8264 5472 16
f 8121
a 8265 1370032 16
f 8260
f 7906
f 7746
a 8266 2624 256
f 8065
a 8267 1392 16
f 8123
f 7479
a 8268 40304 16
a 8269 4640 64
f 8182
f 8265
f 8231
a 8270 576 64
a 8271 736 16
a 8272 15536 256
a 8273 2592 64
a 8274 29280 16
a 8275 1568 16
a 8276 959440 64
f 7650
a 8277 3376 16
a 8278 576 16
f 7978
f 7805
a 8279 46880 256
f 6223
f 7274
a 8280 13920 16
a 8281 15040 64
a 8282 32240 256
a 8283 473808 256
f 7791
a 8284 272 64
f 8179
f 7594
f 7461
f 8170
f 6984
a 8285 1264 64
a 8286 1952 256
f 8201
a 8287 42608 16
f 8254
f 7974
f 8158
a 8288 1104 256
a 8289 7872 256
a 8290 13952 64
f 8198
a 8291 704 16
a 8292 1178400 64
a 8293 1776 256
f 8250
f 8240
f 8203
f 8249
f 8167
f 8261
f 8165
f 7092
f 7937
a 8294 1425952 64
a 8295 3568 64
f 8280
f 7475
f 8199
a 8296 53792 16
f 7959
f 8237
a 8297 46832 64
a 8298 23408 16
a 8299 56928 16
f 8073
a 8300 6256 64
a 8301 5472 64
a 8302 20512 64
a 8303 8528 256
a 8304 2720 64
f 7666
f 7801
a 8305 1184 16
f 7174
a 8306 9504 256
a 8307 1733168 16
a 8308 736 64
a 8309 59904 64
a 8310 1199008 64
f 8213
a 8311 7248 64
a 8312 1776 256
f 8074
f 7983
f 7588
f 7139
f 8010
f 6876
a 8313 22560 256
f 8264
f 8281
f 8090
f 7643
f 8045
f 8227
f 8106
a 8314 2220752 256
f 8127
a 8315 1152496 256
f 7960
f 7655
f 7453
f 8284
f 7908
f 8099
a 8316 704 16
f 7781
f 7958
f 7935
f 8257
f 7736
a 8317 1071120 256
f 7172
f 7318
f 8300
f 7782
a 8318 512 16
f 7962
f 8207
f 7656
a 8319 832 256
f 8136
f 8161
f 7843
f 8093
f 8315
f 8021
f 8102
f 7738
f 8251
f 8282
f 8067
f 8028
a 8320 6176 16
f 7772
f 7548
f 7876
f 7853
f 8190
a 8321 432 64
f 7562
a 8322 1376 64
a 8323 976 16
a 8324 528 16
f 8312
a 8325 1824 64
a 8326 512592 64
f 6430
a 8327 445616 16
a 8328 2800 16
f 8214
f 8193
a 8329 29248 256
a 8330 352 64
a 8331 7552 16
a 8332 22256 256
a 8333 928 16
a 8334 49040 16
a 8335 3840 256
a 8336 688 256
a 8337 512 64
a 8338 3552 64
a 8339 512 256
a 8340 1200 16
f 7554
a 8341 2000 16
f 8091
a 8342 18240 256
a 8343 48288 16
a 8344 496 256
f 8230
a 8345 270672 64
a 8346 37216 256
a 8347 18128 256
a 8348 6304 16
a 8349 35984 256
a 8350 336 16
f 8216
a 8351 800 16
a 8352 640 16
f 6752
a 8353 512 64
a 8354 12592 64
a 8355 4656 256
a 8356 44480 256
a 8357 352 256
a 8358 45568 64
a 8359 608 16
a 8360 20976 256
f 6934
f 8245
a 8361 19632 64
f 8330
a 8362 11680 16
f 7054
a 8363 368 16
a 8364 3058080 64
a 8365 59952 16
a 8366 2368 64
f 8244
a 8367 2070752 16
f 8318
a 8368 4544 64
a 8369 8736 256
a 8370 2288 16
a 8371 1680 64
f 8246
f 7773
f 6356
f 8116
a 8372 337152 16
a 8373 11248 256
a 8374 25936 16
a 8375 14032 16
a 8376 688 16
a 8377 62608 64
a 8378 6016 16
a 8379 11648 64
f 6819
a 8380 42624 64
a 8381 4224 64
a 8382 18752 256
a 8383 36704 64
a 8384 1872 64
f 7433
a 8385 1776 16
a 8386 57696 16
f 7217
a 8387 336 16
a 8388 3200 64
a 8389 61328 16
f 8001
a 8390 3152 256
a 8391 13664 16
f 6925
a 8392 3952 16
a 8393 4288 16
a 8394 928 256
a 8395 8336 256
a 8396 3936 256
a 8397 6016 256
a 8398 672 16
a 8399 2000 64
f 8389
f 7614
a 8400 9056 256
a 8401 5936 16
a 8402 8336 256
f 8391
a 8403 488016 64
f 7331
f 8400
a 8404 1088 256
a 8405 61184 16
a 8406 288 16
a 8407 5920 256
a 8408 2608 256
a 8409 6752 16
a 8410 28784 256
a 8411 9568 256
a 8412 352 16
a 8413 2240032 16
a 8414 4544 256
f 8374
a 8415 1200 64
a 8416 47664 16
a 8417 1120 256
a 8418 464 64
a 8419 832 16
a 8420 29712 64
a 8421 583856 16
a 8422 55600 64
f 8279
f 8387
a 8423 9264 16
a 8424 54656 256
a 8425 7856 64
f 8202
a 8426 3632 16
a 8427 6144 16
a 8428 1760 64
a 8429 4832 64
f 7281
f 7585
f 8336
a 8430 448 256
f 8181
a 8431 434064 64
a 8432 1089744 256
f 7651
a 8433 1504 256
f 8055
a 8434 657168 256
a 8435 992 256
a 8436 3051792 256
a 8437 1040 16
a 8438 432 16
a 8439 7440 64
f 8043
a 8440 1296 256
a 8441 31504 256
a 8442 560 64
a 8443 1888 256
a 8444 3344 16
a 8445 656 64
a 8446 864 256
a 8447 8992 16
a 8448 29168 256
a 8449 22064 64
a 8450 2528 64
a 8451 10256 256
f 8376
a 8452 3808 256
a 8453 4544 16
f 7575
a 8454 784 64
f 7559
a 8455 6496 256
f 7556
f 7803
f 8255
a 8456 352 16
a 8457 63568 16
a 8458 464416 16
f 8412
f 7894
a 8459 14304 64
a 8460 288 64
f 8439
f 8365
f 7488
f 7892
f 8310
a 8461 33232 16
a 8462 31152 16
a 8463 1792 16
a 8464 6688 64
f 8303
a 8465 11168 64
a 8466 30464 16
a 8467 9488 16
f 8103
f 8082
a 8468 2016 64
a 8469 336 16
f 6125
a 8470 1376 16
a 8471 1344 64
a 8472 20688 256
a 8473 6480 16
a 8474 912 64
a 8475 28256 64
a 8476 470560 16
f 8395
a 8477 2944 16
f 8183
a 8478 10208 16
a 8479 8576 16
a 8480 416 256
a 8481 15920 16
a 8482 1152 256
a 8483 1792 256
a 8484 304 16
f 8271
a 8485 18288 64
f 8316
a 8486 2160 16
a 8487 14560 256
a 8488 2655216 16
f 8176
a 8489 6464 16
f 7973
f 8148
f 8342
f 8175
a 8490 3568 16
f 7336
a 8491 3376 16
a 8492 640 64
a 8493 38208 256
a 8494 6480 16
f 8000
f 8273
a 8495 31120 64
a 8496 1938432 256
a 8497 320 64
f 8180
a 8498 15392 64
f 8380
a 8499 18576 256
f 7943
a 8500 38848 64
a 8501 43408 256
f 8162
a 8502 1376 256
a 8503 61568 16
f 8370
f 8355
f 6258
a 8504 1328 64
a 8505 13904 256
f 8226
f 7770
f 8361
f 8057
a 8506 544 64
a 8507 33440 256
a 8508 15344 16
f 8211
a 8509 736 256
a 8510 6592 16
a 8511 61536 16
f 8323
f 8452
f 7855
f 8185
f 8283
a 8512 928 64
a 8513 464 16
f 8275
f 8153
a 8514 1312224 256
a 8515 8912 256
f 8152
a 8516 29872 16
f 8500
f 8293
f 8168
f 8217
a 8517 1632 64
f 8307
a 8518 2596544 256
f 8331
f 8358
a 8519 1424 16
f 7969
f 8329
a 8520 5296 256
f 8164
a 8521 518640 16
f 8425
f 8483
a 8522 4188080 256
f 7858
f 8160
f 8484
f 7825
f 8434
f 8494
f 8114
a 8523 21392 16
f 8446
a 8524 1248 256
f 8489
a 8525 1870016 256
a 8526 13664 64
f 7834
f 8229
f 8054
f 8291
f 8092
f 7753
f 7329
a 8527 35040 64
f 8311
f 8409
f 8208
f 7428
a 8528 47520 16
f 8097
f 7976
a 8529 38784 16
f 8234
f 8238
f 7797
a 8530 1310912 16
f 7884
f 7057
f 8429
f 8320
f 8120
f 8460
a 8531 814544 256
a 8532 3168176 256
f 8272
f 7880
a 8533 976 256
a 8534 53344 64
f 8491
a 8535 62368 64
f 8450
f 8402
a 8536 1312 64
f 8453
f 8413
f 7923
a 8537 18496 256
a 8538 30992 256
f 7838
f 8302
a 8539 4176 16
a 8540 3152 64
a 8541 416 16
f 8048
a 8542 21968 64
f 8334
f 8509
f 7522
f 8362
f 8414
f 8356
a 8543 9056 64
f 8458
a 8544 2031232 16
a 8545 400 256
f 7405
f 8371
f 8144
a 8546 3632 256
f 8143
f 8490
f 8297
f 8495
a 8547 22480 256
f 7519
f 7610
a 8548 1328 64
f 7169
f 8319
a 8549 62080 256
f 8482
f 6744
a 8550 2544 16
f 8373
f 7441
f 8125
f 8023
f 7808
f 8445
f 8340
f 8516
f 7590
f 8415
a 8551 2752 16
f 7970
f 8063
f 6917
f 7633
f 8294
f 8513
a 8552 10496 64
f 8210
a 8553 799488 256
a 8554 339424 256
f 8154
f 8322
a 8555 1856 256
a 8556 6720 256
f 8197
f 8499
f 8220
f 8115
f 8187
a 8557 13872 16
f 7929
f 8134
a 8558 22672 16
a 8559 512 16
f 8541
f 8241
f 8411
a 8560 2912 256
f 8466
f 8517
f 8477
f 8448
a 8561 6992 16
f 8493
a 8562 42704 64
f 7653
f 8390
f 7927
f 7861
f 6842
f 8497
f 7690
f 7396
f 8369
f 8386
a 8563 1936 64
f 8488
f 8480
a 8564 1840 64
f 8059
f 7337
f 8172
f 8464
f 8252
f 8086
f 8150
a 8565 4320 64
f 8296
a 8566 27376 64
a 8567 14832 256
f 8253
f 7965
f 6849
f 8081
f 8561
f 7673
f 7904
a 8568 610752 64
f 8542
f 8407
f 8404
f 8397
f 7436
a 8569 352 256
f 7966
a 8570 42512 256
f 7225
a 8571 2768 16
f 7963
f 6623
f 8221
f 7335
f 8479
f 8534
f 8235
a 8572 448 256
f 8278
a 8573 8960 256
f 7940
f 8566
f 8538
f 8399
f 7120
f 7427
f 7498
f 8287
a 8574 47008 256
f 8569
f 8025
f 8462
f 7648
f 8034
f 7995
f 8352
f 8348
a 8575 4496 16
a 8576 3312 16
a 8577 8848 64
f 8270
f 7945
f 8344
f 7142
f 8135
f 8163
f 8289
f 7900
f 7827
f 8305
f 8269
f 7251
f 8422
a 8578 3248 64
f 8406
f 8457
f 8338
f 7887
f 6884
f 7777
f 7709
f 8403
f 8130
a 8579 32064 256
a 8580 12832 64
a 8581 384 256
a 8582 12224 256
f 8050
a 8583 512 16
a 8584 4112 256
a 8585 2416 64
a 8586 5296 16
a 8587 16016 64
a 8588 24432 256
a 8589 2032 64
a 8590 624 256
a 8591 16192 64
a 8592 448 256
a 8593 9312 16
a 8594 3824 16
a 8595 2768 256
f 8298
a 8596 400 16
f 8548
a 8597 62992 256
a 8598 29888 16
f 8582
f 7947
a 8599 3872 64
a 8600 3263312 16
a 8601 5264 256
f 6910
a 8602 3888 256
f 7367
a 8603 48816 16
a 8604 624 16
a 8605 6480 256
a 8606 55632 16
a 8607 2800 16
a 8608 4832 256
a 8609 5776 256
a 8610 944 16
a 8611 544 16
a 8612 11696 64
f 8474
a 8613 1984176 256
f 8396
f 8071
a 8614 3824 64
f 7971
f 8502
f 6859
f 8276
a 8615 5760 16
a 8616 27600 16
f 7671
a 8617 739904 256
a 8618 5072 256
f 8609
a 8619 59552 16
f 8586
f 8364
a 8620 15008 16
a 8621 18752 256
a 8622 8160 256
a 8623 2608 64
a 8624 50784 256
a 8625 47248 64
a 8626 1760 64
a 8627 24960 16
f 8596
a 8628 2368 64
a 8629 602272 64
a 8630 960 16
a 8631 4400 16
a 8632 31184 64
a 8633 272 64
a 8634 862896 64
a 8635 288 16
a 8636 4048 256
a 8637 2112 16
a 8638 7744 256
a 8639 445888 64
a 8640 21904 256
a 8641 20032 64
a 8642 32432 256
a 8643 10784 16
f 7635
a 8644 56112 16
f 8306
a 8645 48592 16
f 7844
a 8646 1952 256
a 8647 3184 256
a 8648 12000 256
a 8649 52880 16
a 8650 11968 256
a 8651 650896 64
f 7601
f 8510
f 8366
f 8398
f 8430
f 7934
f 8529
f 8212
f 8443
a 8652 2273840 256
f 7484
a 8653 27744 64
a 8654 1281600 256
a 8655 320 16
f 8321
f 8496
f 8345
f 7550
f 8590
f 8475
f 7128
a 8656 1168 16
f 8456
f 8625
a 8657 1520 64
f 7640
f 7369
f 8643
f 8209
f 8337
a 8658 49280 64
f 8574
a 8659 3024 64
f 8117
f 8124
f 8388
f 7993
f 7905
f 7992
f 8551
f 8313
a 8660 2560 16
f 8545
f 8481
f 6945
f 8449
f 8593
f 8405
f 8623
a 8661 800 16
f 8347
a 8662 1024 256
f 8503
f 8564
f 8514
a 8663 3376 64
a 8664 51472 64
a 8665 65504 16
a 8666 288 256
a 8667 368 16
f 8512
a 8668 15760 256
a 8669 20096 64
a 8670 688 16
a 8671 5664 64
a 8672 1984 256
a 8673 47056 16
a 8674 944 16
a 8675 976 16
a 8676 9808 256
f 7722
a 8677 64352 16
f 7072
f 8613
a 8678 21840 64
a 8679 2864 256
f 8662
a 8680 1584 64
a 8681 29440 16
a 8682 720 64
a 8683 304 16
a 8684 13152 16
f 6218
a 8685 40112 16
a 8686 960 64
a 8687 37008 16
f 8381
a 8688 20544 16
a 8689 49392 256
a 8690 304 256
a 8691 484720 64
a 8692 63392 256
a 8693 2835632 256
f 8689
f 8556
f 8285
a 8694 32048 16
f 7422
f 8476
f 7807
f 8505
f 8601
f 8588
a 8695 24720 16
f 8401
a 8696 24656 16
a 8697 60304 16
f 8645
f 7875
a 8698 416 64
f 8598
f 7831
f 8508
f 8382
f 8196
a 8699 888848 256
a 8700 3072 16
f 8033
f 8219
f 7968
f 8585
f 8577
f 8693
f 8266
a 8701 832 64
a 8702 16304 256
a 8703 2544 256
f 8350
f 8571
f 8248
a 8704 7120 64
a 8705 3344 64
a 8706 966032 16
f 8473
a 8707 544 64
f 8702
a 8708 17648 16
f 8274
a 8709 6752 64
f 7431
a 8710 8032 256
f 7085
a 8711 1616 64
f 8360
a 8712 1024 256
f 8177
a 8713 3584 16
f 8394
a 8714 960 256
f 8335
a 8715 4016 64
a 8716 23216 64
f 8628
f 8506
f 8526
f 7936
f 7756
f 8587
f 7508
a 8717 1440 256
a 8718 13472 16
a 8719 400 64
f 8712
a 8720 4256 64
a 8721 2128 256
a 8722 15728 16
a 8723 5472 16
f 8157
f 8410
f 7719
a 8724 35360 16
a 8725 2640 64
f 7118
f 8423
a 8726 272 16
a 8727 10288 256
a 8728 2555008 64
f 8195
f 8595
a 8729 18528 16
f 8547
f 8472
f 8688
f 7515
a 8730 33408 256
f 8290
f 8619
f 8145
f 8535
a 8731 1152 256
f 8262
f 8515
a 8732 55216 16
f 8644
f 8614
a 8733 464 16
a 8734 1936 16
f 7895
f 8591
f 8432
f 8715
f 8156
a 8735 1721312 16
f 8437
f 8324
f 8572
f 7041
f 8581
f 7847
f 5878
f 8486
a 8736 697440 256
f 8525
a 8737 3456 64
f 8003
a 8738 24544 256
f 8675
a 8739 28336 64
a 8740 54528 16
a 8741 944 16
f 8426
a 8742 9648 256
a 8743 1424 16
a 8744 18464 64
a 8745 4352 64
a 8746 4608 256
a 8747 48464 16
f 8570
a 8748 952880 256
a 8749 3517440 16
f 8600
f 8672
a 8750 3408 16
a 8751 29456 256
a 8752 21712 64
a 8753 9312 64
a 8754 59488 16
a 8755 8320 256
f 8727
a 8756 845520 16
f 8729
f 8036
f 6711
f 8519
a 8757 642752 256
f 8668
f 7997
a 8758 544 256
f 7560
f 8676
f 8346
f 8353
f 8750
f 8660
a 8759 656 16
a 8760 1040 256
f 8417
f 7534
f 8339
f 8685
f 8357
f 8717
f 8341
f 8367
a 8761 12592 16
f 8602
a 8762 3056 16
a 8763 1008 256
a 8764 23856 64
f 8733
a 8765 17488 64
a 8766 1750688 256
f 8317
a 8767 11040 16
a 8768 2224 16
f 8553
a 8769 4864 64
f 8327
f 8657
a 8770 880 64
a 8771 38048 64
a 8772 28576 256
a 8773 448 256
a 8774 3440 64
f 8578
a 8775 560 64
a 8776 1424 256
a 8777 14384 16
a 8778 3744 16
a 8779 1504 16
a 8780 5616 16
a 8781 5968 64
a 8782 7120 16
a 8783 784 256
a 8784 6624 16
a 8785 656 256
a 8786 49344 64
a 8787 1520 64
a 8788 4976 64
a 8789 7408 64
a 8790 560 16
f 8704
a 8791 26144 64
f 7698
f 8078
a 8792 3537840 16
f 7846
a 8793 16096 64
f 7579
f 8169
f 8301
f 8438
a 8794 784 16
f 8507
a 8795 2752 16
f 8523
a 8796 816 64
f 8741
f 8604
a 8797 27712 64
a 8798 10400 16
f 8427
f 8428
f 8615
f 8638
f 8667
a 8799 4656 64
a 8800 9728 256
f 8442
f 8620
f 7064
a 8801 272 256
f 8539
f 8418
a 8802 1312 64
f 8223
f 8537
f 8789
a 8803 2992 16
a 8804 1744 64
f 8696
f 8268
f 8797
f 8524
f 7712
a 8805 14224 64
a 8806 3776 64
a 8807 2547008 256
f 7785
f 8232
f 8447
f 8592
f 8383
f 7346
a 8808 6832 16
f 7989
a 8809 384 256
a 8810 15728 256
f 8780
f 8758
a 8811 784 16
f 8781
f 8703
f 8140
f 7996
f 8469
f 8639
f 8041
f 7878
f 8379
f 8218
f 7005
f 8749
a 8812 7360 64
f 8767
a 8813 4336 64
a 8814 2592 64
a 8815 379584 256
f 8573
a 8816 672 16
a 8817 11600 256
a 8818 416 16
f 7471
a 8819 32432 16
f 7987
a 8820 9968 64
f 8487
a 8821 2752 16
a 8822 8080 16
a 8823 1632 16
a 8824 2256 16
f 7266
a 8825 9360 64
a 8826 1168 16
f 8815
f 8470
a 8827 464 16
a 8828 288 64
a 8829 432 64
a 8830 944 256
a 8831 25024 256
a 8832 2800 64
a 8833 34608 64
f 7021
a 8834 416 64
f 7891
a 8835 1056 64
a 8836 12528 64
a 8837 1216 256
f 8774
f 8228
a 8838 2816 256
a 8839 2249056 16
a 8840 28976 256
a 8841 2320 256
a 8842 285872 64
f 8441
a 8843 45600 256
a 8844 3072384 16
f 8583
f 8559
f 7114
a 8845 15296 64
f 8818
f 7872
f 8544
f 8088
a 8846 768 64
f 8184
f 8771
a 8847 496 256
f 8433
f 8742
a 8848 336 256
a 8849 48688 64
f 7771
a 8850 912 256
f 8687
a 8851 1728 16
a 8852 4080 16
a 8853 31968 16
f 8492
a 8854 3264 16
f 8751
f 8674
f 8844
a 8855 709968 256
a 8856 7952 16
a 8857 6752 16
a 8858 2672 64
a 8859 18928 64
a 8860 3520 256
a 8861 288 16
a 8862 1295088 64
a 8863 3220032 256
f 7530
f 8416
a 8864 29536 64
f 8816
f 8830
f 8259
a 8865 4736 16
a 8866 4320 256
f 8242
a 8867 6000 64
a 8868 992 256
a 8869 400 16
f 8784
f 8461
a 8870 2047760 256
f 8670
f 8194
a 8871 288 256
a 8872 432 256
f 8863
f 8692
f 8743
a 8873 3520 16
f 6643
f 8633
f 8860
f 7981
a 8874 8416 256
a 8875 3504 16
f 7799
f 8243
a 8876 11600 64
f 7510
f 8471
f 8576
f 8658
f 7470
a 8877 50768 16
f 8627
a 8878 57664 256
f 8851
f 8822
f 8560
f 8098
a 8879 1952 64
f 8795
a 8880 1264 16
f 8846
f 8734
f 8720
f 7784
f 8680
f 8061
a 8881 288 16
f 8436
f 8277
a 8882 13216 16
a 8883 944 256
f 8779
a 8884 44064 64
f 8853
f 8440
a 8885 37696 64
f 8725
a 8886 20032 64
a 8887 64800 256
a 8888 480 64
f 8754
a 8889 304 256
f 8707
a 8890 304 256
a 8891 47808 64
a 8892 8064 64
a 8893 800 64
f 8874
a 8894 14320 256
a 8895 6240 256
a 8896 3520 256
a 8897 746368 256
f 8299
a 8898 1792 64
a 8899 416 16
f 8333
a 8900 465008 64
a 8901 19632 64
a 8902 1021792 256
a 8903 6864 64
a 8904 23728 256
a 8905 13168 256
a 8906 6208 16
f 8808
f 6480
a 8907 13120 256
a 8908 976 64
a 8909 12432 64
f 8385
a 8910 23584 64
a 8911 2224 16
a 8912 816 256
a 8913 976 256
f 7833
f 8531
a 8914 496 16
a 8915 5744 256
a 8916 5088 256
a 8917 272 256
f 7907
f 8580
a 8918 5760 64
a 8919 17504 256
a 8920 4400 64
a 8921 1136 256
a 8922 3632 64
a 8923 4016 64
a 8924 1983424 16
a 8925 2624 64
f 8420
f 8444
a 8926 13168 16
a 8927 14032 16
a 8928 528 64
a 8929 28080 64
a 8930 14624 256
a 8931 3792 256
a 8932 496 64
a 8933 880 16
a 8934 62160 64
f 8908
f 8726
a 8935 624 16
a 8936 6864 64
a 8937 17968 16
f 8892
a 8938 400 256
a 8939 56784 16
f 8752
a 8940 11312 64
a 8941 2063248 256
f 8716
f 8661
f 8314
a 8942 4624 256
a 8943 976 16
a 8944 1120 256
a 8945 519360 256
a 8946 20112 256
f 7222
f 8943
a 8947 1670720 16
a 8948 43312 256
f 8652
a 8949 2032 16
f 8527
f 8856
a 8950 19200 64
f 8753
a 8951 2656 256
a 8952 20752 64
f 8915
a 8953 6768 256
a 8954 36944 256
a 8955 896 64
f 8798
a 8956 9728 256
a 8957 2128 64
f 7809
f 8465
f 8368
f 8740
a 8958 13760 256
a 8959 18784 16
a 8960 1760 16
a 8961 24064 64
f 8834
f 8890
a 8962 768 256
a 8963 800 256
a 8964 14960 16
a 8965 896 64
a 8966 336 256
a 8967 29488 64
a 8968 14176 16
a 8969 37824 256
a 8970 56912 64
a 8971 5648 256
a 8972 62640 16
a 8973 1248 256
a 8974 4096 64
a 8975 60544 64
f 8651
a 8976 400 256
a 8977 19952 64
a 8978 9632 64
a 8979 1312 64
a 8980 36608 64
a 8981 1136 64
a 8982 720 256
a 8983 16224 64
a 8984 1360 64
a 8985 27776 16
a 8986 2336 64
f 8713
a 8987 736 16
a 8988 1376 256
a 8989 2032 64
a 8990 32080 16
f 8852
a 8991 1568 64
a 8992 8016 16
a 8993 23824 16
f 8877
f 8935
a 8994 2400 16
f 8835
a 8995 1344 64
f 8731
a 8996 8528 256
a 8997 896 16
a 8998 3408 16
a 8999 1680 256
a 9000 928 64
a 9001 7872 256
a 9002 736 16
f 8463
f 8304
a 9003 1588512 256
f 8910
a 9004 3088 16
a 9005 448 16
f 8137
f 7955
f 8735
f 8996
a 9006 8128 16
a 9007 11888 16
f 8828
a 9008 2880 64
a 9009 2608 16
a 9010 61744 256
a 9011 15024 16
f 8933
a 9012 32352 256
a 9013 8160 16
a 9014 12000 16
a 9015 9120 16
a 9016 4046864 16
f 8363
f 8945
f 8756
a 9017 6976 256
a 9018 512 16
f 8777
f 8903
f 8641
f 8801
f 7616
a 9019 63824 16
a 9020 3072 16
a 9021 1136 256
f 8236
f 8629
f 7991
f 8859
f 8485
f 8678
f 8550
f 9016
a 9022 3104 256
a 9023 400 16
a 9024 6480 16
a 9025 2336 64
a 9026 1936 64
f 8978
a 9027 800 256
f 8511
a 9028 272 16
f 8567
f 8691
a 9029 22752 16
a 9030 4060960 256
a 9031 28784 64
a 9032 416 256
a 9033 15408 64
a 9034 640 256
f 8893
a 9035 448 64
f 7864
a 9036 5728 16
a 9037 816 256
a 9038 31056 16
a 9039 12560 256
a 9040 12224 16
a 9041 21088 256
f 8133
a 9042 304 16
a 9043 63904 16
a 9044 7808 256
f 8200
a 9045 1968 64
a 9046 32048 16
f 6431
a 9047 16352 256
f 8424
a 9048 336 64
a 9049 6560 256
a 9050 544 256
a 9051 20304 16
a 9052 1904 256
a 9053 63968 256
a 9054 624 64
f 8829
a 9055 1680 16
f 7796
a 9056 14064 256
f 8064
f 9053
a 9057 26576 16
a 9058 2672 64
f 9049
f 8112
a 9059 5856 16
a 9060 2084208 256
a 9061 368 256
a 9062 3576240 256
f 8710
a 9063 29808 16
f 8359
a 9064 1520 256
a 9065 432 64
f 8649
f 8961
f 8730
f 8454
f 9024
f 8931
f 9003
f 8770
f 9020
f 8840
f 8637
f 8804
f 8813
f 9009
f 7375
f 8912
f 9002
f 8683
a 9066 45600 64
f 8855
f 8769
f 8817
a 9067 37248 64
f 9023
a 9068 896 16
f 8837
a 9069 18224 256
f 8543
a 9070 803600 16
f 8904
a 9071 1799888 256
f 9021
f 8719
f 8738
f 8838
f 9047
f 8746
f 8991
a 9072 4032 16
f 8565
f 8760
f 8902
a 9073 44448 16
f 9054
f 8700
f 8848
f 8748
f 9045
f 8650
f 7730
f 8723
f 8857
a 9074 57056 256
a 9075 336 256
f 9011
f 8393
f 8451
f 7720
a 9076 416 256
f 8552
f 8951
a 9077 38032 64
f 8896
f 8558
f 7632
f 8530
f 8868
a 9078 1072 64
f 8966
f 8654
f 8186
a 9079 9392 64
a 9080 22544 16
a 9081 31568 256
a 9082 31216 256
f 8869
f 8885
a 9083 1216 64
f 8737
f 8631
f 8812
f 9000
f 8664
f 9005
f 7400
a 9084 11136 16
f 8354
f 8968
f 9057
a 9085 3136 16
f 7749
f 8648
a 9086 736 256
f 8540
f 8155
f 9076
f 8706
a 9087 1456 64
f 8459
a 9088 46464 256
a 9089 272 64
f 8919
a 9090 1600 64
f 8455
f 9014
a 9091 6096 16
a 9092 57728 16
a 9093 683984 16
a 9094 20448 16
a 9095 928 256
a 9096 13776 64
f 8955
f 8992
a 9097 6400 256
a 9098 27536 16
a 9099 440896 256
f 9048
f 9013
a 9100 10496 16
f 9093
a 9101 880 16
a 9102 27552 64
a 9103 1280 64
a 9104 608 16
a 9105 41744 16
a 9106 6144 64
f 8372
a 9107 624 64
f 9085
f 9019
f 8905
a 9108 2912 16
f 8384
a 9109 28352 64
a 9110 1600 16
f 8039
a 9111 352 64
a 9112 28032 16
a 9113 5968 64
a 9114 38320 256
a 9115 384 16
f 8940
a 9116 832 256
a 9117 1270464 64
f 9116
f 9059
f 8617
a 9118 1218944 256
f 8887
f 8763
f 9061
a 9119 2990224 256
a 9120 26464 256
f 8920
f 9051
f 8611
a 9121 336 16
f 8062
f 8811
a 9122 11248 256
f 7998
f 9110
f 9067
f 9089
f 9090
a 9123 14672 64
f 9075
f 8630
f 8841
a 9124 57936 256
f 8546
a 9125 448 16
a 9126 60736 16
f 9006
f 9015
f 7931
f 8332
f 8947
f 8012
f 9064
f 9027
f 8626
f 7956
a 9127 1808 16
f 8847
f 8325
f 8938
f 8778
f 8963
f 6973
f 9112
a 9128 38864 256
f 8258
f 8605
f 8914
f 8759
a 9129 3232 64
a 9130 1392 64
f 8953
f 8431
f 8971
a 9131 2640 64
f 8898
f 7845
f 8766
a 9132 20672 256
f 9039
a 9133 17184 256
a 9134 2818128 16
f 9042
f 9088
f 8267
f 8879
f 8934
f 8954
a 9135 480 16
a 9136 21168 256
f 9063
f 8973
a 9137 8576 16
f 8292
f 8736
f 8927
a 9138 320 64
a 9139 1008 256
a 9140 576 256
a 9141 35936 256
a 9142 59152 256
a 9143 24336 16
a 9144 1728 64
a 9145 2480 64
a 9146 992 16
a 9147 9952 256
a 9148 2224 256
a 9149 1456 256
a 9150 1536 16
f 8959
a 9151 18464 16
a 9152 15104 64
f 7570
a 9153 912 64
f 8988
a 9154 4304 256
a 9155 672 16
a 9156 1008 64
a 9157 6880 16
a 9158 320 256
a 9159 7936 16
a 9160 368 16
a 9161 414480 16
a 9162 480 16
f 9082
f 8467
f 9106
f 8891
a 9163 4608 64
f 8555
f 9102
f 8782
f 9092
f 9058
f 9111
f 8814
f 8925
f 9133
f 8762
a 9164 1936 64
a 9165 27760 16
a 9166 2512848 16
f 7752
f 8206
f 8739
a 9167 2384 64
f 9034
f 8800
f 9022
f 9050
f 8656
f 7555
a 9168 1536 256
f 8724
f 8994
f 8679
a 9169 12640 64
f 8911
f 7112
a 9170 12672 64
f 8520
f 9044
f 9127
a 9171 6160 64
f 8295
f 8990
f 8681
f 9153
f 8827
f 7740
a 9172 2272 64
f 9113
f 8606
f 8421
f 9125
f 8956
f 8677
f 8589
f 8709
a 9173 41232 256
a 9174 294784 256
f 8616
f 6975
f 7127
f 9138
f 9123
a 9175 12512 16
f 8032
a 9176 2048 64
f 8745
f 8697
f 9026
f 8805
f 8999
f 8349
f 8562
f 8682
f 9046
a 9177 4304 64
a 9178 2192 64
f 8468
f 9010
f 9018
f 8849
f 8792
a 9179 1232 256
a 9180 53888 16
f 8575
c op-18000
f 8926
a 9181 1184 64
a 9182 24096 64
f 9052
f 7111
f 7140
f 8787
a 9183 9536 256
a 9184 2704 16
a 9185 4161840 16
f 8900
a 9186 992 16
f 8775
f 8663
f 8309
f 8721
f 9137
f 9008
f 8392
f 8141
f 9071
f 9161
a 9187 7152 256
a 9188 7488 16
a 9189 2352 256
a 9190 1968 64
a 9191 63792 256
a 9192 6240 256
f 8809
a 9193 28640 16
a 9194 2800 256
a 9195 1991488 64
f 9160
f 9171
f 8504
f 9040
a 9196 3597440 64
f 9007
a 9197 3984 16
f 8810
f 8939
f 9188
f 7119
f 8824
f 7804
f 9172
f 7277
f 8764
f 9192
a 9198 932592 16
f 8378
f 8646
f 9170
f 8622
a 9199 1952 16
f 8666
f 7276
f 9141
f 8761
f 8701
f 8832
f 8950
a 9200 464 256
f 8714
a 9201 768 64
f 9199
f 9094
f 9096
f 8928
f 8618
f 8772
f 9121
f 6394
a 9202 6864 64
f 8906
f 9084
f 8790
f 8965
f 8995
f 8895
f 9041
f 9028
f 9056
f 9012
f 8957
a 9203 54816 64
f 8842
f 8584
f 8974
f 9068
f 7478
f 9099
f 8673
f 9070
a 9204 1712 256
f 8858
f 8233
f 9136
f 9166
f 9155
f 8836
f 8884
f 8113
a 9205 329536 16
f 8695
f 8888
f 9150
f 8785
f 8308
f 7849
f 8854
f 8621
f 8698
f 8799
f 9179
f 9074
f 9157
f 8671
a 9206 54160 256
a 9207 400 256
f 8831
a 9208 589744 64
f 9173
f 8579
f 8708
f 9055
a 9209 18672 16
a 9210 2080 16
a 9211 512 16
f 8823
f 9126
a 9212 53744 16
f 8788
a 9213 3184 16
f 8882
f 9196
a 9214 4448 16
f 5576
a 9215 512 64
a 9216 56000 256
a 9217 58576 64
f 8533
a 9218 2458096 64
f 8880
a 9219 1600 256
a 9220 3728 64
a 9221 3456 16
f 8522
a 9222 60512 16
a 9223 8112 256
a 9224 1398208 256
a 9225 63264 64
a 9226 7600 256
f 9100
f 9219
a 9227 688 64
a 9228 25904 64
a 9229 1696 16
f 8711
f 9142
a 9230 23648 64
a 9231 288 256
f 8757
f 8536
a 9232 39232 16
a 9233 13360 16
a 9234 14768 64
a 9235 6848 64
f 8821
f 8647
a 9236 516736 256
f 8918
a 9237 32448 16
f 9038
a 9238 347296 16
a 9239 1616 64
a 9240 976 16
a 9241 352 256
a 9242 39472 64
f 9204
f 9215
a 9243 720 256
a 9244 992 16
a 9245 832 256
a 9246 6432 256
a 9247 480 64
a 9248 3965104 256
f 8979
f 8982
a 9249 9328 256
f 8899
f 9115
f 8989
f 9149
a 9250 23456 64
a 9251 60704 16
f 8642
f 8080
f 9217
f 9087
a 9252 1792 16
a 9253 8768 16
f 8975
f 8608
f 8839
f 8343
a 9254 416 64
f 9069
a 9255 839808 256
a 9256 37280 16
a 9257 10736 64
f 9212
a 9258 28272 256
a 9259 3968 16
f 7944
f 9190
f 8640
f 9195
a 9260 2624 64
f 8985
a 9261 1939136 16
f 8845
f 8263
f 8563
f 8909
a 9262 57568 64
f 9231
f 8936
a 9263 11888 16
f 8419
a 9264 23056 16
f 9256
f 9080
f 9152
f 8659
f 8225
f 8802
f 9144
f 8655
f 8976
a 9265 304 16
a 9266 5456 16
f 8929
a 9267 2480 256
a 9268 37040 16
a 9269 400 256
a 9270 7568 256
a 9271 3764144 256
a 9272 14656 256
f 8521
f 9095
f 6101
a 9273 4336 64
f 9257
f 9163
f 9029
f 8872
a 9274 11600 256
f 8930
f 8923
f 8686
f 8998
f 8981
a 9275 6080 16
f 9240
f 8946
f 9273
a 9276 1392 16
a 9277 23040 64
a 9278 6176 64
a 9279 64656 16
f 8867
f 8861
f 9156
f 9031
f 9269
f 8635
f 9131
a 9280 3231680 16
f 9174
f 7910
f 8922
f 9167
f 8722
f 8850
f 8993
f 8794
f 9120
f 8967
f 7668
f 9164
f 9065
f 8239
f 8881
f 8773
f 8871
f 8865
f 9178
f 8977
f 8862
f 9135
f 8803
f 8937
f 9270
f 8924
f 9223
a 9281 448 256
f 8875
f 8843
a 9282 3439600 16
f 9177
f 8768
f 9255
a 9283 56112 16
f 9114
a 9284 57376 16
f 9216
f 9168
f 9236
a 9285 2944 256
f 9139
f 8138
a 9286 34016 16
a 9287 35536 256
f 9107
f 9194
f 9086
f 9140
a 9288 48848 16
f 8783
f 9286
f 9083
a 9289 816 64
f 8907
f 9245
a 9290 23536 64
f 9151
f 9249
a 9291 43264 16
f 9267
f 8949
f 8256
f 9274
a 9292 6976 256
a 9293 704 64
f 9175
f 8866
f 9250
f 8705
f 9017
f 9035
a 9294 12208 64
f 8942
f 9036
f 8375
f 9209
a 9295 14208 16
f 9176
f 9079
a 9296 12160 16
a 9297 464 16
f 9283
a 9298 6544 64
f 9146
a 9299 384 64
a 9300 479632 64
a 9301 480 64
f 8897
f 9197
f 8690
f 9129
f 9280
f 9206
f 9228
f 9189
f 8952
a 9302 3372192 256
f 8913
f 9198
f 9244
f 8964
f 9025
f 9134
f 9291
a 9303 29168 64
a 9304 656 64
f 8916
f 9162
f 9289
f 8597
f 9298
f 8807
a 9305 1733248 256
f 8984
a 9306 3360 64
f 9235
a 9307 9920 16
f 7424
f 9279
f 9278
a 9308 16128 64
f 9266
a 9309 4080 256
f 8288
a 9310 2866096 256
f 9264
f 8624
a 9311 1440 256
f 9281
f 9122
f 9060
f 9246
f 8594
f 9098
f 9225
f 9233
a 9312 1232 64
f 9200
f 9143
f 9222
f 8886
a 9313 6384 64
a 9314 17344 16
f 9145
f 9207
f 8694
a 9315 389808 16
a 9316 881760 16
a 9317 1397600 16
f 9182
f 9183
f 9313
a 9318 19168 64
f 8765
f 9147
f 9187
a 9319 31280 64
f 8718
a 9320 1824 64
f 8987
a 9321 560 16
f 9251
f 9191
f 8326
f 9268
a 9322 752 64
f 8948
f 8889
f 8796
f 8016
f 9277
f 9203
f 9124
f 9285
f 8328
a 9323 432 64
f 8532
a 9324 400 16
a 9325 4080 64
f 9104
a 9326 7952 16
a 9327 3615232 16
f 9239
a 9328 62096 64
a 9329 9232 64
f 9073
a 9330 57312 64
f 8634
f 8883
f 8066
f 9288
f 9091
a 9331 4080 256
f 9208
f 9108
f 9105
a 9332 11792 64
f 9260
f 9103
f 8997
a 9333 1168 256
f 8610
f 9325
f 8870
f 9311
f 8826
f 9327
f 9230
f 8786
a 9334 17504 16
a 9335 9152 16
f 9165
a 9336 624 16
a 9337 1124672 256
a 9338 1600 64
f 9043
a 9339 1552 64
f 9293
a 9340 384 16
f 9242
a 9341 3867136 64
f 9066
f 8518
a 9342 26384 16
a 9343 6304 256
a 9344 423520 256
a 9345 10496 16
a 9346 816 16
a 9347 3024 16
a 9348 734944 256
a 9349 1520 256
a 9350 832 64
a 9351 8336 64
a 9352 25200 256
a 9353 1888 64
a 9354 3557488 256
f 9322
a 9355 602000 64
f 8607
f 9315
f 9287
a 9356 7152 16
f 9158
a 9357 1008 16
f 7048
f 8377
f 9037
a 9358 2320 256
f 9350
f 9072
f 9132
a 9359 55296 16
f 8665
f 8819
f 9316
f 9349
f 9307
a 9360 8880 64
f 9243
f 8972
a 9361 4192 64
f 8776
a 9362 9472 256
f 8878
f 9301
a 9363 6816 16
f 9004
f 9263
a 9364 640 64
f 9302
a 9365 4960 16
a 9366 416 64
a 9367 7728 16
a 9368 992 256
a 9369 304 64
a 9370 13168 256
f 8958
a 9371 8272 64
f 9370
a 9372 6272 256
a 9373 320 64
a 9374 11152 16
a 9375 544 256
a 9376 400 64
a 9377 64384 256
f 8612
a 9378 995824 64
f 9117
f 9355
a 9379 63104 256
a 9380 1648 16
f 9366
f 9261
f 9369
a 9381 304 16
a 9382 13472 16
a 9383 3712 256
a 9384 21952 256
a 9385 3680 16
f 8917
a 9386 656 16
a 9387 16336 16
a 9388 4448 64
a 9389 3056 256
a 9390 1936 16
f 9373
f 8894
a 9391 866064 256
a 9392 448 16
a 9393 513744 16
f 8744
a 9394 28688 64
a 9395 15696 16
a 9396 288 16
a 9397 60752 64
a 9398 2688 256
a 9399 10576 64
f 8549
a 9400 23008 256
a 9401 912 256
a 9402 352 16
a 9403 944 256
f 9318
f 9362
a 9404 23296 16
a 9405 23424 16
a 9406 4528 64
a 9407 432 64
a 9408 544 256
a 9409 1216736 16
a 9410 1760 16
a 9411 816 256
a 9412 33536 256
f 9234
a 9413 44960 16
a 9414 970400 16
a 9415 6704 64
a 9416 19296 64
a 9417 35888 16
f 7731
a 9418 272 64
a 9419 272 16
a 9420 502496 16
a 9421 34832 64
a 9422 3328 64
a 9423 2871648 64
f 9345
f 8501
f 9385
f 9405
a 9424 4736 64
a 9425 6016 16
a 9426 40944 256
f 9423
f 9333
a 9427 3312 16
a 9428 22384 64
a 9429 2896 256
a 9430 11296 16
a 9431 560 64
a 9432 20176 256
a 9433 20800 16
a 9434 25472 256
a 9435 44640 64
a 9436 2003552 16
a 9437 1696 256
f 9346
f 9284
f 8603
f 9247
f 8962
f 9340
a 9438 33040 16
f 9258
f 9414
a 9439 22352 256
a 9440 2016 16
f 9101
f 8557
a 9441 33664 16
f 9296
f 9388
f 9282
f 8699
a 9442 640 256
a 9443 5216 256
a 9444 29472 64
a 9445 12544 64
a 9446 4448 16
f 9363
a 9447 2289712 16
a 9448 23392 256
a 9449 490160 64
a 9450 36096 256
a 9451 6512 256
a 9452 1168 256
f 9202
f 9424
a 9453 9616 64
a 9454 7168 256
f 8732
a 9455 3722976 16
f 9449
f 9417
a 9456 24016 64
f 9335
f 9259
f 9437
f 9368
f 9442
f 9180
f 8478
f 9406
f 9359
f 5537
a 9457 336 64
f 8755
f 9353
f 9358
f 9395
f 9413
f 9229
f 9392
f 9334
a 9458 7424 16
f 9441
a 9459 1008 16
f 9382
f 9186
f 8636
f 9411
f 9184
f 8901
f 9401
f 9367
f 9426
f 9323
f 9130
f 9352
f 8653
f 9253
f 9319
a 9460 992 64
f 9324
f 9329
a 9461 21280 16
a 9462 1744 256
f 9422
f 9412
f 9338
a 9463 21568 16
f 9272
f 9384
f 8873
a 9464 31120 64
f 9374
f 9305
f 9357
f 9309
f 9452
f 9341
a 9465 21792 256
a 9466 24416 16
a 9467 944 64
a 9468 13184 64
a 9469 2928 64
a 9470 1280 64
a 9471 5376 16
f 8960
f 9453
a 9472 5712 64
a 9473 19728 16
f 9332
a 9474 6560 64
a 9475 21120 256
a 9476 656 64
a 9477 2704992 16
a 9478 27312 64
f 7654
a 9479 779600 64
f 9248
a 9480 4432 16
a 9481 2037040 64
a 9482 9952 16
a 9483 27456 16
a 9484 368 16
f 9185
a 9485 11984 256
f 9371
a 9486 3431808 16
f 9097
a 9487 2864 256
a 9488 60480 256
a 9489 59552 16
f 9330
a 9490 13936 256
f 9420
f 9484
a 9491 400 256
a 9492 3713744 256
f 9439
f 9445
f 8970
f 9326
a 9493 752 64
f 9348
f 8980
a 9494 13376 256
f 8791
a 9495 3952 16
a 9496 15568 64
f 9077
a 9497 30928 256
a 9498 3216 256
f 8806
f 9081
a 9499 9216 64
a 9500 352 64
a 9501 336 64
a 9502 3824 16
a 9503 27568 256
a 9504 1632 16
f 9436
f 9033
a 9505 409200 64
a 9506 3248 256
a 9507 2608 256
f 8944
a 9508 13360 256
a 9509 9952 16
a 9510 10544 64
a 9511 336 256
a 9512 992 16
a 9513 5248 256
a 9514 53696 16
f 9320
f 9252
a 9515 16320 64
a 9516 13440 64
a 9517 3216 64
f 9262
f 7871
a 9518 1072 16
a 9519 3623888 16
f 9226
f 8921
f 9482
a 9520 15776 16
f 8684
f 9429
a 9521 1008 64
f 9213
f 8820
a 9522 2016 64
f 9518
a 9523 14464 16
f 9193
f 9317
f 8408
a 9524 3536 64
f 9241
f 9294
f 9485
f 9430
f 8932
f 9450
a 9525 57760 256
f 9337
a 9526 688 64
a 9527 464 64
f 9499
a 9528 2912 64
a 9529 3856 256
a 9530 8144 16
a 9531 4736 16
f 9300
a 9532 14080 16
f 9457
a 9533 1585040 64
f 9501
f 9486
a 9534 23680 64
a 9535 12944 256
a 9536 22656 64
a 9537 1376 64
f 9532
a 9538 3888 256
a 9539 11680 16
a 9540 336 64
a 9541 2944 16
a 9542 992 64
a 9543 7888 64
a 9544 320 256
f 9438
a 9545 29440 256
f 9224
a 9546 448 16
a 9547 1600 64
a 9548 914032 16
a 9549 1873632 256
f 9506
a 9550 3360 256
a 9551 496 64
a 9552 3552 64
a 9553 448 64
a 9554 43104 16
a 9555 3213472 256
f 9354
a 9556 11744 16
a 9557 1614448 16
a 9558 288 64
f 9540
a 9559 1808 256
f 9528
f 9308
f 9527
a 9560 31984 256
f 9541
a 9561 12128 64
f 9218
f 9545
a 9562 49888 16
a 9563 6032 16
a 9564 3168 64
a 9565 50832 256
a 9566 1810784 256
a 9567 832 256
f 9432
a 9568 352 64
a 9569 3248 16
a 9570 3312 16
f 9473
a 9571 61184 16
f 9523
a 9572 3664 256
a 9573 1569568 16
a 9574 592 16
f 9390
a 9575 320 256
f 8833
f 9434
f 9118
a 9576 544 256
a 9577 64864 256
a 9578 17088 256
a 9579 36320 16
a 9580 2688 256
a 9581 6288 256
f 9456
a 9582 44976 16
a 9583 2112 256
f 9471
a 9584 880 64
a 9585 9280 256
a 9586 2288 256
a 9587 8544 64
a 9588 11584 256
a 9589 624 16
f 9574
f 9336
a 9590 7680 64
a 9591 864624 256
f 9312
a 9592 5664 16
f 9221
f 9566
f 8632
a 9593 4720 64
a 9594 1203088 256
f 9538
f 9549
a 9595 8864 64
f 9479
a 9596 560 16
a 9597 384 64
a 9598 512 16
a 9599 22112 16
a 9600 726448 16
a 9601 320 256
a 9602 879088 64
f 7497
a 9603 11424 16
a 9604 6016 16
a 9605 1040 16
f 9128
a 9606 3744 16
a 9607 432 64
a 9608 1648 256
a 9609 544 16
f 9543
f 9474
a 9610 27904 16
a 9611 3136 256
a 9612 6720 256
a 9613 14032 256
a 9614 2128 16
a 9615 1760 64
a 9616 13648 16
f 9507
a 9617 55856 64
a 9618 416 16
a 9619 22336 256
a 9620 1264 256
a 9621 3872 64
a 9622 1104 16
f 9404
a 9623 2624 256
a 9624 384 64
a 9625 272 256
a 9626 6944 256
a 9627 49568 16
a 9628 13696 64
a 9629 16320 16
a 9630 432 16
f 9343
a 9631 7952 64
a 9632 704 64
a 9633 20160 16
a 9634 12832 16
a 9635 688 16
a 9636 7664 16
a 9637 21488 256
f 9615
a 9638 759808 64
f 9364
a 9639 576 64
a 9640 36528 64
f 9444
a 9641 1082000 256
f 9467
f 9602
a 9642 22144 64
f 9391
a 9643 672 16
a 9644 3557376 16
f 9483
f 9642
a 9645 1040 16
a 9646 272 256
a 9647 272 256
f 9583
a 9648 9952 256
f 9344
a 9649 5584 16
f 9631
f 9585
a 9650 480 256
f 9510
f 9542
f 8351
f 9536
f 9643
f 8498
f 9433
f 9403
a 9651 61888 64
a 9652 11744 64
f 9393
a 9653 352 256
a 9654 14336 64
f 9062
a 9655 1568 16
a 9656 4007712 256
f 9627
f 9425
f 9591
f 9650
f 9641
f 9578
f 9511
f 9579
f 9387
f 9655
a 9657 1840 64
f 9408
f 9633
f 9595
f 9032
f 9537
f 9365
a 9658 2912 256
a 9659 13088 16
f 9468
f 9356
f 9634
a 9660 35136 16
a 9661 352 64
f 9517
f 9446
f 9569
f 9622
a 9662 688 64
f 9592
f 9275
f 9487
f 9295
f 9470
f 9611
f 9582
a 9663 5312 16
f 8747
f 9394
a 9664 20176 64
f 9548
a 9665 23120 16
a 9666 720 16
a 9667 12848 64
a 9668 272 256
a 9669 1424 16
a 9670 320 16
a 9671 5488 256
a 9672 24368 64
a 9673 47328 64
a 9674 37520 64
a 9675 59712 64
f 9638
f 9613
a 9676 6928 64
a 9677 11792 64
a 9678 14512 64
a 9679 12048 64
a 9680 1536 256
a 9681 288 16
f 9623
a 9682 19104 64
f 9328
a 9683 8320 16
a 9684 2735248 16
a 9685 720 256
f 8986
a 9686 31296 256
f 9402
a 9687 9120 256
f 9647
f 8825
f 9616
a 9688 275920 16
a 9689 3696 64
f 9462
f 9504
f 9677
a 9690 54304 256
a 9691 384 16
f 9599
a 9692 432 16
f 9237
a 9693 36592 16
f 9271
f 9526
a 9694 592 64
f 9169
a 9695 304 16
f 9610
a 9696 3680 64
a 9697 1632 16
a 9698 17456 256
f 9661
f 9119
a 9699 480 16
a 9700 432 64
a 9701 432 256
f 9680
a 9702 2048 256
a 9703 5328 16
f 9686
a 9704 1920 16
f 9563
a 9705 1567072 64
a 9706 1632 64
a 9707 1056 256
a 9708 20992 16
a 9709 288 64
f 8286
a 9710 1232 256
f 8435
a 9711 368 64
a 9712 11440 16
a 9713 4736 64
a 9714 14048 256
a 9715 672 256
a 9716 784 64
a 9717 11264 64
a 9718 1568 64
a 9719 2560 256
a 9720 880 256
a 9721 1600 64
a 9722 11456 16
f 9658
a 9723 8672 64
a 9724 4752 256
a 9725 543616 16
a 9726 2560 16
f 9496
f 9459
a 9727 18768 256
f 9588
a 9728 1664 64
a 9729 7472 16
f 9505
a 9730 5456 256
a 9731 1486336 16
a 9732 46608 256
f 9211
a 9733 2320 64
a 9734 368 64
a 9735 4720 256
a 9736 6464 16
a 9737 480 256
a 9738 8960 256
f 9458
a 9739 3760 256
a 9740 736 16
a 9741 60096 64
f 9665
a 9742 8064 64
a 9743 23232 16
f 8554
f 9454
a 9744 912 64
a 9745 42144 256
a 9746 40400 16
a 9747 880 64
a 9748 1440 16
a 9749 1433168 256
a 9750 4976 256
a 9751 3008 256
f 9109
a 9752 12320 16
f 9598
a 9753 560 256
a 9754 731440 256
f 9619
f 9594
a 9755 819488 256
a 9756 1191600 256
f 9640
f 9290
f 9559
f 9672
f 8728
a 9757 4608 16
f 9410
a 9758 8064 256
a 9759 1248 256
a 9760 320 256
a 9761 1440 64
a 9762 5952 256
f 9673
f 9695
a 9763 368 16
f 9078
a 9764 16784 16
a 9765 304 256
f 9530
a 9766 394880 16
a 9767 5344 256
a 9768 1826288 16
f 9431
a 9769 1728 16
f 9416
f 9666
f 9737
a 9770 24016 64
a 9771 1008 256
f 9652
f 8171
f 9265
f 9398
f 9653
a 9772 1088 16
a 9773 1232 64
f 9347
f 9492
f 9745
a 9774 5392 64
a 9775 656 16
a 9776 912 64
a 9777 288 64
a 9778 57648 256
a 9779 60992 16
a 9780 44512 256
a 9781 52928 256
a 9782 13456 64
a 9783 3344 256
a 9784 16080 256
f 9687
a 9785 3792 16
f 9712
f 9674
a 9786 33216 16
f 9001
a 9787 2800 64
f 9740
f 8941
f 9781
a 9788 3135584 16
f 9760
a 9789 800 16
a 9790 498816 16
a 9791 27312 64
f 7877
f 9630
a 9792 1728 16
a 9793 800 256
a 9794 31952 64
f 9525
a 9795 50800 64
a 9796 3526768 64
a 9797 1952 64
f 9227
f 9739
f 9331
f 9756
f 9314
a 9798 7536 64
f 9767
f 9784
f 9276
f 9297
f 9629
f 9557
a 9799 368 64
f 9734
a 9800 50896 16
a 9801 720 256
f 9722
a 9802 349008 16
a 9803 1360 16
a 9804 1712 256
a 9805 992 16
a 9806 3920 64
a 9807 960 256
a 9808 2886336 64
a 9809 1488 256
f 9427
f 9418
f 9628
f 9807
f 9551
f 9625
a 9810 27744 256
f 9705
f 9769
f 9763
f 8969
f 9534
a 9811 464 16
f 9383
f 9790
f 9210
f 9575
f 9768
a 9812 1200 16
a 9813 1216 256
a 9814 559248 16
a 9815 3584 16
a 9816 5744 64
f 9205
a 9817 752 64
a 9818 2960 64
a 9819 18608 256
a 9820 517520 16
a 9821 816 256
a 9822 1824 256
f 9609
a 9823 1200 64
a 9824 400 16
f 9639
a 9825 40032 16
f 9703
a 9826 35168 16
a 9827 784 256
a 9828 26928 256
a 9829 7056 64
a 9830 896 256
f 9587
f 9720
a 9831 56112 16
a 9832 2112 16
a 9833 2304 256
f 9690
a 9834 2836944 64
a 9835 4224 64
a 9836 1264 16
f 9692
f 9378
a 9837 1968 16
f 9292
f 8669
f 9704
f 9586
f 9693
f 9361
f 9663
a 9838 14448 64
f 9389
f 9667
f 9800
f 9717
f 9472
f 9396
f 8864
f 9509
f 9596
a 9839 320 256
f 9810
f 9520
f 9529
f 9681
f 9748
f 9589
f 8876
f 9799
a 9840 704 64
f 9701
a 9841 496 256
f 8568
a 9842 9376 16
a 9843 10256 256
a 9844 2192 16
a 9845 944 16
f 9447
a 9846 3228400 256
a 9847 8304 64
f 9707
f 9531
f 9842
f 9775
f 9618
f 8100
f 9711
f 9747
a 9848 1823632 256
f 9564
f 9491
a 9849 11472 64
f 9660
f 9682
f 9556
a 9850 1678128 16
f 9785
a 9851 1008 64
f 9360
f 9818
f 9572
f 9397
f 9497
f 9443
f 9562
f 9706
f 9786
a 9852 15632 16
f 9844
a 9853 21632 64
a 9854 6784 64
f 9716
f 9601
a 9855 850192 16
f 9830
f 9833
f 9694
a 9856 13472 16
f 9657
a 9857 1018944 256
f 9797
a 9858 576 16
f 9728
a 9859 1840 256
f 9675
f 9698
f 9342
a 9860 2048 16
a 9861 5056 16
f 9577
a 9862 25488 256
a 9863 19120 64
f 9555
f 9605
f 9856
f 9493
f 9671
f 9612
f 9522
f 9794
f 9721
a 9864 1432448 16
f 9560
f 9303
f 9606
f 9741
f 9568
f 9750
f 9764
f 9731
a 9865 448 16
f 9779
f 9789
f 9159
f 9558
f 9636
a 9866 784 256
f 9821
f 9824
a 9867 1680 64
f 9780
a 9868 288 64
f 9866
f 9752
a 9869 2608 256
f 9608
f 9723
a 9870 3776 64
f 9787
f 9678
f 9699
a 9871 5120 256
a 9872 29328 256
f 9621
a 9873 13248 16
f 9581
a 9874 23248 256
f 9455
a 9875 432 64
f 9864
a 9876 4068848 256
f 9846
a 9877 1936 64
a 9878 1264 64
f 9793
a 9879 5776 64
f 9684
a 9880 432 16
a 9881 1770256 256
f 9843
a 9882 29040 16
f 8528
f 9857
a 9883 3152 64
a 9884 607280 16
a 9885 6896 256
a 9886 912 16
a 9887 61712 64
a 9888 9072 64
f 9593
a 9889 17792 16
a 9890 289888 16
a 9891 640 64
a 9892 37824 64
a 9893 464 256
a 9894 13840 64
a 9895 7488 256
a 9896 491696 64
a 9897 15296 64
f 9828
a 9898 5936 16
a 9899 752 16
a 9900 2032 16
a 9901 8208 16
a 9902 4032 64
a 9903 27440 16
f 9521
a 9904 1962032 64
f 9321
f 9696
f 9644
a 9905 736 16
f 9685
f 8599
a 9906 15504 64
a 9907 1008 64
f 9881
a 9908 480 16
a 9909 1504 64
a 9910 480976 64
f 9697
a 9911 54080 16
a 9912 64688 256
f 9702
f 9516
f 9847
a 9913 31680 16
f 9854
a 9914 608 16
a 9915 512 16
a 9916 2976 64
a 9917 3664 64
a 9918 10928 256
a 9919 61296 256
a 9920 10912 64
a 9921 1360 256
f 9377
a 9922 28288 256
a 9923 9360 16
a 9924 3451152 16
a 9925 2288 64
a 9926 1440 16
f 9460
a 9927 1344 64
f 9896
a 9928 1904 256
a 9929 6448 64
f 9725
f 9576
a 9930 848 64
f 9552
a 9931 1872 64
a 9932 896 16
a 9933 432 64
f 9932
a 9934 7168 256
a 9935 44848 64
a 9936 382624 256
a 9937 3920 16
a 9938 1568 16
a 9939 3296 16
a 9940 1344 256
f 9351
a 9941 2656 256
f 9419
a 9942 544 16
a 9943 676032 256
f 9724
f 9030
a 9944 8016 16
f 9662
a 9945 352 64
a 9946 304 64
a 9947 784 16
a 9948 8528 64
f 9938
a 9949 57024 16
a 9950 2928 64
a 9951 10176 256
a 9952 5808 256
a 9953 22784 16
a 9954 22352 16
a 9955 648656 16
a 9956 1248 256
f 9435
a 9957 1534096 64
a 9958 60080 16
a 9959 2384 256
a 9960 1109872 256
a 9961 1467408 16
a 9962 39520 256
f 9825
f 9832
a 9963 400 64
f 9921
f 9808
a 9964 13952 16
a 9965 1824 256
a 9966 784 256
f 9873
a 9967 1616 16
f 9962
f 9861
f 9758
a 9968 448 256
f 9400
a 9969 10352 16
a 9970 1332192 256
a 9971 3120 16
a 9972 354192 64
a 9973 63616 16
a 9974 10192 256
a 9975 400 256
f 9651
a 9976 2256 64
a 9977 55536 64
a 9978 21200 256
f 9736
a 9979 4176 256
a 9980 10336 256
a 9981 3744 256
a 9982 48672 256
a 9983 46496 16
a 9984 30144 16
f 9826
a 9985 57872 256
a 9986 55536 16
a 9987 57040 256
a 9988 53264 16
f 9580
a 9989 8080 16
a 9990 23568 256
a 9991 29584 256
a 9992 3312 64
a 9993 56336 16
a 9994 28960 256
f 9920
a 9995 1440 64
f 9976
a 9996 2048 16
f 9514
a 9997 14848 64
a 9998 928 16
f 9996
a 9999 4032 64
a 10000 608 256
a 10001 352 64
f 9969
a 10002 3728 64
a 10003 34960 256
a 10004 592 16
f 9730
f 9948
f 9895
a 10005 27040 16
a 10006 1600 256
a 10007 832 64
a 10008 3539808 256
f 9755
f 8793
f 9992
f 9733
f 9840
f 9837
f 9829
f 9836
a 10009 4448 64
f 9635
f 9868
f 9928
f 10009
f 9934
f 9421
f 9181
f 9777
f 9888
f 9994
f 9935
f 9553
a 10010 3088 64
f 9890
a 10011 513744 256
f 9570
f 9726
a 10012 510016 256
f 9997
a 10013 896 64
f 9898
f 9603
a 10014 553200 16
a 10015 800 256
f 9939
f 9299
f 9489
f 9565
f 9632
a 10016 480 64
f 10015
a 10017 3555424 64
f 9879
f 9688
f 9878
f 9912
f 9876
f 9306
a 10018 464 64
f 9918
f 9648
a 10019 52000 256
a 10020 544 64
f 9407
a 10021 416 16
f 9214
f 9917
f 9991
f 9372
f 9986
f 9751
f 9860
f 9469
f 9503
f 9855
a 10022 15104 16
a 10023 1744 64
a 10024 1024 256
f 9708
f 9959
a 10025 4096 16
a 10026 4768 64
f 9927
f 9379
f 9983
a 10027 63648 16
f 9804
f 9940
f 9375
f 9772
f 9515
f 9620
f 9970
a 10028 7184 64
a 10029 19312 16
a 10030 33216 64
a 10031 56144 256
a 10032 1504 16
a 10033 36048 64
a 10034 944 64
a 10035 1520 256
f 9904
a 10036 30032 256
a 10037 2416 64
a 10038 29792 64
a 10039 29600 16
a 10040 1968 256
a 10041 5264 16
a 10042 49952 16
a 10043 816 16
a 10044 4032 16
a 10045 31136 64
f 9937
f 10019
a 10046 59680 256
f 9714
a 10047 61952 64
a 10048 2224 256
a 10049 608 256
a 10050 1520800 256
a 10051 822400 256
a 10052 4112 64
f 10038
a 10053 364432 16
f 9539
f 10051
f 9848
a 10054 9488 16
a 10055 352 64
a 10056 6304 64
a 10057 1584 256
f 9771
f 9154
a 10058 1232 16
a 10059 2784 64
a 10060 57520 256
a 10061 496 64
f 9637
f 9624
a 10062 1552 256
f 9567
a 10063 11328 16
a 10064 5472 64
f 9584
a 10065 800 16
a 10066 12976 16
a 10067 923520 256
a 10068 19232 64
a 10069 8352 16
a 10070 3808 16
f 10020
a 10071 26512 256
a 10072 3280 64
f 10067
a 10073 8144 256
a 10074 5568 64
a 10075 336 256
f 9867
f 9742
f 10041
a 10076 4416 16
a 10077 512 16
a 10078 496 256
a 10079 33664 64
a 10080 2784 16
a 10081 2560 256
a 10082 2112 256
a 10083 11232 256
a 10084 1760 64
a 10085 2272 64
a 10086 857024 16
a 10087 27792 16
a 10088 1216 16
a 10089 384 16
a 10090 16240 64
a 10091 1328 64
a 10092 5824 256
a 10093 848 64
f 9974
a 10094 3600 64
a 10095 4768 256
a 10096 416 64
a 10097 384 64
f 9238
f 10043
a 10098 784 256
a 10099 2432 256
a 10100 816 16
a 10101 5312 16
a 10102 496 64
a 10103 18528 16
f 10047
f 9853
a 10104 419984 64
a 10105 1200 64
f 10059
f 9955
a 10106 384 64
f 9849
f 9883
a 10107 4720 16
a 10108 320 16
f 10005
a 10109 21792 16
a 10110 3824 16
a 10111 1072 64
f 9905
a 10112 406528 64
a 10113 400 256
a 10114 29056 256
f 9376
a 10115 2048 64
a 10116 14128 256
f 9796
a 10117 3984 16
a 10118 50272 16
f 10055
a 10119 768 64
a 10120 3680 256
a 10121 7872 16
a 10122 819712 256
f 9913
f 10096
a 10123 592 256
a 10124 816 16
a 10125 544 64
a 10126 1680 64
a 10127 3696 16
a 10128 50592 256
a 10129 416 64
f 9914
f 9498
a 10130 451296 64
a 10131 397840 16
a 10132 14992 16
a 10133 1245952 16
f 9590
f 9508
a 10134 60048 256
a 10135 10208 16
a 10136 4096 256
a 10137 1123984 16
f 10030
a 10138 27904 256
a 10139 8704 256
f 10118
f 10014
a 10140 3144064 64
f 10137
f 9512
f 9571
f 10112
f 9936
f 9668
f 10093
f 9415
f 9865
f 9981
a 10141 58864 256
f 9461
f 10035
f 9973
f 9709
f 10063
f 9893
a 10142 320 16
f 9776
f 9762
f 9931
f 10040
f 9689
a 10143 1024 64
a 10144 960 64
f 9494
f 9757
f 10117
f 9900
f 10024
a 10145 4816 16
f 9958
f 10021
f 9869
f 9953
a 10146 63600 64
f 9919
a 10147 1617696 64
f 10088
f 10146
a 10148 272 64
f 9607
f 9600
f 10110
a 10149 1040 16
f 9835
f 9960
f 10089
f 9901
a 10150 7776 16
f 9897
a 10151 288 64
a 10152 2240 256
a 10153 480 64
a 10154 3360 16
a 10155 1936 64
f 9561
a 10156 15936 64
a 10157 15328 64
f 10156
a 10158 8720 16
f 10012
a 10159 744416 256
a 10160 15152 64
a 10161 6672 256
f 9656
a 10162 17440 64
f 10104
f 9882
a 10163 2252448 16
a 10164 1313264 256
c op-20000
