# hetoimasia allocator parity trace, format 1; see README.md
# Synthetic: 256 B to 256 KiB buffers, log-uniform, alignments 16, 64 or 256;
# allocations and frees alternate around a live target of 14 MiB in a 16 MiB block.
trace small-steady
capacity 16777216
seed 1
a 0 15648 16
f 0
a 1 94544 16
a 2 272 64
a 3 1120 256
f 3
a 4 1072 16
a 5 29408 64
a 6 944 256
a 7 1568 256
f 4
a 8 752 64
a 9 218432 256
a 10 1888 256
f 5
a 11 55040 16
f 11
f 10
a 12 17584 256
a 13 2192 64
f 7
a 14 37600 16
a 15 9280 64
f 9
a 16 2512 16
f 6
a 17 592 64
a 18 512 16
a 19 3072 256
a 20 7312 256
a 21 144256 64
a 22 171648 64
a 23 720 256
a 24 68224 16
f 13
a 25 13168 256
f 1
a 26 1024 256
a 27 24528 256
a 28 1344 64
a 29 2976 16
a 30 576 64
a 31 320 256
a 32 304 256
a 33 21408 256
a 34 2768 16
a 35 1888 64
a 36 40656 16
a 37 3184 64
a 38 2416 16
f 22
a 39 1440 64
a 40 1584 16
a 41 55856 16
a 42 1408 64
a 43 464 64
a 44 44224 64
f 44
f 43
f 23
a 45 52928 64
a 46 512 64
f 26
a 47 245920 16
f 24
f 17
a 48 13008 256
f 14
a 49 81760 64
a 50 352 16
a 51 16928 16
f 42
a 52 125248 16
f 51
f 18
a 53 110496 16
f 34
a 54 320 256
f 48
a 55 18912 256
a 56 2272 64
a 57 258976 64
a 58 53072 256
a 59 464 256
a 60 24624 64
a 61 125152 256
a 62 107488 64
f 56
a 63 544 64
a 64 496 64
f 37
f 36
f 16
a 65 30912 64
f 46
f 33
f 49
a 66 5056 64
a 67 29408 256
a 68 9712 64
a 69 14416 16
a 70 43248 16
a 71 15088 256
a 72 272 256
f 19
a 73 8864 256
a 74 74848 64
a 75 464 64
f 72
a 76 11408 64
f 55
a 77 480 256
a 78 92384 16
a 79 128704 64
f 54
a 80 704 256
f 20
a 81 242560 256
a 82 57664 16
a 83 4256 64
a 84 16848 256
a 85 26240 256
a 86 2752 64
a 87 1952 16
a 88 1872 16
f 8
a 89 16272 256
f 79
a 90 736 16
a 91 151248 256
f 65
a 92 400 16
a 93 126928 256
a 94 61744 256
f 58
f 28
a 95 38816 16
a 96 448 64
f 53
a 97 28240 256
f 86
a 98 48656 16
f 89
a 99 15856 64
a 100 131104 16
f 96
a 101 8640 16
a 102 848 256
a 103 576 256
a 104 1936 64
a 105 512 16
f 40
a 106 800 256
a 107 448 16
a 108 7424 64
a 109 31568 64
a 110 2720 16
f 29
a 111 1376 256
a 112 416 64
a 113 250656 256
a 114 87680 256
a 115 6416 64
f 30
f 73
a 116 106336 256
f 39
a 117 288 256
a 118 10320 16
f 70
a 119 22304 16
f 105
a 120 528 64
a 121 48064 256
a 122 45264 64
a 123 1408 256
a 124 147808 256
a 125 6000 64
a 126 496 64
a 127 8784 64
a 128 6592 256
f 35
a 129 112160 64
a 130 480 16
a 131 1216 16
f 97
a 132 233104 256
f 25
a 133 28720 256
f 67
a 134 46352 256
a 135 3408 16
a 136 14384 64
a 137 10784 16
a 138 496 16
a 139 2880 16
a 140 57216 16
a 141 22192 256
a 142 29520 256
f 128
a 143 35840 256
f 63
a 144 246752 256
a 145 976 256
a 146 1968 256
a 147 141536 256
a 148 800 64
a 149 5344 64
a 150 1568 256
a 151 80944 256
a 152 20432 64
a 153 59712 256
a 154 67920 256
a 155 2720 64
f 27
a 156 105776 64
f 81
a 157 304 256
a 158 15600 16
a 159 100112 64
a 160 79696 64
a 161 6336 16
f 84
a 162 1584 64
f 123
a 163 1744 64
f 124
a 164 832 16
a 165 912 64
f 2
a 166 136768 64
a 167 3328 64
f 146
a 168 31104 64
a 169 13360 256
a 170 109696 256
a 171 21632 64
a 172 704 64
a 173 50144 16
a 174 3344 64
f 119
f 145
a 175 5200 256
a 176 3600 256
a 177 217472 256
f 111
a 178 288 64
a 179 170352 16
f 158
a 180 304 16
f 125
a 181 216544 64
f 122
a 182 960 64
a 183 256160 64
a 184 150176 64
a 185 108752 16
f 131
a 186 4000 256
a 187 320 16
a 188 14688 16
a 189 464 64
a 190 800 64
a 191 10000 16
f 78
f 87
a 192 432 256
f 102
a 193 3344 16
a 194 800 256
a 195 7008 16
f 188
a 196 6656 16
a 197 27840 64
a 198 25840 256
a 199 107856 64
a 200 400 16
a 201 10288 16
f 186
a 202 5504 64
a 203 56928 16
f 179
a 204 7312 16
a 205 7472 256
a 206 400 256
a 207 496 64
f 95
a 208 320 64
a 209 14352 256
a 210 3904 16
a 211 5392 16
a 212 1360 256
a 213 800 16
a 214 45072 256
f 200
a 215 10256 256
a 216 544 256
a 217 304 64
a 218 8224 64
a 219 148784 16
a 220 42000 16
a 221 496 16
a 222 448 64
a 223 384 16
a 224 69488 64
a 225 64672 64
a 226 2608 64
a 227 17408 16
f 167
a 228 41456 16
a 229 400 256
a 230 2672 256
a 231 238976 256
a 232 3632 16
a 233 384 16
a 234 45856 64
a 235 368 256
a 236 1040 64
a 237 60176 16
a 238 71792 16
a 239 35440 256
a 240 55296 256
f 236
a 241 1136 256
f 181
a 242 1952 256
f 240
a 243 1392 16
a 244 26544 16
a 245 464 256
a 246 23584 16
a 247 16336 256
f 202
a 248 14608 16
a 249 9392 256
a 250 32544 64
a 251 41152 256
a 252 496 16
a 253 2320 64
a 254 7696 16
a 255 2368 16
a 256 1376 64
a 257 3840 64
f 41
a 258 5072 64
a 259 117840 16
a 260 18272 256
a 261 3424 64
a 262 13904 256
a 263 29744 16
a 264 576 16
a 265 186448 16
a 266 960 64
a 267 1760 256
a 268 2240 16
a 269 113040 256
a 270 9392 16
a 271 3760 64
a 272 1648 256
a 273 3696 16
a 274 15520 64
a 275 1552 16
a 276 960 16
a 277 23168 16
f 218
a 278 1312 16
a 279 255200 16
a 280 432 256
f 274
f 227
f 99
a 281 9296 64
a 282 16880 16
f 60
a 283 672 64
a 284 272 256
a 285 1824 16
a 286 47216 256
a 287 544 16
a 288 3328 256
a 289 13824 64
a 290 39952 16
a 291 14352 16
a 292 26656 16
f 165
a 293 336 16
a 294 1504 64
a 295 7312 64
a 296 14944 16
f 88
a 297 320 256
a 298 172096 64
a 299 6752 256
a 300 23264 256
f 168
f 92
a 301 90976 16
a 302 34144 256
a 303 117344 64
a 304 219712 256
a 305 9104 16
a 306 480 16
f 253
a 307 49344 64
f 59
f 107
a 308 15344 64
a 309 140416 64
a 310 3408 256
a 311 2816 256
a 312 3440 16
a 313 2560 256
f 129
a 314 107152 64
a 315 50112 64
a 316 320 64
a 317 848 256
f 83
f 299
f 305
a 318 194480 256
f 141
a 319 15376 256
a 320 150064 16
a 321 11152 64
f 317
f 233
a 322 384 16
a 323 6976 64
a 324 336 16
f 290
f 318
a 325 62800 64
a 326 3808 256
f 225
f 241
f 61
a 327 3744 256
f 210
f 100
a 328 4352 16
a 329 1376 16
a 330 512 16
a 331 222928 256
a 332 2464 16
a 333 77632 256
a 334 3888 256
a 335 237696 16
f 262
a 336 352 64
a 337 103360 64
a 338 1552 256
a 339 2832 256
f 143
a 340 9696 256
f 335
a 341 1664 256
f 172
a 342 4560 256
a 343 304 64
a 344 8048 64
a 345 29504 64
a 346 35344 256
a 347 1872 256
a 348 848 64
a 349 1408 16
a 350 2592 64
a 351 752 256
a 352 592 16
a 353 1088 256
a 354 13328 64
a 355 12944 16
a 356 3520 64
a 357 29552 16
a 358 82656 64
a 359 16720 256
a 360 1088 16
a 361 53552 16
a 362 15264 16
a 363 5584 16
a 364 25824 16
a 365 1280 256
a 366 960 64
f 276
a 367 156736 16
a 368 6896 16
a 369 52848 64
a 370 238096 16
f 246
f 286
a 371 848 64
a 372 189680 64
f 266
f 104
a 373 7728 64
a 374 5296 64
a 375 336 64
a 376 2192 256
a 377 57200 64
a 378 7152 256
a 379 288 64
f 376
a 380 8160 256
a 381 11456 64
a 382 8048 16
a 383 8272 16
a 384 6832 16
a 385 2224 64
a 386 23360 64
a 387 5072 16
f 183
f 247
f 101
a 388 1472 256
f 194
f 328
f 381
a 389 896 64
f 380
a 390 18576 64
f 176
f 169
a 391 10016 16
f 114
a 392 2512 256
a 393 944 16
a 394 4592 256
a 395 119552 16
f 322
a 396 90080 64
a 397 60896 256
f 369
a 398 1472 64
a 399 48960 64
a 400 272 16
a 401 6080 16
a 402 101200 16
a 403 384 256
a 404 2944 16
a 405 1920 16
a 406 10544 256
f 235
a 407 1712 64
a 408 3792 16
a 409 816 64
f 232
f 228
a 410 7360 64
a 411 2512 64
a 412 88432 256
f 115
a 413 15168 64
a 414 161680 64
a 415 3616 16
a 416 1920 16
a 417 98976 256
a 418 1072 256
a 419 52576 64
a 420 12928 64
a 421 384 256
f 265
f 373
f 239
f 38
a 422 1488 256
a 423 4576 256
a 424 1024 16
a 425 800 64
a 426 7248 64
f 392
f 82
a 427 352 16
a 428 5968 64
a 429 2608 16
a 430 191808 64
f 387
f 230
a 431 131968 16
f 389
a 432 33680 64
a 433 62624 256
f 221
f 196
f 231
a 434 384 16
a 435 640 256
a 436 1312 64
f 377
a 437 6032 64
a 438 49408 16
a 439 38224 64
a 440 7184 256
f 135
a 441 255968 64
f 255
f 313
a 442 257552 256
a 443 44208 256
f 347
a 444 34688 16
a 445 512 16
f 332
f 403
a 446 416 256
f 215
a 447 3456 16
a 448 69600 64
a 449 1520 256
f 136
a 450 55744 16
a 451 13680 16
a 452 736 16
f 159
a 453 400 64
a 454 752 16
f 324
a 455 448 256
a 456 30400 16
a 457 29328 64
a 458 2000 256
a 459 9360 16
a 460 86064 64
a 461 152448 16
a 462 336 16
f 300
a 463 336 64
f 295
a 464 258800 64
f 139
f 205
f 212
a 465 1312 64
a 466 21904 256
a 467 32016 64
f 110
a 468 1232 64
f 440
a 469 174768 64
f 364
f 175
f 204
a 470 22064 16
a 471 992 64
a 472 20448 256
a 473 18624 64
f 319
a 474 1472 256
a 475 416 64
a 476 2944 16
a 477 416 64
a 478 146048 16
a 479 120512 16
f 375
a 480 17312 16
a 481 97120 16
f 307
a 482 23248 256
f 458
a 483 1552 256
f 422
a 484 1760 256
f 163
f 269
f 331
a 485 108304 64
a 486 122880 64
f 298
a 487 1216 256
a 488 2640 64
a 489 6480 64
a 490 352 64
a 491 368 256
a 492 104064 16
a 493 161712 256
a 494 2240 256
a 495 7168 256
a 496 384 16
a 497 11248 64
a 498 6256 256
a 499 59184 16
f 356
a 500 16256 256
a 501 12160 64
a 502 23088 256
a 503 7840 16
f 503
a 504 720 64
a 505 576 16
f 199
a 506 272 16
a 507 58544 64
a 508 16272 256
a 509 12464 64
a 510 448 64
f 355
a 511 400 64
a 512 88464 16
a 513 179312 64
a 514 70160 64
a 515 258336 16
f 252
f 371
a 516 127440 64
a 517 15440 16
a 518 272 64
f 113
a 519 432 64
a 520 210592 16
a 521 235328 256
f 395
f 510
a 522 9440 16
a 523 6560 16
a 524 1344 16
a 525 16768 256
a 526 928 64
a 527 1952 64
a 528 95504 16
a 529 66432 64
a 530 624 256
a 531 496 64
a 532 14192 64
a 533 18656 64
a 534 22064 256
f 534
a 535 10096 64
a 536 944 256
a 537 19744 64
a 538 496 64
a 539 148528 16
a 540 29504 16
a 541 944 64
a 542 2816 16
f 527
a 543 34992 64
f 312
a 544 928 64
f 77
a 545 1568 64
a 546 816 64
a 547 227936 64
a 548 166720 64
a 549 2304 256
a 550 138064 256
a 551 5584 256
a 552 148352 64
a 553 4560 16
a 554 1456 16
a 555 19872 256
f 351
a 556 1632 16
a 557 22464 16
a 558 45408 16
a 559 336 256
a 560 400 256
a 561 864 16
a 562 167968 16
f 514
a 563 944 16
a 564 7728 16
a 565 1904 64
a 566 15328 16
a 567 14544 16
f 45
a 568 1104 64
a 569 11680 64
f 479
a 570 1424 256
a 571 2512 16
f 157
a 572 64640 16
a 573 233344 256
a 574 528 16
a 575 146192 256
a 576 2336 256
a 577 13968 256
a 578 104080 64
a 579 9232 64
a 580 352 16
f 155
a 581 17136 64
a 582 52448 16
a 583 64336 256
a 584 26752 64
a 585 93568 64
a 586 88848 256
f 244
f 106
f 437
f 226
f 192
f 90
f 466
f 509
a 587 3824 16
f 518
f 133
a 588 115920 16
f 344
f 148
f 285
f 483
a 589 864 256
f 50
f 495
f 193
f 400
f 567
f 581
a 590 7776 16
a 591 272 64
f 464
a 592 107168 64
a 593 46768 16
a 594 93424 16
f 496
f 516
a 595 1904 64
a 596 352 16
a 597 3088 256
a 598 6656 64
a 599 1952 64
a 600 6368 64
a 601 1712 16
a 602 116752 256
f 499
f 170
f 469
f 396
f 474
a 603 352 16
a 604 304 64
f 397
a 605 512 256
a 606 368 16
a 607 1392 64
a 608 3360 64
a 609 22576 256
f 219
a 610 229232 256
f 404
a 611 116160 16
a 612 1280 256
a 613 47568 16
a 614 320 16
a 615 5136 256
f 520
a 616 111472 256
a 617 59408 16
a 618 17792 16
a 619 40176 64
a 620 2176 256
a 621 147360 16
f 492
a 622 1952 64
a 623 37552 64
a 624 9936 64
a 625 1312 64
a 626 1312 256
a 627 59248 256
f 187
f 427
f 184
a 628 16144 64
f 358
f 557
a 629 14288 16
a 630 29136 16
f 449
a 631 14800 256
a 632 46848 256
a 633 624 256
a 634 9840 16
a 635 64416 256
a 636 10240 256
f 190
a 637 2256 256
a 638 7296 16
a 639 3296 256
a 640 6768 256
a 641 832 64
a 642 4000 256
a 643 11936 64
a 644 336 64
f 421
a 645 16608 16
f 259
f 405
a 646 992 16
f 127
a 647 8144 64
a 648 114048 256
a 649 384 64
f 554
f 445
a 650 288 256
a 651 2048 64
f 620
f 586
a 652 32240 256
a 653 30144 256
f 613
a 654 1184 16
a 655 4528 256
a 656 19392 16
a 657 46096 16
f 301
a 658 5568 64
a 659 3536 16
f 583
f 393
a 660 1008 256
f 576
a 661 5744 16
a 662 5616 16
a 663 59984 16
a 664 2752 16
a 665 2192 16
a 666 36832 16
a 667 61488 256
a 668 72784 256
a 669 232112 16
f 337
f 480
f 590
f 379
a 670 15360 256
f 549
f 32
f 597
a 671 118672 256
a 672 1088 64
f 217
a 673 8288 256
f 429
a 674 30496 64
f 618
f 578
a 675 72240 16
f 428
f 476
f 626
a 676 448 16
f 659
f 596
f 573
f 152
f 649
f 223
f 80
f 112
f 349
f 398
f 630
f 624
a 677 71552 16
a 678 4192 16
a 679 9584 64
f 425
f 662
a 680 3504 256
f 465
f 657
f 606
a 681 352 16
f 655
f 85
a 682 1920 256
f 197
a 683 5008 64
a 684 1472 16
a 685 896 64
f 611
f 453
f 367
a 686 24320 16
a 687 432 16
a 688 30800 64
f 419
a 689 528 64
a 690 10400 64
f 242
a 691 1600 16
a 692 832 16
a 693 9520 16
a 694 7568 256
f 593
f 352
a 695 145840 64
a 696 223712 64
f 411
f 222
a 697 2400 64
f 354
f 93
a 698 184048 16
f 308
a 699 27344 64
f 536
f 653
f 699
f 144
a 700 20896 64
f 654
a 701 640 64
a 702 253072 256
f 683
f 394
a 703 6288 16
f 532
a 704 18688 256
f 506
f 320
f 599
a 705 720 16
a 706 110912 16
f 579
a 707 40784 64
f 546
f 525
a 708 432 256
f 577
f 642
f 591
a 709 496 16
f 185
a 710 120096 256
f 237
f 582
a 711 1504 256
a 712 1744 64
a 713 15664 64
a 714 21264 256
a 715 1408 64
a 716 60784 256
f 359
f 417
a 717 12464 16
f 448
a 718 656 64
f 258
f 153
a 719 182848 16
f 62
a 720 2208 64
a 721 5632 256
a 722 1616 64
a 723 56528 256
f 446
a 724 43104 16
f 121
a 725 7776 64
a 726 1744 64
f 515
a 727 14752 256
f 472
f 535
f 98
a 728 736 256
a 729 129392 16
a 730 480 16
f 678
a 731 150032 256
a 732 432 256
f 723
f 667
a 733 736 64
a 734 592 64
a 735 480 256
f 585
a 736 592 16
a 737 215904 256
a 738 25488 16
a 739 432 64
a 740 47520 256
a 741 336 64
f 608
a 742 2880 256
a 743 1456 16
a 744 896 64
f 316
a 745 7584 16
f 118
f 161
a 746 512 16
a 747 3488 64
a 748 288 16
a 749 8288 16
f 658
a 750 864 256
f 416
f 132
a 751 384 64
f 750
a 752 106224 16
f 473
a 753 3552 256
a 754 65632 16
f 718
f 254
a 755 2640 64
a 756 87392 256
f 378
a 757 480 16
f 521
a 758 1456 64
a 759 45312 64
a 760 70048 64
f 47
a 761 7072 256
a 762 30448 16
f 752
a 763 14480 16
a 764 9184 64
a 765 12496 64
a 766 65376 256
f 382
a 767 960 256
f 548
f 556
a 768 47760 64
a 769 304 64
a 770 3744 256
a 771 28848 16
a 772 206032 64
a 773 6272 64
a 774 816 16
f 661
a 775 928 64
a 776 3088 16
a 777 58640 256
a 778 1024 64
a 779 8688 64
f 764
f 137
a 780 22000 256
a 781 3728 64
a 782 23872 64
f 407
a 783 13072 64
a 784 127904 256
f 652
a 785 1744 64
a 786 784 16
a 787 25184 64
f 603
f 687
f 643
a 788 120304 16
f 779
f 485
f 336
a 789 21840 64
f 625
f 249
f 704
a 790 14912 256
f 717
a 791 7536 16
a 792 99536 16
f 365
f 366
f 529
f 666
f 333
a 793 1648 16
a 794 3264 16
a 795 4320 64
a 796 10528 256
f 264
a 797 448 64
a 798 2400 256
a 799 9312 256
a 800 146368 256
f 732
a 801 352 64
f 401
f 656
f 660
f 765
f 647
f 413
f 21
a 802 2848 16
a 803 3488 256
f 134
f 803
a 804 103200 256
a 805 800 16
f 484
f 234
a 806 13536 64
a 807 880 256
a 808 171456 64
f 507
f 490
f 725
a 809 5216 64
a 810 204880 256
a 811 2400 256
f 721
f 329
a 812 110288 64
a 813 1840 16
f 762
f 773
f 696
f 693
f 800
a 814 54560 16
a 815 2496 16
a 816 162400 16
a 817 5984 64
f 74
f 494
a 818 173136 64
f 468
f 250
f 340
f 558
f 526
f 399
f 311
f 637
f 108
f 439
f 15
f 530
a 819 88064 64
f 368
f 640
a 820 3408 256
f 126
f 703
f 701
f 52
a 821 5104 256
f 442
f 478
a 822 512 256
a 823 7168 16
f 391
a 824 33264 64
a 825 30448 16
a 826 162672 256
a 827 1744 64
a 828 3984 16
a 829 960 256
a 830 3184 256
a 831 1920 256
f 386
a 832 272 16
f 481
a 833 46064 16
f 489
a 834 240160 16
f 785
a 835 13520 16
f 189
f 171
a 836 2032 64
a 837 21664 256
f 443
a 838 173824 16
f 383
f 809
a 839 3232 64
f 812
f 151
a 840 9072 64
a 841 21424 64
a 842 656 64
a 843 752 256
a 844 5344 256
a 845 24000 16
f 278
a 846 10432 16
f 248
f 664
a 847 880 64
a 848 480 256
a 849 3168 256
a 850 896 16
a 851 232768 16
f 280
f 182
a 852 2064 16
a 853 432 64
f 746
a 854 23680 16
f 508
a 855 3936 256
a 856 158064 16
f 539
a 857 247152 64
f 836
a 858 177040 16
a 859 608 256
f 156
f 523
a 860 3408 64
f 845
f 749
f 673
f 206
f 841
f 797
f 402
a 861 5056 16
f 138
f 846
f 435
f 756
a 862 1488 64
f 542
f 633
a 863 13104 16
f 713
f 430
f 562
a 864 233280 64
f 694
f 390
f 213
a 865 2880 64
f 553
a 866 608 16
f 334
f 753
f 211
f 728
f 714
f 650
a 867 18768 16
a 868 96256 64
f 459
f 770
a 869 22304 64
f 434
f 283
a 870 256832 256
f 551
f 818
f 487
f 706
a 871 7536 16
f 528
f 174
f 807
f 564
a 872 1104 16
a 873 4160 16
f 759
f 345
f 294
f 572
a 874 63440 64
f 796
a 875 784 64
f 854
a 876 1584 16
a 877 7024 16
f 726
a 878 30736 64
a 879 10400 16
f 744
f 69
f 623
a 880 97808 256
f 727
f 851
a 881 7760 256
a 882 544 256
a 883 98272 16
f 444
a 884 3216 64
f 700
a 885 448 16
f 348
a 886 384 64
a 887 1616 256
a 888 41472 64
a 889 896 256
a 890 216528 16
f 296
f 814
f 748
f 712
f 874
a 891 2400 16
a 892 106752 16
f 842
f 350
f 739
f 600
f 325
f 849
f 238
a 893 72784 16
f 488
f 777
a 894 39232 256
f 142
a 895 107408 16
f 831
f 245
f 588
a 896 14576 256
f 860
a 897 26864 256
f 850
f 273
a 898 121200 16
f 827
f 374
f 724
f 426
f 454
f 471
f 774
f 838
a 899 31728 64
a 900 4976 16
a 901 218160 16
a 902 304 16
f 243
f 734
a 903 1312 16
f 191
f 665
f 511
a 904 656 16
f 216
f 671
f 758
f 873
a 905 10336 256
f 621
a 906 15088 256
a 907 1792 64
f 832
a 908 62896 16
a 909 34848 16
f 436
f 517
f 829
a 910 1984 16
a 911 2608 256
a 912 944 256
f 893
a 913 1616 16
a 914 1376 64
a 915 304 64
f 66
a 916 54352 64
a 917 4080 16
a 918 912 16
f 357
a 919 2752 256
f 538
a 920 4944 64
a 921 6048 16
a 922 18752 16
a 923 6288 64
a 924 124592 16
f 519
f 605
f 861
f 482
a 925 155632 64
a 926 368 64
f 463
a 927 4864 64
f 321
f 648
f 64
f 865
f 569
f 915
f 601
f 477
f 745
f 795
f 793
f 754
f 372
a 928 12848 16
f 555
a 929 6112 16
a 930 496 256
a 931 7440 256
f 370
a 932 115344 16
f 913
a 933 288 16
a 934 1488 64
f 388
a 935 4224 256
a 936 22976 16
f 801
a 937 89488 64
a 938 222784 256
f 789
a 939 16336 64
f 902
f 863
a 940 1168 16
f 461
a 941 15168 256
a 942 36368 256
a 943 35328 64
a 944 197376 256
f 821
a 945 608 256
f 941
f 629
a 946 33072 256
f 855
a 947 5360 16
f 438
a 948 15392 16
f 669
a 949 640 16
a 950 736 16
a 951 448 16
f 935
f 942
a 952 8400 64
f 412
a 953 106352 256
a 954 3824 64
a 955 88960 64
a 956 56400 256
f 914
f 878
a 957 864 256
a 958 30624 16
a 959 27408 16
f 702
a 960 976 256
a 961 816 16
a 962 1168 16
a 963 46832 64
a 964 464 16
a 965 976 256
f 173
f 635
a 966 94688 256
a 967 864 64
a 968 13728 256
a 969 784 16
a 970 480 256
a 971 848 256
a 972 7984 64
a 973 26656 16
f 385
a 974 528 16
a 975 1472 256
a 976 320 64
f 707
a 977 30112 256
a 978 752 256
f 871
a 979 60640 64
f 574
a 980 92528 256
a 981 13312 16
a 982 41024 256
f 674
f 287
f 963
f 886
f 943
a 983 147296 64
f 716
f 879
f 917
f 944
a 984 122672 16
a 985 688 256
a 986 29872 256
a 987 1760 64
a 988 848 16
a 989 6704 64
f 561
a 990 41248 16
f 310
f 953
a 991 49504 64
a 992 4672 64
a 993 18480 256
f 531
f 977
f 735
a 994 1584 256
f 31
a 995 320 64
a 996 6720 16
a 997 122864 64
f 956
f 730
f 792
a 998 5568 16
f 799
a 999 2528 64
f 362
a 1000 61664 16
a 1001 3104 16
a 1002 1728 64
f 272
f 1001
a 1003 218480 64
f 409
f 991
f 742
f 580
f 833
a 1004 22944 64
f 906
f 598
f 645
f 622
f 552
a 1005 29072 256
a 1006 2000 64
a 1007 2592 256
f 462
a 1008 2032 64
a 1009 960 16
a 1010 53296 256
a 1011 34752 64
f 140
f 198
a 1012 3360 16
a 1013 336 256
a 1014 2608 64
f 1014
a 1015 26976 64
f 989
a 1016 3696 16
f 751
f 314
f 808
a 1017 2448 16
a 1018 174880 256
a 1019 240848 16
a 1020 1168 256
f 71
f 870
a 1021 189536 256
f 326
a 1022 384 16
f 502
f 646
a 1023 38176 256
f 985
f 856
f 880
a 1024 13056 64
a 1025 6896 64
f 120
a 1026 4992 256
a 1027 7920 256
a 1028 13888 256
a 1029 128224 64
f 1000
a 1030 4288 16
f 338
a 1031 704 256
a 1032 246080 256
f 970
f 339
a 1033 243904 256
f 1032
f 505
f 627
a 1034 19328 256
f 822
f 817
f 275
f 1004
a 1035 416 256
f 616
f 968
a 1036 2544 256
a 1037 113952 64
f 560
f 929
f 457
f 497
f 1027
f 690
f 804
f 1036
a 1038 55872 256
a 1039 101328 16
a 1040 3680 256
f 883
f 452
a 1041 368 64
f 1013
f 1016
a 1042 272 256
f 178
f 493
a 1043 128096 16
f 563
a 1044 52208 16
f 988
a 1045 2880 16
a 1046 496 16
f 858
a 1047 400 64
a 1048 119168 16
a 1049 92928 64
f 743
f 589
a 1050 56416 256
f 834
a 1051 6720 64
a 1052 59344 64
a 1053 73984 256
a 1054 3264 16
f 617
a 1055 38800 64
f 166
a 1056 1696 64
a 1057 71136 256
a 1058 21696 256
a 1059 56720 16
a 1060 1600 256
f 504
a 1061 115632 64
f 864
a 1062 235360 64
f 697
f 491
a 1063 24672 16
f 708
a 1064 336 16
f 990
f 1059
f 415
a 1065 14000 16
a 1066 2576 16
f 1009
f 612
f 848
f 424
f 964
f 776
a 1067 5616 64
f 731
a 1068 24176 64
a 1069 10480 64
a 1070 3936 16
a 1071 208128 16
f 1023
f 418
f 1012
f 794
f 1022
a 1072 4784 256
f 951
f 1031
a 1073 448 64
f 719
a 1074 1568 16
a 1075 1536 64
a 1076 480 64
a 1077 25200 256
a 1078 448 16
a 1079 368 16
a 1080 244848 16
a 1081 3344 256
f 711
f 1007
a 1082 1888 64
a 1083 12448 256
f 684
f 948
f 1067
f 91
f 1062
a 1084 7744 16
a 1085 14176 256
f 912
f 925
a 1086 29264 256
a 1087 163680 16
a 1088 5760 256
a 1089 20624 64
f 981
f 559
a 1090 32752 256
a 1091 235376 64
f 410
a 1092 272 16
f 1006
f 360
f 710
f 162
a 1093 104352 256
f 1021
a 1094 960 16
a 1095 10464 64
a 1096 20240 64
a 1097 30032 256
a 1098 4352 256
a 1099 18688 64
a 1100 384 64
f 960
f 680
f 1035
f 918
f 1091
a 1101 416 16
f 592
f 57
f 840
a 1102 496 64
a 1103 10064 256
f 615
a 1104 816 256
a 1105 944 256
f 869
a 1106 19376 16
f 1005
a 1107 6016 256
a 1108 80640 16
a 1109 5520 256
f 1078
a 1110 59344 256
f 786
a 1111 90112 256
a 1112 928 16
a 1113 7216 64
f 568
a 1114 218800 256
a 1115 3664 16
a 1116 7296 16
f 353
a 1117 512 256
a 1118 1984 16
a 1119 7456 256
a 1120 156560 16
f 802
f 327
f 284
f 919
f 843
a 1121 40912 16
f 1029
a 1122 7312 256
a 1123 24176 256
a 1124 2992 256
a 1125 113232 16
a 1126 30176 16
f 1101
a 1127 11232 16
f 920
f 692
f 1077
f 271
f 423
f 277
f 898
a 1128 101872 256
a 1129 368 256
f 1033
a 1130 16288 256
a 1131 11904 256
a 1132 1392 16
a 1133 59536 64
a 1134 848 256
f 783
a 1135 848 64
a 1136 272 256
f 681
a 1137 1248 256
a 1138 15632 16
f 1053
a 1139 5936 64
a 1140 80896 16
f 1003
f 882
f 570
a 1141 688 64
a 1142 832 256
a 1143 3408 64
a 1144 13648 16
a 1145 106432 256
a 1146 89856 64
a 1147 45296 64
f 584
a 1148 72016 16
a 1149 5312 64
a 1150 9840 16
a 1151 239184 64
f 1049
a 1152 46192 256
f 614
f 1042
f 638
f 938
a 1153 90592 64
f 1040
f 1139
f 844
f 928
f 995
f 293
f 830
f 1050
a 1154 116736 256
f 889
f 894
f 788
f 933
a 1155 9824 16
f 651
a 1156 13200 16
f 1020
a 1157 19392 256
f 256
f 1080
a 1158 496 64
a 1159 188928 256
a 1160 688 16
a 1161 1920 64
a 1162 56944 64
f 1028
f 406
f 1151
a 1163 67152 64
a 1164 106272 256
a 1165 1664 256
a 1166 7120 256
a 1167 123328 256
f 602
a 1168 448 64
a 1169 9200 256
a 1170 768 64
a 1171 1056 256
f 1083
a 1172 43120 16
a 1173 25584 16
a 1174 26384 256
a 1175 38704 64
f 164
f 847
f 1010
a 1176 2448 64
a 1177 60320 256
f 1177
a 1178 320 64
f 1068
a 1179 26704 16
a 1180 181504 64
a 1181 8400 256
a 1182 5808 256
f 209
f 1142
a 1183 368 256
f 670
f 498
f 639
f 685
f 1061
f 907
f 922
a 1184 976 16
a 1185 3312 256
a 1186 46464 64
f 451
f 1167
a 1187 1312 256
a 1188 3248 64
a 1189 231872 64
f 974
f 837
f 806
f 1095
f 475
f 909
a 1190 5056 16
f 513
a 1191 3104 256
a 1192 7408 256
a 1193 448 16
a 1194 131296 256
f 900
f 1112
f 1171
f 587
a 1195 28032 16
a 1196 688 16
f 780
f 895
f 668
c op-2000
f 1185
f 781
a 1197 4528 64
a 1198 97776 256
a 1199 23744 16
a 1200 55424 16
a 1201 25584 256
f 1086
a 1202 86192 64
f 1179
f 460
a 1203 416 16
a 1204 1200 64
a 1205 12656 256
a 1206 5408 16
a 1207 816 256
a 1208 189232 256
f 1205
f 160
f 958
f 755
a 1209 8448 64
f 952
f 891
f 533
f 609
f 1074
f 68
f 1066
f 414
a 1210 480 256
a 1211 512 16
f 1122
a 1212 1040 16
a 1213 162352 16
a 1214 67392 256
f 1125
a 1215 912 64
a 1216 6128 64
f 1103
a 1217 1024 256
a 1218 1744 256
a 1219 8848 256
a 1220 19216 64
a 1221 45776 64
f 432
a 1222 10688 16
a 1223 21664 256
a 1224 31648 256
f 1072
a 1225 17808 256
f 1118
f 1217
a 1226 36368 256
f 993
a 1227 688 16
f 1220
f 980
f 1173
a 1228 3504 16
f 1043
a 1229 3280 64
a 1230 2608 64
a 1231 19856 64
a 1232 784 64
f 987
a 1233 65536 64
a 1234 15744 16
a 1235 51280 256
a 1236 304 16
a 1237 4464 256
a 1238 4816 16
a 1239 29648 16
f 936
a 1240 800 16
f 1163
a 1241 21232 256
f 1082
a 1242 512 256
f 467
f 965
a 1243 3840 16
a 1244 97920 16
f 772
a 1245 78288 256
a 1246 37008 64
a 1247 77088 16
f 636
a 1248 1520 64
a 1249 88000 256
f 1223
f 1204
f 1044
f 1128
a 1250 320 256
a 1251 83504 64
a 1252 9856 64
f 1233
a 1253 123664 256
f 1108
f 447
a 1254 99728 256
f 1159
a 1255 83648 16
a 1256 185056 256
f 1155
f 1162
a 1257 33600 256
a 1258 30464 64
f 547
f 268
a 1259 47152 16
f 550
a 1260 101952 64
a 1261 41856 16
a 1262 320 16
f 177
a 1263 86320 16
a 1264 6144 16
f 150
a 1265 74000 256
a 1266 3152 64
f 384
a 1267 135360 256
f 1094
f 904
f 798
f 1063
a 1268 12032 64
f 1147
a 1269 1552 16
f 109
a 1270 7184 16
f 715
a 1271 10752 16
a 1272 63248 256
f 1227
a 1273 11152 64
a 1274 9136 16
f 876
f 1214
a 1275 215120 16
f 857
f 1019
a 1276 243632 64
a 1277 29200 64
a 1278 254400 16
f 130
f 1055
f 543
f 1232
a 1279 3760 64
f 116
f 899
f 323
f 957
f 12
f 1264
a 1280 1872 256
f 1230
f 1203
f 94
a 1281 206000 16
f 890
a 1282 7728 64
a 1283 5728 64
f 1134
a 1284 384 16
f 545
f 1111
a 1285 23088 16
a 1286 1280 256
a 1287 2944 64
a 1288 512 64
a 1289 181280 16
a 1290 127056 16
f 1184
f 1058
a 1291 448 256
f 343
f 813
f 149
a 1292 384 64
f 1229
f 1149
f 1015
f 1252
f 852
a 1293 32080 16
f 524
f 1186
f 1221
f 431
a 1294 197472 16
f 303
f 1064
f 877
a 1295 38320 256
f 979
f 1258
f 967
a 1296 65392 256
f 1198
a 1297 60944 256
a 1298 9824 64
f 1256
a 1299 944 256
a 1300 11120 256
f 1100
a 1301 864 256
a 1302 3904 64
a 1303 35312 16
a 1304 1520 64
a 1305 4832 16
f 1180
a 1306 219088 16
a 1307 13184 64
a 1308 36480 256
a 1309 5536 16
a 1310 75984 16
f 1037
a 1311 768 64
f 1088
a 1312 8272 16
f 1249
f 1300
a 1313 336 256
a 1314 127472 16
a 1315 816 16
a 1316 4656 256
a 1317 19680 16
f 1136
a 1318 1264 64
a 1319 132528 16
a 1320 30992 64
f 1060
a 1321 104800 16
f 628
f 1304
f 1148
a 1322 18560 16
f 737
a 1323 100208 256
f 927
f 1320
f 634
f 811
a 1324 5936 64
a 1325 2112 64
f 1305
a 1326 480 64
a 1327 448 16
f 1276
a 1328 1568 16
a 1329 2896 64
a 1330 400 64
f 229
a 1331 39856 64
a 1332 576 16
f 828
a 1333 7408 64
f 1107
a 1334 14528 256
a 1335 58064 64
a 1336 19936 256
f 203
a 1337 3184 16
a 1338 223536 256
f 1278
a 1339 416 16
f 641
a 1340 4768 16
a 1341 512 16
a 1342 3632 64
a 1343 8976 256
a 1344 288 64
a 1345 416 256
a 1346 3440 256
a 1347 752 256
a 1348 1216 16
a 1349 2560 64
a 1350 136480 256
a 1351 400 16
f 1024
f 1303
a 1352 800 64
a 1353 896 64
a 1354 7856 64
a 1355 7152 16
a 1356 3088 256
a 1357 2256 256
a 1358 5712 16
a 1359 1264 256
f 486
a 1360 3984 16
a 1361 2624 256
a 1362 19904 256
a 1363 1600 16
a 1364 69472 64
a 1365 7472 256
f 291
a 1366 1936 64
a 1367 3296 16
a 1368 1872 256
f 1202
a 1369 464 64
f 999
f 932
a 1370 288 256
f 450
a 1371 880 256
a 1372 17472 64
a 1373 5392 256
a 1374 247152 64
a 1375 7184 16
f 824
a 1376 496 256
f 994
a 1377 6880 16
a 1378 14240 16
a 1379 4928 16
a 1380 1696 256
f 1255
a 1381 45776 16
a 1382 9104 64
a 1383 1328 64
a 1384 3376 64
a 1385 3920 64
a 1386 32016 16
a 1387 2240 256
f 769
a 1388 432 256
a 1389 688 256
a 1390 1008 16
f 763
a 1391 336 64
a 1392 576 16
a 1393 28544 16
a 1394 5424 64
a 1395 896 64
f 1282
a 1396 5664 64
f 1274
a 1397 247568 16
f 1246
f 1145
f 1141
f 1047
f 767
f 1018
f 180
a 1398 12016 64
a 1399 23168 16
a 1400 110512 256
f 1017
f 1121
f 1216
a 1401 16352 256
a 1402 26432 64
f 868
f 1271
a 1403 8912 64
f 1354
a 1404 4176 64
a 1405 896 64
a 1406 29056 16
f 1377
a 1407 3200 64
a 1408 6656 16
f 1382
f 361
a 1409 89184 64
f 940
a 1410 15328 16
f 1115
a 1411 1808 256
a 1412 3040 16
f 195
f 1378
f 996
f 267
f 512
a 1413 86000 16
a 1414 61152 256
f 1324
a 1415 50320 16
f 1161
f 1336
f 1287
a 1416 182320 16
f 872
f 1166
f 1302
f 76
f 1209
a 1417 16272 256
f 1344
a 1418 368 16
f 937
f 1092
f 610
a 1419 896 16
a 1420 2848 16
f 1156
a 1421 400 256
a 1422 1024 256
a 1423 95616 256
a 1424 976 16
a 1425 8336 64
a 1426 29424 16
a 1427 15696 256
f 1146
a 1428 235840 64
f 931
f 1361
f 75
f 1366
a 1429 800 16
f 1281
f 782
f 1102
a 1430 1104 256
a 1431 2464 16
a 1432 736 256
a 1433 1312 16
a 1434 16016 64
f 1164
a 1435 23600 256
f 292
a 1436 6896 64
a 1437 768 256
a 1438 26896 256
a 1439 6896 64
a 1440 4720 16
a 1441 480 64
a 1442 14864 64
f 1415
f 1340
a 1443 205344 16
f 1315
a 1444 122736 16
f 1244
a 1445 219456 256
a 1446 32080 64
a 1447 960 64
f 975
f 859
f 1208
a 1448 15472 16
f 540
f 1160
f 544
a 1449 56016 64
f 1263
f 947
f 1266
f 962
a 1450 6528 16
f 1417
f 1347
a 1451 143632 64
f 1343
a 1452 1200 64
f 1430
f 1447
a 1453 2720 64
f 760
a 1454 1776 16
f 1385
a 1455 21648 16
f 1152
f 1267
f 257
a 1456 368 16
a 1457 42800 16
f 1143
f 1322
f 208
f 1299
f 1446
a 1458 3792 16
a 1459 6720 256
f 1196
f 1260
f 1429
f 408
f 1396
a 1460 26928 256
a 1461 35376 256
a 1462 5680 16
a 1463 196592 16
f 1401
f 1462
f 1235
f 901
f 1236
a 1464 125264 64
a 1465 27312 256
f 761
f 1150
f 260
a 1466 72000 64
f 1432
a 1467 108288 64
f 1373
f 766
f 1277
a 1468 188864 64
f 924
f 1048
a 1469 157728 256
a 1470 8720 16
a 1471 3136 64
f 1069
a 1472 1136 64
f 1153
f 1441
f 1389
a 1473 6336 16
f 1178
a 1474 272 256
f 1099
a 1475 80256 64
f 1420
a 1476 46256 256
f 1433
a 1477 272 64
f 1191
f 1456
a 1478 24656 256
f 1329
f 672
a 1479 5072 64
f 1192
a 1480 11280 64
f 1357
f 903
f 966
f 1172
f 470
f 1076
a 1481 3856 16
a 1482 512 256
f 1002
f 1317
a 1483 22064 64
a 1484 1824 16
a 1485 22224 64
f 1411
f 1449
f 675
a 1486 1232 16
f 207
a 1487 195424 64
a 1488 54000 64
f 1124
a 1489 2784 256
f 1461
f 1194
f 930
f 1197
a 1490 3424 16
f 1279
f 1034
f 1372
a 1491 656 16
a 1492 16048 256
f 1319
a 1493 6400 16
a 1494 1584 256
a 1495 9072 64
f 1065
f 1113
a 1496 6352 256
a 1497 39856 64
a 1498 245600 64
f 201
f 689
f 923
f 720
a 1499 60416 64
f 1130
a 1500 258176 64
f 1110
f 1442
f 147
a 1501 13792 64
a 1502 133488 16
f 757
f 1323
f 1493
f 1280
f 1358
f 1404
a 1503 63424 256
f 1388
a 1504 74192 16
f 1452
f 1355
a 1505 5456 64
a 1506 800 256
f 881
f 302
f 1333
f 1093
f 961
f 738
f 1479
f 1207
f 1379
a 1507 9616 16
f 1481
f 1248
f 595
a 1508 6864 256
a 1509 121648 16
f 897
f 1187
f 1371
a 1510 496 16
f 251
f 955
f 1311
f 1403
f 910
f 1056
f 1292
f 1314
f 282
a 1511 1632 64
a 1512 15952 256
f 1511
f 1308
a 1513 544 256
f 1135
a 1514 105264 256
f 816
f 270
f 1443
a 1515 21200 64
f 1332
a 1516 167216 64
f 778
a 1517 255040 256
f 1291
a 1518 188096 256
f 1250
f 1295
a 1519 1744 64
f 905
a 1520 5936 256
f 1405
f 888
f 1200
f 1464
a 1521 1888 256
f 565
f 154
f 1413
f 1242
a 1522 752 16
f 644
a 1523 17184 256
a 1524 3648 256
a 1525 57952 16
a 1526 1024 256
a 1527 6864 64
f 663
a 1528 480 256
f 1211
a 1529 512 16
a 1530 656 256
a 1531 66528 64
f 1501
a 1532 2240 256
f 867
a 1533 6880 64
f 1360
a 1534 22256 64
f 1026
a 1535 53056 256
a 1536 207760 64
a 1537 7696 64
f 1174
f 224
f 1434
f 1334
a 1538 7984 16
f 853
f 1406
f 1475
a 1539 28000 64
a 1540 512 16
a 1541 6320 256
f 1393
a 1542 33920 16
f 1448
f 1486
f 1494
f 1474
a 1543 1568 256
f 1490
f 1499
f 973
f 959
f 1296
a 1544 38704 16
a 1545 8208 256
a 1546 1008 256
f 1251
a 1547 103296 64
f 1423
f 791
a 1548 7072 16
f 1253
a 1549 11248 64
a 1550 2432 16
a 1551 83488 64
a 1552 4880 16
f 1234
a 1553 896 64
f 825
a 1554 87408 16
a 1555 3936 256
a 1556 84432 256
a 1557 18768 16
a 1558 9008 64
a 1559 576 64
a 1560 2064 16
a 1561 336 64
f 309
f 1321
f 1387
a 1562 2640 256
a 1563 49616 256
a 1564 576 64
a 1565 3280 64
a 1566 1280 64
a 1567 1664 16
a 1568 14480 16
a 1569 2112 256
a 1570 864 64
a 1571 1344 16
a 1572 5552 16
f 1079
f 289
f 1408
a 1573 32256 64
f 575
f 1380
f 1567
a 1574 992 256
a 1575 82688 256
a 1576 35424 16
a 1577 4560 256
a 1578 15376 256
a 1579 21168 256
a 1580 1312 256
a 1581 592 64
a 1582 1872 256
f 768
a 1583 7264 64
f 740
a 1584 2048 16
a 1585 336 64
a 1586 3600 16
a 1587 203040 16
f 1471
a 1588 210224 16
f 1469
f 688
a 1589 1328 256
a 1590 800 64
a 1591 400 16
a 1592 51664 64
f 1416
f 983
a 1593 8896 64
a 1594 22048 16
a 1595 133328 256
a 1596 3584 64
a 1597 30752 64
f 1106
f 1460
a 1598 6368 256
f 1195
a 1599 7504 64
a 1600 5696 64
a 1601 7472 64
a 1602 259536 64
f 1557
f 1313
f 1381
f 1257
f 736
f 1402
f 1584
f 1593
a 1603 70976 256
f 1116
f 571
f 1098
a 1604 12064 64
f 1383
a 1605 464 16
f 1517
a 1606 32528 256
a 1607 1120 64
a 1608 15376 16
a 1609 13392 16
a 1610 9104 16
f 1604
f 1349
a 1611 235408 256
f 1225
f 1422
f 1096
f 1364
a 1612 5408 64
f 1331
a 1613 77472 16
f 1157
f 1425
f 908
a 1614 63264 256
f 1465
a 1615 131136 256
f 984
a 1616 216144 64
f 1057
f 1365
f 1424
f 896
f 819
f 1530
f 969
f 420
a 1617 1776 16
f 1617
f 1566
f 1518
a 1618 64688 256
a 1619 6640 256
a 1620 2672 256
f 1478
a 1621 11616 256
f 1176
f 1294
f 695
a 1622 184784 16
a 1623 11328 16
f 1030
a 1624 1600 64
a 1625 2176 16
a 1626 71152 64
a 1627 880 16
a 1628 3952 16
a 1629 163392 16
a 1630 912 64
a 1631 62992 16
f 1104
a 1632 992 16
f 522
a 1633 48752 256
f 1254
a 1634 201456 64
a 1635 1296 16
f 1596
f 1316
f 1273
a 1636 60384 256
a 1637 864 64
f 1386
f 771
f 1558
a 1638 54992 16
f 1338
a 1639 1680 16
a 1640 69920 256
a 1641 448 64
f 1090
f 787
f 1613
a 1642 27616 64
a 1643 496 16
f 1498
f 1391
a 1644 79072 64
a 1645 58592 16
a 1646 66064 16
f 500
f 1238
f 288
a 1647 2400 256
a 1648 1968 256
a 1649 944 64
a 1650 480 64
a 1651 82288 16
f 1595
a 1652 17392 256
f 1580
f 1577
a 1653 3104 16
a 1654 241920 16
f 330
f 946
f 1522
f 363
f 1368
f 1193
f 1545
f 1520
a 1655 400 64
f 1581
a 1656 400 64
a 1657 5760 256
f 1439
f 1643
f 1592
a 1658 229648 16
f 281
f 1561
f 1575
f 297
f 1199
f 1529
f 541
f 1641
a 1659 320 16
f 1579
f 1546
a 1660 18240 64
f 1599
f 1392
f 1453
f 1527
f 679
f 1539
f 1301
f 1158
a 1661 432 16
f 1410
f 1327
f 1606
a 1662 51488 256
f 1629
f 1559
a 1663 233184 256
f 1602
a 1664 12032 16
a 1665 18640 16
a 1666 3712 256
a 1667 60800 16
f 1612
f 1466
a 1668 1008 64
a 1669 254336 64
f 1306
f 1625
a 1670 6864 256
f 1243
f 1169
f 1455
f 815
a 1671 30544 64
f 945
a 1672 3216 64
f 976
a 1673 14896 16
a 1674 7408 64
a 1675 1056 64
f 1376
a 1676 480 16
a 1677 10176 256
a 1678 7504 256
a 1679 432 256
a 1680 320 64
a 1681 4160 16
a 1682 880 16
a 1683 2048 64
f 1645
a 1684 464 64
a 1685 400 256
a 1686 2704 256
a 1687 9584 64
a 1688 1856 16
a 1689 116000 256
f 537
a 1690 25296 64
f 1640
a 1691 61696 64
f 1245
a 1692 82960 256
f 921
f 1515
f 705
a 1693 2608 256
a 1694 131920 16
a 1695 138464 256
f 1535
f 1637
a 1696 448 256
a 1697 156848 16
f 1632
f 1543
f 1241
f 1183
f 1226
f 1351
f 1627
f 455
f 1618
f 1608
a 1698 64208 64
f 1384
a 1699 90464 64
f 1407
f 978
f 826
a 1700 464 16
f 1353
f 1482
f 709
f 1573
f 1451
f 1615
a 1701 22336 256
f 1470
a 1702 9760 256
a 1703 2576 16
a 1704 5232 64
a 1705 11728 16
a 1706 624 256
a 1707 992 256
f 1693
f 1685
a 1708 31440 256
a 1709 704 256
a 1710 11728 256
f 1137
a 1711 85952 256
f 1532
f 1463
a 1712 864 256
a 1713 13440 16
f 304
a 1714 92512 64
a 1715 400 64
a 1716 64752 256
a 1717 2112 16
f 733
a 1718 87328 256
a 1719 384 16
f 1556
f 1675
f 1709
a 1720 3504 256
a 1721 47728 64
f 1547
f 1504
a 1722 10496 16
a 1723 320 64
a 1724 6448 16
a 1725 368 256
a 1726 64816 16
f 1689
a 1727 51440 256
a 1728 1760 64
a 1729 480 16
a 1730 3504 64
a 1731 78992 16
a 1732 10848 64
a 1733 26528 64
f 1237
a 1734 3472 16
f 1591
a 1735 10032 256
a 1736 24304 64
a 1737 123936 16
a 1738 153088 64
a 1739 944 64
f 1071
a 1740 93440 256
a 1741 29552 256
f 1105
f 677
a 1742 5536 64
f 1656
a 1743 6656 256
f 1600
a 1744 1632 16
a 1745 1520 16
f 1610
f 1516
f 1729
a 1746 11440 16
a 1747 38608 16
f 805
a 1748 1424 256
a 1749 7744 16
f 1117
a 1750 17872 16
a 1751 768 16
a 1752 6848 16
a 1753 640 64
a 1754 1888 64
f 261
a 1755 175088 16
f 1572
f 1335
a 1756 23232 16
a 1757 4000 64
f 1394
f 1395
f 1548
f 1011
a 1758 145392 64
f 1571
a 1759 46432 16
f 992
f 315
f 1240
f 1070
a 1760 3648 64
f 1369
f 1622
a 1761 1088 256
f 1636
a 1762 13824 16
a 1763 55808 16
a 1764 4784 64
a 1765 249840 64
f 279
a 1766 464 64
a 1767 100576 64
a 1768 28336 16
f 747
f 1550
a 1769 3648 64
a 1770 1936 64
f 1210
a 1771 4336 16
f 1691
f 1144
f 1719
a 1772 6976 64
f 1409
f 1345
a 1773 960 256
a 1774 352 64
a 1775 12528 16
a 1776 89888 16
f 103
f 682
f 1531
a 1777 352 16
a 1778 100128 16
f 1609
f 1510
f 1087
f 1289
a 1779 4688 64
a 1780 31312 16
a 1781 9552 16
a 1782 416 64
f 1720
a 1783 3264 64
a 1784 7088 16
f 1450
f 1454
a 1785 73248 64
a 1786 3616 256
f 1742
a 1787 58400 16
a 1788 624 256
a 1789 50848 64
a 1790 178464 64
f 1431
f 346
f 1363
f 1598
f 1140
f 1551
a 1791 11856 256
a 1792 46912 16
f 1228
a 1793 36528 16
a 1794 122080 64
f 1701
f 1367
f 1787
f 949
f 1008
f 1662
f 306
a 1795 1296 64
a 1796 3312 64
a 1797 624 256
a 1798 14064 16
a 1799 1920 16
a 1800 880 256
f 1717
a 1801 3456 16
f 1563
a 1802 56928 16
a 1803 784 16
a 1804 976 16
a 1805 50080 16
a 1806 9296 64
f 1588
a 1807 1856 16
a 1808 848 16
a 1809 160416 256
f 501
a 1810 215424 256
f 1674
f 1081
f 594
f 1132
f 1290
a 1811 24720 16
a 1812 132080 256
a 1813 19040 16
a 1814 4160 256
f 1212
f 1623
f 1744
f 1514
f 1337
f 1728
a 1815 32416 16
f 1812
f 1459
f 1201
a 1816 130960 16
f 1805
a 1817 320 16
a 1818 1344 64
a 1819 69408 16
a 1820 1504 64
f 1646
f 1414
a 1821 1920 256
a 1822 45168 256
f 1215
a 1823 1728 16
f 1309
f 1421
a 1824 14448 16
a 1825 197712 64
f 1684
f 1768
f 1039
f 1790
a 1826 9008 256
a 1827 3216 256
f 1657
a 1828 5536 256
f 1736
a 1829 26016 16
f 1614
a 1830 56480 64
a 1831 9376 256
a 1832 1280 256
a 1833 1744 256
f 1666
a 1834 61200 256
a 1835 1424 256
a 1836 512 64
a 1837 7344 16
a 1838 3744 256
a 1839 5120 256
f 1655
f 1477
a 1840 1504 64
a 1841 1568 64
a 1842 246496 16
f 1773
f 1758
f 1814
f 1829
f 1771
a 1843 1360 64
a 1844 11120 256
a 1845 13120 256
a 1846 13056 16
a 1847 1248 256
f 1633
a 1848 19744 256
f 1795
a 1849 416 16
f 1297
a 1850 416 256
f 1307
f 1658
f 1445
a 1851 528 64
a 1852 257808 64
a 1853 110672 64
a 1854 3712 16
a 1855 3216 16
f 1350
a 1856 20624 256
a 1857 400 64
a 1858 608 256
a 1859 19536 16
a 1860 2448 16
a 1861 288 64
a 1862 272 16
f 1786
f 1816
a 1863 3712 256
a 1864 3712 64
a 1865 12544 16
f 986
a 1866 320 64
f 1776
f 1798
a 1867 1776 256
a 1868 656 16
a 1869 816 256
a 1870 320 256
a 1871 25904 16
f 1089
f 1133
a 1872 143216 256
f 1468
a 1873 304 256
f 1507
a 1874 17888 256
a 1875 3712 16
f 1680
f 1639
a 1876 5616 16
a 1877 720 16
a 1878 3392 64
f 1722
a 1879 3760 64
a 1880 4208 16
a 1881 3856 256
a 1882 57008 256
f 1521
f 1051
a 1883 1584 256
a 1884 30624 256
a 1885 3536 256
f 1726
f 220
a 1886 26896 256
f 1283
a 1887 46672 256
a 1888 1920 64
a 1889 608 16
a 1890 304 16
f 1838
f 1770
f 916
a 1891 480 16
a 1892 544 64
a 1893 22544 16
a 1894 124208 16
a 1895 4352 16
a 1896 39024 256
a 1897 30000 16
a 1898 592 64
f 1669
a 1899 53312 64
a 1900 106128 64
a 1901 432 256
a 1902 46224 256
f 1239
a 1903 2624 64
a 1904 21584 256
f 1624
a 1905 10320 16
a 1906 103280 64
a 1907 170304 256
f 835
a 1908 12512 256
a 1909 3760 256
f 1866
a 1910 237152 64
f 1549
f 1777
f 1346
a 1911 65040 64
f 1716
f 1339
f 1261
a 1912 3344 16
f 1840
f 1721
f 1513
a 1913 6208 256
a 1914 3984 64
a 1915 2784 64
f 1583
f 1476
a 1916 6336 256
f 1737
a 1917 1184 16
a 1918 304 16
a 1919 30800 256
f 1562
a 1920 752 256
a 1921 512 16
f 1436
a 1922 368 16
a 1923 25808 256
a 1924 12480 16
a 1925 304 64
f 1085
a 1926 2048 16
a 1927 512 64
a 1928 29056 64
a 1929 124160 256
f 1699
a 1930 171776 16
f 691
f 1616
a 1931 336 16
a 1932 3456 256
a 1933 848 256
a 1934 147024 256
f 1665
f 1045
a 1935 4448 16
a 1936 512 16
a 1937 4224 256
f 1851
f 1897
a 1938 256608 64
f 1262
f 1119
a 1939 6272 16
f 1803
f 1418
f 1683
f 1681
f 1585
f 885
a 1940 2144 256
f 1485
a 1941 116016 64
a 1942 544 16
f 1472
f 1427
f 954
f 1935
a 1943 2784 256
f 1909
a 1944 112480 16
f 1224
f 1330
f 1489
f 1873
f 1412
f 1247
f 1621
f 1926
a 1945 8224 64
a 1946 4096 16
f 1075
f 1821
a 1947 3888 16
a 1948 19008 64
a 1949 15792 256
f 1428
a 1950 24272 64
f 1231
f 342
f 1876
f 1819
f 1342
f 810
a 1951 146848 64
f 1808
f 1168
f 1634
f 1700
a 1952 352 16
a 1953 8256 64
a 1954 98672 16
a 1955 3232 16
a 1956 32608 256
f 1785
a 1957 45792 16
a 1958 5088 256
a 1959 1424 256
a 1960 2592 16
a 1961 14912 16
f 1270
a 1962 3488 256
f 1844
f 1865
a 1963 1280 256
f 1774
f 1820
a 1964 17552 16
a 1965 1904 256
a 1966 32464 64
f 1964
f 1705
a 1967 5920 16
f 1123
a 1968 2544 64
f 1743
a 1969 432 256
a 1970 1184 64
f 1965
f 1605
a 1971 83072 16
f 1190
a 1972 127376 16
f 1272
f 619
a 1973 106800 64
f 263
f 1663
a 1974 31184 64
f 1925
f 1727
a 1975 212432 256
f 1891
f 1913
a 1976 544 64
a 1977 272 64
a 1978 752 16
f 1154
f 1969
a 1979 64000 16
f 1958
f 1837
f 1694
a 1980 544 16
a 1981 7328 256
a 1982 5472 256
a 1983 3184 64
a 1984 10176 64
a 1985 8592 256
a 1986 1872 64
f 1784
a 1987 23424 64
a 1988 66240 64
a 1989 210464 256
f 1760
f 1950
a 1990 6848 256
f 1362
a 1991 138416 64
f 1138
f 1833
a 1992 13344 256
f 1757
f 1500
f 1718
f 1607
a 1993 91104 16
f 1686
f 1922
f 1298
f 1467
a 1994 4016 64
a 1995 89936 64
f 839
f 1512
f 1923
f 1399
a 1996 6144 16
a 1997 10912 256
a 1998 2064 16
a 1999 1760 256
a 2000 11776 256
f 1587
a 2001 29568 256
a 2002 6784 64
a 2003 14208 64
a 2004 448 16
a 2005 120816 256
a 2006 198720 256
f 1904
a 2007 12384 64
f 1980
f 1525
a 2008 1712 16
f 1783
f 1946
f 1788
f 1899
f 1755
a 2009 237728 256
f 1883
a 2010 544 64
f 1848
f 1982
a 2011 1632 256
f 926
f 1890
f 1944
a 2012 51136 64
a 2013 2816 256
f 676
f 1775
f 1473
f 1480
f 1352
f 1959
a 2014 2608 64
f 2011
a 2015 816 16
a 2016 432 256
f 1978
a 2017 223840 16
f 1797
f 1857
a 2018 51088 16
f 1864
f 1678
a 2019 4608 256
a 2020 992 16
f 1626
a 2021 1328 64
f 1682
a 2022 34432 64
a 2023 30816 256
f 1293
a 2024 195312 64
f 2006
f 784
a 2025 5904 64
f 1687
f 1564
f 2001
f 1635
f 1990
f 1874
f 1724
a 2026 304 256
f 1996
a 2027 512 256
f 1870
f 1688
f 1761
f 1659
f 1440
a 2028 2048 64
f 1275
a 2029 126432 64
a 2030 61680 16
a 2031 62832 16
f 1884
a 2032 229856 256
f 1823
a 2033 3104 16
a 2034 30144 64
f 2029
a 2035 784 256
a 2036 61600 256
f 1052
f 820
a 2037 258800 256
f 1896
f 939
a 2038 8048 64
f 1752
a 2039 1904 64
f 1914
f 1131
f 1751
f 741
f 1942
f 1582
a 2040 7312 64
f 1356
a 2041 3584 16
f 1754
f 1895
f 1259
f 2031
f 2019
f 1496
f 1841
a 2042 12592 16
f 1711
f 2013
f 1917
f 631
f 1988
f 1734
f 1928
f 1804
f 1692
a 2043 7936 256
f 1652
a 2044 31424 64
a 2045 54496 64
a 2046 130800 16
f 1707
f 2007
a 2047 144672 256
f 1318
f 1953
f 1933
f 1073
f 1921
a 2048 352 16
a 2049 11216 64
f 1638
f 1763
f 1219
f 1791
f 1565
a 2050 912 16
a 2051 36176 256
f 1647
a 2052 4048 64
f 1576
f 2043
f 1265
f 1672
a 2053 208960 256
f 2051
a 2054 1424 64
f 1648
f 1631
a 2055 1296 16
f 1129
a 2056 3168 16
f 1628
f 1630
f 790
f 1849
f 911
a 2057 1984 16
f 2044
a 2058 25520 256
a 2059 60880 64
f 2016
a 2060 48672 64
f 1528
a 2061 304 256
a 2062 15600 16
f 1748
f 698
f 1710
f 1569
a 2063 13136 64
f 1574
f 1703
f 1861
a 2064 35760 16
f 875
a 2065 608 256
a 2066 416 256
a 2067 219872 16
f 1671
f 1747
f 1868
f 1854
f 1997
f 1976
f 1831
f 1667
a 2068 1840 256
f 1912
f 1886
f 1268
a 2069 63808 64
f 1827
a 2070 400 256
f 1484
f 1855
f 1491
f 1676
f 1955
f 1487
a 2071 101104 256
a 2072 1040 256
a 2073 848 16
f 1793
f 1502
a 2074 25920 256
a 2075 93920 16
a 2076 90496 256
a 2077 896 256
f 1213
a 2078 20656 16
f 1555
f 1994
f 2028
a 2079 35104 256
f 1780
f 2012
f 1713
f 1858
a 2080 253536 256
f 1796
a 2081 258768 64
f 982
f 1846
f 1900
f 1993
f 1956
f 1537
f 1824
f 2069
f 1390
f 950
f 1809
a 2082 16272 64
a 2083 23792 16
f 1834
a 2084 180976 16
a 2085 2512 16
f 1911
f 2059
a 2086 124304 256
f 1839
f 2033
f 1992
f 1767
a 2087 58672 16
f 1084
a 2088 864 16
f 1984
f 2061
a 2089 8128 256
a 2090 163760 64
a 2091 4240 16
f 2089
a 2092 48752 64
f 1170
f 117
f 1920
f 1444
f 433
f 1651
a 2093 35984 16
a 2094 2032 16
a 2095 20560 64
a 2096 5120 16
f 1794
a 2097 800 16
a 2098 6400 64
a 2099 2688 64
a 2100 2880 256
a 2101 49872 64
f 2048
f 2039
f 1495
a 2102 13552 16
a 2103 16736 256
a 2104 22944 256
a 2105 13056 256
f 1970
f 2093
a 2106 11488 64
a 2107 12496 64
a 2108 2912 16
a 2109 5456 256
f 1730
f 2060
a 2110 14304 16
f 1856
a 2111 352 256
a 2112 33440 16
a 2113 5792 16
f 1286
a 2114 2704 64
a 2115 672 64
a 2116 11280 64
f 341
a 2117 120400 16
f 1860
a 2118 27568 16
f 1963
f 2106
f 1954
f 1987
f 1218
f 2064
a 2119 48704 16
a 2120 4608 16
a 2121 13184 64
f 1578
f 1458
f 2095
a 2122 28304 256
f 1908
a 2123 69040 64
f 2018
f 2112
a 2124 33984 16
f 1863
f 1568
f 972
f 2109
f 1653
a 2125 15808 64
f 884
f 1661
f 2120
a 2126 100160 16
a 2127 9696 256
f 2090
a 2128 6592 256
a 2129 1712 16
a 2130 2048 64
a 2131 117520 16
f 2004
a 2132 1312 64
f 1538
f 1435
a 2133 37760 16
f 2102
a 2134 6960 256
a 2135 146288 16
a 2136 1216 64
f 1966
a 2137 64272 256
a 2138 2912 16
f 1590
f 1924
f 1492
a 2139 1392 256
f 1817
a 2140 146976 256
f 1654
a 2141 1120 16
f 1859
f 2129
f 1915
f 2070
f 1871
a 2142 177952 256
f 1188
f 1792
a 2143 3472 16
a 2144 4976 256
f 2045
f 1328
f 1967
f 1523
a 2145 384 256
a 2146 121200 64
f 2104
a 2147 2896 256
f 1880
f 1962
f 1901
f 1553
f 729
f 1534
f 2047
a 2148 1968 16
a 2149 262096 64
a 2150 1056 16
f 1991
f 2056
f 1949
f 1181
f 1120
a 2151 1216 256
f 1483
a 2152 28704 16
a 2153 112992 256
a 2154 32720 256
f 2067
f 1947
a 2155 59296 16
f 2000
a 2156 240656 64
f 1750
f 1847
f 1810
a 2157 6528 64
a 2158 448 64
a 2159 672 16
f 1910
f 1960
a 2160 57648 256
a 2161 14976 16
f 1741
f 1822
a 2162 6544 64
a 2163 16112 64
a 2164 448 256
a 2165 3712 16
a 2166 7088 64
a 2167 12960 16
a 2168 464 16
a 2169 211824 16
f 1906
a 2170 13472 16
a 2171 15456 256
f 2153
a 2172 624 16
a 2173 26352 64
a 2174 304 256
a 2175 752 256
c op-4000
a 2176 592 256
f 2173
a 2177 1360 64
f 1877
a 2178 39952 64
a 2179 116528 256
a 2180 246416 256
a 2181 432 256
f 1936
a 2182 8608 256
f 997
a 2183 29232 16
f 1885
f 2030
a 2184 1872 64
a 2185 20032 16
f 1359
a 2186 1088 16
a 2187 2048 64
f 2116
a 2188 134400 64
a 2189 22896 64
f 1054
a 2190 1952 16
f 1971
a 2191 320 256
f 2184
f 2055
f 1972
f 1850
f 1438
a 2192 39312 16
a 2193 17952 16
a 2194 320 256
f 1189
a 2195 27712 16
a 2196 8160 256
a 2197 28624 64
a 2198 384 64
f 1326
a 2199 168064 16
f 2198
a 2200 83504 256
a 2201 1984 16
f 2146
f 1542
a 2202 14384 16
a 2203 11120 64
f 1041
a 2204 2816 64
a 2205 864 16
a 2206 16656 256
a 2207 608 256
a 2208 6032 64
a 2209 4608 256
a 2210 14432 256
a 2211 7200 16
a 2212 592 16
f 1310
a 2213 223616 16
a 2214 130816 256
f 2076
f 1738
f 2204
a 2215 352 64
a 2216 336 64
a 2217 121744 16
f 1746
a 2218 11600 16
f 2156
f 2117
f 2078
a 2219 172752 16
a 2220 2672 256
f 2216
f 2111
a 2221 9424 256
a 2222 104384 256
f 2085
f 2065
f 1782
a 2223 81872 256
f 1165
f 2223
f 1723
f 2081
a 2224 12384 16
f 2205
a 2225 171456 256
f 2213
a 2226 106400 256
a 2227 21200 16
a 2228 912 64
a 2229 47280 16
f 2049
a 2230 672 256
a 2231 1120 64
a 2232 640 64
a 2233 117168 16
a 2234 2208 64
f 2097
f 1985
a 2235 10528 16
f 1881
f 1813
a 2236 17648 64
a 2237 197552 256
a 2238 272 256
f 2150
a 2239 11952 256
f 1312
f 2139
a 2240 512 256
f 2214
f 1937
f 1046
a 2241 5952 256
a 2242 576 64
a 2243 11456 64
f 2171
f 1126
f 1825
a 2244 3440 16
a 2245 640 16
a 2246 61264 64
f 1419
f 1457
a 2247 592 16
a 2248 2400 64
f 1807
a 2249 1328 64
a 2250 28192 64
f 998
a 2251 87216 64
a 2252 3376 16
a 2253 1744 256
f 2100
f 1706
a 2254 37488 64
f 2130
f 2141
f 1603
a 2255 336 256
a 2256 6960 256
a 2257 5968 64
f 1889
a 2258 4192 256
a 2259 101424 64
f 2183
f 2096
f 1862
a 2260 28880 64
a 2261 22688 256
f 2160
f 2234
a 2262 3296 256
a 2263 3136 16
f 2260
a 2264 1376 256
a 2265 432 256
a 2266 6240 256
a 2267 54096 256
a 2268 34688 256
f 2237
a 2269 17520 64
a 2270 1440 64
f 2115
a 2271 14352 64
f 1348
a 2272 2064 256
a 2273 13424 64
a 2274 10480 64
a 2275 2880 16
a 2276 89072 256
f 1284
f 2077
f 2245
a 2277 24496 16
a 2278 19776 64
a 2279 27248 64
f 2158
f 2231
f 2163
f 2124
a 2280 13520 64
f 2159
f 2125
f 1842
a 2281 544 256
a 2282 30032 64
a 2283 217984 16
f 2021
f 1519
a 2284 7120 64
f 2284
f 1878
f 1973
a 2285 3568 64
a 2286 848 64
f 1619
a 2287 6560 64
f 686
a 2288 400 256
a 2289 3440 16
a 2290 1840 16
a 2291 512 256
a 2292 688 16
a 2293 20448 16
f 2262
a 2294 592 256
a 2295 258688 256
f 1826
f 971
a 2296 288 64
f 1800
f 2036
a 2297 245296 64
f 2295
f 2194
f 2137
a 2298 236432 256
f 1898
a 2299 31920 16
f 604
f 2229
f 2221
f 2148
f 2042
f 2099
f 2020
f 2152
a 2300 3984 256
f 1505
f 2278
f 1664
f 1753
f 866
f 2046
f 2235
f 2107
f 2133
a 2301 92912 16
f 2142
a 2302 784 16
a 2303 29616 256
a 2304 4128 64
a 2305 320 64
a 2306 58704 256
a 2307 7456 64
f 1940
a 2308 197440 64
a 2309 1328 256
f 1879
f 1702
f 2244
f 1887
f 1560
f 2009
a 2310 155056 64
f 1285
a 2311 20896 256
f 1995
f 632
f 1697
f 1974
a 2312 1904 256
f 2248
a 2313 76160 64
f 1426
a 2314 103728 256
a 2315 6240 256
f 2157
f 2037
f 2186
f 566
a 2316 16256 256
a 2317 148496 256
a 2318 272 64
a 2319 1792 64
a 2320 60992 256
f 2317
a 2321 7728 16
a 2322 55616 16
f 441
f 2008
f 1998
a 2323 138288 64
a 2324 19376 64
f 2022
a 2325 15104 64
a 2326 13600 64
a 2327 32768 16
f 1931
a 2328 20480 256
f 2190
a 2329 5712 256
a 2330 34720 256
a 2331 32832 256
a 2332 832 64
a 2333 25808 16
f 2280
f 2182
a 2334 2192 16
a 2335 16112 256
a 2336 896 16
a 2337 38432 256
a 2338 238768 16
f 2336
f 2179
f 2289
a 2339 97632 64
f 2328
f 2311
a 2340 7808 256
f 2329
f 2177
f 1764
f 2263
f 1772
a 2341 4592 256
f 1999
f 2151
f 2230
f 2296
a 2342 8064 64
a 2343 1376 256
a 2344 222816 64
f 2083
f 2299
f 2222
a 2345 63072 256
a 2346 3888 64
f 1756
f 2220
a 2347 832 16
f 2140
a 2348 16336 256
f 2026
a 2349 185600 64
f 2066
f 1660
a 2350 976 256
f 1508
f 1902
f 1650
f 2122
f 2273
f 2236
a 2351 320 64
a 2352 212592 64
f 1749
f 2312
a 2353 61904 16
f 2212
f 2105
a 2354 25792 64
f 1400
a 2355 115152 64
a 2356 90720 16
f 1712
f 1696
f 1642
f 2279
f 1597
a 2357 1424 64
f 862
f 1554
a 2358 1584 16
f 2144
f 1989
f 2240
a 2359 6624 256
f 2154
f 2092
f 2359
a 2360 11120 256
a 2361 154944 64
f 1986
f 1828
a 2362 6272 16
a 2363 3280 64
f 2075
a 2364 61936 64
f 1506
f 722
f 2119
f 1872
a 2365 66048 256
a 2366 13312 16
a 2367 448 256
a 2368 102960 64
f 2068
f 2254
f 2178
f 1801
a 2369 100704 16
a 2370 46512 256
f 1941
a 2371 3872 16
a 2372 5168 256
f 2331
f 2128
f 2197
a 2373 1728 16
a 2374 496 64
a 2375 624 256
a 2376 5936 16
a 2377 3552 16
a 2378 352 16
f 2118
a 2379 1616 64
a 2380 13872 16
a 2381 249008 256
f 1731
f 2378
f 1269
f 2247
f 1552
a 2382 9392 256
f 1509
f 2040
f 2082
a 2383 69696 256
f 2325
f 2271
a 2384 126288 16
f 2380
a 2385 8992 16
f 2034
a 2386 6528 256
f 1541
f 2202
f 1698
a 2387 688 64
f 2339
a 2388 4864 256
a 2389 2496 256
a 2390 73632 64
a 2391 10112 16
f 1952
f 1611
f 2127
a 2392 384 64
f 2367
a 2393 50832 16
a 2394 68272 16
a 2395 5920 256
f 2363
a 2396 2784 16
a 2397 944 256
a 2398 6352 16
a 2399 57184 256
a 2400 1424 256
f 2355
a 2401 68768 256
a 2402 32400 64
a 2403 448 16
a 2404 960 16
a 2405 960 64
a 2406 1280 64
a 2407 4688 16
a 2408 31072 256
a 2409 239536 256
f 2305
f 2346
f 2402
f 2351
f 2241
f 2320
f 2347
f 2228
f 2343
f 1725
f 1781
f 2192
f 2063
a 2410 113216 16
f 2014
f 1739
f 2172
a 2411 1808 16
a 2412 6768 64
f 2071
f 1668
f 2411
a 2413 182064 16
f 2397
f 2394
f 2005
f 2268
f 2168
f 887
f 1894
f 2388
a 2414 236192 16
a 2415 432 64
f 1867
a 2416 416 16
f 1601
f 2360
f 1025
a 2417 60576 256
f 1927
a 2418 61888 16
f 2201
f 2132
f 1938
f 2373
a 2419 6416 64
a 2420 57184 64
f 2401
a 2421 1936 256
a 2422 78272 64
f 2421
a 2423 12064 256
f 2224
f 2290
f 1594
f 2057
f 1957
a 2424 113280 16
f 1932
a 2425 1360 256
f 2404
f 2350
f 2193
a 2426 29232 256
f 2393
f 775
a 2427 13424 256
a 2428 1184 16
f 1905
f 2143
f 1704
f 1892
f 2408
a 2429 12864 256
a 2430 29248 16
f 2219
a 2431 41904 64
f 2253
a 2432 10256 64
f 1929
f 2324
a 2433 241712 16
f 2246
f 2391
a 2434 1344 16
f 2428
f 2113
a 2435 1248 64
f 2427
f 1503
a 2436 1088 256
f 2384
a 2437 848 64
a 2438 10848 64
a 2439 1248 64
a 2440 10320 16
f 2101
a 2441 35904 16
a 2442 1456 64
a 2443 60112 64
a 2444 105520 256
a 2445 3184 256
a 2446 120624 16
f 2335
f 2257
a 2447 186672 256
f 2135
f 2265
f 2352
a 2448 384 64
a 2449 13968 64
a 2450 17040 256
f 2436
a 2451 90240 256
a 2452 57152 256
f 2327
a 2453 13696 256
a 2454 1904 256
a 2455 784 16
a 2456 58240 16
f 2239
f 2200
a 2457 39152 16
a 2458 23600 256
a 2459 25440 64
a 2460 3424 256
f 2147
f 1677
a 2461 259920 16
a 2462 13136 16
f 1735
a 2463 13680 256
f 1679
a 2464 11952 256
f 1732
f 2443
f 1644
f 2409
f 2418
a 2465 155392 64
a 2466 304 64
f 1818
f 2079
a 2467 4960 256
f 2379
a 2468 9360 256
a 2469 9840 16
a 2470 8752 64
f 2425
f 2286
f 2362
f 2196
a 2471 2368 16
f 2371
a 2472 1264 256
f 2292
a 2473 12976 16
f 1222
f 1811
a 2474 6992 64
a 2475 20224 64
a 2476 63808 16
a 2477 400 256
f 2238
f 2053
a 2478 54784 16
a 2479 25216 64
a 2480 217456 64
f 1733
f 1533
a 2481 112240 256
a 2482 896 16
a 2483 6000 256
f 2483
f 1673
f 2032
a 2484 30272 64
a 2485 21664 256
f 2450
f 1745
f 2330
f 2126
a 2486 74368 256
a 2487 25280 16
f 2480
a 2488 3968 64
a 2489 9472 64
f 1759
a 2490 960 64
f 2294
a 2491 14400 16
a 2492 3920 256
f 2455
a 2493 10144 64
a 2494 960 256
a 2495 16016 256
a 2496 496 256
f 1903
a 2497 18672 256
a 2498 59008 64
a 2499 3488 64
f 2283
f 1524
a 2500 4352 16
a 2501 93792 16
a 2502 43008 64
a 2503 157712 64
a 2504 16112 16
f 2162
a 2505 1968 64
f 2304
a 2506 2592 16
a 2507 63392 256
f 2387
f 2505
f 2430
a 2508 14176 256
f 2478
f 1907
f 2307
a 2509 11920 256
a 2510 480 16
a 2511 752 64
a 2512 37504 16
a 2513 19008 16
f 2508
f 1983
f 1708
a 2514 1200 256
f 2195
a 2515 110784 16
f 2494
a 2516 6112 16
a 2517 5584 64
a 2518 104048 256
a 2519 464 256
a 2520 11120 256
a 2521 58720 64
a 2522 67936 64
f 2361
f 1766
a 2523 608 64
a 2524 10384 16
a 2525 752 16
f 1789
a 2526 3856 256
a 2527 244000 256
f 2310
f 2510
f 2306
f 1869
a 2528 22496 16
a 2529 272 16
a 2530 8432 256
f 2477
f 2396
f 2497
a 2531 5504 64
a 2532 528 16
a 2533 11456 64
a 2534 496 16
a 2535 8544 64
f 1397
a 2536 8080 64
a 2537 672 64
a 2538 2240 64
a 2539 108832 256
a 2540 2800 16
a 2541 20016 64
a 2542 132912 16
f 1370
a 2543 288 16
f 2512
a 2544 2128 16
f 2456
a 2545 38144 256
a 2546 28272 256
f 2382
a 2547 512 64
a 2548 8992 256
f 2488
f 1943
f 2319
f 1832
a 2549 156576 64
f 2052
f 2337
f 2410
a 2550 1712 256
f 2276
a 2551 7568 256
a 2552 121280 64
f 2513
a 2553 272 64
f 2375
f 2340
f 2524
f 2516
a 2554 240528 16
a 2555 237616 64
a 2556 23280 16
a 2557 3360 16
a 2558 672 256
a 2559 24608 16
f 2470
a 2560 2080 64
f 2368
f 2413
f 1779
f 2527
a 2561 25984 16
f 1570
f 2434
f 823
f 1975
a 2562 58112 256
a 2563 1648 16
a 2564 16736 256
f 2349
f 2364
a 2565 1760 256
a 2566 151472 16
a 2567 1392 64
a 2568 91856 16
a 2569 44432 64
a 2570 1856 64
f 2274
a 2571 25088 16
f 2395
a 2572 8240 16
f 1114
f 2123
a 2573 120528 64
a 2574 640 64
a 2575 39904 64
f 2025
a 2576 1376 256
f 2211
a 2577 25664 256
a 2578 98960 256
a 2579 992 16
f 2232
a 2580 384 16
a 2581 230432 16
f 2580
f 2577
f 2242
f 2501
a 2582 128080 16
f 2473
f 1670
a 2583 656 64
f 2291
f 2136
f 2420
f 2180
a 2584 5136 64
a 2585 45120 256
a 2586 168368 16
f 2208
f 2062
a 2587 304 64
f 2523
f 2457
f 1916
f 2472
a 2588 165136 64
f 2542
f 2515
f 2400
a 2589 352 64
a 2590 5872 16
a 2591 30576 64
a 2592 464 64
f 2188
a 2593 44224 64
f 2103
f 2080
a 2594 4320 16
a 2595 768 16
a 2596 96848 256
a 2597 1760 16
f 2462
a 2598 141264 16
a 2599 58112 64
a 2600 212704 64
f 2579
f 1540
a 2601 864 64
f 2586
f 1961
a 2602 226608 16
f 2451
f 2594
f 2507
a 2603 16464 64
a 2604 49984 256
f 1888
f 2582
f 2514
a 2605 816 64
a 2606 3824 64
f 2549
f 2398
f 2366
a 2607 560 64
a 2608 7536 256
f 1620
a 2609 3392 256
a 2610 2736 64
f 2565
f 2446
a 2611 9952 16
f 2309
a 2612 61616 256
f 2321
a 2613 48416 64
a 2614 3344 256
a 2615 2592 256
a 2616 432 16
a 2617 1968 64
a 2618 1008 256
a 2619 1072 16
a 2620 110464 256
a 2621 368 256
a 2622 4048 256
f 1875
a 2623 3648 256
f 2552
a 2624 29552 64
a 2625 656 16
a 2626 720 256
f 1948
a 2627 55264 256
a 2628 8576 64
a 2629 1232 16
a 2630 37408 256
a 2631 6800 64
a 2632 3840 16
a 2633 384 256
f 934
f 2612
a 2634 96208 64
a 2635 26496 256
a 2636 126784 256
a 2637 5280 16
f 2504
f 2554
f 2358
a 2638 15584 256
f 2637
f 2269
f 2620
a 2639 336 256
a 2640 11840 16
f 2298
a 2641 2592 16
a 2642 432 16
f 2348
a 2643 1456 16
f 2464
a 2644 336 16
a 2645 10160 16
a 2646 56624 16
a 2647 77360 16
a 2648 13008 64
a 2649 480 256
a 2650 51248 16
a 2651 41888 64
a 2652 5504 256
a 2653 243920 64
a 2654 15168 256
a 2655 1152 64
a 2656 1056 256
a 2657 46560 16
f 2416
a 2658 464 64
f 2072
a 2659 3616 64
a 2660 320 16
a 2661 2656 256
a 2662 23200 64
f 2615
f 2256
a 2663 15104 16
f 1374
a 2664 3760 16
a 2665 259712 64
a 2666 256 256
a 2667 7120 256
f 2474
f 2334
f 2664
f 2438
f 2191
f 2341
f 2583
a 2668 800 16
f 2161
a 2669 2016 256
f 2169
f 2471
f 2468
a 2670 9440 16
a 2671 496 16
a 2672 1616 256
a 2673 60560 256
a 2674 29856 16
a 2675 254160 16
f 2415
f 2467
f 2199
f 2521
a 2676 736 16
a 2677 59072 64
a 2678 249904 256
a 2679 3856 16
f 2207
f 2174
f 1488
a 2680 4736 64
a 2681 1584 64
f 2459
f 1109
f 2617
a 2682 3232 16
f 2469
f 2602
a 2683 432 256
a 2684 67824 64
a 2685 26288 64
f 1544
f 2613
f 2607
a 2686 432 16
a 2687 20736 64
a 2688 1920 16
a 2689 243184 16
f 2303
f 2653
a 2690 6512 64
a 2691 20672 64
a 2692 336 256
a 2693 25856 256
a 2694 22176 256
a 2695 54512 256
f 2688
f 2493
f 2432
f 2520
f 2407
f 2685
a 2696 5216 256
f 2534
a 2697 48064 64
f 2015
f 2412
f 2530
f 2634
a 2698 11760 256
f 2442
f 2288
a 2699 1648 16
a 2700 2912 64
a 2701 175760 256
f 1845
f 2625
f 2618
f 1769
a 2702 108752 16
f 2526
f 1589
f 2017
a 2703 53776 256
f 2170
f 2654
a 2704 1296 64
f 2342
a 2705 15792 64
f 2599
f 2302
a 2706 352 16
a 2707 10144 256
a 2708 432 256
a 2709 4784 16
a 2710 24368 256
a 2711 70448 16
a 2712 1952 16
a 2713 1088 64
f 2522
a 2714 512 64
f 2536
a 2715 54400 16
f 2433
a 2716 1600 16
a 2717 1248 64
a 2718 42432 16
a 2719 57776 256
a 2720 6592 16
a 2721 672 16
a 2722 7376 256
a 2723 8016 16
a 2724 272 16
a 2725 9952 16
f 2002
a 2726 114512 64
a 2727 880 64
f 2726
a 2728 2992 64
a 2729 119856 64
f 2233
a 2730 119360 16
a 2731 29328 16
f 2498
f 2426
a 2732 10336 64
a 2733 109536 64
f 2356
a 2734 12848 64
a 2735 368 256
f 2566
a 2736 304 256
a 2737 976 16
a 2738 9888 256
f 2572
a 2739 233472 256
f 1951
f 2686
f 2691
a 2740 4816 64
a 2741 30864 256
f 2489
a 2742 480 16
a 2743 6528 16
a 2744 784 256
a 2745 161408 256
f 2745
a 2746 1872 16
a 2747 130592 256
f 2423
a 2748 4032 16
f 1945
a 2749 229616 256
f 2087
f 2669
f 2556
a 2750 30656 16
f 2644
f 2645
f 2419
a 2751 16192 256
f 1981
f 1930
a 2752 29056 256
f 2698
a 2753 1248 16
f 2731
f 2149
a 2754 45408 256
f 2435
f 2392
a 2755 1344 256
a 2756 784 16
f 2024
a 2757 352 64
a 2758 272 64
a 2759 142016 64
a 2760 2752 64
a 2761 133392 16
a 2762 31728 64
a 2763 235712 64
f 2461
f 2649
f 2563
f 2166
a 2764 6688 64
a 2765 16688 256
a 2766 10512 64
f 2744
a 2767 544 16
a 2768 704 256
f 2553
a 2769 30368 16
f 2243
a 2770 704 16
a 2771 304 256
f 2088
a 2772 168256 64
f 2719
f 2642
f 2084
a 2773 3664 256
a 2774 672 16
a 2775 54752 16
a 2776 140896 16
f 2562
a 2777 256384 16
f 2293
f 2624
f 2255
f 2189
f 2651
f 2543
f 2538
f 2300
f 2593
f 2424
f 2550
f 2569
f 2027
f 2646
a 2778 1856 64
a 2779 11024 16
f 2386
a 2780 33008 256
a 2781 7408 64
a 2782 26160 256
a 2783 55488 256
f 2723
f 2603
a 2784 8096 64
f 2322
f 2301
f 2575
a 2785 48016 16
a 2786 2560 64
f 2449
a 2787 592 256
a 2788 22976 256
a 2789 200080 64
f 2496
f 2453
f 2175
f 1206
f 2259
f 2778
f 1799
f 2630
a 2790 1904 256
a 2791 3312 64
f 2702
a 2792 3552 64
f 1830
a 2793 13232 64
a 2794 4000 256
f 2287
a 2795 142352 256
a 2796 864 16
a 2797 4240 64
a 2798 45248 64
a 2799 136496 256
f 2250
a 2800 704 16
a 2801 5264 16
f 2788
f 2769
f 2729
a 2802 5936 256
a 2803 960 16
a 2804 6688 16
a 2805 432 256
a 2806 432 64
a 2807 51824 64
f 2560
a 2808 172432 16
f 2774
f 2532
f 1852
a 2809 30960 64
a 2810 44416 64
f 2495
a 2811 2544 256
a 2812 16160 256
f 2544
f 2771
f 2185
a 2813 19376 256
a 2814 6944 16
f 2635
f 2266
a 2815 14416 64
a 2816 12656 256
a 2817 8016 16
f 2629
f 2660
a 2818 672 64
f 1526
a 2819 816 256
f 2812
a 2820 4320 16
f 2753
a 2821 31984 256
f 2614
f 2742
a 2822 22592 256
f 2739
a 2823 127024 256
a 2824 496 16
a 2825 272 16
f 2010
a 2826 3200 64
a 2827 220336 64
f 2628
f 2659
f 2318
f 2819
f 2601
f 2657
f 2605
f 2518
f 2728
a 2828 15856 16
f 2725
a 2829 1264 64
f 2484
a 2830 249392 64
f 2134
f 2492
f 2326
f 2640
f 1979
f 2689
a 2831 1904 256
a 2832 10928 16
f 1765
f 2145
a 2833 960 16
a 2834 12992 256
a 2835 11712 256
a 2836 28480 16
a 2837 1120 64
f 2611
f 2571
a 2838 12672 64
a 2839 368 16
a 2840 3648 256
a 2841 480 64
a 2842 50528 16
a 2843 11520 64
f 2828
a 2844 3536 256
a 2845 20432 64
a 2846 9424 256
a 2847 7920 16
f 2210
a 2848 1488 64
a 2849 992 64
a 2850 40800 16
a 2851 42336 64
a 2852 1360 64
a 2853 73200 16
a 2854 82176 64
f 2785
a 2855 6224 16
a 2856 464 256
a 2857 272 64
a 2858 464 256
f 2803
f 2313
a 2859 18448 64
a 2860 576 64
a 2861 165296 64
f 2765
f 2764
a 2862 195312 64
f 2802
a 2863 592 256
a 2864 19232 64
f 2465
f 2796
f 2110
f 2600
a 2865 80480 256
a 2866 3776 256
a 2867 1264 64
f 2215
a 2868 5600 64
a 2869 16832 16
a 2870 88224 256
a 2871 64880 64
f 2595
f 2591
a 2872 1712 256
f 2323
a 2873 992 16
a 2874 3936 64
a 2875 3040 64
f 2570
a 2876 928 16
a 2877 7408 256
f 2608
f 2555
a 2878 768 16
a 2879 234800 256
f 2767
f 2377
a 2880 16768 64
a 2881 2208 64
a 2882 16224 16
a 2883 23216 256
f 2559
a 2884 2016 256
f 2385
f 2445
a 2885 128128 16
a 2886 12032 16
f 2604
f 2743
f 1715
f 1802
f 2829
f 2761
f 2694
a 2887 155168 256
f 2718
a 2888 47936 16
f 2848
f 2810
a 2889 10352 64
a 2890 752 64
a 2891 1024 256
a 2892 173984 64
f 2666
f 2671
a 2893 27072 16
a 2894 202176 256
a 2895 29872 16
f 2481
f 2564
f 2606
a 2896 1888 256
f 2795
f 2867
f 2632
f 2333
f 2585
f 2832
f 1714
f 2460
f 2895
a 2897 896 256
f 2894
a 2898 464 64
a 2899 2000 64
f 2838
a 2900 12240 16
a 2901 21120 16
a 2902 6064 64
a 2903 160016 64
a 2904 1680 64
a 2905 992 64
a 2906 207440 16
a 2907 832 64
f 2490
a 2908 190576 16
f 2841
a 2909 78448 64
f 2789
f 2773
f 2535
f 2714
f 2675
a 2910 49856 16
a 2911 880 256
f 2546
a 2912 2432 256
a 2913 432 256
a 2914 11776 16
f 2270
a 2915 17008 64
a 2916 103232 256
f 2830
a 2917 528 64
f 2558
f 2441
a 2918 51648 64
a 2919 195024 16
f 2712
f 2887
a 2920 84896 64
a 2921 832 64
a 2922 304 64
f 2861
f 2811
a 2923 864 256
a 2924 3248 256
a 2925 15632 256
a 2926 464 64
a 2927 31536 256
a 2928 1296 256
a 2929 62400 256
a 2930 48720 64
a 2931 1616 256
a 2932 30016 64
f 2780
a 2933 41008 64
f 1918
f 214
f 2917
a 2934 7680 64
a 2935 9792 256
a 2936 22832 64
f 2647
a 2937 27776 16
a 2938 768 256
a 2939 29920 256
a 2940 16912 64
f 1835
f 2502
a 2941 4096 256
f 2639
a 2942 768 64
a 2943 10272 16
f 2041
a 2944 39808 16
f 2870
a 2945 512 16
f 2824
a 2946 196400 256
f 1762
a 2947 246720 64
f 2209
a 2948 10208 256
f 2650
f 2874
f 2730
f 2673
f 2760
f 2374
f 2251
f 2574
f 2155
a 2949 96592 64
a 2950 3056 256
f 2890
a 2951 87360 64
a 2952 209744 16
f 2710
f 2784
f 2756
f 2808
f 2791
f 2876
f 2747
f 2108
f 1778
a 2953 1120 64
f 2732
a 2954 70496 64
a 2955 12736 256
f 2588
a 2956 53392 16
a 2957 110752 256
a 2958 2832 64
a 2959 129872 16
f 2452
f 2853
f 2825
f 2804
a 2960 4896 16
a 2961 5280 16
f 2736
a 2962 5904 64
f 2816
f 2578
a 2963 7264 64
a 2964 8112 16
f 2822
a 2965 2320 16
a 2966 8752 64
a 2967 27792 64
a 2968 8880 16
a 2969 14896 16
a 2970 1472 256
a 2971 157776 64
a 2972 52336 16
a 2973 1216 64
f 1127
a 2974 6176 256
a 2975 80592 16
f 2975
f 2548
a 2976 14976 64
f 2631
a 2977 44480 64
f 1097
f 2403
a 2978 1984 64
f 2573
a 2979 5072 64
a 2980 1968 256
f 2849
f 2968
f 2206
f 1182
a 2981 215952 16
f 2881
a 2982 5760 64
f 2623
f 2537
f 2962
a 2983 6704 256
f 2091
f 2826
a 2984 5024 64
f 2681
f 2945
a 2985 252496 16
f 2806
f 2905
f 2928
a 2986 41520 64
a 2987 672 16
a 2988 6416 16
f 2906
f 2884
a 2989 1248 16
a 2990 336 64
a 2991 48160 256
a 2992 336 64
f 2970
f 2517
f 1882
a 2993 31904 64
f 2587
f 2966
a 2994 220416 64
f 2652
f 2584
a 2995 18480 256
a 2996 14544 256
f 2444
f 1649
f 2693
f 2598
f 2275
f 2814
a 2997 5824 256
f 2798
f 2990
f 2940
f 1815
f 2837
a 2998 1024 256
f 2676
a 2999 73664 256
f 2886
f 2249
f 2297
f 2899
f 2835
f 2316
a 3000 272 16
a 3001 384 16
a 3002 10480 16
f 2900
a 3003 238656 64
f 2995
f 2971
f 2589
a 3004 464 16
f 2567
f 2991
f 2925
a 3005 1136 64
f 2338
a 3006 86112 256
a 3007 992 16
a 3008 88688 64
a 3009 2016 256
a 3010 2416 16
a 3011 134880 64
f 2915
f 2525
f 2506
f 2772
a 3012 1008 256
f 2621
a 3013 202080 64
f 2050
f 1934
a 3014 95312 16
f 2920
a 3015 10128 64
a 3016 16208 64
f 2531
a 3017 12704 64
a 3018 132560 256
f 2865
f 2938
f 2167
a 3019 75424 16
f 2957
a 3020 16080 256
a 3021 1280 64
a 3022 208640 256
f 2868
a 3023 63680 64
a 3024 1472 256
f 2916
a 3025 528 64
f 2626
f 2996
a 3026 26768 16
a 3027 1216 64
a 3028 23552 64
a 3029 4928 256
f 2738
a 3030 5856 16
f 2701
a 3031 10816 16
f 2023
f 2353
f 2561
a 3032 74400 16
a 3033 121376 64
f 2997
f 2967
f 2859
f 2704
a 3034 126464 64
f 2889
f 2963
f 2898
f 1939
f 2800
a 3035 194016 64
f 2779
f 2463
a 3036 44864 16
a 3037 4048 64
f 2679
f 1586
f 2974
f 2383
f 2499
f 3010
f 2491
f 1437
f 3007
a 3038 784 256
f 2930
f 2793
a 3039 40464 16
f 2448
f 2993
f 2937
f 2533
f 2703
f 2370
f 2708
f 2308
a 3040 173600 16
f 1806
f 2823
f 2038
a 3041 41280 64
a 3042 244688 256
a 3043 432 16
f 3031
f 2878
f 2902
a 3044 159392 16
a 3045 2720 64
f 2692
a 3046 576 256
f 1690
f 2994
a 3047 20512 256
f 2643
a 3048 62912 64
a 3049 800 256
f 2954
a 3050 352 256
f 3035
a 3051 237984 256
f 3046
a 3052 896 16
f 2717
f 2609
f 2980
f 2839
f 2722
f 2782
f 2131
f 2476
a 3053 336 64
a 3054 38048 256
a 3055 50400 64
f 2981
f 2369
a 3056 320 256
f 2973
a 3057 122976 16
f 2872
a 3058 8352 256
a 3059 4352 16
f 2285
a 3060 432 64
f 1919
a 3061 49616 16
a 3062 976 256
f 2264
a 3063 10128 64
f 2074
a 3064 9264 16
f 2616
a 3065 2016 16
f 1853
a 3066 25040 64
a 3067 201648 16
a 3068 236144 16
f 3009
f 2873
a 3069 55040 64
a 3070 1920 16
a 3071 160736 16
f 2992
a 3072 2992 64
f 3000
f 3001
a 3073 199136 256
f 2440
f 2799
a 3074 2848 256
f 2696
f 2807
a 3075 46208 64
f 2690
f 3054
a 3076 84192 16
a 3077 90576 16
f 3028
f 2661
f 2790
f 3060
a 3078 5120 64
a 3079 1968 256
f 2677
f 2927
a 3080 752 64
a 3081 816 16
f 2741
f 2354
f 2597
f 2766
f 2164
f 2181
a 3082 52448 64
f 2783
f 2750
a 3083 960 64
a 3084 114208 64
f 2941
f 2805
a 3085 13680 16
f 2947
f 2952
f 2086
a 3086 2272 64
a 3087 88128 64
a 3088 608 256
f 2923
f 2768
f 2332
f 2709
f 3070
f 2979
f 2882
a 3089 352 256
a 3090 3824 16
a 3091 30512 16
f 2054
f 3006
a 3092 106480 16
a 3093 250800 256
a 3094 128576 256
f 2831
f 2699
f 3092
a 3095 167168 64
f 2907
a 3096 10144 256
a 3097 2656 64
a 3098 74544 256
f 2746
f 3061
a 3099 112848 256
f 2913
f 2880
f 2663
a 3100 10608 16
f 2487
f 3075
f 3041
f 2545
f 2869
f 3098
f 3039
a 3101 288 16
a 3102 58912 256
a 3103 848 64
a 3104 448 64
f 1288
f 2509
f 2735
a 3105 193824 16
f 2976
a 3106 217920 64
f 2662
a 3107 35136 16
f 2820
f 2914
a 3108 560 16
f 2797
a 3109 5904 256
a 3110 58992 64
a 3111 157904 16
f 2376
f 2707
f 2989
f 2932
a 3112 26672 64
a 3113 1072 16
f 3081
f 2911
a 3114 2272 64
f 3024
f 2218
a 3115 21456 64
f 2656
f 2315
f 2775
f 2987
a 3116 25600 256
f 2557
a 3117 448 16
a 3118 8304 64
f 2834
f 2883
f 2892
a 3119 57744 16
f 1695
a 3120 49712 64
a 3121 512 16
a 3122 117840 16
a 3123 6976 16
f 2891
a 3124 11120 16
f 2786
f 2638
a 3125 848 64
f 2684
f 2672
f 3043
f 2919
a 3126 944 16
f 3063
f 2381
a 3127 4480 256
f 2926
f 892
f 3119
f 2619
f 2801
f 2875
f 3117
f 2866
f 2988
f 2888
a 3128 512 64
f 3069
a 3129 38272 64
f 3089
f 3071
a 3130 3136 64
a 3131 272 256
a 3132 3600 16
a 3133 36144 256
a 3134 257440 64
f 3110
a 3135 25008 256
a 3136 1264 64
f 3033
a 3137 1584 256
a 3138 12528 64
f 3083
a 3139 368 256
a 3140 12624 16
f 2541
f 3137
f 3047
f 2956
a 3141 181440 256
f 2960
f 2879
a 3142 1392 64
a 3143 288 16
a 3144 48976 16
a 3145 7040 16
a 3146 24624 64
f 2809
a 3147 24672 64
a 3148 44400 16
f 2454
a 3149 45136 256
f 1497
f 2365
a 3150 1152 256
a 3151 20016 256
a 3152 320 16
f 2977
f 2794
a 3153 104944 64
f 2897
f 2984
a 3154 13824 64
f 3090
f 3109
a 3155 24352 16
a 3156 304 16
f 3100
f 3034
a 3157 5440 64
a 3158 8208 64
a 3159 512 256
a 3160 320 64
a 3161 2192 64
f 3027
a 3162 26144 64
a 3163 77632 16
f 3019
a 3164 1344 256
f 2877
a 3165 432 16
a 3166 1536 16
a 3167 143120 256
c op-6000
f 3015
f 3104
f 2759
a 3168 42032 16
a 3169 816 16
a 3170 480 64
a 3171 944 16
f 3149
a 3172 197088 256
a 3173 61792 64
f 3073
f 3170
f 2596
f 2225
a 3174 38320 256
a 3175 2752 256
a 3176 1824 16
f 2344
a 3177 228272 256
f 3103
a 3178 76544 64
a 3179 20192 64
f 2098
a 3180 1808 256
a 3181 126656 16
a 3182 4672 64
a 3183 214880 64
f 3013
a 3184 9952 64
f 3171
f 2998
a 3185 1728 16
f 2658
f 2842
a 3186 880 256
a 3187 18096 64
a 3188 19856 16
a 3189 1664 64
f 2854
a 3190 9072 256
a 3191 105536 16
f 2951
a 3192 17040 64
f 2843
a 3193 2448 256
a 3194 163632 64
f 2705
a 3195 2784 64
f 3107
a 3196 10768 256
f 3118
a 3197 7552 256
f 2752
f 3005
f 3135
f 3078
f 3101
f 3105
a 3198 1280 64
a 3199 272 16
a 3200 896 256
f 3182
a 3201 336 64
a 3202 9168 256
a 3203 992 256
a 3204 32000 64
a 3205 207040 64
a 3206 218784 256
f 3076
a 3207 51312 256
f 3126
f 3087
a 3208 752 64
f 3052
a 3209 4464 64
a 3210 79088 64
f 3207
a 3211 28944 256
a 3212 1584 64
f 2568
f 3125
a 3213 38112 64
f 2641
f 2429
a 3214 86448 64
f 2277
f 3144
a 3215 170256 64
f 2740
f 1375
f 3026
f 3091
f 3193
a 3216 75360 256
f 2272
a 3217 2240 256
a 3218 496 64
f 3178
f 2934
f 2282
f 2748
f 2094
f 2817
f 2844
f 3085
f 2982
f 2576
a 3219 3232 256
f 3151
f 3209
f 3088
a 3220 528 64
f 3053
a 3221 5104 256
f 2762
f 2058
f 3095
a 3222 304 64
f 2590
f 2114
a 3223 29600 64
a 3224 1232 64
f 3080
f 1836
a 3225 752 256
f 2258
a 3226 1536 64
a 3227 6544 16
f 3096
f 2528
a 3228 8864 64
a 3229 17424 256
a 3230 96512 64
a 3231 512 16
f 3084
f 2713
a 3232 53872 16
f 3221
f 3213
a 3233 50400 256
f 3219
f 2909
a 3234 416 16
f 3190
a 3235 496 64
a 3236 59904 64
f 2776
a 3237 5296 64
a 3238 352 64
a 3239 231248 16
f 3058
a 3240 1504 16
f 2918
f 2486
f 3077
f 3128
a 3241 816 16
a 3242 117696 256
a 3243 4016 64
f 2840
a 3244 576 16
a 3245 128096 256
f 3068
f 3124
a 3246 196624 16
f 3114
f 3237
f 3244
a 3247 8560 64
f 3106
a 3248 21984 16
a 3249 512 256
a 3250 111216 16
a 3251 37616 16
f 3179
f 3051
a 3252 79616 256
f 3112
f 3002
f 3181
a 3253 2240 64
a 3254 1024 16
f 2910
a 3255 23344 16
a 3256 217056 256
f 2706
f 3180
a 3257 85856 16
a 3258 1616 256
f 2281
a 3259 9664 256
a 3260 59952 64
a 3261 18208 256
f 2715
f 3228
f 3136
a 3262 107136 256
f 2929
f 2787
f 3199
f 3152
a 3263 912 256
f 2226
f 3197
a 3264 76016 64
a 3265 1632 64
a 3266 4800 64
f 2138
a 3267 19616 256
f 3157
a 3268 23600 64
a 3269 13792 64
f 2372
f 2500
f 2716
f 3064
f 1325
a 3270 2320 256
f 3111
a 3271 3776 256
f 2749
a 3272 1376 16
a 3273 205952 256
f 3188
a 3274 8688 16
a 3275 816 16
a 3276 204288 16
f 2757
f 2950
f 2904
a 3277 2960 64
f 3249
f 3196
f 2431
a 3278 928 64
a 3279 448 256
a 3280 1920 64
a 3281 336 256
f 2755
a 3282 9600 16
f 3261
a 3283 17472 256
a 3284 37056 64
a 3285 23872 16
f 2948
f 2852
a 3286 3456 16
f 3263
f 3278
a 3287 219248 64
f 3280
a 3288 110176 16
a 3289 101776 64
f 3195
a 3290 1440 64
f 2965
a 3291 12352 64
a 3292 5424 64
f 2406
f 2858
f 3132
f 2482
a 3293 9792 16
f 3217
f 2863
f 2846
f 3147
a 3294 272 256
f 2627
f 2864
f 3042
f 3254
a 3295 4336 64
f 2949
a 3296 170064 64
f 3155
f 2475
f 2687
f 2003
f 3282
a 3297 5600 16
a 3298 25824 256
f 3184
f 3072
a 3299 14512 256
f 3016
f 3210
f 3131
f 3257
f 3286
a 3300 2976 64
a 3301 13488 256
a 3302 13984 16
f 2921
a 3303 624 256
f 3161
f 2695
a 3304 496 64
a 3305 3408 64
a 3306 58736 16
f 3040
f 2818
a 3307 128192 64
a 3308 12288 16
f 2479
a 3309 496 16
f 3265
a 3310 88592 256
a 3311 9152 256
f 2447
a 3312 167968 16
a 3313 304 64
a 3314 8560 256
f 3169
f 3146
a 3315 368 16
a 3316 35504 16
f 2896
f 2946
f 3048
a 3317 92848 64
a 3318 672 64
f 3295
a 3319 56320 256
a 3320 2288 16
a 3321 416 256
a 3322 3760 64
a 3323 36576 64
f 3030
a 3324 27904 64
a 3325 2608 16
f 3227
f 3301
a 3326 81792 16
f 3318
f 3303
f 2733
a 3327 832 64
f 3133
a 3328 184016 256
a 3329 848 16
a 3330 1152 256
a 3331 228800 64
a 3332 6304 64
f 3239
f 2035
f 2519
a 3333 896 256
f 1843
a 3334 39008 256
f 3166
f 3145
f 3191
f 3304
a 3335 6656 16
f 3186
f 3102
a 3336 94864 16
a 3337 16160 16
f 2667
f 2754
f 3268
a 3338 128560 64
f 3176
a 3339 752 16
f 3309
a 3340 1664 256
a 3341 27488 256
f 3198
a 3342 2896 256
a 3343 48160 16
f 3142
f 2903
f 2939
a 3344 122448 64
f 2203
f 3328
a 3345 512 256
f 2983
a 3346 1456 256
f 3187
f 2610
f 2458
a 3347 20496 256
a 3348 368 16
a 3349 1008 16
a 3350 253696 256
a 3351 5312 16
f 2345
f 3093
a 3352 234384 16
f 3285
f 3074
a 3353 1232 256
f 2399
f 2711
a 3354 432 64
a 3355 259872 256
a 3356 5920 256
f 3223
f 3293
f 3289
f 2862
f 3312
a 3357 4864 16
a 3358 16272 16
a 3359 2048 64
a 3360 3664 64
a 3361 6608 256
a 3362 2576 256
a 3363 27104 256
a 3364 155184 256
a 3365 7568 16
a 3366 59152 256
a 3367 82240 256
f 2674
f 2931
a 3368 8656 16
f 3342
f 3283
a 3369 11840 16
a 3370 32464 16
a 3371 70608 64
f 2813
a 3372 1872 16
f 3164
a 3373 6208 64
f 2924
a 3374 57616 256
f 2958
f 3062
f 3141
a 3375 560 16
f 3174
f 3120
a 3376 13872 64
a 3377 3264 256
f 2357
f 2390
a 3378 233664 256
f 3252
a 3379 75728 16
f 3322
f 3308
f 2217
a 3380 1040 64
a 3381 190336 16
f 3224
f 3150
f 2073
f 3258
a 3382 736 16
f 3108
f 2792
f 3175
a 3383 108352 64
a 3384 784 256
f 3036
f 3374
f 3011
a 3385 51040 256
f 2893
f 3183
a 3386 960 256
f 3334
a 3387 6528 64
a 3388 784 256
a 3389 7440 64
f 2551
a 3390 3184 64
a 3391 6320 256
a 3392 8016 16
a 3393 768 64
f 3245
f 3038
f 3025
a 3394 259776 16
f 3202
a 3395 464 256
a 3396 1616 16
a 3397 172976 16
f 3361
f 3211
f 3274
f 3023
f 3388
f 3231
f 3314
a 3398 656 16
a 3399 1088 256
a 3400 36432 256
a 3401 193088 16
f 2187
f 3399
a 3402 22368 16
f 2955
f 2978
f 3294
f 2683
f 1536
f 3255
a 3403 368 256
a 3404 6768 64
f 3270
f 3299
a 3405 47088 16
f 2850
a 3406 225568 64
f 2503
a 3407 336 16
f 3390
a 3408 13136 16
f 3377
f 3059
f 3229
a 3409 11664 256
f 3353
f 2953
f 3365
a 3410 10032 16
f 3356
f 3148
a 3411 48560 64
a 3412 3600 16
f 3055
f 2547
a 3413 1856 256
a 3414 1328 64
a 3415 25840 256
f 3140
a 3416 10400 256
f 2737
f 3277
f 2414
a 3417 1184 16
a 3418 145456 64
a 3419 1968 64
a 3420 6624 16
a 3421 1088 16
a 3422 2192 64
a 3423 177344 64
f 3134
f 3400
a 3424 10208 256
a 3425 384 64
a 3426 220352 256
f 3336
a 3427 320 256
a 3428 6608 16
f 3346
a 3429 448 64
a 3430 177280 64
a 3431 1344 16
f 1977
f 2985
a 3432 7328 64
a 3433 4080 256
a 3434 27296 16
a 3435 1360 256
a 3436 177744 64
f 3279
a 3437 6048 256
a 3438 4832 16
f 2485
f 3130
f 3411
f 2860
f 3410
f 3403
a 3439 752 64
f 3008
a 3440 6656 16
a 3441 29840 64
f 3441
a 3442 1888 16
a 3443 36736 64
f 2680
f 3432
a 3444 5680 64
a 3445 1952 16
f 2936
a 3446 5536 64
f 2851
f 3266
a 3447 5968 256
f 2511
a 3448 1792 64
f 3385
a 3449 2944 256
a 3450 11872 64
a 3451 304 64
a 3452 1760 256
a 3453 944 16
a 3454 185312 64
f 2529
a 3455 206288 256
f 3454
f 2439
f 3359
f 3351
f 3079
f 3340
f 3347
f 2901
f 3236
f 2721
f 3056
a 3456 336 64
f 1740
a 3457 3616 64
a 3458 5712 16
a 3459 11952 16
a 3460 55056 64
a 3461 227232 256
f 3426
a 3462 19232 16
a 3463 10960 16
a 3464 1328 16
f 2678
a 3465 12880 16
a 3466 2832 64
a 3467 736 64
f 3358
a 3468 11936 16
a 3469 6464 64
f 3290
a 3470 69408 64
a 3471 67200 16
a 3472 31824 16
f 3022
a 3473 832 16
a 3474 1360 16
a 3475 26320 16
a 3476 1440 256
f 3323
a 3477 2144 64
a 3478 67248 16
a 3479 21968 256
a 3480 768 16
f 1398
a 3481 960 256
a 3482 12512 256
f 3415
a 3483 448 256
a 3484 33952 64
a 3485 262128 64
a 3486 169792 64
f 2933
f 3129
a 3487 107088 256
f 3241
f 3477
f 3264
f 3468
f 3379
f 3014
f 3037
f 3413
f 3453
f 3127
f 3406
f 3350
a 3488 1136 64
a 3489 10912 256
a 3490 7648 256
a 3491 4032 16
a 3492 27776 256
a 3493 720 16
a 3494 1616 256
f 3464
a 3495 40608 256
a 3496 5200 16
a 3497 198608 256
a 3498 81184 16
f 3065
f 3459
a 3499 14016 256
a 3500 1888 64
a 3501 944 64
f 2227
a 3502 416 256
a 3503 3472 16
a 3504 2672 64
a 3505 1584 256
f 3220
a 3506 17216 256
a 3507 5248 256
f 3378
f 2636
a 3508 261024 16
f 3234
a 3509 7552 64
a 3510 2112 256
f 3387
a 3511 100048 256
a 3512 512 16
a 3513 976 256
a 3514 76048 64
f 3407
f 3205
a 3515 1936 64
f 3206
a 3516 1632 256
f 3375
a 3517 171536 16
a 3518 1120 16
a 3519 14624 64
a 3520 9760 64
f 3465
f 3368
a 3521 4480 256
a 3522 73088 256
a 3523 640 16
a 3524 336 64
a 3525 45008 16
a 3526 528 16
f 3496
f 3523
a 3527 512 16
f 3256
a 3528 9440 16
a 3529 7040 256
a 3530 206832 16
f 3521
f 3434
a 3531 100544 16
f 3032
f 3165
a 3532 864 16
a 3533 2432 64
f 3433
a 3534 8336 16
a 3535 124896 64
f 3325
f 3481
f 3018
a 3536 9264 256
a 3537 84672 64
a 3538 272 64
a 3539 140560 256
a 3540 27840 64
f 3461
f 2969
a 3541 201008 256
f 3456
f 3235
f 3484
f 3392
f 3153
a 3542 896 64
a 3543 2048 16
f 3539
f 3329
a 3544 113760 16
a 3545 6592 16
a 3546 14160 16
a 3547 2048 16
a 3548 112592 256
a 3549 9936 64
f 3414
a 3550 384 256
f 3272
f 3067
a 3551 243104 256
f 3474
f 3352
a 3552 7152 64
f 3439
f 2252
a 3553 1616 64
a 3554 185968 64
f 3515
f 3475
f 3423
a 3555 5712 64
a 3556 10096 64
a 3557 6544 16
a 3558 124048 16
f 3443
f 2751
a 3559 119680 64
f 3511
a 3560 26416 64
a 3561 1264 16
f 3335
f 3297
a 3562 51200 256
a 3563 10688 64
f 3553
f 3163
a 3564 3664 16
a 3565 14336 64
f 2314
a 3566 54688 64
a 3567 672 16
f 3525
a 3568 1024 16
a 3569 384 256
f 3482
a 3570 4736 256
a 3571 213904 256
f 3384
f 2700
a 3572 83040 64
f 3201
a 3573 2208 16
f 3216
a 3574 35792 16
f 2827
f 3094
f 3172
a 3575 51200 256
a 3576 29008 64
a 3577 30544 16
a 3578 48736 16
a 3579 896 64
a 3580 480 16
a 3581 9184 256
a 3582 65216 16
a 3583 2480 64
a 3584 14048 64
a 3585 39680 64
a 3586 1344 64
a 3587 27600 256
a 3588 6576 64
f 3389
a 3589 257504 16
f 3397
f 3306
a 3590 1536 16
f 3573
a 3591 8320 256
a 3592 118800 16
f 3159
f 3550
f 3546
f 3313
f 3238
a 3593 992 64
f 2405
f 3173
f 2592
f 3260
a 3594 61424 64
f 3021
f 3473
f 3554
a 3595 272 64
a 3596 31536 64
a 3597 20288 256
a 3598 62176 64
f 3310
a 3599 69312 64
a 3600 14672 64
a 3601 6048 16
a 3602 46400 256
a 3603 14560 256
a 3604 1984 64
a 3605 2416 64
a 3606 3728 64
f 3230
f 3362
a 3607 15440 64
a 3608 1792 256
a 3609 720 64
a 3610 992 64
a 3611 320 64
a 3612 126928 16
f 3291
f 2734
a 3613 13472 64
f 3044
a 3614 120464 16
f 3177
f 2165
f 3292
f 2670
a 3615 13072 256
f 3156
a 3616 384 16
a 3617 64976 256
a 3618 736 256
a 3619 928 16
a 3620 46192 64
f 3405
a 3621 1520 64
f 3512
a 3622 14432 64
a 3623 976 16
a 3624 496 16
a 3625 50160 64
f 3327
a 3626 118576 256
f 3402
a 3627 9376 256
f 607
a 3628 928 64
f 2833
f 3444
a 3629 128640 16
f 2908
a 3630 864 16
f 3503
a 3631 5184 64
a 3632 51728 256
f 3620
a 3633 8016 64
f 3435
a 3634 17440 16
a 3635 211264 256
f 3574
f 2655
f 3276
f 3284
a 3636 832 16
a 3637 16016 64
a 3638 16656 16
a 3639 31488 64
a 3640 15088 64
a 3641 480 256
a 3642 272 16
f 3614
a 3643 272 256
a 3644 54144 16
a 3645 11136 256
a 3646 3984 16
a 3647 96432 16
f 3609
f 3543
f 3519
f 3425
f 3113
f 3571
a 3648 8816 16
f 3631
a 3649 14752 64
a 3650 163184 64
f 3345
a 3651 2096 16
a 3652 15120 64
a 3653 6192 16
a 3654 110096 16
f 3584
f 3395
f 2267
a 3655 44320 64
f 3648
f 3386
f 3049
a 3656 40176 64
a 3657 30640 64
f 3634
f 3123
f 3612
a 3658 1440 256
a 3659 1856 16
a 3660 206000 64
f 3305
f 3558
a 3661 20896 16
f 3605
f 3551
a 3662 8592 64
a 3663 2768 64
a 3664 400 256
a 3665 768 256
a 3666 8432 64
f 3567
a 3667 16224 64
f 3417
a 3668 64256 256
a 3669 20592 256
f 3489
a 3670 3552 16
a 3671 60208 256
f 3357
f 2437
f 3321
f 3639
f 3591
a 3672 53952 16
f 3669
f 3391
f 3603
a 3673 800 64
a 3674 184064 64
f 2855
a 3675 61568 256
a 3676 1664 16
a 3677 55744 64
f 3559
a 3678 14096 256
f 3535
f 3578
f 3676
a 3679 14704 16
a 3680 51312 64
a 3681 1200 16
f 3582
f 3636
f 3396
f 3633
f 3607
f 3659
f 3281
a 3682 512 256
a 3683 1248 64
f 3668
f 3431
a 3684 1808 256
a 3685 39024 256
f 3619
a 3686 14400 256
a 3687 2672 256
a 3688 53600 256
f 3670
f 3555
a 3689 832 64
f 3167
f 3212
a 3690 228704 256
a 3691 400 64
f 2944
f 3116
a 3692 368 16
f 3577
f 3524
a 3693 1392 16
f 3271
f 3381
f 3373
a 3694 416 16
a 3695 2400 64
a 3696 1120 64
a 3697 1024 256
a 3698 8720 256
f 3440
f 3686
a 3699 171168 16
a 3700 5856 16
a 3701 147056 256
f 1175
f 3528
a 3702 736 64
a 3703 9520 64
f 3438
f 3672
f 3259
f 3520
f 3678
a 3704 10336 256
f 3698
a 3705 560 64
a 3706 8032 256
f 3302
f 2758
f 3122
f 3630
f 3556
a 3707 2768 16
f 3694
a 3708 1456 16
a 3709 252160 16
f 3696
a 3710 220032 256
a 3711 336 256
a 3712 34656 256
f 3330
f 3703
f 3595
f 2633
a 3713 130896 64
f 3447
f 2422
f 3699
f 3561
f 3611
f 1341
f 2763
f 3097
a 3714 1520 64
a 3715 45408 256
a 3716 61728 64
f 3367
f 3472
a 3717 16208 256
f 3518
a 3718 624 64
f 3660
a 3719 235264 64
f 3564
f 3690
a 3720 232480 256
f 3579
f 3319
f 3326
f 3143
a 3721 5504 64
a 3722 112800 16
f 3338
a 3723 2016 64
a 3724 51152 256
a 3725 1760 64
f 3383
a 3726 1712 16
f 3194
a 3727 15536 256
f 3569
a 3728 4896 16
f 3646
a 3729 960 256
a 3730 33920 16
f 3317
a 3731 2976 16
a 3732 44160 256
f 2847
a 3733 288 16
a 3734 5136 16
a 3735 960 256
a 3736 15120 16
a 3737 88016 64
f 3337
a 3738 1456 16
a 3739 928 256
a 3740 14896 16
a 3741 8976 64
a 3742 29936 64
a 3743 16480 16
a 3744 1824 16
a 3745 32560 64
a 3746 3712 64
f 3428
a 3747 1184 256
a 3748 47488 16
a 3749 1856 64
a 3750 2016 64
a 3751 120448 256
f 3463
f 3138
a 3752 24224 64
f 2466
f 3507
f 3545
f 3160
f 3526
f 3700
f 3684
f 3589
a 3753 416 16
a 3754 31440 256
a 3755 320 64
a 3756 23344 64
f 3355
a 3757 21408 64
f 3749
a 3758 1664 64
a 3759 11936 256
f 3548
f 3233
a 3760 1888 64
a 3761 27920 64
a 3762 1648 64
a 3763 7536 64
a 3764 12336 64
f 2912
a 3765 14400 16
a 3766 119408 16
a 3767 800 16
a 3768 2096 256
f 3758
a 3769 84368 64
a 3770 59760 16
a 3771 6944 256
a 3772 46768 16
a 3773 6816 16
a 3774 7232 16
a 3775 114736 64
a 3776 45728 64
a 3777 14304 256
f 3651
a 3778 121152 256
a 3779 244288 256
f 3253
a 3780 2576 64
f 3645
f 3763
f 3404
a 3781 7280 16
f 3529
f 3599
f 3615
a 3782 560 64
f 3701
f 3570
f 3777
f 3189
f 3250
a 3783 1200 256
a 3784 3952 64
f 3530
a 3785 384 256
a 3786 3104 256
f 3537
f 3685
a 3787 352 16
a 3788 7552 64
a 3789 14048 16
f 3693
a 3790 1536 256
f 3776
a 3791 196704 256
a 3792 864 16
a 3793 4880 64
a 3794 8768 256
a 3795 752 16
a 3796 3120 64
a 3797 76640 64
a 3798 21664 256
a 3799 560 64
f 3505
a 3800 304 16
f 3226
a 3801 720 16
a 3802 464 64
f 3251
f 3616
f 3692
a 3803 30160 16
a 3804 121216 64
f 3789
f 3790
a 3805 190672 16
f 3654
f 3339
a 3806 384 64
f 3331
a 3807 1152 16
f 3725
a 3808 52144 16
f 3394
a 3809 352 16
a 3810 31696 64
f 3598
a 3811 5424 16
a 3812 7280 256
a 3813 21120 16
a 3814 1440 16
a 3815 8656 16
a 3816 1264 16
a 3817 1632 16
a 3818 101920 256
f 3637
a 3819 8240 64
a 3820 560 256
f 3744
a 3821 203520 256
a 3822 70368 64
f 3784
f 2922
f 3409
f 3430
f 3675
a 3823 4672 64
a 3824 25744 64
a 3825 7072 16
a 3826 272 16
a 3827 2000 64
a 3828 18064 16
a 3829 49968 64
f 3805
a 3830 368 64
a 3831 880 64
f 3020
a 3832 149232 64
a 3833 82848 256
a 3834 2672 64
f 3726
a 3835 17136 256
a 3836 976 256
a 3837 73504 16
f 3536
a 3838 143408 256
f 3488
f 3628
f 3372
f 3815
f 3506
f 3656
a 3839 1424 64
f 3424
f 3796
f 3642
a 3840 8128 16
a 3841 9264 16
a 3842 25152 64
a 3843 1296 64
f 3348
f 3296
a 3844 27760 256
a 3845 7824 256
f 3267
f 3812
a 3846 320 16
a 3847 1328 16
f 3480
a 3848 32496 16
a 3849 43440 16
a 3850 90144 64
a 3851 23840 16
a 3852 16592 64
f 3762
f 3846
a 3853 49040 256
f 3833
f 3666
f 3452
f 3697
f 3540
f 3534
a 3854 86400 16
a 3855 207552 16
f 3734
f 3604
a 3856 36128 256
f 2622
f 2781
a 3857 496 16
f 3398
f 3819
a 3858 45664 64
f 3766
f 2815
a 3859 3520 64
f 3442
f 3856
f 3568
f 3792
a 3860 28320 256
a 3861 20224 64
f 3380
a 3862 189424 16
a 3863 6784 256
a 3864 93424 16
f 3742
f 3446
f 2871
f 3315
f 3788
a 3865 127808 64
f 3494
f 3747
a 3866 896 256
f 3761
f 3724
f 3655
f 3859
a 3867 2608 256
a 3868 1648 16
a 3869 6960 16
f 3576
f 3393
a 3870 233392 64
f 3772
f 3852
f 3753
f 3717
f 3673
f 3714
f 3681
f 3798
a 3871 384 16
f 3644
f 3778
f 3870
a 3872 848 16
f 3808
f 3752
f 3775
f 3689
f 3691
f 3695
f 3735
f 3486
a 3873 28608 64
a 3874 117072 256
a 3875 368 256
a 3876 5200 64
f 3785
f 2961
a 3877 79408 64
f 3757
f 3462
a 3878 1696 256
f 3821
a 3879 368 16
a 3880 3840 16
a 3881 39792 16
a 3882 1696 16
a 3883 1952 256
a 3884 11728 64
f 3560
a 3885 54160 64
a 3886 11152 64
a 3887 38064 256
a 3888 206064 16
f 3804
f 3767
a 3889 1312 256
a 3890 10048 256
f 3740
a 3891 6928 256
f 3275
f 3663
f 3562
f 3848
a 3892 1072 256
a 3893 416 16
a 3894 592 64
a 3895 82416 64
f 2964
f 2935
f 3638
f 3485
a 3896 121280 64
a 3897 22976 16
a 3898 37232 16
a 3899 336 256
a 3900 6800 64
f 3822
a 3901 187968 16
f 3549
a 3902 14672 64
f 2720
f 2539
a 3903 8752 16
f 3600
a 3904 864 64
a 3905 34176 256
f 3580
f 3706
a 3906 15440 256
a 3907 7088 64
a 3908 656 16
f 3895
a 3909 12256 16
f 2648
a 3910 1872 16
a 3911 480 64
a 3912 6320 256
a 3913 1792 256
f 3349
f 3899
a 3914 736 64
a 3915 215680 256
f 3811
a 3916 192848 256
f 3478
f 3509
f 3873
f 3745
f 3911
f 3287
f 3769
a 3917 2736 64
a 3918 3680 16
a 3919 42768 64
a 3920 1024 16
a 3921 10736 256
a 3922 512 16
f 3748
f 3920
a 3923 10176 64
a 3924 4624 256
a 3925 168496 256
f 3728
f 3878
a 3926 1552 256
f 3876
f 3647
a 3927 30432 16
f 3497
a 3928 432 64
a 3929 768 64
a 3930 74544 16
f 3730
a 3931 145872 256
f 1893
a 3932 496 256
a 3933 83296 64
f 3632
f 2261
f 3451
f 3458
a 3934 432 16
a 3935 37392 64
f 3300
a 3936 1968 16
f 3727
a 3937 2208 64
a 3938 55584 64
f 3702
a 3939 1152 16
f 3834
f 3514
a 3940 45664 16
f 3502
f 3222
f 3501
f 3437
f 3818
a 3941 143296 256
a 3942 592 256
f 3750
a 3943 154816 16
f 3866
a 3944 55792 256
a 3945 23568 64
f 3045
f 3354
f 3204
f 3608
a 3946 105696 64
a 3947 97712 64
a 3948 672 256
f 3099
f 3476
f 3316
f 3773
f 3863
f 3613
f 3922
f 3531
f 3891
f 3780
f 3682
f 3366
f 2856
f 3427
f 3517
a 3949 912 256
f 3665
a 3950 57712 16
a 3951 10560 64
a 3952 92000 64
a 3953 304 16
f 3840
f 3629
f 3953
a 3954 1872 64
a 3955 592 64
f 3927
a 3956 186768 16
f 2836
f 3533
f 3360
f 3500
f 3910
f 3868
f 3946
f 3508
f 3791
a 3957 416 256
a 3958 8048 256
f 2942
f 3671
a 3959 55200 64
a 3960 800 64
f 3610
a 3961 105232 64
a 3962 2096 64
a 3963 2320 256
f 3864
a 3964 194880 64
a 3965 832 256
f 3657
a 3966 1264 16
f 3704
a 3967 3888 16
a 3968 102480 16
a 3969 56528 16
f 3522
a 3970 16656 256
a 3971 42048 64
f 3583
a 3972 77392 16
a 3973 14784 64
a 3974 121984 64
f 3756
f 2857
f 3455
a 3975 1376 64
a 3976 156544 16
f 3538
a 3977 496 64
a 3978 17920 256
a 3979 201616 256
f 3650
f 3885
a 3980 231312 64
f 3774
f 3751
a 3981 243344 16
f 3807
a 3982 432 64
f 3768
f 3970
f 3200
f 3743
f 3894
a 3983 188160 64
a 3984 57520 64
f 3516
f 2697
f 3532
f 3901
a 3985 72128 16
f 3640
f 3243
f 3853
f 3825
f 3810
a 3986 2640 256
f 3527
f 3779
f 1038
a 3987 336 256
f 3830
a 3988 1216 64
f 3896
a 3989 33712 64
a 3990 20672 64
a 3991 1056 256
a 3992 592 256
f 3937
a 3993 3408 16
f 3806
f 3869
a 3994 26304 256
a 3995 225408 64
a 3996 62096 256
f 3759
a 3997 448 256
a 3998 7792 64
f 3865
f 3925
a 3999 25680 256
a 4000 6160 64
f 3959
a 4001 384 256
f 3643
a 4002 816 16
a 4003 182352 16
f 3677
f 3990
a 4004 1920 256
f 3736
a 4005 231376 256
f 3943
f 3904
f 3844
a 4006 14704 64
f 3214
a 4007 1968 16
a 4008 2000 64
a 4009 9904 64
a 4010 3728 64
a 4011 384 256
a 4012 480 64
a 4013 7296 256
f 3376
a 4014 864 256
a 4015 8864 16
a 4016 53232 64
f 3957
a 4017 143536 256
f 3824
a 4018 28096 256
f 3924
f 2724
f 3606
a 4019 8560 256
f 3986
f 3905
f 3966
f 3962
f 3382
f 2777
f 3587
a 4020 3488 64
f 3470
f 3881
f 3709
f 3622
a 4021 136672 16
a 4022 12720 16
a 4023 4080 256
f 4011
a 4024 320 16
a 4025 23488 64
a 4026 15936 64
f 3712
a 4027 848 16
f 3565
a 4028 5280 16
a 4029 496 16
a 4030 39392 16
f 3364
a 4031 1680 16
a 4032 24560 64
a 4033 14752 16
a 4034 1024 16
f 3664
f 4002
a 4035 44304 64
a 4036 154752 16
a 4037 14896 256
a 4038 5136 16
f 3422
a 4039 10912 64
a 4040 80384 256
a 4041 1568 64
a 4042 3296 64
a 4043 61328 64
f 3003
a 4044 1760 64
f 3232
f 3998
f 3835
a 4045 41936 64
a 4046 400 16
f 3723
a 4047 4400 16
a 4048 352 256
a 4049 10432 16
a 4050 3888 16
a 4051 880 16
a 4052 60832 256
a 4053 5296 16
a 4054 8512 256
a 4055 89120 256
a 4056 209552 256
f 3203
f 3979
a 4057 3936 64
a 4058 97376 256
a 4059 61856 16
a 4060 36592 256
f 3836
a 4061 39552 16
f 4017
f 3935
a 4062 36288 64
a 4063 9248 64
a 4064 48400 16
a 4065 180384 256
f 3928
f 3012
a 4066 3360 16
f 3429
f 3419
a 4067 2368 256
f 3921
f 3121
f 4046
a 4068 153936 64
a 4069 14272 16
f 3897
a 4070 93552 256
f 3845
f 3765
f 3421
f 4026
a 4071 848 64
f 3887
f 3162
a 4072 5040 16
f 4069
f 3708
a 4073 368 64
f 3715
f 4071
f 3851
a 4074 52336 256
a 4075 50608 256
f 3879
f 4012
f 4054
f 4004
f 3906
f 3248
a 4076 21104 16
f 3575
a 4077 2768 16
f 4061
f 4001
f 3968
f 3004
f 2885
a 4078 352 16
a 4079 432 256
f 4014
f 3926
a 4080 25184 64
a 4081 49312 64
f 3771
a 4082 20304 64
f 3800
f 3491
f 3343
f 3572
a 4083 13808 64
f 3498
f 3883
a 4084 55632 16
a 4085 1200 16
a 4086 15072 256
f 3875
a 4087 247936 16
f 2665
a 4088 3264 16
a 4089 212464 16
f 4052
f 4033
a 4090 2064 16
f 3731
a 4091 1136 16
f 4019
f 3590
f 3737
a 4092 59584 16
f 4029
a 4093 204624 64
f 4015
f 4074
f 3829
f 1968
f 3627
a 4094 272 256
f 3809
a 4095 30864 256
f 3401
f 3544
a 4096 1984 16
a 4097 11568 64
a 4098 3360 16
a 4099 3440 256
a 4100 1040 256
f 3977
a 4101 7776 16
a 4102 976 64
f 3993
a 4103 3664 64
a 4104 10112 64
a 4105 1792 64
a 4106 1008 256
f 2845
a 4107 119888 256
a 4108 1312 64
a 4109 7024 64
a 4110 16880 16
a 4111 22096 256
f 3820
f 2770
a 4112 992 64
f 3976
a 4113 320 256
a 4114 5760 16
a 4115 186976 256
a 4116 114784 64
f 3893
f 3269
f 3445
f 3760
f 4109
f 3930
f 3542
a 4117 448 16
f 4060
f 3872
f 3623
f 4106
f 3941
f 3907
a 4118 352 16
a 4119 122768 16
f 3994
a 4120 15216 256
a 4121 138208 16
a 4122 10704 256
f 3408
f 3688
f 3755
f 3880
f 2943
f 4094
f 3746
f 3913
f 3487
a 4123 19008 256
a 4124 384 16
f 3466
a 4125 304 64
a 4126 158848 16
f 4101
f 3828
f 4025
f 2727
f 4006
a 4127 14624 64
f 4103
f 3939
f 3547
a 4128 1264 16
f 4068
a 4129 22288 64
a 4130 12208 16
a 4131 3568 64
f 3320
a 4132 28784 64
f 3139
a 4133 89024 64
f 3950
a 4134 496 64
a 4135 512 64
f 3978
f 4077
a 4136 58480 16
f 4110
f 4055
a 4137 6064 16
a 4138 42304 16
f 3955
f 3971
a 4139 4096 256
a 4140 45872 64
a 4141 992 64
f 3996
a 4142 3456 64
a 4143 4000 64
a 4144 186784 64
a 4145 304 16
f 3940
a 4146 352 256
f 4138
f 3596
f 3658
a 4147 44528 256
a 4148 4128 256
f 3460
a 4149 784 16
a 4150 80768 64
f 4098
f 3492
f 3566
f 3457
a 4151 2880 256
f 3594
a 4152 7536 64
a 4153 88608 64
f 3710
a 4154 448 64
a 4155 944 64
f 3995
f 456
f 4031
a 4156 3664 16
f 4085
a 4157 47872 256
a 4158 1104 64
a 4159 1536 64
a 4160 1952 256
a 4161 8464 64
f 2176
f 3802
a 4162 4080 64
a 4163 127760 256
f 3858
a 4164 1312 16
a 4165 656 64
a 4166 2416 16
a 4167 12896 16
a 4168 480 256
a 4169 242992 256
a 4170 352 256
a 4171 960 256
f 3739
a 4172 17568 64
a 4173 576 64
a 4174 43200 256
f 4032
a 4175 4304 256
a 4176 97712 16
f 3416
f 4023
a 4177 232912 64
a 4178 2912 16
f 4107
a 4179 8160 16
f 4057
f 3919
c op-8000
a 4180 352 64
f 3469
f 4088
f 4010
a 4181 110608 16
f 3855
f 3987
a 4182 6240 64
f 3732
f 3649
f 3902
a 4183 720 16
f 3288
f 3849
a 4184 1600 64
a 4185 15104 16
a 4186 12496 16
f 3661
f 3586
f 3218
f 3984
f 2959
a 4187 2400 256
a 4188 8736 64
a 4189 12928 256
a 4190 496 64
a 4191 58416 64
a 4192 9680 256
a 4193 1744 16
f 4120
a 4194 1536 256
a 4195 18992 16
f 4082
a 4196 13632 256
f 3066
a 4197 105616 64
a 4198 608 256
a 4199 60064 64
a 4200 24336 64
a 4201 496 64
a 4202 3424 16
a 4203 125200 64
a 4204 1632 16
f 4189
a 4205 109616 16
f 4013
f 4009
a 4206 3904 16
f 3900
f 2121
a 4207 7520 256
a 4208 656 64
a 4209 896 256
f 2972
a 4210 50496 64
f 3449
f 4100
f 3185
f 4022
f 4007
f 3795
f 3588
a 4211 1520 64
f 3874
a 4212 8000 16
a 4213 61344 64
a 4214 2848 64
a 4215 272 256
f 3783
a 4216 8800 64
f 4114
a 4217 31136 64
f 3017
a 4218 60192 16
f 4075
f 3541
a 4219 912 256
a 4220 116560 256
a 4221 384 16
f 3814
a 4222 1056 16
f 3781
a 4223 8688 16
a 4224 215856 16
f 4213
f 4016
f 3510
f 4177
a 4225 1904 256
f 4163
a 4226 13776 256
f 2540
a 4227 5200 256
f 3862
f 3956
a 4228 4000 64
a 4229 1744 64
a 4230 22576 16
a 4231 576 256
f 4151
a 4232 133936 16
a 4233 53824 64
a 4234 122576 16
a 4235 3840 256
a 4236 19408 256
a 4237 4800 256
a 4238 87008 256
a 4239 31104 64
a 4240 384 16
a 4241 464 256
a 4242 1968 256
a 4243 5072 16
f 4111
a 4244 34992 256
a 4245 304 64
a 4246 9232 64
f 3890
f 4236
a 4247 3968 16
f 4003
a 4248 368 16
f 3867
a 4249 142864 256
a 4250 2496 256
a 4251 1856 64
f 4097
f 3951
a 4252 34544 64
a 4253 123680 256
a 4254 720 16
a 4255 21488 16
a 4256 7424 16
a 4257 11952 64
a 4258 10672 64
a 4259 640 16
a 4260 17552 64
f 4165
f 4141
f 3341
a 4261 14640 64
a 4262 6144 256
f 3557
f 2389
a 4263 180576 64
f 4206
f 3674
f 4102
a 4264 21728 64
f 4211
a 4265 800 16
f 4265
f 4204
a 4266 432 256
a 4267 12624 64
f 3989
a 4268 1872 256
a 4269 768 256
a 4270 34688 256
a 4271 544 16
a 4272 8592 64
f 4073
f 4145
f 3711
f 3803
a 4273 16080 64
f 3770
f 3892
a 4274 219104 64
a 4275 11536 64
f 4208
a 4276 120736 64
f 3467
f 4264
f 3479
f 4139
a 4277 448 256
f 3997
a 4278 1504 256
f 2417
a 4279 210096 64
f 2986
f 3967
f 3029
f 3903
a 4280 15536 16
f 4170
f 4220
a 4281 864 256
f 3981
f 4146
f 3242
a 4282 6144 64
a 4283 30352 16
f 3857
a 4284 73248 64
f 4230
a 4285 58416 64
f 4168
a 4286 51024 256
f 4124
a 4287 720 256
f 3854
f 4050
a 4288 1696 64
a 4289 640 256
a 4290 672 256
a 4291 51440 16
f 4291
a 4292 4288 256
a 4293 19504 16
a 4294 2528 64
a 4295 768 16
f 3973
a 4296 1728 64
f 4040
a 4297 130064 256
f 3799
f 3947
a 4298 752 16
a 4299 13632 256
a 4300 6384 16
a 4301 8608 64
a 4302 5328 256
a 4303 2656 16
f 4070
a 4304 896 256
a 4305 448 16
a 4306 7840 256
a 4307 1136 64
f 3860
f 4239
f 4289
a 4308 3264 16
a 4309 205072 64
a 4310 3968 64
a 4311 155888 64
f 4049
a 4312 1888 64
f 3154
f 4143
f 3371
f 3499
f 3617
f 4140
f 3448
f 4304
f 4257
a 4313 40864 64
a 4314 736 64
a 4315 2368 16
f 4216
f 3933
a 4316 480 64
a 4317 31680 256
a 4318 4640 64
f 3917
a 4319 92400 64
f 4179
a 4320 106480 16
f 4250
a 4321 2048 256
f 3786
f 4242
f 3908
a 4322 6832 16
a 4323 992 16
a 4324 79680 16
f 4021
f 4164
f 3794
f 4303
a 4325 848 64
a 4326 259616 256
f 4292
a 4327 1232 64
f 4121
a 4328 10208 64
f 3958
f 4104
f 3625
f 4201
f 3621
f 3871
a 4329 352 16
f 4036
f 4187
f 3945
f 4135
f 4243
a 4330 4112 16
a 4331 103360 16
a 4332 233440 16
f 4258
f 4080
f 3972
a 4333 26208 256
a 4334 624 16
a 4335 288 64
f 4195
f 4105
f 3793
f 3641
a 4336 116464 64
f 3817
f 4269
f 4188
f 3601
f 4248
f 3626
f 4066
a 4337 128208 16
f 3057
f 4310
a 4338 368 256
f 3436
f 3985
a 4339 7088 16
a 4340 41312 16
f 4196
f 4192
a 4341 14416 256
a 4342 49008 16
a 4343 4208 64
f 4005
f 4325
f 4166
a 4344 1344 16
f 3680
a 4345 168960 16
a 4346 196112 256
f 3602
f 4228
a 4347 656 64
a 4348 1120 16
a 4349 89744 64
f 3916
a 4350 13136 256
f 3963
f 4027
a 4351 5184 16
f 4348
a 4352 26048 16
a 4353 196752 256
a 4354 204464 256
a 4355 65216 256
f 3504
f 4259
f 4300
f 4160
f 4273
f 3964
f 4245
f 4059
f 4251
f 4231
f 4328
f 3909
a 4356 237600 64
f 3493
f 2581
a 4357 464 256
f 4298
f 3683
f 4342
f 3552
f 3932
f 3495
f 3624
f 3988
a 4358 156128 16
f 4090
f 4083
a 4359 15392 16
f 4306
f 3262
a 4360 24720 256
f 4162
f 3471
f 4229
f 4152
f 4275
a 4361 14704 64
a 4362 2384 16
f 4093
a 4363 11104 16
a 4364 9264 16
a 4365 163600 16
f 4288
f 3832
f 3168
a 4366 241664 64
a 4367 13360 16
f 4272
a 4368 58384 256
a 4369 1568 256
f 3597
f 4042
f 3816
f 3713
a 4370 800 64
a 4371 56480 64
f 3882
f 3948
f 4037
f 4035
a 4372 23952 64
f 4207
a 4373 1856 64
a 4374 23024 256
f 2682
f 4278
f 4171
f 4263
a 4375 80064 64
a 4376 26144 64
f 4122
a 4377 59136 256
a 4378 217616 64
a 4379 260160 256
f 4041
a 4380 62720 16
a 4381 30208 64
f 3938
f 4051
f 4112
f 4271
f 3307
f 4347
f 4372
f 4076
f 3369
f 4318
f 4354
f 3738
f 4091
f 4172
f 4274
a 4382 640 256
a 4383 2192 16
a 4384 288 64
a 4385 400 64
a 4386 960 64
a 4387 15888 64
a 4388 336 256
f 4215
a 4389 272 64
a 4390 272 64
f 4167
a 4391 29440 16
a 4392 1920 16
a 4393 512 64
a 4394 1552 64
a 4395 42528 64
a 4396 992 16
a 4397 207824 16
f 4246
f 3363
f 4034
f 4382
f 4126
a 4398 108208 64
f 4205
a 4399 656 256
a 4400 512 64
a 4401 288 16
a 4402 207200 16
f 4329
a 4403 656 64
f 3823
f 4363
f 4062
f 3841
a 4404 122064 16
f 4119
a 4405 416 256
f 4219
f 4079
a 4406 896 256
f 4234
a 4407 136032 16
f 3838
a 4408 2304 16
a 4409 848 256
a 4410 304 256
a 4411 57680 16
f 4345
a 4412 27616 64
f 4284
a 4413 4960 64
a 4414 193616 256
a 4415 432 16
f 4368
a 4416 2224 16
a 4417 2784 16
a 4418 215664 256
f 4086
f 3912
f 4232
a 4419 23072 16
f 3975
f 4214
a 4420 213280 16
f 3273
f 4261
f 4072
a 4421 47792 256
a 4422 7568 16
f 4266
f 4351
f 4064
a 4423 2000 64
f 4240
f 4356
f 2668
a 4424 5856 64
a 4425 1040 64
f 4395
f 4132
f 4350
a 4426 123472 256
a 4427 416 16
a 4428 1120 64
a 4429 20512 16
f 3923
a 4430 496 64
a 4431 5280 256
a 4432 3952 256
a 4433 19728 256
f 4390
a 4434 3088 64
a 4435 130080 16
f 3420
f 4181
a 4436 432 64
a 4437 3216 16
a 4438 1008 256
f 3837
a 4439 130608 16
f 3898
a 4440 1104 64
a 4441 608 64
a 4442 1952 64
a 4443 16368 256
a 4444 30800 64
f 4406
a 4445 31312 16
f 4161
a 4446 1792 16
f 4190
a 4447 71936 64
f 4157
a 4448 162368 256
f 4253
f 3949
f 4353
a 4449 5104 256
a 4450 864 16
a 4451 5040 256
a 4452 448 64
a 4453 6336 64
a 4454 12032 256
f 4043
a 4455 187680 256
a 4456 74112 64
f 4323
f 3931
a 4457 31744 64
f 4067
f 4378
a 4458 18544 256
f 4267
a 4459 1840 16
a 4460 89328 256
a 4461 17520 256
a 4462 12176 16
a 4463 42832 64
a 4464 14816 64
a 4465 25456 16
a 4466 32080 256
f 4405
f 4053
a 4467 174096 256
f 3914
f 3652
f 3936
f 4153
f 4407
f 4399
a 4468 1088 64
a 4469 34416 64
a 4470 688 16
a 4471 1520 256
f 4293
a 4472 992 16
a 4473 1600 256
f 4056
a 4474 2656 256
a 4475 2720 64
f 3839
a 4476 784 16
a 4477 5552 256
a 4478 15424 64
a 4479 14656 256
a 4480 50736 256
a 4481 104192 16
a 4482 91008 256
f 4381
a 4483 25808 16
a 4484 6384 16
f 3718
f 3741
f 4475
f 4465
a 4485 2224 64
f 3086
a 4486 1504 64
a 4487 272 64
a 4488 47984 16
f 4045
a 4489 1776 16
a 4490 4720 16
a 4491 19360 64
a 4492 7280 64
a 4493 864 16
a 4494 416 256
f 4282
f 4299
f 4419
a 4495 19376 16
f 4180
f 4461
a 4496 159072 256
f 4444
f 3662
f 4392
f 4175
f 4397
a 4497 40960 64
a 4498 26112 64
a 4499 1280 16
a 4500 23728 64
f 4000
a 4501 416 16
f 3370
a 4502 88064 256
f 4327
a 4503 138384 256
a 4504 2624 64
f 4268
f 4364
f 3886
f 4099
f 3418
f 4158
f 4355
a 4505 85424 16
f 4404
a 4506 2848 64
a 4507 22848 16
f 4339
a 4508 992 64
a 4509 1520 64
a 4510 576 256
f 4487
f 4424
f 3585
a 4511 23040 256
a 4512 1056 16
a 4513 132272 64
f 4155
f 4387
f 4403
f 3754
a 4514 336 64
f 4441
f 3884
a 4515 672 256
a 4516 103104 256
f 4131
f 3721
f 4474
f 4194
f 4154
f 3687
a 4517 101472 16
f 3679
a 4518 11120 16
a 4519 44928 64
f 3918
f 4385
a 4520 77280 256
f 3999
f 4452
f 3298
a 4521 25712 64
f 4202
f 4285
f 4349
f 4337
a 4522 7232 16
a 4523 11328 256
a 4524 258192 256
a 4525 7600 16
f 4260
f 3980
f 4330
f 4176
f 4227
f 4309
f 4509
a 4526 832 64
a 4527 4304 256
a 4528 167648 64
a 4529 5872 64
a 4530 3824 64
a 4531 17728 256
f 4130
a 4532 25632 64
a 4533 304 64
f 4044
f 4427
a 4534 624 256
a 4535 1856 16
f 4081
a 4536 2176 16
a 4537 288 256
a 4538 47136 256
a 4539 1232 16
a 4540 3520 64
a 4541 7424 16
f 4137
a 4542 229568 16
f 4338
f 4217
f 4454
a 4543 148992 16
a 4544 222240 16
f 4376
f 4393
f 3960
f 4451
f 4283
f 4136
f 4197
f 4386
f 3992
f 4276
f 4185
f 4237
a 4545 2128 16
a 4546 15536 64
a 4547 1904 64
f 4089
a 4548 2416 256
a 4549 46672 16
a 4550 2496 256
a 4551 1856 16
f 4118
f 3827
a 4552 1712 64
f 4326
a 4553 1888 256
a 4554 104640 64
a 4555 122416 64
f 4286
a 4556 163840 256
a 4557 57152 256
f 4249
a 4558 15648 16
a 4559 118208 64
f 4361
f 4421
f 4500
f 4442
f 3208
f 4212
a 4560 9200 256
f 4320
f 4343
f 4331
a 4561 7568 256
a 4562 2432 16
a 4563 2864 16
a 4564 368 64
a 4565 14528 64
a 4566 4320 16
f 4437
f 4540
a 4567 58304 256
a 4568 2336 64
a 4569 3248 16
f 4450
f 4504
a 4570 19312 256
f 3225
a 4571 128224 64
a 4572 75456 64
f 3813
f 4087
a 4573 71456 16
a 4574 22048 256
a 4575 21312 64
a 4576 215888 16
f 4373
a 4577 50464 256
f 4490
f 4541
f 4481
f 4334
f 4564
a 4578 20112 64
a 4579 45552 64
f 3192
f 4554
a 4580 10416 256
f 4295
f 4047
a 4581 12048 64
a 4582 1632 16
f 4241
f 4148
f 4542
f 3861
a 4583 672 256
a 4584 3376 256
a 4585 6256 256
f 4383
f 3961
a 4586 7872 256
f 4557
f 4159
a 4587 10416 64
a 4588 1568 16
a 4589 272 64
a 4590 6272 256
a 4591 246528 16
f 3954
a 4592 23888 64
f 4420
f 4423
f 4024
f 4524
a 4593 104944 256
a 4594 247184 16
f 4311
a 4595 4032 16
f 4507
f 4586
f 3831
f 4092
a 4596 1744 16
a 4597 400 64
a 4598 560 64
a 4599 35472 16
a 4600 5168 256
a 4601 9888 64
f 4225
f 4566
f 4277
f 4144
a 4602 688 256
a 4603 1472 16
a 4604 6768 256
a 4605 528 64
f 4569
a 4606 10480 64
a 4607 2288 64
a 4608 220976 16
a 4609 704 64
a 4610 22064 16
a 4611 84784 64
f 4477
a 4612 32384 16
f 4313
f 4575
a 4613 10144 256
a 4614 2016 64
a 4615 368 64
a 4616 8320 64
a 4617 21424 16
a 4618 464 16
a 4619 512 256
a 4620 6416 16
f 3850
a 4621 164272 256
a 4622 3232 64
f 4607
a 4623 62832 256
f 4591
f 3707
a 4624 11168 16
a 4625 848 256
a 4626 13136 256
a 4627 832 256
a 4628 768 16
f 4602
a 4629 147408 256
a 4630 42240 64
f 4491
a 4631 3968 256
f 4123
f 4369
f 4499
f 3635
a 4632 59872 64
a 4633 41040 16
f 4561
f 4552
f 3115
a 4634 9024 256
a 4635 10032 256
f 4224
a 4636 129056 256
a 4637 26672 16
a 4638 242528 16
a 4639 69632 64
f 4553
a 4640 1216 256
a 4641 23888 64
f 3965
f 4147
a 4642 2288 256
a 4643 205968 256
f 4637
f 4526
a 4644 624 256
f 4535
f 4436
f 4321
f 4203
f 4632
a 4645 3600 16
f 4408
a 4646 3152 16
a 4647 2304 64
f 4449
a 4648 26528 256
f 3618
a 4649 976 256
f 4570
f 4254
a 4650 2208 64
a 4651 1152 256
f 4482
f 4199
a 4652 14304 256
f 4425
a 4653 320 16
a 4654 3168 16
a 4655 752 256
a 4656 222704 16
f 4018
a 4657 624 64
a 4658 106720 16
a 4659 1104 256
f 4296
f 4218
f 4496
a 4660 864 16
a 4661 336 16
a 4662 1104 64
a 4663 257104 256
a 4664 272 256
f 3490
f 4647
a 4665 7312 64
f 4623
f 4324
f 3801
f 4486
f 4536
f 4489
f 4352
f 4108
f 4537
a 4666 3760 16
f 4523
a 4667 336 64
a 4668 3104 64
f 3050
f 3969
a 4669 432 64
a 4670 21488 64
a 4671 250800 256
f 4453
a 4672 67360 64
f 4344
a 4673 6576 256
f 3333
a 4674 233936 16
f 4619
f 4438
f 4480
f 4610
f 4558
a 4675 9968 256
f 4226
f 4555
f 4546
f 4593
f 4470
f 4601
f 4115
a 4676 608 64
a 4677 1008 16
a 4678 5552 256
a 4679 232960 64
f 4434
f 4551
f 4398
f 4244
f 4636
a 4680 158304 256
a 4681 2800 16
f 3889
f 4639
f 4669
f 4605
f 4415
f 4445
f 3412
a 4682 9840 16
f 4620
a 4683 4672 16
f 4488
a 4684 2864 256
a 4685 432 256
a 4686 816 64
a 4687 49872 16
f 4096
a 4688 4656 256
f 3247
f 4365
a 4689 119776 16
a 4690 59536 64
f 4625
f 4312
f 4063
f 4574
a 4691 5344 256
f 3332
a 4692 656 256
a 4693 13632 16
f 4149
a 4694 80272 256
f 4297
a 4695 68560 16
f 3842
a 4696 8688 16
f 4459
f 4447
a 4697 9680 16
a 4698 47952 16
f 4690
a 4699 1456 256
a 4700 35216 256
f 4565
a 4701 91392 64
f 4281
f 3982
f 4685
f 4608
a 4702 8144 64
a 4703 5344 256
a 4704 46352 256
a 4705 29312 16
a 4706 27376 64
a 4707 288 256
a 4708 20880 256
a 4709 7264 16
f 4563
a 4710 59312 256
f 4599
f 4402
a 4711 80896 16
a 4712 928 256
a 4713 74160 256
a 4714 10976 16
a 4715 3968 16
f 4597
a 4716 6896 16
f 4649
a 4717 35072 256
a 4718 16208 256
a 4719 26784 16
f 4335
f 4699
f 4455
f 4430
a 4720 624 256
a 4721 2992 64
a 4722 229408 64
f 3847
f 4290
f 4568
f 4235
f 4374
f 3729
f 4717
f 3563
a 4723 49504 256
a 4724 1936 16
a 4725 64400 64
a 4726 55808 256
a 4727 30112 64
f 4287
f 4515
a 4728 28256 64
f 4594
f 4616
a 4729 10528 16
a 4730 131344 16
f 4506
a 4731 138688 16
f 4511
f 4485
f 4578
f 4681
f 4084
f 4598
a 4732 22416 16
f 2999
f 4706
f 4418
a 4733 113392 256
f 4696
a 4734 4576 64
a 4735 21232 256
a 4736 48752 256
f 4655
a 4737 9488 64
f 4712
a 4738 448 16
a 4739 255056 16
f 4520
a 4740 30288 256
f 4150
f 3581
a 4741 147216 256
a 4742 560 64
f 4652
a 4743 480 16
a 4744 33408 16
a 4745 18448 64
f 4724
a 4746 720 16
f 4262
f 3719
f 4498
a 4747 116992 16
f 4614
f 3705
f 4039
f 4645
a 4748 31664 64
f 4657
f 4660
f 4577
f 4178
f 4247
a 4749 159104 16
f 4583
f 4514
f 4525
f 4680
f 4308
a 4750 704 16
f 4375
f 4646
f 4377
f 4048
a 4751 8832 16
f 4588
a 4752 23936 256
f 4030
a 4753 3344 256
a 4754 29632 16
a 4755 288 256
a 4756 10000 256
f 4547
a 4757 2800 64
f 4702
f 3952
a 4758 3168 256
a 4759 61216 16
a 4760 56800 256
f 4742
f 4611
a 4761 142912 256
a 4762 3040 16
a 4763 36448 16
a 4764 27584 64
a 4765 2112 64
f 4389
f 4125
a 4766 12928 16
f 4731
f 4501
f 4095
f 4763
a 4767 64720 16
f 4615
f 4721
f 4173
f 4705
f 4280
a 4768 7824 256
f 4305
a 4769 14880 256
f 4633
a 4770 7504 256
a 4771 111264 16
a 4772 3424 64
f 4714
f 4527
a 4773 9408 256
f 4497
f 4412
a 4774 512 16
f 4314
f 4736
a 4775 16144 256
f 3311
f 4443
f 4539
a 4776 43536 64
f 4630
a 4777 6192 16
a 4778 56288 16
f 4545
f 4613
f 4483
a 4779 2384 64
a 4780 7904 64
a 4781 156816 64
f 3942
a 4782 336 64
f 4379
f 4776
a 4783 7168 16
a 4784 130080 256
a 4785 256848 256
f 4635
f 3991
f 4433
a 4786 512 16
f 4687
f 4458
f 4411
f 3888
f 4394
a 4787 122688 16
a 4788 11280 64
f 4317
a 4789 848 64
a 4790 7744 256
a 4791 4528 16
a 4792 15152 64
f 4661
f 4719
a 4793 69072 256
f 4689
a 4794 1264 16
f 4359
a 4795 640 64
a 4796 78624 16
f 4727
f 4466
a 4797 16336 16
a 4798 46112 64
f 4688
a 4799 141200 64
f 4340
f 4670
f 4634
a 4800 6976 256
f 4653
f 4020
f 4550
a 4801 82288 64
f 4675
f 4494
a 4802 88080 16
a 4803 4448 256
f 3974
f 4193
a 4804 126352 16
a 4805 5344 64
f 4587
f 4493
f 4643
f 4191
a 4806 12432 256
a 4807 2896 64
a 4808 9904 64
a 4809 1888 64
a 4810 210688 256
f 4792
f 4156
f 3782
a 4811 832 16
f 4426
f 4693
f 4618
a 4812 1968 256
a 4813 104288 16
f 4778
f 4457
f 4733
a 4814 129968 16
a 4815 28880 64
a 4816 1888 256
f 4609
f 4544
f 4788
a 4817 1904 16
f 4735
a 4818 336 256
f 4648
a 4819 96224 256
a 4820 1616 16
a 4821 222720 16
f 4492
a 4822 5136 256
f 4517
f 4380
a 4823 7728 256
a 4824 816 16
a 4825 7088 256
f 4796
a 4826 464 256
a 4827 20880 256
f 4734
f 4198
a 4828 29952 64
f 4811
a 4829 175248 64
a 4830 60032 64
f 4129
f 4270
f 4780
a 4831 120320 16
f 4357
f 4332
a 4832 24064 16
f 4174
f 4589
f 4695
f 4534
f 4694
f 4794
a 4833 1008 64
a 4834 60928 256
a 4835 1120 16
a 4836 145616 16
f 4579
a 4837 162576 64
f 4316
f 4764
a 4838 448 16
a 4839 32272 64
a 4840 40032 16
a 4841 20192 64
f 4665
a 4842 30288 16
f 4805
a 4843 186768 16
f 4346
f 3246
a 4844 1568 16
f 4824
f 4834
a 4845 2016 64
a 4846 29376 64
f 4628
a 4847 1024 256
f 4414
a 4848 1888 256
a 4849 1904 256
a 4850 496 16
a 4851 7936 64
a 4852 13648 256
a 4853 2256 64
a 4854 42592 16
a 4855 2000 16
a 4856 7952 256
a 4857 3216 16
f 4810
f 4820
a 4858 156560 16
f 4846
f 4572
f 4750
a 4859 4352 16
f 4592
f 4668
a 4860 288 256
a 4861 111024 256
a 4862 82272 16
a 4863 2416 256
f 4417
a 4864 86368 256
f 4679
a 4865 1200 16
a 4866 146320 16
a 4867 32112 256
a 4868 832 16
a 4869 384 64
a 4870 115216 256
a 4871 5168 64
a 4872 6464 64
a 4873 15056 64
f 4744
f 4581
f 4799
a 4874 135824 16
a 4875 2144 16
f 4855
f 4720
f 4576
f 3929
a 4876 3408 16
a 4877 480 16
a 4878 560 256
f 4786
a 4879 2240 16
f 4858
f 4512
a 4880 1536 16
a 4881 94288 16
a 4882 112816 64
a 4883 241440 16
f 4843
a 4884 7040 16
a 4885 27264 16
a 4886 35136 256
f 4656
f 4113
a 4887 153200 256
a 4888 92992 64
a 4889 174544 256
f 4775
f 4184
f 4821
f 4560
a 4890 1568 256
a 4891 112720 64
a 4892 336 256
f 4729
f 4807
f 4256
f 4862
a 4893 2608 64
a 4894 243408 256
f 4766
f 4759
f 4606
f 4804
f 4893
f 4671
a 4895 1216 256
a 4896 2096 64
a 4897 31056 16
a 4898 247504 64
a 4899 61264 16
a 4900 2560 16
f 4336
f 4078
a 4901 52784 256
f 4800
f 4409
f 4872
f 4900
f 4866
a 4902 106928 16
a 4903 1008 16
a 4904 3888 16
a 4905 202096 64
f 4754
f 4844
f 4892
f 4905
a 4906 784 16
a 4907 1968 16
a 4908 71840 256
f 4028
f 3450
a 4909 480 64
f 4789
f 4835
f 4502
a 4910 8960 256
a 4911 233856 256
f 4128
f 4548
f 4909
f 4519
a 4912 109760 64
f 3716
a 4913 1808 256
f 4737
a 4914 49920 64
f 4674
a 4915 31344 16
a 4916 704 16
f 4822
f 3934
f 4468
f 4650
a 4917 77056 64
f 4221
a 4918 464 64
a 4919 64112 64
a 4920 13216 16
f 3483
f 4771
f 4692
f 4549
f 4725
a 4921 84288 64
a 4922 4688 256
f 3593
f 4252
a 4923 18864 256
f 4400
f 4885
a 4924 6288 16
f 3797
a 4925 104096 16
f 4787
a 4926 1120 256
f 4435
a 4927 17552 64
a 4928 528 16
a 4929 384 64
a 4930 20720 64
f 4730
a 4931 320 16
a 4932 16080 64
f 4722
a 4933 17504 16
a 4934 13616 16
f 4933
f 4664
a 4935 848 16
f 4663
a 4936 448 16
a 4937 944 64
a 4938 2816 16
a 4939 3056 256
a 4940 21600 64
a 4941 320 64
a 4942 4064 64
a 4943 912 16
a 4944 3136 16
f 4371
a 4945 13472 64
a 4946 464 16
a 4947 4528 256
a 4948 28240 256
a 4949 3568 256
a 4950 11424 64
a 4951 768 64
a 4952 4336 256
a 4953 14544 256
f 4949
a 4954 3840 64
a 4955 560 16
a 4956 150848 16
a 4957 24608 256
a 4958 10080 64
a 4959 13712 64
a 4960 180080 256
a 4961 59712 64
a 4962 29392 16
a 4963 6960 64
a 4964 1952 256
a 4965 7520 16
f 4718
f 4936
f 4456
a 4966 464 16
a 4967 1456 16
a 4968 608 16
f 4795
a 4969 3248 256
a 4970 4336 256
a 4971 2688 64
f 4903
a 4972 1328 256
a 4973 10560 16
a 4974 304 64
a 4975 215456 16
a 4976 29392 256
a 4977 1904 16
f 4416
a 4978 19136 64
a 4979 14096 256
a 4980 226048 64
f 4571
a 4981 2896 16
a 4982 3440 256
f 4528
a 4983 15808 64
a 4984 416 64
a 4985 64560 16
f 4827
a 4986 2576 256
a 4987 432 256
f 4582
a 4988 9792 16
f 4920
a 4989 194176 64
f 4783
a 4990 1952 256
f 4831
f 4847
f 4584
f 4756
f 4532
a 4991 8832 16
a 4992 1328 64
f 3915
a 4993 4016 64
a 4994 7952 256
a 4995 1360 16
a 4996 5840 256
a 4997 146384 64
a 4998 19168 256
a 4999 6576 256
a 5000 304 256
a 5001 304 64
a 5002 6048 16
a 5003 448 256
a 5004 14384 16
a 5005 122384 16
a 5006 23968 256
f 4938
f 4939
f 4851
f 4358
f 4755
a 5007 5440 256
a 5008 944 256
a 5009 67568 256
f 4790
a 5010 1248 64
f 4726
a 5011 163008 256
f 4891
f 4806
f 4142
f 4760
a 5012 28768 16
a 5013 1760 16
a 5014 416 16
a 5015 1088 64
f 4715
f 4471
f 4884
a 5016 272 256
a 5017 112272 16
f 4825
a 5018 5360 64
f 4638
f 4888
a 5019 109744 256
a 5020 30240 64
a 5021 31936 64
a 5022 1728 256
a 5023 1392 16
f 4388
f 4573
a 5024 3184 256
a 5025 119648 16
a 5026 12816 256
a 5027 23632 64
a 5028 1184 256
f 4770
a 5029 8960 256
a 5030 3600 64
a 5031 11536 64
f 4878
f 4870
a 5032 7920 16
a 5033 560 64
f 4865
a 5034 21424 256
f 4881
f 4732
a 5035 8080 256
a 5036 4256 16
a 5037 816 64
a 5038 864 64
f 4915
a 5039 123552 16
a 5040 3088 64
a 5041 32592 16
a 5042 26928 16
f 5006
a 5043 9440 16
f 4957
a 5044 109008 16
f 4279
a 5045 2384 16
a 5046 15536 64
a 5047 53392 64
a 5048 4528 16
a 5049 6304 64
f 4723
a 5050 3696 64
a 5051 784 256
a 5052 7312 64
a 5053 83456 16
a 5054 3920 256
a 5055 62400 64
a 5056 64656 64
f 5024
a 5057 22704 256
f 4961
f 4836
a 5058 2368 64
a 5059 880 64
a 5060 42624 64
a 5061 62480 16
f 3653
f 4600
f 4676
a 5062 800 64
f 4484
f 3344
a 5063 82176 256
a 5064 1712 256
a 5065 257776 64
f 4746
f 4994
f 4622
f 4478
f 3082
f 4896
f 5040
f 4396
f 4849
a 5066 102704 256
f 4916
f 4793
a 5067 43104 64
f 4429
f 4955
f 4627
f 4977
f 4919
f 4708
f 4467
a 5068 4048 256
a 5069 249952 64
f 4954
f 5067
f 4707
f 4533
f 4590
f 4817
f 4431
f 5069
a 5070 15744 256
f 4973
a 5071 35584 256
f 4966
f 4914
a 5072 528 256
a 5073 4864 256
a 5074 496 64
a 5075 173024 16
f 3158
f 5062
a 5076 240032 16
f 4516
f 5021
f 5048
f 4995
a 5077 864 256
f 4741
f 4678
a 5078 320 64
a 5079 3248 256
f 4982
a 5080 37104 256
a 5081 8832 256
a 5082 6736 16
f 4841
a 5083 1056 16
f 4857
f 4837
a 5084 3648 256
f 5003
a 5085 1360 16
a 5086 912 256
a 5087 183632 256
f 4209
a 5088 32864 16
f 5064
f 4809
f 3787
a 5089 6768 16
a 5090 10528 16
f 4942
f 3667
f 4769
f 4065
f 4333
f 4869
a 5091 196208 16
a 5092 49872 16
f 5084
f 4183
a 5093 640 64
f 4401
f 4384
f 4813
a 5094 1760 256
f 5017
a 5095 209232 256
f 3215
a 5096 1904 256
a 5097 43088 64
a 5098 7936 16
f 4864
f 4169
a 5099 1616 64
f 4446
a 5100 39712 64
a 5101 1120 64
a 5102 11936 256
f 5098
a 5103 1680 16
a 5104 2432 256
a 5105 336 16
a 5106 11280 256
f 4951
a 5107 704 16
a 5108 368 16
a 5109 22032 16
a 5110 7952 256
f 4978
a 5111 1584 64
a 5112 304 16
a 5113 33664 64
f 4631
a 5114 592 16
f 5005
f 4963
a 5115 40736 16
f 4666
a 5116 103856 64
a 5117 62672 256
f 4182
f 4518
f 4848
a 5118 8944 16
a 5119 288 256
f 5046
a 5120 7232 256
f 4965
f 5056
a 5121 1040 256
f 5039
a 5122 30592 256
a 5123 10272 64
a 5124 5280 256
a 5125 84480 16
a 5126 139872 64
a 5127 1216 64
a 5128 3888 16
f 4901
a 5129 6560 64
f 4476
a 5130 2048 64
a 5131 62400 256
a 5132 145696 256
f 4621
a 5133 140400 64
f 4929
a 5134 145072 256
a 5135 223152 16
f 4890
f 4815
f 5020
f 4983
a 5136 6992 16
f 4752
f 4709
f 4988
a 5137 29200 64
f 4868
f 5012
f 4773
f 4604
f 4765
a 5138 28592 256
f 4562
f 5038
a 5139 3200 256
f 4448
f 4883
f 5028
a 5140 288 256
a 5141 1840 64
f 5091
f 5078
a 5142 1600 64
a 5143 20320 256
a 5144 30432 256
f 4958
a 5145 204560 256
a 5146 736 16
f 4658
f 5016
f 4934
a 5147 640 64
a 5148 141280 16
f 4779
a 5149 864 16
f 4887
f 4238
a 5150 13728 16
f 4596
a 5151 3232 256
a 5152 1280 64
f 4897
a 5153 2256 64
a 5154 53200 64
a 5155 74960 16
f 4932
a 5156 1280 16
a 5157 52800 256
a 5158 210368 16
f 4979
f 4522
f 4974
f 5059
f 4567
f 5152
f 4462
a 5159 144816 16
f 5158
a 5160 5632 16
a 5161 128368 16
f 4918
f 4784
a 5162 24816 16
f 4777
a 5163 13472 16
a 5164 544 16
a 5165 54912 64
f 4428
a 5166 54432 256
f 4624
a 5167 1824 16
f 4473
f 4828
a 5168 29440 256
f 4845
f 5165
f 4803
a 5169 23840 16
f 5115
a 5170 132944 16
f 5135
a 5171 288 64
a 5172 44304 16
a 5173 61376 256
f 4479
a 5174 560 256
a 5175 416 16
a 5176 416 256
f 5013
a 5177 32272 64
a 5178 1872 16
f 4672
a 5179 26480 256
f 4926
a 5180 97200 64
f 5144
a 5181 26336 16
f 4912
a 5182 185344 64
f 5113
f 4808
f 4996
f 4927
f 5074
a 5183 131200 64
f 5142
f 4970
f 4641
f 4962
f 4302
f 5103
f 5018
f 5116
c op-10000
f 4127
f 5008
a 5184 512 64
f 4960
a 5185 8320 16
a 5186 232448 64
a 5187 89488 256
f 5094
f 5072
f 4543
f 4819
a 5188 27616 64
a 5189 10864 64
a 5190 247312 64
a 5191 45344 256
f 5174
f 4923
f 5043
f 3983
f 4761
f 5129
f 4785
f 5047
f 4603
a 5192 7840 64
f 4684
a 5193 1200 64
a 5194 3200 64
a 5195 1200 16
f 5150
a 5196 93072 64
a 5197 76704 64
f 4210
f 4980
a 5198 3088 16
a 5199 31648 64
a 5200 2464 16
a 5201 48432 64
a 5202 57184 16
a 5203 79120 256
a 5204 1872 16
f 4521
a 5205 1120 256
a 5206 1408 16
a 5207 26960 16
a 5208 688 64
f 5201
a 5209 35440 256
a 5210 25776 64
f 5097
a 5211 96736 256
a 5212 3728 64
a 5213 6816 256
f 5208
a 5214 46176 256
a 5215 37440 256
f 5120
a 5216 352 256
a 5217 54688 16
a 5218 1280 16
f 5207
a 5219 1776 64
a 5220 480 16
a 5221 384 16
a 5222 243136 64
f 5156
f 4925
a 5223 368 256
a 5224 23920 64
a 5225 42288 16
f 5180
a 5226 480 16
a 5227 36176 64
f 5015
f 5164
f 5071
f 4716
a 5228 25760 256
f 5187
a 5229 66544 256
a 5230 11968 256
a 5231 25376 64
a 5232 138640 64
f 5081
f 5068
f 5137
a 5233 2128 16
f 4967
a 5234 64880 256
f 5009
f 4874
a 5235 11392 64
a 5236 528 16
a 5237 85664 16
f 4950
f 4924
a 5238 8416 16
f 5157
f 4713
a 5239 30688 256
a 5240 448 16
a 5241 608 16
f 5203
f 4930
a 5242 199904 16
f 4307
f 4585
f 5027
f 4222
f 5185
a 5243 64416 16
f 5088
f 5086
f 3843
f 4743
f 5189
f 4908
a 5244 4048 256
a 5245 115376 64
f 5033
f 5004
f 4772
f 4859
f 4816
f 5092
f 5200
f 5052
f 5054
f 5087
a 5246 848 16
a 5247 60560 16
a 5248 193872 16
f 4993
f 5127
f 4976
f 5063
a 5249 85344 256
f 4370
f 4956
a 5250 6176 256
a 5251 1504 256
a 5252 177488 64
f 5085
f 5154
a 5253 228656 256
f 5167
f 4117
f 5246
a 5254 12448 16
a 5255 178288 64
a 5256 7616 64
a 5257 63232 64
f 5199
a 5258 23632 256
f 4116
f 4940
f 5196
f 5105
f 5197
f 4830
a 5259 848 64
a 5260 112912 64
a 5261 1520 16
f 5130
f 5148
a 5262 3232 16
a 5263 1296 16
f 5061
f 3722
a 5264 1376 16
a 5265 3056 16
a 5266 1008 64
a 5267 480 16
f 5225
a 5268 52832 64
f 4968
a 5269 4768 16
a 5270 336 16
f 4943
a 5271 912 64
a 5272 87632 256
f 5179
f 4853
f 4667
f 4975
a 5273 752 64
a 5274 58384 256
a 5275 32896 64
a 5276 1504 16
a 5277 206928 64
f 4749
a 5278 163936 16
f 4413
a 5279 42992 64
f 5134
a 5280 20800 16
a 5281 41328 64
f 4058
a 5282 126016 16
f 4432
a 5283 320 16
f 4981
a 5284 2560 16
f 4860
f 4797
f 5194
a 5285 1184 16
f 5125
a 5286 98864 64
a 5287 320 16
f 4697
f 5093
f 5178
f 5050
f 5198
f 5266
f 4922
a 5288 1664 256
f 4747
a 5289 1904 16
f 4008
a 5290 32816 256
f 5186
a 5291 4064 64
a 5292 640 64
f 3944
a 5293 211456 64
f 5205
f 5183
a 5294 45232 64
f 4990
a 5295 238752 16
f 4315
a 5296 133408 64
f 4472
f 5109
a 5297 4912 16
a 5298 219456 16
f 4941
f 5294
a 5299 592 64
f 5010
f 4832
f 5277
f 4812
a 5300 62272 16
f 4301
f 4871
f 5191
f 5188
f 5076
a 5301 848 64
f 5058
a 5302 8048 256
a 5303 3360 16
f 4529
a 5304 155152 64
a 5305 1808 64
f 4826
a 5306 3168 64
f 5049
f 4391
a 5307 162752 16
f 5075
a 5308 400 16
f 5272
a 5309 6320 64
a 5310 30672 256
a 5311 896 64
a 5312 5232 16
a 5313 2800 256
a 5314 24016 64
a 5315 352 64
a 5316 1216 16
f 5146
f 5145
a 5317 1744 16
f 5261
f 4935
f 4791
f 5022
a 5318 2800 16
a 5319 912 64
a 5320 1424 256
a 5321 1920 256
a 5322 176272 256
a 5323 53328 64
a 5324 4864 256
a 5325 768 16
a 5326 1712 16
a 5327 9008 16
a 5328 63728 16
f 5126
f 5317
a 5329 51872 64
a 5330 16048 64
a 5331 16288 64
f 5275
a 5332 26832 16
f 5070
f 5305
f 4913
f 5118
a 5333 640 16
f 5267
a 5334 20736 64
f 5223
f 5107
a 5335 9760 256
f 5280
a 5336 181920 16
f 5166
a 5337 8288 16
f 4538
a 5338 1200 256
f 5014
f 5173
f 5315
a 5339 6064 64
f 5258
a 5340 13088 64
f 4889
f 4814
a 5341 84960 256
a 5342 4240 64
f 4906
a 5343 227952 64
f 5083
f 4580
f 4984
a 5344 7696 16
a 5345 61712 64
f 5343
a 5346 13840 16
f 4322
f 5226
a 5347 5344 64
a 5348 9088 16
a 5349 4096 64
f 4740
a 5350 352 16
a 5351 2704 256
f 4673
f 5304
f 5182
f 4895
a 5352 416 16
f 5285
f 5302
a 5353 1056 64
a 5354 17696 16
f 5236
a 5355 94768 64
a 5356 1696 64
f 4341
a 5357 158000 64
f 4686
f 5324
f 5283
a 5358 16752 256
f 4854
f 5007
a 5359 1248 256
a 5360 61200 64
a 5361 480 64
f 5332
f 4133
f 5360
a 5362 768 64
f 4898
a 5363 1472 64
a 5364 15312 16
a 5365 1232 256
f 5099
f 4682
a 5366 2224 256
a 5367 2432 64
a 5368 9472 256
a 5369 223520 16
a 5370 496 64
a 5371 153168 256
a 5372 1984 256
a 5373 400 64
a 5374 800 16
a 5375 11312 256
f 5090
a 5376 224560 256
a 5377 59536 16
a 5378 8160 256
f 5138
a 5379 3360 64
f 5333
a 5380 15120 16
f 5349
f 5363
f 4842
a 5381 243536 16
f 5260
a 5382 27680 16
f 5131
f 5051
f 5256
f 3592
a 5383 6912 16
a 5384 62672 64
f 4530
a 5385 58256 64
f 4948
a 5386 2192 256
f 5128
f 4991
f 5352
a 5387 97888 16
a 5388 2960 16
f 5119
a 5389 400 64
a 5390 15104 16
f 5286
a 5391 43024 256
a 5392 12624 256
f 5306
f 5132
a 5393 35264 64
a 5394 2192 64
a 5395 15520 64
f 5284
f 4460
f 4875
a 5396 736 64
a 5397 2064 16
a 5398 14064 64
a 5399 18224 16
a 5400 23504 64
a 5401 45984 16
f 5389
f 5374
f 5295
a 5402 31360 64
f 5000
f 4677
f 4495
a 5403 7168 64
a 5404 88592 16
a 5405 1056 64
a 5406 992 64
a 5407 12032 256
a 5408 259856 16
a 5409 1920 64
f 5123
f 4662
f 4937
f 5106
f 5162
f 5066
f 4946
a 5410 57584 64
f 5095
a 5411 15088 16
a 5412 1696 16
a 5413 31488 16
a 5414 14560 64
a 5415 1776 256
f 5338
a 5416 368 64
a 5417 13616 256
a 5418 50544 16
a 5419 92896 16
f 5168
a 5420 8976 16
f 5149
f 5262
f 4559
a 5421 26832 64
a 5422 272 256
f 5366
a 5423 4416 16
a 5424 142224 16
a 5425 85440 64
f 5341
a 5426 400 256
f 5279
f 5420
f 4921
f 5392
a 5427 2736 64
a 5428 14384 256
a 5429 624 256
f 5328
a 5430 592 16
a 5431 400 256
a 5432 164512 16
f 4953
f 5238
f 5184
f 5297
f 5155
a 5433 9808 256
f 4774
a 5434 112848 256
f 4971
f 5427
f 5080
a 5435 128192 256
f 4972
a 5436 848 64
f 5218
f 4367
f 5248
a 5437 464 256
a 5438 720 16
a 5439 108208 256
f 5424
a 5440 56560 256
a 5441 6272 256
f 4998
a 5442 14224 16
f 5241
f 5163
a 5443 21328 64
f 5271
f 4683
f 4877
f 4233
a 5444 7712 256
a 5445 4880 16
f 5404
a 5446 123424 64
a 5447 2400 64
f 5411
a 5448 136048 64
f 5364
f 5269
f 5114
a 5449 11344 16
a 5450 992 64
f 5326
a 5451 7504 256
f 4319
a 5452 512 256
a 5453 2832 256
f 4704
f 5139
a 5454 4352 16
f 4863
a 5455 1568 256
f 5228
a 5456 56000 64
f 4469
f 4440
a 5457 179536 256
f 5423
f 5399
f 5393
f 5214
a 5458 496 64
f 5382
f 5429
f 5204
f 3877
a 5459 29776 256
a 5460 14944 64
a 5461 14624 16
a 5462 640 256
f 5026
a 5463 1600 64
f 5310
a 5464 220240 256
f 4944
f 5461
f 4223
f 4997
a 5465 400 16
f 5220
f 4762
f 5426
f 5327
a 5466 216016 16
f 5406
f 5242
f 4992
f 5251
f 4640
f 3764
a 5467 2624 16
a 5468 163360 16
f 5323
f 5212
a 5469 104944 64
f 4986
f 4964
f 5192
f 5395
f 5391
f 5353
f 5025
f 5136
f 5417
a 5470 3472 16
f 2821
a 5471 41200 64
f 4840
a 5472 1648 16
a 5473 4000 256
a 5474 448 256
a 5475 24512 256
a 5476 3968 64
f 4186
a 5477 5936 16
a 5478 134080 16
f 5110
f 5357
a 5479 3040 16
a 5480 16032 256
a 5481 18688 256
f 5055
a 5482 54560 16
a 5483 352 64
f 4985
a 5484 5600 64
a 5485 4272 256
a 5486 134992 16
f 4969
a 5487 6416 64
a 5488 122352 16
f 4852
f 4362
f 4989
a 5489 30336 256
f 5298
a 5490 34432 64
a 5491 23520 16
f 5464
a 5492 1344 16
a 5493 29440 256
a 5494 14720 64
a 5495 44336 256
a 5496 1296 16
a 5497 12768 64
f 5301
a 5498 7040 64
a 5499 2960 64
a 5500 3344 256
a 5501 4912 16
a 5502 352 16
f 5415
a 5503 28720 16
f 4642
a 5504 1728 256
a 5505 25344 256
a 5506 896 64
a 5507 9120 64
a 5508 110080 16
f 5002
f 5104
a 5509 43616 64
a 5510 35792 64
a 5511 960 16
a 5512 1152 16
f 5443
a 5513 38096 64
a 5514 2016 64
f 5489
a 5515 704 16
f 4782
a 5516 30496 64
f 5322
a 5517 20128 256
a 5518 352 256
a 5519 512 16
a 5520 560 16
a 5521 46816 16
a 5522 320 256
a 5523 100864 64
f 5096
f 5509
a 5524 20400 16
f 4294
a 5525 6704 64
f 5089
f 5307
f 5290
f 5247
a 5526 7360 256
a 5527 13008 256
a 5528 51760 64
a 5529 2016 64
a 5530 5760 16
f 4767
a 5531 384 16
a 5532 1008 256
f 5175
f 5053
a 5533 656 64
a 5534 17360 256
a 5535 26160 256
f 5523
a 5536 336 64
a 5537 1632 256
a 5538 2416 256
f 4894
f 4823
f 5474
f 5537
a 5539 41040 16
a 5540 2496 16
f 4781
f 5274
f 4728
a 5541 111744 16
a 5542 181248 256
a 5543 63440 16
f 5470
a 5544 255168 256
f 5439
a 5545 1968 256
a 5546 1520 64
f 5515
a 5547 120672 16
a 5548 3792 64
a 5549 48016 64
f 5534
a 5550 7328 16
f 5112
a 5551 201344 256
f 5383
f 4928
a 5552 13760 256
f 5454
a 5553 1152 16
a 5554 1776 256
a 5555 9728 16
f 5451
f 5519
a 5556 256 256
f 5499
f 5293
a 5557 26384 64
a 5558 1248 64
a 5559 23904 256
a 5560 21696 16
a 5561 60656 16
a 5562 9696 64
a 5563 92960 64
a 5564 23328 256
f 5318
f 4904
f 5536
f 5111
f 5240
a 5565 5280 16
f 5206
f 5538
f 5375
a 5566 223792 256
f 4839
f 5457
f 5467
f 5161
a 5567 3424 16
f 5292
f 4880
f 5553
f 5255
a 5568 960 64
f 5263
f 5402
a 5569 96624 16
a 5570 6304 16
a 5571 33584 256
a 5572 45600 256
a 5573 34000 256
f 5177
a 5574 3536 256
a 5575 4304 16
f 5312
f 4654
a 5576 21664 64
a 5577 7376 16
a 5578 255216 16
f 5299
f 5147
f 5367
f 5257
f 5498
f 5169
f 5100
f 5320
f 5361
f 5133
a 5579 163296 64
f 5514
f 5264
f 5362
a 5580 1200 64
f 5377
a 5581 368 64
f 4886
a 5582 7664 16
a 5583 77648 256
a 5584 106992 256
f 5289
f 5211
f 5539
f 3733
f 4917
f 5557
a 5585 352 64
a 5586 5488 64
a 5587 213152 64
a 5588 232800 64
f 5190
f 5101
f 5560
f 5576
f 5549
a 5589 170832 64
f 4134
f 5344
f 5193
f 5573
f 5407
a 5590 832 256
f 5482
a 5591 848 16
a 5592 48448 16
a 5593 656 16
f 5521
f 4710
f 5121
f 5456
a 5594 76464 64
f 5432
a 5595 62464 16
a 5596 5424 64
a 5597 5936 256
f 5501
a 5598 97776 256
f 5447
f 4629
f 5593
f 5380
a 5599 14864 256
a 5600 20752 16
f 5589
a 5601 400 256
a 5602 24320 16
a 5603 2928 256
a 5604 560 16
a 5605 736 256
a 5606 592 64
f 4867
f 5460
f 5483
a 5607 27392 256
a 5608 2112 256
a 5609 7472 256
a 5610 832 16
a 5611 6800 64
f 5276
f 5588
a 5612 11408 16
a 5613 8048 64
a 5614 544 64
a 5615 58320 16
a 5616 43616 64
a 5617 13648 64
f 5354
a 5618 1456 64
a 5619 704 16
f 5535
f 5335
a 5620 2272 16
a 5621 142560 16
f 5019
a 5622 2928 64
a 5623 7696 64
a 5624 9088 16
a 5625 7312 64
a 5626 4816 64
a 5627 1568 64
f 5416
a 5628 688 64
f 4882
f 5124
a 5629 6896 16
a 5630 560 256
a 5631 124656 256
a 5632 12304 16
a 5633 8560 16
a 5634 3184 256
a 5635 48560 64
a 5636 880 256
a 5637 145232 64
a 5638 14720 16
a 5639 432 256
f 5209
a 5640 101120 16
f 5486
a 5641 1472 256
a 5642 19936 16
a 5643 254928 16
f 5638
a 5644 19840 256
f 5045
f 5282
f 5217
a 5645 80208 16
f 5396
a 5646 15840 64
a 5647 154784 256
a 5648 1376 16
a 5649 41760 64
f 5635
f 5567
f 4739
a 5650 26480 16
f 5466
a 5651 560 256
f 4255
a 5652 2912 256
a 5653 880 64
a 5654 288 256
a 5655 120656 16
a 5656 7760 16
a 5657 7632 256
a 5658 33888 256
a 5659 4064 16
a 5660 115440 64
f 5541
a 5661 27344 64
a 5662 258800 256
f 5210
f 5540
f 5397
f 5462
f 5314
f 4711
f 5390
f 5373
f 4200
f 5065
a 5663 11904 16
f 5507
a 5664 4464 256
f 5530
a 5665 16064 16
a 5666 7504 16
a 5667 336 16
a 5668 26304 64
a 5669 1344 256
a 5670 31264 256
a 5671 40896 16
a 5672 51120 256
a 5673 576 256
a 5674 1680 16
f 5606
a 5675 88496 16
f 5591
f 5666
f 5579
a 5676 3024 256
a 5677 288 256
a 5678 45152 256
f 5653
a 5679 2784 16
f 5590
a 5680 1280 16
a 5681 48224 64
f 5675
f 5029
f 5497
f 5073
a 5682 2608 16
a 5683 39232 64
a 5684 672 256
a 5685 16736 64
a 5686 209264 16
f 5581
f 5561
f 5485
f 5254
f 5678
f 5403
a 5687 9792 16
a 5688 19776 64
f 4899
a 5689 30304 256
f 5035
a 5690 1152 256
a 5691 7872 16
f 5619
f 5641
a 5692 54240 16
f 5151
f 5042
a 5693 68512 16
a 5694 20768 16
a 5695 8816 256
f 5617
a 5696 2160 16
f 5425
f 5023
f 5303
f 5273
f 5603
a 5697 3872 64
f 4510
a 5698 155888 256
f 5628
f 5623
f 5479
f 5508
f 5259
f 5639
f 5547
a 5699 2304 16
a 5700 1440 16
a 5701 7328 256
a 5702 1424 16
a 5703 736 256
f 5605
a 5704 640 16
a 5705 61920 256
f 5472
a 5706 255072 16
f 5433
f 5700
f 4038
a 5707 3632 16
f 4876
a 5708 32272 64
a 5709 64832 64
f 5431
f 4861
a 5710 3280 16
f 5533
f 3826
f 5475
a 5711 1952 256
f 5690
f 4595
f 5552
a 5712 3488 256
f 5358
f 5170
f 5437
f 5570
f 5331
a 5713 98432 256
f 5487
f 4700
f 5463
a 5714 86224 64
f 4701
f 4513
a 5715 194128 16
f 5548
f 5571
f 5445
f 5082
f 4691
f 5455
f 5296
a 5716 272 64
a 5717 128832 64
f 5556
f 5563
f 4651
f 5030
f 5710
f 4959
f 5654
a 5718 2032 64
f 4907
a 5719 8912 64
a 5720 167280 64
f 5473
a 5721 576 16
f 4945
f 5287
f 5400
f 4738
a 5722 864 256
f 5458
f 5717
a 5723 624 16
a 5724 336 256
a 5725 304 16
a 5726 221424 256
f 5694
a 5727 28992 16
f 5342
f 5616
f 4751
a 5728 400 256
f 5706
a 5729 148896 64
f 5637
f 5502
a 5730 216288 64
a 5731 221520 256
f 5707
f 5640
f 5645
f 5679
f 5372
a 5732 64720 64
f 5652
f 5676
f 5345
f 5230
f 5355
a 5733 5056 256
f 5569
a 5734 2384 16
a 5735 512 16
a 5736 105728 256
f 5524
f 5625
f 5253
a 5737 124864 16
a 5738 59808 16
a 5739 448 16
f 5738
f 5356
a 5740 10848 16
a 5741 56880 16
f 5647
f 5734
f 5545
a 5742 1744 16
a 5743 672 256
a 5744 24656 16
a 5745 14352 256
f 5268
a 5746 5440 64
f 5428
a 5747 29248 16
a 5748 3088 256
a 5749 1152 64
a 5750 3424 16
a 5751 72416 256
f 5176
a 5752 11600 16
a 5753 992 64
a 5754 223104 16
f 4910
f 5488
f 5671
f 4748
a 5755 210848 16
a 5756 10416 64
f 5644
a 5757 4928 64
a 5758 656 256
f 4757
f 5684
f 5627
f 5408
a 5759 9904 256
f 5143
f 5202
a 5760 31152 64
a 5761 1184 64
f 5668
a 5762 368 16
f 4508
f 5369
f 5313
f 5244
a 5763 3440 64
a 5764 32032 64
a 5765 1104 16
a 5766 1456 64
f 5578
a 5767 17184 64
f 5522
a 5768 26144 256
a 5769 56160 256
a 5770 14128 16
a 5771 255024 16
f 5517
a 5772 7984 256
a 5773 46240 16
a 5774 119712 256
a 5775 656 16
a 5776 12832 16
f 5687
a 5777 49216 64
a 5778 44368 64
a 5779 94000 256
a 5780 19328 16
f 5604
f 5181
f 5555
f 5737
f 5442
a 5781 4368 16
a 5782 480 64
a 5783 234768 16
f 5079
f 5613
f 5782
f 5542
a 5784 816 256
a 5785 1536 256
f 5615
a 5786 20032 256
a 5787 78896 64
a 5788 1712 256
a 5789 1248 64
a 5790 55232 16
f 5686
a 5791 288 16
f 4999
f 5657
a 5792 1456 256
a 5793 1248 16
a 5794 103696 16
f 5698
a 5795 656 16
f 5736
a 5796 736 64
a 5797 12528 256
f 4833
a 5798 752 64
a 5799 23840 16
a 5800 3664 64
a 5801 544 16
a 5802 7104 64
f 5441
f 4947
a 5803 400 16
a 5804 20672 256
a 5805 7360 64
a 5806 1248 64
a 5807 25056 16
a 5808 131312 64
a 5809 11696 256
a 5810 110704 64
a 5811 111936 256
f 5749
a 5812 11488 64
a 5813 752 16
f 5695
f 5626
f 5494
f 4911
a 5814 7440 16
a 5815 40832 16
a 5816 3840 16
a 5817 3488 64
a 5818 4192 16
a 5819 23856 16
f 5796
f 5394
f 5677
f 4617
f 5705
f 4856
a 5820 108096 64
f 5453
a 5821 320 64
f 5384
a 5822 20016 64
a 5823 1920 256
a 5824 14800 256
a 5825 144752 256
f 5598
a 5826 194608 64
f 4745
f 5171
f 5336
a 5827 9168 16
f 5718
a 5828 20864 16
f 5371
a 5829 28240 256
a 5830 1136 256
a 5831 69040 256
f 5172
a 5832 496 16
a 5833 169712 256
a 5834 172864 256
f 4644
f 5543
a 5835 53184 256
f 5365
f 5418
f 5347
f 5683
f 5788
f 4698
a 5836 1744 64
f 5195
a 5837 78064 256
f 5632
f 5758
f 5816
f 5833
f 5037
a 5838 31008 64
f 5808
a 5839 4512 16
f 4422
a 5840 400 256
a 5841 864 16
a 5842 7056 16
f 5732
f 5711
a 5843 14592 256
f 5140
a 5844 288 16
a 5845 33600 64
a 5846 320 256
a 5847 368 64
a 5848 560 16
a 5849 19808 16
a 5850 85840 64
f 5787
a 5851 14672 16
f 5506
a 5852 3744 16
f 5291
a 5853 4464 16
a 5854 50304 64
f 5767
f 5697
f 5270
f 5631
a 5855 336 16
f 5520
a 5856 96496 64
a 5857 6432 256
a 5858 11744 64
a 5859 2224 16
a 5860 960 256
a 5861 1360 16
a 5862 36096 256
f 5609
f 5500
f 5001
f 5409
a 5863 3008 64
f 5250
f 5480
a 5864 28432 16
f 5755
f 5720
a 5865 259360 64
a 5866 242368 64
f 5719
f 5587
f 5476
f 5756
a 5867 200896 64
f 5572
f 5618
a 5868 560 256
f 5496
f 5574
a 5869 304 64
f 5558
f 5769
f 5234
a 5870 16736 256
a 5871 240000 256
f 5827
f 5793
f 5308
f 5661
f 5781
a 5872 912 16
f 5864
f 5351
f 5034
f 5438
f 5376
a 5873 10368 16
f 4879
f 5036
a 5874 13872 64
a 5875 73264 64
f 5771
a 5876 77120 64
f 5836
a 5877 179696 16
a 5878 11216 64
a 5879 3840 16
a 5880 10768 256
f 5602
f 5512
a 5881 5536 256
a 5882 221328 16
a 5883 15472 256
f 5857
f 5745
f 5436
f 5766
f 5660
f 5863
f 5592
f 5744
a 5884 21856 64
f 5850
a 5885 320 64
a 5886 60640 256
a 5887 3824 256
f 5838
a 5888 1968 256
f 5655
f 5821
a 5889 1456 64
a 5890 18352 256
f 5219
a 5891 119312 16
a 5892 6896 16
a 5893 8464 64
f 5877
f 5759
f 5879
a 5894 72992 64
a 5895 28928 16
a 5896 13456 16
a 5897 253856 256
a 5898 3744 256
f 5239
f 5784
a 5899 1792 256
a 5900 21808 256
f 5221
f 5243
f 5122
f 5503
f 5611
f 5817
f 5883
f 5819
f 4503
a 5901 107232 16
a 5902 1792 64
a 5903 32768 256
a 5904 1712 16
a 5905 84688 64
f 5510
a 5906 66544 256
a 5907 222080 64
f 5526
a 5908 4400 64
f 5795
f 5747
f 5807
f 5551
a 5909 464 16
f 5851
f 5216
a 5910 8128 16
f 5636
f 5858
f 5449
f 5685
f 5659
f 5224
f 5468
f 3324
f 5878
a 5911 464 16
a 5912 3936 64
a 5913 65440 64
a 5914 4736 16
f 5715
a 5915 59040 256
a 5916 320 256
f 5905
f 5723
f 5728
a 5917 3952 16
a 5918 5888 64
a 5919 384 256
a 5920 6208 256
f 5911
a 5921 3072 256
a 5922 4208 256
a 5923 19680 16
f 5799
a 5924 304 64
a 5925 66688 256
a 5926 3392 256
a 5927 251280 256
a 5928 1904 256
f 5159
a 5929 832 256
f 5860
f 5820
a 5930 640 16
a 5931 640 64
a 5932 23136 256
a 5933 640 64
a 5934 1648 16
f 5789
a 5935 38144 256
a 5936 257280 64
f 5936
a 5937 336 16
a 5938 3136 64
a 5939 320 64
f 5893
f 5385
a 5940 19200 256
f 5330
a 5941 68864 16
a 5942 288 16
a 5943 2272 256
f 5868
a 5944 99488 64
a 5945 1968 16
a 5946 8512 16
f 5430
f 5826
f 5797
a 5947 87648 16
a 5948 17616 16
f 5831
a 5949 146736 256
a 5950 98800 64
a 5951 71952 64
f 5924
a 5952 848 16
a 5953 1888 256
f 5742
a 5954 4224 256
a 5955 2848 256
f 5388
f 5740
a 5956 16080 64
f 5471
f 5951
f 5620
a 5957 720 256
a 5958 3392 64
a 5959 254304 256
f 5278
f 5842
f 5822
f 5699
f 5743
f 5610
a 5960 61056 256
f 5762
f 5916
a 5961 41360 64
f 5607
f 5495
f 5701
f 5252
a 5962 29312 256
a 5963 2720 64
a 5964 816 64
a 5965 864 16
a 5966 12688 64
a 5967 2400 64
a 5968 65024 256
f 5630
a 5969 768 256
f 5921
a 5970 43664 256
f 5907
a 5971 656 16
a 5972 1328 16
a 5973 74576 256
a 5974 242848 256
f 5940
a 5975 13152 16
f 5903
f 4626
f 5871
a 5976 54736 64
f 5751
a 5977 1312 16
a 5978 3808 64
a 5979 143248 64
a 5980 257424 256
f 5865
a 5981 1120 64
a 5982 192416 64
a 5983 2688 64
f 5844
f 4464
f 5452
f 5667
f 5031
f 5493
f 5412
a 5984 152096 256
f 5672
f 5961
a 5985 101488 256
f 5730
f 5919
a 5986 119120 16
f 4798
f 5575
f 5763
f 5713
a 5987 1696 64
a 5988 20272 256
f 5421
f 5971
a 5989 1952 256
f 5792
f 5141
f 5956
f 5894
a 5990 88624 256
f 5906
a 5991 22976 16
a 5992 688 256
f 5108
f 5778
a 5993 11088 256
a 5994 4080 16
a 5995 512 256
a 5996 70912 256
f 5990
a 5997 149120 64
a 5998 195328 64
f 5959
f 5300
f 3240
a 5999 960 16
f 5802
a 6000 416 16
a 6001 3408 64
a 6002 62288 256
f 5599
a 6003 624 64
a 6004 368 64
a 6005 7408 256
f 5882
a 6006 28256 256
f 5996
a 6007 1792 16
a 6008 26528 16
a 6009 171296 64
a 6010 1920 256
a 6011 36848 64
a 6012 73296 256
f 5839
a 6013 24688 16
f 5712
f 5845
f 5777
a 6014 12560 16
a 6015 44320 16
f 5944
a 6016 45616 256
a 6017 7040 256
f 6005
f 5491
f 5874
f 3720
a 6018 336 64
a 6019 207952 256
a 6020 232160 256
a 6021 18080 16
f 5398
a 6022 2880 256
a 6023 42544 16
f 5477
f 5806
a 6024 44704 64
a 6025 19664 16
f 5783
f 6018
a 6026 720 16
f 5994
a 6027 800 64
f 5673
f 5440
a 6028 7856 64
a 6029 400 16
a 6030 272 64
a 6031 416 16
f 5889
f 5337
a 6032 35360 16
f 5761
f 5233
f 5696
a 6033 2576 256
f 5650
a 6034 7584 64
a 6035 3904 256
a 6036 912 64
a 6037 464 64
a 6038 60224 64
a 6039 784 64
a 6040 11616 64
f 5895
f 5801
f 5958
f 4902
a 6041 9456 64
a 6042 2912 64
f 5988
f 5867
a 6043 45248 256
a 6044 20592 256
a 6045 221568 256
f 4505
a 6046 864 256
f 5947
f 6035
a 6047 336 16
a 6048 23408 16
f 5925
a 6049 5744 16
a 6050 123248 16
a 6051 19344 16
f 5227
a 6052 34336 256
a 6053 3984 16
a 6054 32640 64
a 6055 1872 16
a 6056 24416 16
a 6057 368 256
f 5722
a 6058 110544 64
f 5823
f 5943
f 6021
f 5465
f 4531
f 4818
f 5890
a 6059 1488 256
f 5565
f 5992
f 5977
a 6060 3088 16
f 5680
f 6019
a 6061 11504 16
a 6062 352 16
a 6063 3408 256
a 6064 15712 16
a 6065 62976 256
a 6066 210336 64
f 6007
f 6009
a 6067 384 256
a 6068 6464 64
a 6069 130352 64
f 5814
a 6070 15008 64
f 5525
f 5834
f 5419
f 5582
f 6006
a 6071 2768 256
a 6072 9616 64
a 6073 36432 16
f 5339
a 6074 66128 16
f 5847
a 6075 22752 64
a 6076 1536 256
a 6077 204352 16
f 5764
f 5586
f 5986
a 6078 2272 64
f 5633
a 6079 25376 16
a 6080 17248 16
f 5434
a 6081 3648 256
a 6082 53712 256
a 6083 1184 64
a 6084 5104 256
a 6085 18960 16
a 6086 1872 64
a 6087 58016 16
a 6088 2688 256
f 5748
a 6089 16704 64
f 5597
f 6088
a 6090 161488 256
f 5309
f 5804
a 6091 944 256
f 6015
f 5368
f 5554
f 4703
f 5584
f 5978
f 5824
f 5969
f 5993
a 6092 215504 16
f 6059
a 6093 1920 256
f 5414
f 5478
a 6094 233680 16
f 5669
f 6081
a 6095 640 256
a 6096 1296 256
f 5955
f 5904
f 5504
f 6063
a 6097 2544 16
f 6087
a 6098 5184 256
f 6079
f 5741
f 6040
a 6099 512 16
a 6100 33392 64
f 5815
f 5232
a 6101 13488 16
f 6091
f 5811
a 6102 7408 256
a 6103 55264 256
a 6104 166544 256
f 5649
a 6105 136064 256
a 6106 16704 256
f 5733
f 5965
f 5902
a 6107 132368 16
f 5435
a 6108 63792 256
f 5583
a 6109 6000 16
a 6110 32736 64
a 6111 127040 256
f 5446
f 6111
a 6112 182192 256
a 6113 608 64
f 6103
f 6101
f 5900
a 6114 672 64
f 5656
f 5887
f 5044
f 4360
a 6115 2848 256
f 5964
a 6116 128960 64
f 5041
a 6117 480 256
a 6118 29328 16
a 6119 9072 64
f 5772
f 5350
f 6041
a 6120 24880 16
f 3513
f 6083
f 5379
f 6071
f 4873
f 6051
f 5920
a 6121 2080 16
f 5849
a 6122 157616 256
f 5881
f 5529
f 5405
f 5693
f 5160
f 6047
a 6123 82736 64
f 5880
f 6092
a 6124 31904 16
f 6037
a 6125 15120 16
a 6126 86000 256
a 6127 512 64
f 5910
f 5798
f 6098
f 6073
f 6038
a 6128 252272 64
f 5550
f 5773
f 4802
f 5562
f 6113
f 5444
f 5970
a 6129 11872 16
f 5559
f 5753
f 4556
a 6130 272 16
a 6131 35184 256
f 5941
a 6132 1520 64
a 6133 384 16
a 6134 30672 64
a 6135 13264 64
a 6136 1296 256
a 6137 4416 16
a 6138 7552 256
f 5505
f 6057
a 6139 218064 16
f 5898
f 5918
a 6140 1888 64
f 5621
f 5288
f 5721
f 5319
f 5760
f 5946
f 6115
a 6141 752 64
f 4612
a 6142 12560 256
f 5153
a 6143 12816 64
a 6144 4912 16
a 6145 23040 256
f 6082
a 6146 3792 256
a 6147 5808 256
a 6148 992 16
a 6149 688 16
f 6012
a 6150 336 256
a 6151 19008 16
f 5329
f 5057
f 5213
a 6152 2816 16
f 6100
a 6153 10864 64
f 6031
f 6106
a 6154 245152 64
f 6104
a 6155 62800 256
a 6156 8896 256
a 6157 19920 16
a 6158 225984 256
f 5897
a 6159 3120 256
a 6160 46128 16
f 5809
a 6161 848 16
a 6162 15504 64
f 5765
f 5077
f 5828
a 6163 20240 16
f 6076
f 5933
a 6164 5440 256
f 6069
a 6165 1136 16
a 6166 624 16
a 6167 18752 16
a 6168 212736 64
f 5401
f 6160
a 6169 1376 64
f 6014
a 6170 1568 64
f 6142
a 6171 23136 256
a 6172 2672 64
f 6149
f 5702
f 6143
f 5709
a 6173 71904 256
f 5484
f 5930
f 6003
f 6148
f 5770
a 6174 3088 256
a 6175 1056 256
a 6176 216640 64
c op-12000
f 5942
f 6165
f 6110
f 5825
f 5739
f 4366
a 6177 13712 64
a 6178 4240 16
f 6150
a 6179 48720 64
a 6180 2704 64
a 6181 7088 16
f 6017
a 6182 18448 16
f 5704
f 6080
a 6183 3696 64
f 6013
f 5340
a 6184 14144 256
f 6042
a 6185 912 256
a 6186 576 256
f 6045
a 6187 1984 64
a 6188 496 16
a 6189 1424 64
a 6190 261392 16
a 6191 31536 256
a 6192 5792 16
a 6193 304 16
a 6194 15376 16
f 5594
a 6195 272 256
a 6196 58592 64
a 6197 126896 256
f 4463
f 6074
a 6198 7904 64
f 5752
a 6199 1408 256
a 6200 9904 256
a 6201 99312 64
a 6202 7088 16
f 6147
a 6203 1952 16
a 6204 13824 16
f 6122
a 6205 74976 64
f 6032
a 6206 4912 256
a 6207 3600 16
a 6208 5648 64
f 6205
a 6209 148704 256
a 6210 688 64
f 5891
a 6211 123520 64
a 6212 99456 256
f 5325
f 6168
a 6213 1088 16
a 6214 58016 64
f 6036
a 6215 560 256
a 6216 1488 256
a 6217 104944 64
a 6218 16320 16
f 6199
f 6121
f 5786
a 6219 8752 64
a 6220 5552 256
f 5952
f 5600
f 5846
f 5791
f 5830
f 5972
a 6221 6176 256
f 4659
f 5413
f 5872
f 6187
f 6050
a 6222 139264 16
f 5934
a 6223 45712 16
a 6224 4112 256
f 5923
f 6217
a 6225 42784 16
a 6226 15872 16
f 5662
a 6227 8512 256
f 4850
a 6228 4336 256
a 6229 10368 64
a 6230 162384 64
a 6231 1120 256
f 6078
a 6232 127360 256
a 6233 82800 64
a 6234 251456 256
f 5939
f 5634
f 6062
f 6026
a 6235 1728 16
f 5381
f 4410
a 6236 304 16
f 5800
f 5448
f 5544
f 6117
a 6237 2736 64
f 5681
a 6238 95216 256
f 6154
f 6206
a 6239 464 256
f 5222
f 5935
f 5841
a 6240 31088 256
a 6241 16752 16
f 5321
a 6242 68896 16
a 6243 211008 16
f 5750
a 6244 1792 16
a 6245 416 16
a 6246 11760 256
f 5531
a 6247 88224 256
a 6248 640 256
a 6249 2432 256
a 6250 92208 16
f 5909
f 5848
a 6251 14512 256
a 6252 252368 64
f 6198
f 5757
a 6253 6896 256
f 6231
f 6240
f 5117
a 6254 1728 16
a 6255 5936 64
a 6256 4176 256
f 6176
a 6257 2848 256
a 6258 51200 16
f 5960
a 6259 8032 16
a 6260 37200 256
a 6261 204048 16
a 6262 6208 64
f 6235
f 5643
a 6263 26368 16
a 6264 896 64
a 6265 816 16
f 6161
a 6266 9296 256
a 6267 55488 16
a 6268 5936 256
a 6269 23056 64
a 6270 3376 256
a 6271 3904 256
a 6272 11424 64
f 6186
f 6223
f 5716
a 6273 19808 256
a 6274 202448 16
f 4987
f 6166
f 6180
a 6275 74416 256
f 6162
f 6248
f 5608
f 5908
f 6153
f 5974
a 6276 400 64
a 6277 4800 256
f 6170
a 6278 624 64
a 6279 8736 16
a 6280 7520 64
f 6096
a 6281 3728 16
a 6282 560 64
f 5490
a 6283 149056 256
f 6221
f 6107
a 6284 130864 64
f 5469
a 6285 6416 256
a 6286 30912 64
a 6287 6752 16
a 6288 107712 64
f 6127
f 4768
f 5527
a 6289 15872 16
f 6271
f 6077
a 6290 1424 256
a 6291 384 16
f 6234
a 6292 2368 16
a 6293 13792 256
a 6294 352 64
a 6295 288 256
f 6280
a 6296 43760 256
a 6297 57488 16
a 6298 251088 16
a 6299 38224 16
a 6300 6336 16
f 6192
f 6274
a 6301 78128 64
a 6302 56832 64
a 6303 1312 256
a 6304 1936 64
a 6305 98496 16
a 6306 63472 16
a 6307 416 64
f 6129
f 6060
a 6308 272 64
a 6309 304 256
f 6282
f 6034
f 5281
f 5995
a 6310 960 64
f 5984
a 6311 91904 256
a 6312 864 64
a 6313 560 256
f 5249
f 5983
f 6058
a 6314 14784 64
f 5311
a 6315 64640 16
a 6316 816 16
a 6317 76880 256
a 6318 56912 256
a 6319 172720 16
f 6114
a 6320 28080 64
f 6220
f 6027
f 6299
f 5729
a 6321 2288 64
a 6322 8336 16
f 5953
a 6323 11808 256
a 6324 2992 64
a 6325 432 16
f 6262
f 6130
f 5334
a 6326 115856 256
f 6125
a 6327 15904 256
f 5949
a 6328 12032 16
a 6329 4080 256
f 5861
a 6330 218016 16
a 6331 1280 256
f 4801
f 5853
f 5386
f 5624
f 6120
f 5060
f 6294
a 6332 304 64
f 5873
f 6095
f 6303
f 5516
a 6333 496 64
f 6295
f 6023
a 6334 226656 256
a 6335 3280 64
f 5724
f 5987
f 6207
f 6230
f 5754
a 6336 752 256
a 6337 1616 16
a 6338 60944 16
a 6339 17280 64
a 6340 33584 64
a 6341 320 16
a 6342 2736 16
a 6343 1024 16
a 6344 3600 256
a 6345 13856 64
a 6346 2368 64
a 6347 14560 256
f 6275
a 6348 880 16
a 6349 51792 64
f 5450
a 6350 6016 16
a 6351 3552 16
f 5856
f 6061
a 6352 89056 16
f 5929
a 6353 864 256
a 6354 448 16
f 6349
a 6355 512 64
a 6356 13808 16
a 6357 166592 16
a 6358 76208 64
a 6359 2048 256
f 5985
f 6093
a 6360 5600 64
f 5954
f 5348
a 6361 18800 256
a 6362 22608 256
f 6334
a 6363 560 256
a 6364 1424 256
a 6365 368 16
f 6204
f 6306
a 6366 400 256
a 6367 928 16
a 6368 161904 64
a 6369 1648 16
a 6370 9248 256
a 6371 26560 256
a 6372 3648 256
a 6373 34048 256
f 5708
f 6212
f 6136
f 6278
a 6374 336 16
f 6249
a 6375 976 64
f 6183
a 6376 102064 256
a 6377 42320 64
a 6378 2144 256
a 6379 5216 16
a 6380 157648 256
a 6381 204976 64
f 5601
a 6382 416 64
a 6383 928 64
f 6211
f 6237
f 6290
f 5937
f 6321
f 6311
f 5912
a 6384 8720 16
a 6385 29904 64
a 6386 171584 256
f 6310
f 6215
f 5651
f 5648
f 5973
a 6387 43200 16
f 5577
f 6118
f 5981
a 6388 4080 16
f 5410
f 5674
a 6389 688 64
a 6390 4032 64
f 4838
f 4753
f 6338
f 6340
a 6391 13584 64
a 6392 4400 64
f 6392
f 6169
a 6393 432 256
a 6394 68128 256
a 6395 41744 64
f 6317
f 5962
a 6396 608 16
f 5896
f 5832
a 6397 1232 64
f 6348
f 6292
f 6386
a 6398 12240 16
a 6399 3440 16
a 6400 212864 16
f 5928
a 6401 1376 256
f 6140
f 6209
f 6097
f 4829
f 6281
f 6385
a 6402 14576 16
a 6403 48768 16
a 6404 95632 16
f 5812
a 6405 5568 16
f 5805
a 6406 1520 16
a 6407 14208 256
f 6085
a 6408 14784 16
f 6024
a 6409 211984 256
f 6300
f 6345
f 5813
f 5963
f 6265
f 6163
f 5859
f 5835
f 6370
f 6293
f 5989
a 6410 1440 64
f 6251
a 6411 5776 256
a 6412 16848 16
f 6030
a 6413 16944 64
f 5518
a 6414 143424 16
f 6020
a 6415 1184 64
a 6416 13568 16
f 6363
a 6417 35888 256
f 5901
a 6418 448 16
a 6419 146672 16
f 6002
a 6420 8096 16
a 6421 7056 64
a 6422 4176 16
a 6423 19392 16
f 6367
f 6263
a 6424 6736 256
f 6202
f 6266
f 6214
f 6258
a 6425 304 64
a 6426 4640 256
a 6427 5648 16
a 6428 22832 256
a 6429 6560 256
a 6430 3280 256
a 6431 40400 64
a 6432 336 64
a 6433 13088 16
f 6025
a 6434 5664 16
a 6435 172512 16
f 6316
f 6327
f 6378
a 6436 45440 64
f 6222
f 6257
f 6253
a 6437 239568 256
f 6004
a 6438 18720 64
f 6373
a 6439 6208 64
f 5629
f 5854
f 5703
f 6245
f 6070
f 6333
f 6342
a 6440 26560 64
f 6244
f 6000
f 6131
f 6365
a 6441 203568 16
f 5359
f 6319
f 6269
f 6376
a 6442 87024 64
f 6159
f 5957
f 4952
f 6277
f 5780
f 6356
f 6075
a 6443 112688 16
f 6056
f 5803
f 6252
a 6444 23632 16
a 6445 51888 256
f 6132
a 6446 3440 16
f 6347
a 6447 16528 16
a 6448 140064 256
f 5746
f 6411
a 6449 1936 256
a 6450 416 64
f 6446
f 6287
f 6439
f 6414
a 6451 206800 64
f 6048
f 5818
f 6428
f 6219
a 6452 704 64
f 6427
f 6089
a 6453 704 16
f 6343
f 6372
f 5979
a 6454 46336 16
a 6455 464 256
a 6456 181120 64
f 6236
f 5998
a 6457 28032 256
a 6458 9648 256
f 6442
a 6459 12048 256
a 6460 272 16
f 5922
a 6461 4896 64
a 6462 12592 256
a 6463 640 64
a 6464 7584 64
a 6465 27824 16
a 6466 1696 256
a 6467 3776 64
a 6468 22304 64
f 5997
a 6469 91168 64
f 6233
a 6470 251584 256
f 6437
a 6471 110944 256
a 6472 752 256
a 6473 30912 64
f 5612
f 6260
a 6474 30384 64
a 6475 800 256
f 5892
a 6476 10592 64
f 6255
a 6477 21472 256
f 5459
a 6478 219024 64
a 6479 19792 64
a 6480 56288 64
f 6225
f 4439
f 5692
f 6371
a 6481 608 16
f 6469
a 6482 1824 16
f 6171
a 6483 480 16
a 6484 14512 16
a 6485 1680 16
a 6486 3696 256
f 6304
a 6487 82048 256
a 6488 448 16
f 6400
a 6489 496 16
f 6401
a 6490 35216 64
a 6491 272 64
f 6459
f 5727
a 6492 912 64
a 6493 10688 16
f 5917
f 6404
a 6494 17040 16
a 6495 624 16
f 6144
a 6496 4224 64
f 6315
a 6497 336 256
f 6312
f 6008
a 6498 193840 64
f 6044
a 6499 7584 256
a 6500 125952 256
a 6501 736 64
f 6335
f 6054
a 6502 9920 256
a 6503 3424 64
f 5622
a 6504 432 16
a 6505 133264 64
f 5689
a 6506 1952 16
a 6507 752 256
f 6267
a 6508 3952 64
a 6509 38832 256
f 6375
a 6510 41600 16
f 6456
a 6511 59504 16
a 6512 247056 64
f 6424
a 6513 2880 256
a 6514 7088 256
a 6515 117584 64
f 6380
f 6067
f 6246
f 6357
a 6516 2560 256
a 6517 139392 256
a 6518 93600 64
f 6238
f 6128
f 6167
a 6519 16016 256
a 6520 18288 256
f 6421
f 6332
a 6521 944 256
a 6522 5616 16
a 6523 7680 256
a 6524 1504 16
a 6525 1312 64
a 6526 704 256
a 6527 23824 16
a 6528 8976 256
a 6529 7536 256
a 6530 896 16
a 6531 5648 16
a 6532 180432 16
f 5843
f 6413
f 6405
f 6336
a 6533 2432 64
f 6256
f 5642
a 6534 153616 256
a 6535 5648 64
f 6529
a 6536 29904 16
f 6195
f 6173
f 4931
f 6436
f 6133
f 6430
f 6313
a 6537 352 256
f 5726
a 6538 116224 256
a 6539 70096 64
f 6185
a 6540 197872 256
a 6541 1072 64
a 6542 60016 256
f 6519
f 5774
f 5932
f 6539
f 5976
f 6431
f 6270
a 6543 128144 256
f 6084
f 6517
f 6457
a 6544 253184 256
f 6477
f 6410
f 5658
f 6309
f 6314
f 6518
f 6533
f 6379
a 6545 1744 16
f 6482
f 6339
a 6546 6816 256
a 6547 29536 256
a 6548 157232 256
f 6086
f 5870
a 6549 43024 64
a 6550 93248 256
a 6551 252128 16
f 5926
a 6552 1584 64
f 6423
f 5876
f 6406
f 6501
f 6109
f 5869
f 6033
f 6488
f 5829
a 6553 2704 64
f 6361
f 6216
f 6490
a 6554 231488 256
a 6555 4016 256
f 6191
a 6556 2272 64
f 6301
a 6557 68848 256
a 6558 58336 64
a 6559 1776 256
a 6560 2240 16
f 6135
f 6522
f 5580
a 6561 221296 256
f 5546
f 6542
f 6046
f 6324
a 6562 83712 256
a 6563 4688 256
f 6259
f 6462
f 6443
f 6126
a 6564 784 16
f 6137
f 5931
f 6526
a 6565 1056 256
a 6566 24720 256
f 6029
f 6158
f 6419
f 6394
a 6567 30880 64
f 6328
f 6562
f 6567
f 6545
f 6520
a 6568 42960 16
f 5999
a 6569 2896 16
f 6535
f 6568
a 6570 608 64
f 5776
f 6403
f 6391
a 6571 6192 256
a 6572 9936 16
a 6573 400 256
f 6467
f 6570
f 6001
f 6432
a 6574 135056 256
f 6550
f 5888
f 5779
a 6575 160688 64
f 6352
f 6228
f 4758
f 6398
f 5566
f 5102
a 6576 5616 256
a 6577 2928 64
a 6578 48272 64
a 6579 19520 16
a 6580 4304 256
a 6581 25968 64
a 6582 2480 16
f 6564
a 6583 448 16
f 6492
a 6584 58848 16
a 6585 6496 64
a 6586 976 256
a 6587 3360 16
a 6588 2288 256
a 6589 228864 16
f 6544
a 6590 15152 16
a 6591 1168 64
a 6592 4912 16
a 6593 1680 16
f 5938
a 6594 7728 64
a 6595 1888 256
f 6523
a 6596 9616 64
f 6453
a 6597 11232 256
a 6598 24912 64
f 6418
a 6599 22944 16
f 6497
a 6600 3776 16
f 6504
f 6415
a 6601 1104 16
f 6508
f 5646
f 6178
f 6382
f 5585
f 6476
f 6268
f 6600
f 6464
f 6536
a 6602 182912 256
f 6546
a 6603 432 256
a 6604 912 64
f 6588
a 6605 72848 64
f 5768
a 6606 688 256
f 6210
f 5511
f 5950
f 6598
f 6563
a 6607 400 64
a 6608 832 16
f 6272
f 6532
f 6541
a 6609 4704 64
f 5794
a 6610 6528 16
a 6611 16192 64
a 6612 26736 16
a 6613 21984 256
a 6614 9792 256
a 6615 12384 256
a 6616 1472 256
f 6288
f 6172
a 6617 480 16
a 6618 181680 256
a 6619 105440 16
f 5968
f 5725
f 6596
a 6620 608 64
a 6621 6128 256
a 6622 33888 16
f 6053
f 6458
f 6617
a 6623 3088 256
f 6329
a 6624 61424 16
a 6625 2672 256
f 6368
a 6626 11680 64
a 6627 252176 16
f 6491
f 6389
f 6330
a 6628 208592 16
f 6618
f 6513
a 6629 6928 256
f 6241
f 5884
a 6630 170624 256
f 5790
f 6247
a 6631 1168 256
f 6448
f 6396
a 6632 105168 16
a 6633 4448 256
a 6634 1744 256
a 6635 51104 16
f 6407
f 6505
f 5982
a 6636 14112 16
a 6637 400 256
a 6638 18032 256
a 6639 1040 16
a 6640 288 64
a 6641 5632 16
f 6028
a 6642 976 256
f 6525
f 6286
a 6643 1056 64
f 6470
a 6644 48944 256
f 6350
a 6645 24176 64
a 6646 1728 16
f 6646
f 6514
a 6647 147328 64
a 6648 103712 64
a 6649 98720 256
a 6650 14832 256
a 6651 60224 16
a 6652 8560 64
a 6653 21024 16
f 5682
a 6654 237232 16
f 6232
f 6194
f 5810
a 6655 117488 64
f 6605
a 6656 194992 64
f 6634
f 6362
f 6645
f 5265
f 6510
f 6649
a 6657 157360 16
f 5346
f 6227
f 5663
f 6134
a 6658 42640 256
f 6571
f 6422
f 6487
a 6659 14304 16
f 6496
a 6660 4080 256
a 6661 153824 64
f 6616
f 5215
a 6662 880 16
f 5596
f 6586
f 6254
f 6530
f 6628
f 6151
a 6663 432 16
a 6664 48640 16
f 6393
a 6665 61760 256
a 6666 3712 256
f 5691
f 5614
a 6667 880 64
a 6668 1120 64
f 6611
a 6669 6688 64
f 6285
a 6670 976 16
f 6179
a 6671 16048 64
a 6672 227296 16
a 6673 99008 64
f 6648
f 6145
a 6674 384 256
f 6582
a 6675 496 64
a 6676 3104 16
f 6354
a 6677 93568 16
f 6289
f 6623
f 6625
a 6678 432 64
f 6576
f 6307
f 6507
a 6679 464 16
f 5731
a 6680 3520 16
a 6681 432 64
a 6682 1072 256
a 6683 77888 64
a 6684 102720 64
f 6606
f 5492
f 6503
f 6468
f 6276
a 6685 18832 64
f 6655
f 6420
a 6686 241328 16
f 6597
f 6429
f 6011
f 6620
f 6452
f 6250
f 6408
f 6636
f 6455
f 6463
f 6201
a 6687 2416 256
f 6039
f 6010
a 6688 124592 256
a 6689 6816 16
f 6641
f 6395
f 6575
a 6690 9312 16
a 6691 544 256
a 6692 1520 16
a 6693 30592 16
a 6694 207776 256
f 6693
f 6601
f 5914
f 6337
f 5840
f 5513
f 5966
f 6139
a 6695 672 16
a 6696 26528 256
a 6697 260272 64
f 5481
a 6698 448 16
f 6239
a 6699 8944 256
f 6639
a 6700 76816 64
f 6485
f 6341
f 6297
f 6164
f 6660
f 6450
f 6577
f 6680
a 6701 122848 64
f 6573
f 6633
f 5899
f 6622
f 6516
f 6572
f 6565
f 6603
a 6702 121584 16
a 6703 179696 256
f 6402
f 6561
f 6495
f 6366
f 5735
a 6704 31472 16
f 6461
f 6208
f 6308
f 5862
f 5378
f 6566
f 6417
a 6705 912 256
a 6706 2832 16
f 6557
f 6679
f 6102
a 6707 3728 16
f 6554
a 6708 56896 64
f 5785
a 6709 5952 256
a 6710 25424 256
f 6374
a 6711 1360 64
f 6331
f 6358
a 6712 33264 16
a 6713 14592 256
a 6714 232352 64
f 5688
f 6700
f 6699
f 6547
f 5991
f 6653
f 6702
a 6715 10864 16
a 6716 6320 16
a 6717 17072 256
f 6624
a 6718 47696 64
a 6719 77776 64
a 6720 26592 16
f 6284
f 5528
a 6721 6112 64
a 6722 109088 256
f 6116
f 6599
a 6723 21088 256
a 6724 1568 16
f 6685
a 6725 24992 64
a 6726 87232 64
a 6727 189168 16
f 6353
f 6666
f 6305
f 6226
a 6728 2672 16
a 6729 4048 16
f 6590
a 6730 480 256
a 6731 1824 64
f 6397
a 6732 19904 64
a 6733 12144 256
a 6734 30160 16
a 6735 203760 256
a 6736 336 16
f 6713
f 6528
f 5564
f 6181
f 6478
a 6737 43616 64
f 6708
f 6638
a 6738 12912 16
a 6739 1472 16
a 6740 148656 64
f 6595
f 5235
a 6741 19952 64
a 6742 19888 64
a 6743 63792 64
f 5885
f 6521
f 6359
f 6460
a 6744 108224 256
a 6745 122752 256
f 5948
f 6381
f 6481
f 6189
f 6701
a 6746 608 256
f 6364
f 5714
a 6747 4400 256
a 6748 159248 16
f 6712
a 6749 70128 64
f 6486
f 6355
f 6511
a 6750 13680 16
f 5245
a 6751 237472 256
f 6589
a 6752 928 64
f 6068
f 6615
f 6722
a 6753 3120 256
f 6298
a 6754 23712 16
a 6755 13152 16
a 6756 8384 64
f 6549
a 6757 4640 256
a 6758 1664 16
a 6759 1376 16
a 6760 169696 256
a 6761 48816 64
a 6762 3984 16
a 6763 138544 16
a 6764 252000 16
f 6753
f 6743
f 6604
f 6551
a 6765 1664 16
a 6766 41600 16
f 6697
a 6767 3232 256
a 6768 15728 256
f 6650
a 6769 3472 256
a 6770 5760 16
f 6723
a 6771 18400 16
a 6772 1216 256
a 6773 170208 256
a 6774 5840 64
a 6775 63280 64
f 5915
f 6578
f 6695
a 6776 560 256
a 6777 62448 256
a 6778 3184 64
a 6779 74128 256
f 6738
a 6780 59600 16
a 6781 154912 64
f 6325
f 6480
f 6750
f 6627
a 6782 32256 64
a 6783 2736 256
a 6784 13808 256
a 6785 109616 256
f 6052
a 6786 3536 256
f 6506
f 5980
a 6787 140880 16
a 6788 241424 64
a 6789 288 16
f 6065
f 6781
a 6790 3552 64
f 6454
f 6512
f 6784
a 6791 160320 256
f 6768
a 6792 480 256
a 6793 1280 256
a 6794 512 256
a 6795 56064 16
a 6796 26368 16
a 6797 21072 64
f 6684
f 6583
f 6727
a 6798 7360 64
a 6799 1488 256
a 6800 6512 16
a 6801 1088 64
f 6612
a 6802 3952 256
a 6803 29072 16
a 6804 196752 64
a 6805 31712 256
a 6806 9664 256
a 6807 2176 256
a 6808 1776 16
a 6809 132672 64
a 6810 54944 16
f 6580
f 6108
a 6811 237232 64
f 6780
f 6540
a 6812 1008 64
a 6813 3648 16
a 6814 2272 16
f 6326
f 6706
a 6815 4464 256
a 6816 1856 256
a 6817 153008 256
a 6818 800 256
a 6819 48864 256
f 6816
f 6193
f 5875
a 6820 131040 16
f 6814
a 6821 9280 64
f 6810
f 6302
a 6822 56624 256
f 6383
f 5975
f 6483
f 6687
f 5568
f 6493
f 6399
f 6757
a 6823 10800 64
a 6824 13376 16
a 6825 736 64
f 6643
a 6826 233872 256
f 6770
f 6631
f 6661
f 6659
f 6672
a 6827 109024 16
a 6828 162336 256
f 6715
f 6783
f 6049
f 6737
f 6647
f 6755
a 6829 3552 64
f 6499
a 6830 480 64
a 6831 14992 64
a 6832 15552 256
f 5532
a 6833 35280 16
f 6593
a 6834 90576 256
f 6733
f 6543
a 6835 10688 64
a 6836 752 64
f 6673
f 6811
a 6837 3568 64
f 6792
a 6838 88576 16
f 6537
a 6839 6352 64
a 6840 14272 256
a 6841 1616 256
a 6842 5408 64
a 6843 8864 16
a 6844 6880 16
a 6845 27952 16
a 6846 1824 16
a 6847 4832 16
a 6848 81328 256
a 6849 132992 16
a 6850 62240 16
f 6177
f 6804
f 6819
f 6677
a 6851 912 64
a 6852 65888 64
a 6853 1056 16
a 6854 1264 16
f 6678
f 6815
f 6796
f 6105
a 6855 4144 16
f 6489
a 6856 1312 256
a 6857 121664 16
a 6858 65088 256
a 6859 1200 256
f 6821
a 6860 11200 256
a 6861 6352 256
a 6862 416 256
a 6863 99616 16
f 6619
a 6864 448 16
f 6807
f 6775
a 6865 464 16
a 6866 592 16
a 6867 52080 256
a 6868 124976 16
a 6869 30368 64
a 6870 26832 256
a 6871 4160 16
a 6872 464 16
a 6873 27088 64
a 6874 45344 256
f 6843
f 6717
f 6799
a 6875 88512 16
f 6291
f 6243
f 6801
a 6876 816 64
a 6877 288 16
a 6878 139936 256
f 6629
f 5837
a 6879 320 256
f 6856
a 6880 448 256
a 6881 3536 16
f 6736
f 6094
a 6882 15952 16
a 6883 1648 256
a 6884 368 256
f 6559
a 6885 1472 256
a 6886 320 256
a 6887 12912 256
a 6888 167088 64
f 6848
a 6889 8592 64
f 6826
a 6890 768 256
a 6891 2208 64
a 6892 784 256
a 6893 1648 256
a 6894 864 16
a 6895 27872 64
a 6896 2656 16
a 6897 243680 64
f 6833
f 6090
f 6387
a 6898 31520 64
a 6899 25568 16
a 6900 448 16
a 6901 41552 64
a 6902 65328 16
a 6903 40160 256
a 6904 2480 16
a 6905 17728 256
a 6906 304 256
a 6907 2224 16
a 6908 150592 256
f 6786
f 6868
a 6909 736 16
a 6910 116768 256
f 5231
a 6911 384 16
a 6912 99952 64
a 6913 1504 16
a 6914 624 256
f 6726
a 6915 218160 16
a 6916 416 16
f 6813
f 6725
f 6710
f 6823
f 6842
f 6688
f 6138
f 6440
a 6917 26528 64
f 5913
a 6918 105776 64
f 6742
a 6919 50656 256
f 6903
f 6584
a 6920 3424 64
a 6921 31264 64
f 6915
a 6922 30320 64
f 6652
a 6923 31328 256
a 6924 2224 256
a 6925 512 64
a 6926 560 256
a 6927 20016 64
a 6928 400 64
a 6929 20288 256
f 6913
a 6930 12688 64
a 6931 1776 64
a 6932 52672 16
a 6933 108576 256
a 6934 38480 256
f 6808
f 6884
f 6558
f 6188
f 6873
f 6831
f 6932
a 6935 12080 64
a 6936 320 64
f 6124
f 6774
a 6937 384 256
a 6938 1120 256
a 6939 384 64
f 6218
a 6940 33136 256
a 6941 26672 256
a 6942 129024 16
f 6939
f 6827
a 6943 5776 16
f 6895
a 6944 39152 64
f 6769
a 6945 464 256
f 6592
a 6946 3104 256
f 6761
a 6947 928 64
a 6948 9696 256
f 6729
a 6949 192768 256
f 6663
f 6739
a 6950 3024 64
f 6433
f 6746
a 6951 79920 64
a 6952 72928 64
f 6472
f 5237
f 6581
f 6764
a 6953 126320 16
f 6745
f 6950
a 6954 72576 256
f 6836
f 6782
f 6043
a 6955 60528 256
f 6721
f 6924
f 6834
a 6956 13104 256
a 6957 576 16
a 6958 1840 16
a 6959 6896 256
a 6960 1568 16
a 6961 26448 64
a 6962 20352 64
a 6963 384 256
f 6377
a 6964 1728 256
a 6965 10048 16
a 6966 832 16
f 6579
a 6967 10880 16
a 6968 12864 256
a 6969 227648 16
f 6818
a 6970 336 256
f 6690
f 6790
f 6751
a 6971 1184 256
f 6538
a 6972 17632 256
a 6973 4288 64
a 6974 1200 64
a 6975 640 64
a 6976 41696 256
a 6977 60400 256
a 6978 62736 16
a 6979 1216 64
a 6980 235136 16
f 6857
f 6793
f 6978
a 6981 12752 64
f 6509
a 6982 4592 64
f 6981
f 6800
a 6983 41792 16
f 6788
a 6984 928 64
a 6985 25072 64
a 6986 9424 16
f 6718
a 6987 40352 16
f 6607
a 6988 68416 16
a 6989 54208 16
a 6990 7504 64
a 6991 352 64
a 6992 4960 16
a 6993 12896 256
a 6994 432 64
f 6861
a 6995 1904 16
a 6996 13872 16
a 6997 151744 64
f 6651
f 6657
a 6998 97664 64
a 6999 42416 64
f 6635
f 6200
a 7000 1936 64
a 7001 69680 256
f 6795
a 7002 226384 16
f 6778
f 6741
f 6909
f 6993
f 6671
f 6787
f 6839
f 6569
f 6449
f 6942
a 7003 1696 64
a 7004 2576 16
a 7005 204464 64
a 7006 28592 256
f 6925
f 6887
f 6322
f 6864
a 7007 2960 64
f 6703
a 7008 7264 16
f 5011
a 7009 6304 256
f 6438
a 7010 51760 64
f 6498
f 6184
a 7011 1488 64
f 6500
a 7012 83280 16
a 7013 6016 64
f 6730
f 6242
f 6888
a 7014 30320 256
f 6711
a 7015 656 256
f 6320
f 6992
a 7016 1840 256
a 7017 3552 16
a 7018 145024 16
a 7019 67056 16
a 7020 480 256
a 7021 464 256
a 7022 384 256
a 7023 864 16
a 7024 156704 16
a 7025 13200 64
a 7026 704 16
f 6785
a 7027 112640 16
a 7028 9488 256
a 7029 29280 64
a 7030 111904 256
a 7031 120560 64
a 7032 1280 64
a 7033 3952 256
f 5670
a 7034 864 64
f 7018
a 7035 304 64
f 6994
f 6914
a 7036 11120 256
a 7037 45312 64
a 7038 235584 16
f 7007
f 6318
f 6681
f 6758
f 6760
a 7039 239920 16
f 7003
f 6099
a 7040 448 256
f 6822
f 6947
f 6972
a 7041 4160 64
f 7011
f 6756
f 6970
f 6261
a 7042 1888 16
a 7043 41424 64
a 7044 15392 16
a 7045 22592 16
a 7046 15424 256
a 7047 21168 64
a 7048 6512 256
f 6885
f 6858
f 6893
a 7049 117920 64
f 7002
a 7050 12128 256
a 7051 38432 16
a 7052 1920 16
a 7053 46384 256
a 7054 816 16
a 7055 336 64
a 7056 1328 256
a 7057 1744 256
f 6908
f 6213
a 7058 704 256
f 6969
f 6669
a 7059 8688 256
f 5595
a 7060 40448 64
a 7061 50896 256
a 7062 54304 16
a 7063 512 16
a 7064 62624 64
a 7065 6352 16
f 6682
a 7066 720 256
a 7067 12912 16
a 7068 220912 16
f 7046
a 7069 12320 16
a 7070 432 64
a 7071 21824 256
f 7058
a 7072 30384 256
f 5370
f 6990
a 7073 3280 256
f 5967
a 7074 94240 16
f 6869
f 6929
a 7075 944 64
f 7047
a 7076 3664 256
a 7077 2416 64
a 7078 960 16
a 7079 2544 16
a 7080 544 16
f 7060
a 7081 158768 16
f 6936
f 7012
f 6945
f 5886
a 7082 23664 64
a 7083 5232 256
a 7084 1024 64
a 7085 24480 256
f 6931
f 6897
a 7086 25440 16
a 7087 11824 256
a 7088 65056 16
a 7089 34096 16
a 7090 59280 16
a 7091 177664 256
f 6016
f 7049
f 6698
a 7092 1872 256
a 7093 3424 256
a 7094 79280 256
f 7056
f 6451
a 7095 180896 64
f 6912
f 6860
a 7096 63280 64
a 7097 1392 256
a 7098 47200 64
f 7065
a 7099 2016 16
a 7100 17040 256
f 6835
f 6853
f 7015
f 5775
f 6749
a 7101 416 64
f 7032
a 7102 234448 16
f 7085
f 6744
f 6731
f 7066
a 7103 13872 64
f 6773
a 7104 259328 64
f 6999
f 6475
f 6279
f 6944
f 6851
a 7105 68640 16
f 6555
f 7023
f 7084
f 6369
f 7024
a 7106 288 64
f 6515
a 7107 512 256
f 7031
f 6878
a 7108 6880 64
a 7109 226352 64
a 7110 336 16
a 7111 65344 256
f 7105
a 7112 27184 64
f 6960
a 7113 14688 16
a 7114 116768 64
a 7115 1392 16
a 7116 204768 64
f 6866
f 5927
a 7117 14880 256
a 7118 3520 256
a 7119 12880 256
f 6656
f 6630
a 7120 15760 256
a 7121 496 64
a 7122 15376 64
a 7123 41536 64
a 7124 5136 256
a 7125 2624 16
f 6765
f 6066
f 6574
a 7126 115088 64
a 7127 384 256
f 7118
a 7128 768 64
a 7129 122112 256
f 6296
a 7130 228224 256
a 7131 117584 64
a 7132 185056 64
f 6794
f 7086
a 7133 1376 256
f 6740
a 7134 27968 16
f 6591
a 7135 624 64
a 7136 480 16
a 7137 15808 64
a 7138 1472 64
a 7139 400 64
f 7038
a 7140 19792 64
a 7141 352 16
a 7142 174480 256
a 7143 336 256
a 7144 40768 64
a 7145 672 16
a 7146 95104 16
f 6119
a 7147 4320 16
a 7148 3392 64
f 7096
a 7149 9456 64
a 7150 496 256
f 6692
f 7095
a 7151 42272 16
f 7129
a 7152 944 64
a 7153 2208 256
a 7154 27776 16
a 7155 18176 16
f 7039
a 7156 12784 64
a 7157 176016 256
a 7158 2032 256
a 7159 13168 64
a 7160 496 256
a 7161 205888 16
a 7162 12016 64
f 6832
a 7163 40512 64
a 7164 30656 16
f 7144
a 7165 30848 16
a 7166 368 64
f 6881
f 7111
f 7017
a 7167 32464 64
a 7168 12384 256
f 6777
a 7169 592 16
a 7170 115856 64
a 7171 800 16
f 6998
f 7149
f 6867
a 7172 1936 16
f 6849
f 6683
f 6955
f 7072
f 6642
a 7173 992 64
a 7174 30928 256
f 7158
a 7175 8048 256
a 7176 14640 64
f 6902
a 7177 218304 256
a 7178 592 64
a 7179 3648 64
a 7180 288 16
a 7181 5424 256
a 7182 4544 16
a 7183 24848 16
a 7184 384 256
a 7185 1312 16
a 7186 512 64
a 7187 54704 64
a 7188 352 256
a 7189 101584 64
a 7190 4304 64
a 7191 121920 16
a 7192 6400 64
f 6937
f 6747
a 7193 272 64
f 7134
a 7194 177744 16
f 6344
f 6917
a 7195 14544 64
f 7181
f 7092
f 6899
f 7087
f 6346
f 5316
a 7196 1200 256
f 6802
f 7006
f 6670
a 7197 107664 64
f 6875
f 6484
c op-14000
f 7136
f 7124
f 6789
a 7198 2240 16
f 6064
f 6930
f 6865
f 7153
f 6891
f 7093
f 7025
a 7199 44864 64
f 6473
a 7200 169296 64
f 7045
f 7076
f 7104
f 7001
a 7201 304 64
f 7069
a 7202 400 64
a 7203 61072 64
a 7204 255296 64
f 6735
f 6820
a 7205 4912 256
a 7206 304 64
a 7207 5632 64
f 5866
a 7208 3968 16
f 6872
a 7209 32480 16
a 7210 432 256
a 7211 11008 256
a 7212 2256 64
a 7213 4096 256
f 7197
a 7214 41616 64
a 7215 48016 256
f 7070
a 7216 3856 64
a 7217 1408 16
a 7218 20288 256
a 7219 17664 256
a 7220 608 16
a 7221 1616 256
a 7222 8064 256
f 6933
a 7223 43312 16
a 7224 260816 16
f 6901
f 6759
a 7225 368 64
a 7226 352 256
a 7227 104976 16
a 7228 7776 16
f 7113
f 6900
f 6852
a 7229 231632 64
f 6614
f 6797
a 7230 10848 256
f 6524
f 6907
f 6941
f 7143
a 7231 464 16
f 6988
f 6991
f 7208
f 6859
a 7232 1760 16
f 7178
f 7082
a 7233 7312 64
f 7180
f 7223
a 7234 25008 64
f 7199
f 7145
a 7235 1632 64
f 7235
a 7236 13600 16
f 6602
f 7010
a 7237 416 64
a 7238 54848 16
a 7239 2640 256
a 7240 51504 256
f 7154
a 7241 172864 64
a 7242 161200 16
a 7243 896 16
a 7244 1456 16
a 7245 768 16
f 6175
f 6922
f 7213
a 7246 259696 16
a 7247 99936 64
f 7016
f 7163
f 6709
f 7029
f 6762
f 6934
f 7151
f 5664
f 7240
f 7116
a 7248 235568 64
a 7249 2352 256
a 7250 205328 16
f 7078
f 6830
a 7251 3776 64
a 7252 45296 256
f 6412
a 7253 7392 64
a 7254 56816 256
f 7173
f 6874
f 7216
f 6621
f 6447
f 7210
f 7127
f 6426
f 7220
f 6946
a 7255 104576 256
f 7089
f 6552
f 6996
f 7004
f 7114
f 6658
f 6870
a 7256 53344 64
a 7257 400 64
a 7258 86544 16
a 7259 368 256
a 7260 22400 256
f 7236
a 7261 704 16
f 6974
f 6817
a 7262 1568 16
f 6613
f 7061
f 7130
f 7083
f 7195
f 6416
f 7064
f 7080
a 7263 560 16
a 7264 3584 64
a 7265 480 16
a 7266 6080 16
f 6847
a 7267 6320 64
a 7268 70720 64
a 7269 976 256
f 6949
a 7270 44272 64
a 7271 2720 64
f 6965
a 7272 17584 16
a 7273 320 16
a 7274 107568 256
f 6892
f 7186
a 7275 188560 256
a 7276 592 256
f 6055
f 7088
a 7277 640 256
a 7278 33152 256
f 6022
f 6967
f 7152
f 7108
f 7033
f 7079
a 7279 100512 64
f 6918
f 6667
f 6283
f 6995
f 6940
a 7280 57376 64
f 7005
f 6471
a 7281 83264 256
a 7282 16048 64
f 7051
f 6637
a 7283 432 16
f 7112
a 7284 75632 256
f 6943
a 7285 15056 256
a 7286 1296 16
f 7057
f 6705
a 7287 11168 16
f 6919
a 7288 28768 256
f 7068
f 6963
a 7289 6432 64
f 7119
f 7169
a 7290 56480 16
f 6609
a 7291 1648 64
a 7292 172352 256
a 7293 4016 64
a 7294 560 256
a 7295 19424 256
a 7296 1024 16
f 7117
f 6190
a 7297 107712 16
a 7298 220784 256
a 7299 11728 256
a 7300 304 16
a 7301 32768 16
a 7302 168064 256
f 6920
f 6854
f 6928
f 7198
f 7289
f 6203
f 7207
f 7128
f 7250
a 7303 104112 256
a 7304 6096 64
f 6197
a 7305 624 16
a 7306 1568 64
a 7307 1056 16
a 7308 10704 64
f 6686
f 7264
a 7309 77920 64
a 7310 17504 16
f 6174
f 7073
a 7311 4416 256
a 7312 110272 16
a 7313 64656 256
f 7043
f 7204
a 7314 6704 256
a 7315 704 16
a 7316 1664 256
a 7317 1792 64
a 7318 104416 256
a 7319 128736 16
a 7320 1216 16
a 7321 4608 256
a 7322 6032 64
a 7323 92192 256
f 6962
a 7324 105680 256
a 7325 2464 64
f 7191
f 7318
a 7326 168592 256
a 7327 496 64
f 7321
f 7185
f 7059
f 7296
a 7328 21360 256
a 7329 5600 256
a 7330 80352 16
f 7294
f 6871
a 7331 1056 256
f 7176
f 6072
f 7168
f 7231
f 7295
a 7332 141104 16
f 7305
f 6927
f 7324
f 7036
f 6146
f 7161
a 7333 111808 256
a 7334 18512 256
f 7312
a 7335 6176 256
a 7336 31792 16
f 7228
a 7337 26720 64
f 7323
a 7338 1376 256
a 7339 1456 16
a 7340 480 256
f 7276
a 7341 352 16
f 7237
a 7342 6096 256
a 7343 8416 64
a 7344 134208 16
a 7345 107920 64
f 7201
a 7346 384 64
a 7347 46832 64
f 6976
a 7348 1984 16
f 6997
f 7285
a 7349 880 16
f 7229
a 7350 640 16
a 7351 272 16
a 7352 58032 16
a 7353 17824 16
f 7303
f 7256
f 7202
f 7269
f 7308
f 7332
a 7354 184096 16
a 7355 21200 64
a 7356 89776 16
a 7357 704 64
a 7358 218528 16
a 7359 416 256
a 7360 464 64
f 6779
a 7361 24272 16
a 7362 41632 16
a 7363 98192 64
f 7172
a 7364 41408 16
a 7365 368 64
f 6956
a 7366 880 16
f 6863
a 7367 82784 64
a 7368 78384 64
f 6886
f 7304
f 7364
a 7369 1680 64
f 7021
a 7370 160272 16
f 6806
f 6157
a 7371 110752 256
f 7115
a 7372 112592 256
f 7138
f 7103
f 7234
a 7373 54976 16
f 7232
f 6910
a 7374 2528 64
f 7022
f 7102
f 6828
a 7375 4384 64
a 7376 47552 64
f 6880
a 7377 24320 256
f 6704
a 7378 28224 64
a 7379 2048 256
f 7107
f 7035
a 7380 1712 256
f 6984
f 7300
f 7310
a 7381 352 256
a 7382 13216 16
f 6904
f 7302
a 7383 8224 256
a 7384 212832 256
f 7187
a 7385 13760 64
f 6748
a 7386 3072 256
a 7387 97056 64
a 7388 31360 256
a 7389 6064 256
a 7390 2240 64
a 7391 3872 256
a 7392 2448 256
f 6961
a 7393 976 256
a 7394 257376 64
a 7395 15344 16
f 7027
f 6141
f 6632
f 7320
a 7396 45152 64
f 6980
a 7397 77952 256
a 7398 12208 16
a 7399 368 256
a 7400 2032 256
a 7401 133040 16
f 7284
a 7402 3616 64
a 7403 336 16
a 7404 2128 64
a 7405 1840 16
a 7406 191888 256
f 7227
f 6971
f 6938
f 7013
f 7133
f 7193
a 7407 120880 16
f 7125
a 7408 112880 16
f 7146
f 7322
a 7409 21328 16
f 6926
f 6985
a 7410 224096 256
a 7411 4096 16
f 6916
f 6691
a 7412 24080 16
f 7293
a 7413 66864 16
f 7000
f 6662
f 7081
f 7413
f 6196
f 7147
a 7414 34640 16
f 6876
f 7242
f 7347
f 6665
a 7415 1328 16
a 7416 18624 256
f 7164
f 7282
a 7417 592 16
a 7418 3120 256
a 7419 14096 64
a 7420 736 16
f 6707
a 7421 11776 16
a 7422 68064 256
a 7423 63792 256
f 7317
f 7106
f 7298
a 7424 114192 256
f 6803
a 7425 18032 256
f 7126
f 6921
a 7426 7696 16
f 7190
a 7427 31776 16
a 7428 960 16
f 7344
a 7429 1024 256
a 7430 261152 64
a 7431 3296 16
f 5945
f 6896
f 6968
f 7319
a 7432 50496 64
a 7433 2784 64
f 7426
a 7434 10192 256
f 6556
f 7389
a 7435 8176 64
a 7436 59840 64
a 7437 95104 16
f 7270
f 7315
f 7217
f 7373
a 7438 432 64
a 7439 112352 256
f 5387
a 7440 171600 64
f 6986
a 7441 128848 64
f 7253
f 7098
f 6531
f 7063
f 7271
f 7272
f 6360
f 7390
f 7342
a 7442 32240 64
a 7443 53056 16
f 7142
f 7247
f 7433
f 6696
a 7444 1120 64
a 7445 384 16
a 7446 36480 64
a 7447 158672 16
f 6812
f 7165
f 6957
a 7448 61040 256
f 7434
f 7131
f 7020
f 7281
a 7449 19184 256
f 7307
f 6862
f 7350
f 6384
a 7450 23040 16
f 6846
a 7451 1216 256
f 7067
f 7422
a 7452 480 64
a 7453 2000 16
a 7454 80752 16
a 7455 31136 64
f 6640
a 7456 3984 16
a 7457 78064 64
f 6845
a 7458 1536 64
f 6977
a 7459 3424 256
f 6906
f 7286
f 7452
f 7385
f 6155
a 7460 1696 64
a 7461 113552 256
a 7462 1616 16
f 7428
f 7349
f 7048
f 7348
f 7205
f 6156
f 7160
f 6898
a 7463 23744 256
f 7167
f 7370
f 7275
a 7464 54192 256
a 7465 13264 16
a 7466 1248 256
a 7467 71296 64
a 7468 70240 256
f 7184
a 7469 3552 16
a 7470 3472 256
a 7471 6304 256
f 7399
f 7053
a 7472 6048 256
f 7340
a 7473 272 256
a 7474 63040 16
a 7475 1824 64
a 7476 22240 16
a 7477 53136 64
a 7478 44896 256
f 6882
f 7351
f 7140
f 7238
f 7326
a 7479 14432 64
a 7480 832 64
f 6474
f 7384
a 7481 8096 16
f 7414
f 7402
a 7482 3424 64
a 7483 4784 64
a 7484 4160 64
a 7485 11440 256
a 7486 464 256
a 7487 41648 16
a 7488 512 16
f 7135
a 7489 166480 16
a 7490 169936 256
a 7491 11440 256
a 7492 237536 64
f 7189
a 7493 464 16
f 7354
a 7494 3296 256
f 7473
a 7495 230608 16
a 7496 20352 256
f 7489
a 7497 896 16
a 7498 6704 16
f 7110
a 7499 250944 16
f 7466
f 6935
a 7500 91424 256
f 7008
f 7404
f 7341
a 7501 4736 16
f 7407
f 6123
f 6494
f 6644
a 7502 20672 64
f 7472
f 7419
f 7475
f 7291
f 7290
a 7503 26080 256
f 6409
a 7504 3520 16
a 7505 122656 16
a 7506 260784 256
f 7211
a 7507 1584 64
f 6444
f 6351
a 7508 68400 256
f 6674
f 7054
f 7196
f 6877
f 7381
f 7209
f 6772
a 7509 3104 256
a 7510 528 16
f 7121
f 6911
f 7248
a 7511 880 16
a 7512 22016 64
a 7513 12640 16
a 7514 3952 64
a 7515 46192 16
f 7503
f 6844
a 7516 1680 64
a 7517 736 256
f 7192
a 7518 14208 64
f 7225
f 7435
a 7519 6688 256
f 6766
a 7520 6896 64
a 7521 174816 16
f 6553
f 7380
f 7309
f 7454
a 7522 1344 64
a 7523 15264 64
a 7524 13904 256
a 7525 8688 16
f 7215
a 7526 102352 256
f 7367
f 7477
a 7527 190832 256
f 7411
a 7528 304 256
a 7529 1856 16
f 7156
f 7460
a 7530 3232 256
a 7531 1632 64
f 7194
f 7360
a 7532 992 64
a 7533 288 16
a 7534 928 256
a 7535 928 64
f 7481
f 7478
a 7536 57120 64
f 6905
a 7537 5024 64
f 6466
a 7538 688 64
a 7539 235248 64
f 6983
f 6676
f 7174
f 7440
a 7540 251488 64
f 7314
f 7499
f 7268
a 7541 93728 16
f 7336
f 6894
a 7542 5744 16
a 7543 48448 16
f 7437
a 7544 272 256
a 7545 171600 16
f 7423
f 5855
a 7546 79744 64
f 7287
a 7547 352 16
f 7222
f 7230
f 7283
f 6264
f 7372
a 7548 336 256
a 7549 11808 16
a 7550 416 256
f 7244
f 7249
a 7551 24432 64
a 7552 1168 16
a 7553 144176 64
f 7483
a 7554 4464 64
f 7331
f 7491
f 7542
f 7456
f 7257
f 6791
a 7555 97840 16
f 7550
f 7535
f 6824
a 7556 14544 256
a 7557 35296 256
f 5229
a 7558 6192 16
f 7243
a 7559 960 256
a 7560 69376 256
f 7339
f 6435
f 7508
a 7561 1744 256
a 7562 1552 16
a 7563 352 256
a 7564 624 16
a 7565 10976 64
a 7566 49744 64
a 7567 992 64
f 7246
a 7568 250800 16
a 7569 10848 64
a 7570 1296 16
a 7571 109008 256
f 7470
f 6224
a 7572 6608 16
a 7573 96352 64
a 7574 32128 16
f 6890
f 7448
f 6585
f 7524
f 7563
a 7575 752 64
a 7576 3408 64
f 7474
a 7577 5024 256
f 7099
f 7200
a 7578 1616 64
a 7579 186752 256
a 7580 103200 64
f 7551
a 7581 32640 64
f 6837
f 7581
f 6850
f 7075
f 7516
f 6966
f 7239
f 7252
a 7582 6272 64
f 7071
a 7583 2320 64
a 7584 98080 16
a 7585 464 256
f 7109
a 7586 163488 256
f 6502
a 7587 23888 256
f 7405
f 6390
a 7588 4752 16
a 7589 40256 256
f 7357
f 7261
f 7157
a 7590 179472 64
f 7179
f 7297
a 7591 46592 64
a 7592 12208 256
f 7465
a 7593 368 16
a 7594 10288 256
a 7595 99536 256
f 7565
a 7596 152240 16
f 7476
a 7597 848 16
f 6587
f 6958
f 7536
f 7241
a 7598 784 256
f 7441
a 7599 88192 256
f 7598
a 7600 2320 64
a 7601 5360 64
a 7602 8256 256
a 7603 69040 64
f 7444
a 7604 58848 16
f 7458
a 7605 23552 256
a 7606 183712 256
a 7607 96064 64
f 6948
a 7608 3312 64
f 7518
a 7609 1920 64
f 7337
a 7610 960 256
f 7571
f 7420
f 7592
f 7363
f 7547
a 7611 14160 256
f 5422
a 7612 35472 64
f 6732
f 7299
f 7019
a 7613 11584 256
f 7397
f 7492
a 7614 6320 16
a 7615 1328 64
a 7616 130336 16
a 7617 864 64
a 7618 218624 256
f 7431
f 7346
f 7097
f 7028
f 6527
f 6734
f 7461
f 6719
f 7325
f 7553
f 7219
f 7206
a 7619 34976 64
a 7620 6464 256
a 7621 116304 16
f 7564
a 7622 95616 64
a 7623 43936 256
a 7624 736 16
f 7459
a 7625 128688 256
f 7371
a 7626 5136 64
a 7627 84880 256
f 6479
f 7485
f 6654
a 7628 2032 64
f 6560
a 7629 432 64
f 7585
a 7630 43408 16
a 7631 41664 256
f 7425
a 7632 5088 256
a 7633 16256 64
a 7634 4096 16
a 7635 107232 64
a 7636 59328 256
f 7279
a 7637 768 64
f 7619
a 7638 32656 256
f 6763
f 7570
a 7639 26848 256
a 7640 2384 256
a 7641 17632 16
a 7642 120848 16
f 7593
a 7643 138064 16
f 6675
f 7177
a 7644 544 64
a 7645 5696 256
a 7646 800 256
a 7647 79488 64
f 7366
f 7561
a 7648 1088 16
f 6664
f 7014
a 7649 105984 16
f 7141
f 7101
f 7584
a 7650 448 64
f 7094
a 7651 6016 64
a 7652 832 16
a 7653 58528 16
a 7654 15104 64
a 7655 174224 256
f 7449
f 7288
a 7656 57728 256
a 7657 4208 256
a 7658 6160 64
a 7659 80048 16
f 7424
f 7588
a 7660 9536 64
f 7396
f 7382
f 7620
f 7641
f 7316
a 7661 185536 16
a 7662 14688 16
f 7155
f 7410
a 7663 176720 64
f 7586
f 7313
a 7664 304 256
f 7515
a 7665 2592 256
a 7666 7936 64
a 7667 624 16
f 7615
f 7212
a 7668 624 16
a 7669 1584 256
a 7670 28240 256
a 7671 56128 16
a 7672 74016 256
f 7335
f 7278
f 7579
a 7673 8848 256
a 7674 9040 256
a 7675 66432 256
a 7676 62368 64
a 7677 29168 64
a 7678 153536 64
f 7498
a 7679 608 64
f 7497
a 7680 480 16
f 7546
f 7667
f 7009
f 7602
a 7681 4896 256
f 6841
f 6840
f 7662
f 7358
f 6776
a 7682 196896 64
a 7683 12224 256
a 7684 1024 16
a 7685 207248 16
f 6229
f 7552
f 7514
f 7540
a 7686 144656 256
f 7050
a 7687 14592 16
f 7273
a 7688 46688 256
f 5852
f 7685
a 7689 57344 256
f 7037
a 7690 9664 256
a 7691 336 256
a 7692 752 16
a 7693 3232 256
a 7694 560 64
a 7695 6880 16
a 7696 7584 64
f 6973
a 7697 75952 256
a 7698 16256 16
f 7506
a 7699 8912 256
f 7533
a 7700 768 16
a 7701 1216 64
a 7702 3424 64
a 7703 22688 256
a 7704 57424 16
f 7689
f 7628
a 7705 6112 64
a 7706 122000 256
a 7707 129600 256
f 7682
a 7708 20096 16
a 7709 115584 16
f 7707
a 7710 25088 256
a 7711 73760 64
a 7712 86736 16
f 6979
a 7713 11568 16
f 6989
f 7509
a 7714 4048 16
f 7260
f 7150
a 7715 784 16
f 7327
f 7605
a 7716 1808 256
a 7717 27440 256
f 7649
a 7718 672 16
a 7719 246288 16
f 7554
f 7589
f 6434
f 7544
f 6982
f 7631
f 7654
f 7603
f 7532
a 7720 4000 64
f 7572
a 7721 26720 64
f 7719
f 7375
a 7722 162336 64
a 7723 99456 64
f 7488
f 7486
f 7606
a 7724 944 16
a 7725 736 256
f 7171
a 7726 43936 64
f 7170
a 7727 49936 16
a 7728 976 64
a 7729 9600 64
a 7730 2448 256
a 7731 49520 16
a 7732 14576 256
f 7521
a 7733 5936 64
a 7734 944 16
a 7735 816 64
a 7736 1632 64
a 7737 29872 64
a 7738 219008 16
a 7739 248752 256
f 7557
a 7740 51472 256
f 7345
f 6388
a 7741 2000 64
f 7123
f 7655
a 7742 26720 256
a 7743 241408 16
f 7378
f 7608
f 7525
f 6152
f 7702
a 7744 213440 64
f 7379
a 7745 31072 256
f 7727
f 7676
f 7664
f 5665
a 7746 148400 64
f 6694
a 7747 1904 64
f 7418
f 7446
f 7697
f 6112
a 7748 21888 64
a 7749 12560 16
a 7750 27408 64
a 7751 43376 256
f 7471
a 7752 28320 16
f 7712
f 7694
a 7753 736 16
f 7751
a 7754 2768 64
f 7745
a 7755 91392 64
f 7463
f 7576
a 7756 110080 16
a 7757 21840 64
f 7639
a 7758 640 256
f 7482
f 7254
f 7044
a 7759 2800 64
a 7760 1088 16
a 7761 27184 16
a 7762 400 16
f 7395
a 7763 384 16
a 7764 2112 256
a 7765 352 256
a 7766 592 64
f 7640
a 7767 52816 64
f 7512
a 7768 1632 16
f 7656
a 7769 101664 256
f 7529
f 7638
f 7490
a 7770 1216 256
f 7668
a 7771 247456 256
a 7772 28592 16
f 7328
f 7479
f 7630
f 7493
f 7635
a 7773 4608 64
a 7774 31216 64
f 7730
f 6975
a 7775 704 64
a 7776 448 256
a 7777 37584 16
f 7355
f 7720
a 7778 6752 256
f 7548
a 7779 272 64
f 7263
f 7739
a 7780 3856 256
a 7781 480 256
a 7782 3888 64
a 7783 880 64
a 7784 159552 16
a 7785 480 16
f 7566
a 7786 23136 16
a 7787 123616 16
f 7122
a 7788 5840 64
f 6879
a 7789 1280 256
a 7790 11664 256
f 7683
a 7791 8608 16
a 7792 7136 64
f 7443
f 7666
a 7793 1296 16
a 7794 15376 256
a 7795 944 64
a 7796 12304 16
a 7797 4384 64
a 7798 13232 256
f 7374
f 7794
a 7799 8224 256
f 7762
a 7800 234704 256
f 7251
f 7770
f 7436
f 7526
f 6720
a 7801 768 16
f 7658
a 7802 214368 64
f 7687
f 7398
a 7803 752 64
f 7681
f 7258
f 7735
f 7765
f 7517
f 7749
f 7796
f 7623
f 7391
f 7451
f 7595
a 7804 64896 256
a 7805 432 64
f 7621
a 7806 1984 16
a 7807 27472 64
a 7808 640 16
a 7809 22352 256
a 7810 11776 256
a 7811 3360 256
a 7812 13312 256
a 7813 736 256
a 7814 9792 256
a 7815 1776 16
a 7816 672 16
f 7746
a 7817 30160 64
a 7818 7312 256
a 7819 168224 64
f 7780
a 7820 15376 256
f 7292
a 7821 122800 16
f 7567
f 7026
a 7822 19488 16
a 7823 14000 64
f 7788
f 7609
a 7824 1456 64
f 7274
a 7825 118864 256
f 7725
f 7671
a 7826 2976 64
a 7827 3344 16
a 7828 7808 256
f 7507
f 6838
a 7829 2208 16
a 7830 10928 16
a 7831 896 64
a 7832 9776 256
f 6534
a 7833 64688 64
f 7055
a 7834 368 64
a 7835 4080 16
f 7377
f 7175
f 7706
a 7836 4672 16
a 7837 624 256
a 7838 137312 256
a 7839 2480 16
a 7840 49600 256
f 7041
a 7841 16832 64
f 7721
a 7842 624 64
a 7843 448 64
f 7784
a 7844 84736 256
f 7766
a 7845 31584 64
a 7846 142880 16
a 7847 200160 16
a 7848 57296 64
f 5032
f 7802
f 7792
f 7369
f 7030
a 7849 11840 16
a 7850 768 16
a 7851 13840 256
a 7852 1136 64
a 7853 58416 64
a 7854 3664 16
a 7855 12848 16
a 7856 29168 16
f 7782
f 7484
f 6923
f 7139
a 7857 2368 16
a 7858 167088 16
f 7504
f 7528
f 7679
f 7573
f 7854
f 7387
f 7741
f 7754
a 7859 18736 64
f 7836
a 7860 1984 16
a 7861 19568 16
a 7862 6448 64
a 7863 5120 256
a 7864 79552 256
f 7850
a 7865 1248 16
f 7789
f 7768
f 7838
a 7866 43696 256
a 7867 336 64
a 7868 1808 16
a 7869 23600 256
f 7386
f 7558
f 6752
a 7870 560 16
f 6465
f 7632
a 7871 63760 16
f 7577
f 6798
f 7643
f 7392
f 7650
a 7872 57296 16
a 7873 1440 16
a 7874 5232 256
f 7421
a 7875 384 256
a 7876 4240 16
a 7877 8096 16
f 6323
a 7878 128784 256
a 7879 12112 64
f 7556
f 7091
f 7734
a 7880 184912 16
a 7881 7664 256
a 7882 3840 256
f 7742
f 7511
a 7883 225616 64
f 6714
f 7821
a 7884 18352 16
f 7645
a 7885 11856 256
f 7791
f 7703
a 7886 1328 256
a 7887 2128 64
a 7888 2704 256
a 7889 448 256
a 7890 88320 256
a 7891 304 64
a 7892 1808 16
a 7893 1072 64
a 7894 944 64
f 7672
f 7845
a 7895 40544 16
a 7896 222384 16
f 7132
a 7897 1216 64
a 7898 6944 16
a 7899 2848 16
a 7900 304 256
a 7901 102096 16
f 7034
a 7902 13536 256
f 7808
f 7759
f 7531
f 7795
f 7352
f 7852
f 7760
a 7903 4704 256
f 7617
f 7692
f 7848
a 7904 241216 16
f 7767
a 7905 7920 64
a 7906 384 256
a 7907 58960 256
a 7908 320 16
f 7699
a 7909 260768 64
f 7629
f 7359
f 7827
f 7901
a 7910 2032 256
f 7874
f 7748
a 7911 38816 16
f 7866
f 7860
f 7843
a 7912 2752 256
a 7913 4144 256
f 7842
a 7914 20704 256
f 7861
a 7915 1296 64
f 7591
f 7442
f 7052
f 7368
f 7569
f 7907
f 7871
f 7450
f 6825
f 7259
a 7916 30720 256
f 6883
a 7917 76432 16
f 7500
f 7148
f 7439
a 7918 1488 16
f 7820
a 7919 3744 64
a 7920 2112 64
a 7921 16608 64
a 7922 1056 64
a 7923 6320 64
a 7924 4080 256
f 7137
a 7925 720 64
a 7926 6928 16
f 7329
a 7927 91312 64
f 7822
f 7447
a 7928 200112 256
a 7929 10000 64
a 7930 7808 256
f 7787
a 7931 11696 64
a 7932 135184 256
f 7455
f 7728
f 7887
f 7891
a 7933 2352 256
a 7934 125488 256
f 7698
f 6952
f 7711
f 7758
f 7356
a 7935 4816 64
a 7936 14000 256
a 7937 8192 256
a 7938 1744 64
f 7415
a 7939 368 256
a 7940 59232 64
f 7633
a 7941 1200 16
f 7835
f 7710
a 7942 219440 16
f 7616
f 7897
f 7797
f 7311
a 7943 13616 256
f 7779
f 7814
f 6805
f 7338
a 7944 992 64
f 7330
f 7790
a 7945 6560 64
f 7884
a 7946 88720 16
f 7467
a 7947 109296 16
f 6987
f 7594
f 7908
a 7948 8480 16
f 7680
f 7938
f 7400
a 7949 84176 256
f 7188
f 7823
f 7880
f 7904
a 7950 880 256
a 7951 3760 16
a 7952 84608 256
f 7537
a 7953 672 256
a 7954 189040 64
f 7930
a 7955 49872 16
a 7956 528 16
a 7957 3664 16
a 7958 154512 256
f 7541
f 7750
a 7959 82176 16
a 7960 12784 16
f 7723
f 7856
a 7961 114144 256
f 7732
f 7858
a 7962 3824 16
a 7963 13168 64
f 7867
a 7964 134624 64
f 6959
a 7965 464 16
f 7956
f 7892
f 7657
a 7966 976 64
f 7722
f 7778
f 7203
f 7365
f 7607
a 7967 204128 256
a 7968 400 16
a 7969 3040 256
a 7970 93088 16
f 7611
a 7971 43648 256
f 7900
a 7972 49936 64
a 7973 1024 16
a 7974 64352 16
f 7964
f 6594
a 7975 60592 256
f 7914
f 7724
a 7976 6896 256
a 7977 4224 64
f 7825
f 6626
f 7733
a 7978 15344 64
a 7979 432 64
a 7980 140624 64
f 7618
f 7890
a 7981 1504 256
a 7982 197632 64
a 7983 13744 16
f 7958
f 7976
f 7468
a 7984 13728 64
a 7985 10240 64
f 7970
a 7986 12928 16
a 7987 1776 256
a 7988 6240 256
a 7989 1488 16
a 7990 3456 256
a 7991 304 256
f 7833
a 7992 4000 16
a 7993 87680 64
a 7994 6064 256
f 7968
f 7961
a 7995 14800 64
f 7599
f 7966
a 7996 1440 256
a 7997 82880 256
a 7998 121408 16
a 7999 1792 64
a 8000 12272 256
a 8001 21168 256
f 7811
a 8002 4448 16
a 8003 11360 64
a 8004 31168 16
a 8005 1440 256
a 8006 400 256
a 8007 3824 16
a 8008 3712 256
a 8009 496 64
a 8010 126112 16
a 8011 6208 16
a 8012 3744 16
a 8013 20432 64
a 8014 3040 64
f 7218
f 6445
a 8015 142448 64
f 7301
a 8016 234320 256
f 8003
f 7709
f 7829
f 7922
f 7947
a 8017 448 64
f 7980
a 8018 944 256
a 8019 97760 16
f 7445
a 8020 23712 256
a 8021 496 64
a 8022 2912 16
f 7903
f 7873
f 7487
a 8023 384 16
f 7929
f 8004
a 8024 1024 256
a 8025 64128 256
a 8026 55776 256
f 7267
a 8027 3072 64
f 7872
f 6954
a 8028 19056 256
a 8029 130096 64
f 7999
f 7394
f 7575
f 7224
a 8030 91152 64
a 8031 10896 16
a 8032 34032 256
a 8033 76096 64
a 8034 138352 64
a 8035 976 256
a 8036 56896 64
f 7801
a 8037 336 256
f 7840
a 8038 672 16
f 7494
f 7967
a 8039 800 16
a 8040 928 16
a 8041 51344 16
a 8042 15264 16
f 7510
a 8043 416 256
a 8044 384 16
a 8045 4032 16
a 8046 170544 64
a 8047 1664 64
a 8048 124384 64
f 7040
f 7952
f 7963
a 8049 3424 64
a 8050 1728 256
a 8051 1104 64
a 8052 5328 256
f 7077
a 8053 25312 256
f 7677
a 8054 5600 64
f 7559
a 8055 12656 256
f 7839
a 8056 202080 256
f 7427
f 7978
f 7438
a 8057 12240 64
a 8058 9648 256
a 8059 195520 64
a 8060 129008 64
f 7412
f 7984
f 7857
a 8061 33248 256
f 7430
a 8062 52368 16
a 8063 14320 64
f 6668
f 7736
a 8064 159392 256
f 7865
f 8025
a 8065 70848 256
f 7513
f 7627
a 8066 18080 256
f 7824
f 7678
f 7659
f 7684
f 7233
f 7995
f 8027
f 7596
a 8067 1184 64
a 8068 2432 256
a 8069 204288 16
f 7800
a 8070 1552 16
a 8071 95840 256
f 7844
a 8072 78672 16
f 7924
f 7376
f 7062
f 8055
a 8073 24400 16
f 7878
a 8074 4080 256
a 8075 32960 16
a 8076 3280 256
a 8077 58304 256
f 7717
a 8078 175680 64
f 8042
a 8079 24256 16
f 7653
a 8080 63168 256
f 7994
f 7644
a 8081 3808 16
f 7280
f 7265
a 8082 1936 16
a 8083 1696 64
f 7935
a 8084 51616 256
f 7939
f 7951
a 8085 736 256
f 7882
f 8010
a 8086 944 64
a 8087 336 16
f 7625
a 8088 260960 256
f 8041
f 7182
f 7610
f 8039
f 6548
a 8089 10304 64
a 8090 2112 64
a 8091 784 16
a 8092 184832 256
f 7464
a 8093 13008 16
a 8094 15520 16
f 7785
f 7574
f 7912
a 8095 75184 256
f 7496
f 8062
f 6425
a 8096 320 16
a 8097 9760 16
f 7277
f 7700
f 7221
a 8098 233376 16
a 8099 320 64
f 8015
a 8100 37280 16
a 8101 21136 16
f 7245
f 8016
a 8102 1888 16
a 8103 19632 256
a 8104 47744 256
a 8105 1456 16
a 8106 60864 64
f 7813
f 7100
f 7612
a 8107 122800 16
a 8108 944 16
a 8109 464 64
f 7693
f 7806
f 8067
f 8075
a 8110 67376 256
f 8030
a 8111 480 64
f 7909
a 8112 496 256
f 7763
a 8113 15280 16
a 8114 77984 256
a 8115 704 16
a 8116 68080 256
a 8117 250848 64
f 7406
f 7921
f 6771
a 8118 1760 256
a 8119 102016 256
a 8120 111936 16
f 7527
a 8121 11984 256
f 8021
f 7943
a 8122 215600 16
a 8123 82720 16
f 8019
f 7416
f 7651
f 7899
f 7226
f 8034
a 8124 6768 16
f 7538
f 7753
f 7597
f 8049
f 7837
f 7715
a 8125 2080 16
f 7752
f 7919
f 7090
a 8126 29280 16
a 8127 29472 16
f 7950
f 7740
a 8128 184832 64
f 7761
f 7819
a 8129 12720 256
a 8130 20816 64
a 8131 43696 16
a 8132 704 256
f 8081
f 7523
f 8065
f 8061
a 8133 9392 256
a 8134 157728 256
a 8135 250320 64
f 8054
f 7555
f 8013
a 8136 4176 16
f 8103
f 7805
f 7954
a 8137 64384 64
a 8138 5936 16
f 7549
a 8139 3600 256
f 6809
a 8140 6752 64
a 8141 18016 64
a 8142 2048 64
a 8143 94432 64
f 7042
a 8144 5968 16
f 8040
f 7624
f 8082
f 7996
f 7911
a 8145 16144 256
a 8146 227712 256
a 8147 368 256
a 8148 2736 256
f 7613
f 7870
f 8128
f 7885
a 8149 7440 256
f 7663
a 8150 261488 64
f 7673
f 7942
a 8151 3632 16
a 8152 13504 16
f 7383
a 8153 592 256
a 8154 8224 64
a 8155 84432 256
a 8156 34208 256
f 7777
f 7940
a 8157 16304 256
a 8158 464 64
f 7747
a 8159 35248 64
a 8160 1632 64
a 8161 736 256
a 8162 57424 256
f 7429
a 8163 245536 256
f 7898
f 7881
f 8089
f 7704
f 7946
f 7166
f 7933
f 8152
f 7830
a 8164 110432 64
a 8165 193920 16
a 8166 368 64
a 8167 6000 64
a 8168 432 64
f 7714
f 7888
f 7828
f 8045
f 8099
f 8020
a 8169 31440 64
a 8170 32576 16
a 8171 304 256
f 8094
f 8121
f 7987
f 7622
f 7675
f 7985
f 8097
f 8028
f 8059
a 8172 103168 256
f 6273
c op-16000
f 8009
a 8173 7536 16
f 7744
a 8174 16992 64
a 8175 18064 16
a 8176 57136 256
a 8177 12928 16
f 7636
f 7647
a 8178 13280 16
a 8179 234096 64
f 7849
f 8166
f 8026
f 7810
f 8029
a 8180 6976 256
a 8181 139984 64
f 7990
f 7834
f 8148
a 8182 528 256
f 8144
f 7600
f 7804
a 8183 768 64
a 8184 246944 256
f 7974
f 7831
a 8185 5888 16
f 8079
f 7501
a 8186 368 16
f 7879
f 8139
f 7705
f 8130
f 8156
f 8048
f 8017
a 8187 12432 16
f 8127
f 7183
a 8188 960 16
a 8189 2224 256
a 8190 206352 16
f 7716
f 8014
f 7863
f 7786
a 8191 2144 16
f 7941
f 7775
f 8172
a 8192 27568 64
a 8193 111840 16
f 6724
f 7505
f 8181
a 8194 123504 64
a 8195 5088 64
f 8133
a 8196 79696 256
f 8135
a 8197 212736 256
a 8198 194480 64
a 8199 2000 64
f 7846
f 6829
f 6441
a 8200 416 64
a 8201 30768 16
a 8202 2352 64
a 8203 5696 16
a 8204 4352 64
f 7074
a 8205 193328 16
a 8206 352 64
a 8207 9600 16
f 8106
a 8208 32128 256
a 8209 44304 256
a 8210 896 64
f 6889
a 8211 59200 16
f 7773
f 7988
f 8113
a 8212 1424 64
f 8176
a 8213 116912 64
f 7401
f 7896
a 8214 11776 64
a 8215 496 256
f 8160
a 8216 784 64
a 8217 53360 16
a 8218 22832 256
f 7361
a 8219 4896 256
a 8220 31488 64
a 8221 3168 16
a 8222 1456 256
f 7991
f 7981
a 8223 56112 256
a 8224 1520 64
f 8185
f 8153
f 8151
a 8225 1168 256
a 8226 202864 256
f 8202
f 7403
a 8227 25440 16
f 8179
a 8228 12208 16
a 8229 1088 256
a 8230 10752 16
f 8217
a 8231 5888 256
f 7998
a 8232 1024 16
a 8233 21024 16
a 8234 59536 64
a 8235 44400 64
a 8236 137008 16
a 8237 1664 64
a 8238 36304 16
f 8126
f 7877
a 8239 1328 16
a 8240 864 64
a 8241 5552 16
a 8242 672 256
f 7214
a 8243 2512 64
a 8244 416 64
a 8245 4992 64
f 8244
a 8246 896 16
a 8247 6432 64
a 8248 72624 256
f 7686
a 8249 184704 256
f 7646
a 8250 13808 64
f 8047
f 7817
f 7534
f 7868
f 7757
f 8177
f 8140
f 7388
a 8251 32512 16
f 8218
a 8252 156080 256
f 8229
f 8070
a 8253 2688 64
f 7669
f 8200
a 8254 5920 64
f 7972
f 7560
f 8173
f 8191
a 8255 14000 256
f 7604
f 8056
a 8256 32560 16
a 8257 55360 64
f 7637
a 8258 2048 64
a 8259 6432 256
f 8037
a 8260 2000 16
a 8261 4048 64
a 8262 21120 256
a 8263 11360 16
a 8264 131872 16
f 7905
f 7764
f 8066
f 7883
a 8265 5696 64
a 8266 528 64
f 8132
a 8267 2544 16
a 8268 2688 16
a 8269 992 256
f 8170
a 8270 45424 256
f 8038
a 8271 90000 256
a 8272 6704 16
a 8273 544 64
a 8274 53024 256
a 8275 6624 16
a 8276 464 16
a 8277 9248 256
a 8278 107424 16
f 7642
f 8213
a 8279 49520 64
a 8280 46912 16
a 8281 10848 64
a 8282 736 256
a 8283 27856 256
a 8284 5776 16
a 8285 14704 16
a 8286 67600 64
a 8287 6288 256
f 8241
a 8288 464 64
f 8137
f 8110
f 8161
a 8289 784 256
a 8290 432 16
f 8266
a 8291 127024 64
f 7826
a 8292 1328 64
f 7417
f 7582
f 6754
a 8293 288 16
f 7807
f 7799
f 8123
f 6182
a 8294 15456 64
a 8295 65296 64
a 8296 1904 16
a 8297 1184 256
a 8298 352 256
a 8299 1408 64
f 7362
f 7886
a 8300 184432 64
f 7862
a 8301 11088 16
f 8154
f 8223
f 8142
f 7688
a 8302 45280 16
a 8303 9312 64
f 7408
a 8304 222736 64
f 8255
f 8183
f 7816
a 8305 4832 16
f 8304
a 8306 3056 16
a 8307 37040 256
f 7925
a 8308 864 256
a 8309 153344 64
f 8098
a 8310 231552 16
a 8311 89024 64
f 7798
f 8104
f 8120
a 8312 480 16
a 8313 656 256
f 7432
f 8171
f 8064
a 8314 2016 16
a 8315 121440 16
a 8316 2240 16
a 8317 20352 64
a 8318 10464 64
f 8287
f 7875
f 8192
a 8319 9744 16
a 8320 98288 256
f 8074
f 8224
f 8162
a 8321 201792 256
f 7962
f 8225
f 8084
a 8322 2064 16
f 7578
f 8271
f 8280
f 8319
f 8087
f 8281
f 8163
a 8323 688 16
f 7457
f 7583
a 8324 44176 16
f 7774
f 8046
f 7895
a 8325 44864 256
a 8326 183424 16
a 8327 384 16
f 7992
a 8328 3792 16
f 7306
f 8295
a 8329 4144 64
a 8330 2480 64
a 8331 1232 16
a 8332 130752 256
a 8333 57584 16
a 8334 576 16
f 8291
a 8335 448 16
f 7587
a 8336 4256 64
a 8337 20832 256
a 8338 288 64
f 8299
a 8339 219184 16
a 8340 61088 16
a 8341 57184 16
f 8318
f 8102
f 8249
a 8342 14448 16
a 8343 172608 16
f 7262
f 7701
a 8344 261872 256
f 8311
f 8334
f 7543
a 8345 229936 16
a 8346 40464 64
a 8347 8768 256
f 7781
f 8018
f 7343
a 8348 48688 64
a 8349 137024 256
a 8350 28400 64
f 8115
a 8351 41456 16
a 8352 29168 256
a 8353 752 256
f 8315
f 8298
f 8302
a 8354 23168 64
a 8355 3296 256
a 8356 189408 16
f 7731
f 8227
f 6953
f 7691
f 8293
f 8188
a 8357 14000 64
f 8051
f 7159
a 8358 38560 256
f 8337
a 8359 15184 256
f 8243
f 7648
f 8136
a 8360 2016 64
f 7928
a 8361 368 64
f 8198
f 8178
f 8263
f 8032
f 8197
a 8362 6784 64
a 8363 2368 256
f 8264
a 8364 222880 16
f 8187
f 8254
f 7855
a 8365 12720 256
a 8366 49984 256
f 7960
f 8007
a 8367 608 64
f 8237
f 7982
f 7695
a 8368 2624 16
a 8369 123216 256
a 8370 5456 64
a 8371 512 64
f 7334
a 8372 100608 16
a 8373 9520 256
a 8374 3472 16
f 8248
a 8375 227280 16
f 8290
a 8376 250768 256
f 8345
a 8377 196624 16
a 8378 6000 256
f 8328
a 8379 40304 256
a 8380 3920 16
f 8095
a 8381 6064 64
f 7859
f 8333
f 8288
a 8382 272 256
f 7983
f 7783
f 8331
f 7333
f 8100
a 8383 5200 16
f 8234
f 8228
f 8296
f 7803
f 8367
a 8384 34256 64
f 8096
f 7568
a 8385 250976 16
f 7634
f 6716
f 8305
a 8386 115280 16
f 8238
f 7889
a 8387 8768 256
f 7726
a 8388 1664 16
a 8389 12640 16
f 8058
f 7562
f 7989
f 8212
f 7755
f 7652
f 8214
f 8180
f 8239
f 7917
a 8390 102016 64
f 7932
a 8391 1376 16
f 7738
a 8392 239728 16
a 8393 1072 256
f 8310
f 8069
a 8394 1584 16
f 7979
a 8395 9392 64
a 8396 1520 256
f 8335
a 8397 14256 256
f 8279
f 8125
a 8398 5296 16
a 8399 243392 64
a 8400 12080 16
f 8324
f 7708
a 8401 122256 64
a 8402 832 16
a 8403 448 16
a 8404 1824 16
a 8405 4912 256
a 8406 400 256
a 8407 76640 16
f 8057
a 8408 352 256
f 8093
f 8309
a 8409 928 16
a 8410 3888 64
f 8022
a 8411 31136 256
a 8412 193744 256
a 8413 5072 16
a 8414 1536 256
f 7162
a 8415 56496 256
f 7453
f 7949
f 8256
a 8416 688 16
a 8417 184576 16
a 8418 560 256
f 7690
a 8419 7072 64
a 8420 57728 64
a 8421 29520 16
f 8386
f 7916
f 8278
a 8422 1088 64
a 8423 81120 16
a 8424 127664 64
f 7255
f 8274
f 8408
a 8425 164960 256
a 8426 81904 256
a 8427 1376 256
a 8428 2112 16
f 8245
f 8343
f 8077
a 8429 46128 64
f 8001
f 8394
f 8005
a 8430 75376 256
f 7923
f 8308
f 7718
f 8412
a 8431 1776 64
a 8432 1184 256
a 8433 40512 64
f 8157
a 8434 288 256
f 7937
a 8435 93280 64
a 8436 32032 64
f 8360
f 7520
f 8071
a 8437 255856 256
f 8247
f 7876
f 7926
a 8438 288 256
a 8439 912 256
f 8167
f 7955
f 7696
f 7910
f 8357
a 8440 210864 64
f 8242
f 8195
f 8344
a 8441 63904 256
f 7776
a 8442 31648 16
f 6951
a 8443 117824 16
f 7590
f 8336
f 8165
a 8444 2048 64
a 8445 4384 256
a 8446 1136 16
f 8375
a 8447 34480 16
a 8448 336 256
a 8449 496 64
a 8450 368 64
a 8451 27504 256
a 8452 1744 64
a 8453 3248 256
a 8454 109520 256
f 8273
a 8455 4416 16
a 8456 70608 64
f 7893
a 8457 10224 64
f 8124
f 8297
f 8193
a 8458 3312 256
a 8459 720 64
a 8460 4144 16
f 8453
f 8378
f 8168
a 8461 3968 16
a 8462 83168 16
a 8463 784 256
a 8464 5680 64
a 8465 1168 16
a 8466 4336 256
a 8467 10256 16
a 8468 13920 16
f 8450
a 8469 6144 256
f 8455
f 8464
f 8211
a 8470 848 64
a 8471 8880 64
a 8472 7056 16
a 8473 13760 16
a 8474 189056 16
a 8475 1232 64
a 8476 7424 256
f 7993
a 8477 384 64
a 8478 24528 16
a 8479 13680 16
a 8480 832 64
a 8481 141248 64
f 8206
f 8118
f 8092
a 8482 229040 16
a 8483 592 256
f 7869
f 8330
f 8023
f 6855
f 8377
a 8484 880 64
a 8485 22288 64
a 8486 245184 64
f 8052
f 8347
f 8201
f 8043
f 8053
f 8116
f 8472
f 8409
f 8366
a 8487 22208 64
a 8488 129328 256
f 8220
f 8363
f 8437
a 8489 242192 64
f 8346
a 8490 10944 64
a 8491 5168 256
a 8492 320 16
f 8111
f 8417
a 8493 32448 16
a 8494 464 256
a 8495 32784 64
a 8496 15088 16
a 8497 48416 256
a 8498 67904 16
f 8134
f 8423
a 8499 928 64
f 8495
f 7915
a 8500 896 16
a 8501 704 256
a 8502 150912 64
f 7266
a 8503 1552 64
a 8504 1584 16
a 8505 14704 64
a 8506 8224 64
a 8507 64576 256
f 8339
a 8508 928 64
a 8509 2880 64
a 8510 197584 16
f 8389
a 8511 6640 64
a 8512 2224 16
a 8513 736 16
a 8514 122448 16
f 8448
f 8406
f 8044
a 8515 31536 16
a 8516 592 64
f 8365
f 8460
f 8261
a 8517 816 256
a 8518 3488 256
f 8443
f 7934
a 8519 1088 16
f 8467
f 7756
a 8520 12448 16
a 8521 129312 64
a 8522 188432 16
a 8523 1312 64
f 7519
f 8233
f 8175
a 8524 7680 16
f 8456
a 8525 71424 16
f 8473
f 8008
a 8526 62128 64
f 8374
f 8478
f 8000
f 8426
a 8527 253504 256
a 8528 11328 256
f 7539
a 8529 4752 256
a 8530 1712 64
a 8531 1184 64
f 8485
a 8532 384 16
f 8434
f 8471
a 8533 288 16
a 8534 1280 64
a 8535 1168 64
a 8536 24832 256
a 8537 11408 64
f 8420
a 8538 976 16
f 8487
a 8539 59520 64
f 7997
a 8540 608 64
a 8541 35600 256
a 8542 246048 16
f 8209
f 7957
f 8540
f 7462
a 8543 480 16
a 8544 99664 64
f 8232
f 8482
a 8545 1648 64
f 8117
a 8546 704 64
a 8547 98208 256
a 8548 13552 64
a 8549 12608 256
f 7894
a 8550 432 16
a 8551 24032 16
f 8246
a 8552 111680 64
f 8395
f 8451
f 8080
a 8553 56512 16
f 8286
f 7920
a 8554 480 64
a 8555 2464 64
a 8556 35648 16
f 8196
a 8557 480 64
a 8558 4112 64
a 8559 1568 64
a 8560 1792 16
a 8561 98224 256
f 8265
f 8428
a 8562 107456 64
f 8002
a 8563 14096 16
f 8326
a 8564 3008 16
a 8565 1472 16
a 8566 144880 64
f 7973
a 8567 221760 64
a 8568 182096 64
f 8222
f 8385
f 7902
a 8569 20336 64
a 8570 400 256
f 8537
f 8401
f 8414
a 8571 384 64
f 7502
f 7530
f 8413
f 8469
a 8572 384 256
f 8507
f 7918
f 8085
f 6689
a 8573 218640 256
f 8262
a 8574 1696 256
f 8138
f 7495
f 7737
a 8575 464 16
a 8576 2448 64
f 8382
a 8577 1488 16
a 8578 2048 64
a 8579 3072 16
a 8580 576 64
a 8581 33648 16
f 8493
a 8582 2320 64
f 8219
a 8583 1568 64
f 8566
a 8584 149872 256
f 7469
a 8585 54112 16
a 8586 64480 16
a 8587 133232 64
a 8588 5744 256
f 8011
f 7853
f 8114
f 8508
f 8146
a 8589 1680 64
a 8590 65600 256
a 8591 704 256
a 8592 5200 256
a 8593 120480 64
f 8101
a 8594 231152 16
f 8240
a 8595 8848 16
f 7818
f 8457
a 8596 4528 64
f 8563
a 8597 4528 64
f 8006
f 8253
f 8533
f 8543
a 8598 1200 64
f 8553
f 7670
f 8194
f 8569
a 8599 5936 64
a 8600 85312 256
a 8601 49152 64
a 8602 38128 16
f 8570
f 8258
f 7953
f 8327
f 8595
a 8603 22128 16
f 8459
f 7522
f 8107
f 7906
f 8415
f 8465
a 8604 8912 256
a 8605 4656 256
f 8203
a 8606 19680 256
a 8607 51168 64
f 8514
a 8608 2032 256
a 8609 80400 16
f 8145
f 8313
a 8610 51312 64
a 8611 2800 256
a 8612 2768 64
f 8441
f 8567
a 8613 8848 256
a 8614 480 256
f 8275
a 8615 2080 16
a 8616 8144 16
f 8522
a 8617 2960 16
a 8618 17056 64
a 8619 24720 16
a 8620 2896 256
a 8621 11248 64
a 8622 448 64
a 8623 5472 256
f 8432
a 8624 117376 64
a 8625 912 16
a 8626 248512 64
a 8627 66480 16
a 8628 10352 16
a 8629 4656 16
f 8379
f 8562
a 8630 7296 16
a 8631 832 16
a 8632 122864 256
f 8528
a 8633 12736 64
f 8594
f 8513
f 8435
a 8634 134784 256
a 8635 5824 16
a 8636 117040 256
f 8250
f 8322
a 8637 26848 64
a 8638 592 256
f 8475
f 7393
f 7851
f 8505
f 7944
f 8155
a 8639 1664 16
a 8640 1872 256
a 8641 46256 64
a 8642 4368 256
a 8643 17040 64
a 8644 4480 256
f 8529
a 8645 352 16
a 8646 14096 256
f 8303
f 8012
a 8647 203072 16
a 8648 480 16
a 8649 1024 16
a 8650 832 64
f 8479
f 7729
f 8285
f 8208
a 8651 29680 256
a 8652 8160 16
f 8268
f 8368
f 8390
a 8653 6896 256
f 8572
f 8359
f 8644
f 8600
a 8654 33920 64
a 8655 1408 256
a 8656 29808 256
a 8657 512 64
f 8656
a 8658 3120 64
f 8260
a 8659 4064 256
f 8492
a 8660 90272 256
a 8661 55424 256
f 7975
f 8169
a 8662 7968 256
a 8663 24400 64
a 8664 26224 64
f 8284
f 8150
a 8665 272 256
a 8666 4192 256
a 8667 105616 16
a 8668 3360 16
a 8669 304 64
a 8670 59616 256
f 8342
a 8671 59632 64
f 8592
f 8551
f 6964
f 8404
f 8391
a 8672 8128 16
a 8673 33360 64
f 8557
f 8031
f 8512
f 8648
a 8674 320 256
f 8267
f 8489
a 8675 127552 16
a 8676 62240 256
f 8221
a 8677 512 256
a 8678 44928 16
f 8410
f 7945
f 8607
a 8679 4080 256
a 8680 1008 64
a 8681 16672 64
a 8682 928 256
a 8683 31648 16
f 8518
f 8676
f 7948
a 8684 1472 64
a 8685 400 16
a 8686 496 64
a 8687 624 64
a 8688 62912 64
a 8689 1520 256
f 8068
f 8444
f 8481
f 8294
f 8636
a 8690 29600 16
a 8691 464 16
a 8692 3648 64
a 8693 160704 256
f 8112
a 8694 13616 64
a 8695 14320 256
a 8696 9856 64
a 8697 1024 256
a 8698 57664 256
a 8699 3568 16
a 8700 928 64
a 8701 2736 256
f 8316
f 7713
f 8609
a 8702 656 256
f 8320
f 8658
a 8703 736 256
f 8230
a 8704 28672 64
a 8705 2576 256
a 8706 12192 64
a 8707 31408 64
f 8706
a 8708 2288 256
f 8660
f 8536
f 8705
f 8591
a 8709 10832 16
f 8119
a 8710 2496 256
a 8711 832 64
a 8712 336 16
f 8599
a 8713 17136 64
a 8714 352 16
f 8470
f 8696
a 8715 3040 64
a 8716 18192 256
f 8662
a 8717 143040 16
a 8718 23632 64
a 8719 28304 16
a 8720 18784 64
a 8721 171760 256
f 7986
f 8362
a 8722 384 256
f 8585
f 7971
f 8376
f 8548
a 8723 1120 256
f 8711
a 8724 4928 16
a 8725 10240 256
a 8726 45440 256
f 8650
a 8727 336 256
a 8728 784 64
a 8729 24400 16
a 8730 1056 64
a 8731 27824 16
a 8732 260896 256
a 8733 1824 16
f 8704
f 8129
f 8642
a 8734 65008 256
f 8501
f 8405
a 8735 3632 64
f 8499
f 8141
f 8693
a 8736 16368 256
a 8737 31984 256
a 8738 2208 64
a 8739 96352 16
f 7931
a 8740 576 16
f 8554
f 8332
a 8741 1520 256
f 8050
a 8742 6624 16
f 8364
a 8743 784 256
a 8744 15616 16
a 8745 1952 64
a 8746 816 16
a 8747 43072 64
a 8748 20128 256
a 8749 17408 256
f 8590
a 8750 7232 16
f 8574
f 8573
a 8751 39488 64
a 8752 3024 64
a 8753 46624 256
a 8754 9024 64
a 8755 164768 64
a 8756 25536 256
a 8757 2560 64
a 8758 90992 256
f 8714
a 8759 944 256
a 8760 29680 256
a 8761 12240 16
f 8752
a 8762 28144 64
f 8490
f 8698
a 8763 3424 16
f 8397
a 8764 50544 16
a 8765 240112 16
f 8613
f 8338
a 8766 9088 16
f 8682
f 8611
a 8767 816 64
f 8708
f 8615
f 8060
a 8768 50368 16
f 8587
f 8744
a 8769 14832 16
a 8770 496 256
a 8771 448 256
a 8772 3472 256
a 8773 142496 16
f 8531
a 8774 160832 16
f 8755
f 8498
f 8210
f 8602
f 8720
f 7769
a 8775 24736 256
a 8776 1072 64
f 8215
a 8777 15184 16
a 8778 416 16
a 8779 19936 16
a 8780 80128 256
f 8521
a 8781 178032 64
f 8400
f 8725
f 8216
f 8430
a 8782 7024 64
f 8370
a 8783 53360 64
a 8784 113760 256
f 8398
a 8785 2400 16
f 8122
f 8686
a 8786 1024 64
a 8787 161856 16
f 8606
f 8348
f 8671
a 8788 544 64
a 8789 18736 256
a 8790 200624 16
a 8791 5984 16
a 8792 28848 64
f 8736
a 8793 71504 16
f 7409
f 8783
f 8427
f 8542
a 8794 21440 64
a 8795 2560 16
a 8796 12848 16
a 8797 69616 16
f 8515
a 8798 768 64
f 8088
a 8799 3984 64
f 8645
a 8800 60736 64
f 8555
a 8801 288 256
a 8802 63744 64
a 8803 9504 256
a 8804 63568 64
a 8805 992 64
a 8806 4608 64
f 7832
a 8807 336 16
f 8550
a 8808 1024 64
a 8809 43696 16
a 8810 13120 256
f 8608
a 8811 864 256
a 8812 448 256
f 8638
f 8675
f 8510
a 8813 368 64
a 8814 30816 16
a 8815 23104 64
a 8816 1376 256
a 8817 944 256
f 7480
a 8818 1504 16
a 8819 2960 64
a 8820 30912 256
a 8821 140064 64
a 8822 23088 256
a 8823 203088 16
f 8486
f 8733
f 8259
a 8824 186160 64
a 8825 1008 256
f 8754
f 8575
a 8826 5904 64
f 8582
f 7580
a 8827 1616 16
a 8828 592 64
a 8829 64288 256
f 8756
f 8808
f 8743
f 8659
f 8373
f 8792
f 8710
f 8204
f 8559
a 8830 31040 16
a 8831 4256 256
a 8832 1648 64
f 8640
f 8684
a 8833 2288 256
f 7353
a 8834 3872 16
a 8835 1280 16
a 8836 49024 16
f 8506
a 8837 14016 256
f 8625
f 8466
f 6728
f 8777
f 8446
f 8633
a 8838 193520 16
f 8620
f 8143
a 8839 880 16
f 8652
f 8618
f 8033
f 8785
f 8292
a 8840 6912 16
f 7661
f 8532
f 8765
a 8841 25440 256
a 8842 704 256
a 8843 11392 256
a 8844 46560 64
f 8844
a 8845 96976 16
a 8846 41552 16
a 8847 93344 256
a 8848 32176 16
a 8849 76608 256
a 8850 145776 16
a 8851 608 256
f 8619
f 8681
f 8780
f 8819
a 8852 239456 16
a 8853 2016 64
f 7809
f 8634
f 8852
a 8854 232256 16
f 8802
a 8855 736 16
f 8688
a 8856 5248 256
a 8857 3792 256
a 8858 39232 256
a 8859 2064 256
a 8860 57184 256
f 8583
a 8861 49760 16
f 8647
a 8862 244976 64
f 8818
a 8863 1648 256
f 8491
f 8317
a 8864 272 64
f 8371
a 8865 1776 256
a 8866 171536 256
f 8579
f 7614
a 8867 1440 64
f 8283
f 8697
f 8411
f 8841
f 8616
a 8868 3760 256
f 8525
f 8325
f 8468
f 8789
a 8869 2720 16
f 8159
f 8477
a 8870 544 256
f 7665
a 8871 1312 256
a 8872 2032 256
f 8872
a 8873 35024 64
f 8840
f 8527
a 8874 197440 16
a 8875 29936 256
f 8850
a 8876 1344 16
f 8546
a 8877 2912 64
a 8878 208512 64
f 7965
f 8454
f 8063
a 8879 480 16
f 7743
a 8880 16736 64
a 8881 5184 16
a 8882 42672 64
f 7812
a 8883 170000 16
f 8797
a 8884 230864 64
f 8800
f 8873
f 8881
a 8885 13472 64
f 8732
f 8396
a 8886 63088 64
a 8887 512 16
a 8888 56208 256
a 8889 9136 16
a 8890 17312 256
a 8891 257056 64
f 8687
a 8892 1024 16
f 8653
a 8893 7968 64
f 8384
f 8589
f 8654
f 8870
a 8894 2560 64
f 8158
f 8829
f 8621
a 8895 7072 16
f 8474
f 8845
f 7841
f 8859
a 8896 3792 256
a 8897 1024 64
f 8683
a 8898 7296 256
a 8899 7104 16
a 8900 4576 256
a 8901 480 16
f 8494
a 8902 8240 64
a 8903 107888 64
a 8904 2864 64
f 8509
a 8905 2192 16
a 8906 157904 64
a 8907 816 256
f 8425
a 8908 848 256
f 8353
a 8909 3248 16
f 8821
a 8910 496 256
a 8911 3696 64
f 8649
a 8912 33776 256
f 7626
a 8913 12640 16
a 8914 432 256
f 8885
a 8915 4896 256
f 8836
f 8914
a 8916 26368 16
f 8036
a 8917 149392 16
f 8351
a 8918 62512 16
a 8919 4064 16
a 8920 26080 16
a 8921 4928 16
f 8913
a 8922 1488 64
a 8923 448 16
a 8924 16576 16
f 8504
a 8925 22240 64
a 8926 1728 16
f 8769
f 8813
a 8927 117296 16
a 8928 3376 16
f 8083
f 8879
f 8759
a 8929 108688 16
f 7601
a 8930 64528 64
f 8588
f 8576
f 8419
f 8530
f 8422
f 8806
f 8886
f 8436
f 8695
f 8848
a 8931 27600 64
a 8932 28848 256
f 8926
a 8933 4608 64
f 7545
a 8934 260736 16
a 8935 26096 256
f 8356
a 8936 4256 256
a 8937 272 64
a 8938 3632 16
f 8545
a 8939 640 64
a 8940 24064 16
f 8407
a 8941 10848 256
a 8942 13712 16
f 8349
a 8943 19312 256
a 8944 99728 256
a 8945 656 256
f 8664
a 8946 123424 16
f 8867
a 8947 7232 16
f 8830
a 8948 187744 16
f 8445
f 8189
a 8949 12736 64
f 8770
f 8669
f 8476
f 8713
f 8598
f 8921
f 8815
f 8231
f 8108
f 8307
f 8641
a 8950 14512 64
f 8805
f 8604
f 8355
a 8951 640 16
f 8626
a 8952 15040 16
a 8953 11184 64
a 8954 6864 256
f 8753
a 8955 2032 16
a 8956 69104 64
a 8957 368 256
f 8496
f 8270
f 8908
f 8734
a 8958 5088 256
a 8959 40064 256
a 8960 720 16
a 8961 1040 64
a 8962 1120 64
a 8963 67568 64
a 8964 5792 256
f 8888
f 8869
f 8917
a 8965 880 256
a 8966 15920 64
a 8967 28096 256
f 8462
a 8968 8016 256
a 8969 400 64
a 8970 3056 16
a 8971 1936 16
f 8782
a 8972 244592 256
a 8973 400 16
a 8974 3536 256
a 8975 416 16
a 8976 19520 64
a 8977 217168 64
a 8978 3552 256
a 8979 608 64
a 8980 464 16
f 8939
f 8950
f 8699
f 8931
f 8646
f 8622
f 8949
f 8866
f 8601
a 8981 125584 256
f 8480
a 8982 304 16
a 8983 752 256
f 8943
a 8984 123728 256
f 8392
a 8985 15248 16
a 8986 11696 16
a 8987 102000 64
f 8952
f 8936
a 8988 69504 64
a 8989 26000 16
a 8990 624 16
a 8991 1808 64
a 8992 17280 16
f 8707
a 8993 3808 256
a 8994 672 256
a 8995 19200 64
f 8972
a 8996 4000 64
a 8997 1280 256
a 8998 592 256
a 8999 201216 64
a 9000 116784 64
f 8986
f 8131
f 8762
a 9001 21056 64
f 8685
a 9002 234448 64
a 9003 46176 16
a 9004 30336 16
f 8321
f 8977
f 8678
a 9005 7792 256
a 9006 198160 16
a 9007 1792 16
a 9008 976 16
a 9009 4000 16
f 8421
f 8748
f 9008
f 8958
a 9010 20400 16
f 8383
f 8882
a 9011 26176 16
f 8251
a 9012 112176 64
a 9013 53984 256
f 8892
f 8781
f 7959
a 9014 41344 64
a 9015 4384 64
f 8314
a 9016 146096 256
f 8340
f 8488
a 9017 608 16
a 9018 45344 16
a 9019 14976 256
a 9020 89856 16
a 9021 112496 16
f 8740
f 8560
f 8798
f 8461
f 8105
f 8772
a 9022 432 16
f 8951
f 8306
a 9023 28336 64
f 8779
f 8416
a 9024 432 64
f 8729
f 8072
f 8953
a 9025 1568 256
a 9026 3600 256
f 8257
a 9027 2432 256
a 9028 272 16
a 9029 30656 16
f 8766
a 9030 52896 256
f 8252
a 9031 14464 64
a 9032 5008 16
a 9033 448 16
a 9034 54144 64
a 9035 211728 64
f 9020
a 9036 187488 256
f 8924
f 8207
a 9037 4208 64
f 8767
a 9038 288 16
a 9039 3424 256
f 8938
f 8447
f 8902
f 8942
f 8538
f 8627
a 9040 368 64
f 8272
a 9041 14624 16
a 9042 31664 16
f 8631
f 8807
a 9043 108720 16
f 8558
f 8516
f 7660
f 8716
a 9044 5440 256
f 8431
a 9045 161488 64
f 8980
f 8990
a 9046 193056 64
f 8838
f 8534
a 9047 20336 256
f 8484
a 9048 880 16
a 9049 9568 16
f 8721
f 8959
f 8847
f 8788
f 8974
a 9050 116512 256
a 9051 1168 64
a 9052 304 64
f 9015
f 9010
f 9013
f 9030
f 8612
a 9053 352 256
f 8956
f 8842
f 9011
f 8723
f 6767
f 8610
f 8535
a 9054 60848 256
f 8520
f 8758
a 9055 55584 64
f 8568
a 9056 71152 64
a 9057 320 256
f 8791
f 8940
a 9058 3232 256
a 9059 480 64
a 9060 197360 256
f 8597
f 6610
f 7674
f 8861
a 9061 115360 256
f 8276
f 8960
f 9044
a 9062 528 16
a 9063 189904 64
a 9064 9856 64
a 9065 138080 16
f 7977
a 9066 784 16
a 9067 3664 64
f 9023
a 9068 128448 256
a 9069 2256 16
a 9070 63904 64
f 8341
f 8737
f 9054
f 9065
f 8680
f 8184
f 8361
f 8828
f 8811
f 8024
f 8738
a 9071 14592 16
a 9072 1840 16
f 9028
f 8947
f 8164
a 9073 976 16
f 8727
a 9074 41888 16
f 8690
f 9043
a 9075 1328 64
a 9076 4368 16
f 9057
a 9077 90576 16
a 9078 10416 256
a 9079 9904 16
a 9080 6816 16
f 8578
f 8803
a 9081 61488 64
f 9079
a 9082 2720 256
f 8722
f 8834
f 8997
f 8864
f 8109
f 8786
f 8632
a 9083 249488 256
a 9084 87440 16
f 8429
f 8674
f 9052
f 8418
f 8967
f 9003
f 8912
f 8199
f 8887
a 9085 50256 256
f 8919
a 9086 10496 16
f 7815
f 8884
a 9087 14048 16
f 8692
a 9088 880 16
f 8584
a 9089 1536 64
a 9090 304 256
a 9091 1488 256
a 9092 5376 64
a 9093 25904 16
a 9094 31488 64
a 9095 6240 256
a 9096 1024 256
a 9097 10480 16
a 9098 7904 64
a 9099 272 16
a 9100 25728 256
a 9101 10832 256
a 9102 304 64
a 9103 1440 16
f 8433
f 9073
a 9104 17632 256
a 9105 1536 64
f 9063
a 9106 39984 256
f 8899
a 9107 6560 256
f 8277
a 9108 145200 256
a 9109 5312 256
a 9110 608 256
a 9111 6432 256
a 9112 8032 64
a 9113 161664 256
f 9032
f 8663
f 8350
a 9114 11264 64
f 8903
f 8523
a 9115 704 256
a 9116 13296 16
a 9117 89008 64
a 9118 2208 64
a 9119 12864 64
a 9120 10240 64
f 8900
f 8679
a 9121 5152 16
a 9122 28080 256
a 9123 7824 256
f 8822
f 9060
a 9124 2656 16
a 9125 1824 64
a 9126 320 256
f 8832
f 8643
a 9127 233760 64
a 9128 624 256
f 8992
f 8702
a 9129 13424 16
f 8393
f 8996
f 8747
a 9130 7648 256
a 9131 52272 256
f 8086
a 9132 69616 256
f 8865
a 9133 7472 64
f 8826
f 8312
f 8541
f 8749
f 8739
f 8571
a 9134 4400 256
a 9135 4016 64
a 9136 129776 256
f 9096
f 9105
f 8614
f 9018
f 8971
f 8863
f 9053
f 8629
f 8860
a 9137 10640 256
a 9138 416 16
a 9139 69648 64
f 9080
f 9042
f 8500
a 9140 1904 64
a 9141 352 16
f 9078
f 8667
a 9142 236752 256
f 9113
a 9143 38768 64
f 8837
a 9144 3840 256
f 9085
f 9114
a 9145 416 256
a 9146 203312 64
f 8424
a 9147 6880 256
f 8746
f 8853
f 8190
a 9148 9008 256
a 9149 8240 64
a 9150 51664 64
a 9151 3568 16
f 9107
f 8757
a 9152 848 64
a 9153 1792 16
a 9154 32432 16
a 9155 13440 64
a 9156 41872 64
f 9144
f 8735
f 9109
a 9157 4240 64
f 8965
a 9158 38688 16
f 8329
a 9159 10016 16
f 9006
a 9160 3488 256
a 9161 2896 256
f 8073
a 9162 1744 16
a 9163 141216 16
a 9164 944 256
f 8564
f 9159
a 9165 57840 64
a 9166 203648 256
f 8628
f 8776
f 8539
f 8946
f 8768
a 9167 5872 16
f 8694
a 9168 4288 64
a 9169 6608 64
a 9170 368 64
f 9119
a 9171 2336 256
f 9050
a 9172 3600 256
f 8880
f 8617
a 9173 118784 256
a 9174 352 64
a 9175 33280 64
a 9176 248496 16
f 9169
f 9136
f 9070
f 8387
a 9177 832 64
a 9178 672 16
f 8399
a 9179 33936 16
a 9180 116112 16
a 9181 42480 64
a 9182 3296 16
a 9183 60864 16
f 8657
f 8673
f 9128
a 9184 23312 256
a 9185 2080 256
c op-18000
f 8901
a 9186 1056 256
f 8933
a 9187 400 256
a 9188 12208 16
f 9048
f 8825
a 9189 121344 16
f 8147
f 9051
a 9190 2656 64
f 9117
f 9178
a 9191 34128 16
f 8988
f 8561
a 9192 6496 256
f 8961
a 9193 79952 256
a 9194 6320 16
a 9195 137648 64
a 9196 6368 16
f 8827
a 9197 27120 16
f 8849
a 9198 78256 256
f 9194
f 8186
a 9199 880 16
f 8987
f 9153
a 9200 194928 64
f 8524
f 9086
f 8954
a 9201 33008 256
f 8701
f 8918
a 9202 165072 256
f 9190
f 7793
f 9098
f 9025
f 8403
a 9203 992 64
f 9188
f 8851
f 9062
a 9204 576 64
f 8603
f 8497
f 9066
f 9087
f 8358
a 9205 9248 16
f 8730
f 8372
f 9007
f 8639
a 9206 12032 16
f 7847
a 9207 169136 16
f 9202
a 9208 203872 256
f 8751
f 8945
a 9209 10752 256
f 9039
f 8793
a 9210 2992 256
f 9081
f 8182
a 9211 236320 256
f 9166
f 8235
f 9131
f 9142
a 9212 89408 256
a 9213 14128 64
a 9214 13552 16
a 9215 6608 16
f 9199
a 9216 3696 16
a 9217 230720 256
f 8226
a 9218 7744 256
a 9219 928 64
a 9220 9280 256
a 9221 464 256
a 9222 36256 16
a 9223 199616 64
f 9214
f 8948
a 9224 5088 256
a 9225 43552 64
f 9219
f 8927
a 9226 37616 64
a 9227 49136 64
f 8380
a 9228 67408 64
a 9229 94240 64
a 9230 171216 16
f 9141
a 9231 18256 16
f 8742
a 9232 304 256
f 9024
a 9233 432 64
f 8862
a 9234 3392 256
a 9235 992 16
a 9236 70928 64
a 9237 52592 64
f 9192
f 8503
f 9012
a 9238 272 16
a 9239 32848 64
f 9229
a 9240 448 16
a 9241 816 16
a 9242 238960 256
f 8547
f 9167
a 9243 2656 16
a 9244 464 64
f 9061
a 9245 6576 256
a 9246 122192 16
f 8964
f 9116
f 7120
a 9247 177728 256
f 9209
f 8651
f 9022
f 8300
f 8635
f 9143
a 9248 1008 256
a 9249 10928 64
a 9250 27360 256
f 8975
f 9226
f 9146
a 9251 5584 64
a 9252 211808 256
a 9253 4032 64
a 9254 1488 64
a 9255 448 64
f 8549
a 9256 54400 16
f 9129
f 8877
f 9236
a 9257 1152 64
a 9258 7872 256
f 9217
a 9259 6464 256
a 9260 1232 16
a 9261 10848 256
a 9262 25920 16
a 9263 19248 64
a 9264 2592 16
f 6608
f 9186
a 9265 2496 256
f 8691
a 9266 5520 256
a 9267 3616 16
f 9163
f 8920
a 9268 237952 64
f 8968
a 9269 688 64
a 9270 153168 64
a 9271 16336 16
f 9101
f 9123
f 8978
f 8637
a 9272 242240 256
f 8911
f 8511
f 8402
f 9208
f 8760
a 9273 3472 256
a 9274 8272 64
a 9275 10256 16
a 9276 1088 64
f 9009
a 9277 1632 256
a 9278 3664 256
a 9279 1424 16
f 9248
a 9280 141664 256
a 9281 13664 16
f 8906
a 9282 7360 64
f 8855
f 9027
f 8929
a 9283 2224 64
a 9284 1728 256
f 9130
a 9285 255280 256
f 9134
f 8876
f 8896
a 9286 6848 16
a 9287 1936 64
f 7864
f 8930
a 9288 6752 256
f 8985
f 8078
a 9289 2752 64
a 9290 130000 16
a 9291 32480 256
a 9292 560 256
a 9293 244848 64
f 8352
f 8955
a 9294 1360 16
f 8999
a 9295 1984 64
a 9296 5648 16
a 9297 1680 256
f 8966
a 9298 784 16
a 9299 416 256
f 9074
a 9300 5472 16
a 9301 6800 256
f 9220
a 9302 352 16
a 9303 1904 256
a 9304 320 256
a 9305 21792 16
f 9183
f 8831
a 9306 1664 256
a 9307 1856 256
a 9308 2144 64
a 9309 250592 16
f 8381
f 8452
f 9213
f 9021
a 9310 73360 64
f 9103
f 9026
f 9288
f 9280
f 8718
a 9311 258576 64
f 8909
a 9312 1520 256
a 9313 25632 16
f 8874
a 9314 7168 16
f 8483
f 9173
a 9315 2144 64
a 9316 464 256
a 9317 6112 256
a 9318 1040 16
a 9319 2064 64
a 9320 688 256
f 9171
a 9321 976 256
a 9322 480 16
a 9323 113056 256
a 9324 1520 64
f 9259
f 9125
f 8816
a 9325 2016 64
f 9091
f 9245
a 9326 752 16
f 9311
a 9327 111392 256
a 9328 368 256
f 9256
f 9145
a 9329 47616 16
f 8773
a 9330 304 64
a 9331 110384 64
a 9332 1792 64
a 9333 212864 16
a 9334 800 16
f 8763
f 9031
f 9165
a 9335 25088 256
f 8814
a 9336 19248 16
a 9337 52368 16
f 8854
f 9112
a 9338 259072 64
f 9216
f 9336
f 9035
a 9339 146256 16
f 9227
a 9340 42992 64
a 9341 62656 16
f 8868
f 9243
f 8668
f 7927
a 9342 14864 64
a 9343 352 256
a 9344 11280 64
a 9345 20128 256
a 9346 70640 16
f 9110
a 9347 1760 64
f 8282
f 8969
f 8778
f 9099
f 9322
f 9242
f 9277
a 9348 4640 256
f 7913
a 9349 32448 256
a 9350 576 64
a 9351 42096 64
a 9352 1520 256
a 9353 180544 64
f 9289
a 9354 640 16
a 9355 120448 256
f 9191
f 8905
f 8922
f 8983
f 9300
f 9049
a 9356 233104 64
f 9045
a 9357 528 256
a 9358 4112 16
f 9338
a 9359 19344 256
a 9360 432 16
f 9223
a 9361 21952 64
a 9362 97808 256
a 9363 272 256
a 9364 13184 256
a 9365 18928 64
a 9366 20048 16
f 8839
a 9367 20144 64
a 9368 158288 64
f 8502
a 9369 7920 256
a 9370 512 256
a 9371 10784 16
f 9106
f 8787
a 9372 37632 256
a 9373 1584 64
a 9374 5488 64
a 9375 832 64
f 9196
a 9376 2992 16
a 9377 1616 256
f 9362
a 9378 5952 16
a 9379 768 64
a 9380 199824 64
a 9381 113440 64
a 9382 34208 16
f 9303
f 9328
f 9352
f 8764
f 9381
a 9383 11568 64
a 9384 1248 256
a 9385 21216 16
a 9386 16752 16
a 9387 244992 256
f 8526
f 9205
f 9304
f 9108
a 9388 18816 256
a 9389 37568 256
a 9390 82368 64
f 9211
f 9265
a 9391 65296 16
f 8775
a 9392 384 16
f 9059
a 9393 162224 256
f 9056
f 9001
f 8962
f 9121
f 9372
a 9394 7456 256
f 9075
a 9395 528 64
f 9172
a 9396 832 16
f 9215
a 9397 6896 16
a 9398 1440 16
a 9399 122512 16
f 8703
a 9400 80496 64
f 9302
f 9029
f 8804
f 9019
f 9222
f 9260
f 9329
a 9401 56176 256
a 9402 1328 256
f 9351
a 9403 114384 256
f 9366
a 9404 118816 64
f 8149
f 9397
f 9005
f 9140
a 9405 16032 16
f 8586
f 8916
f 9384
a 9406 3728 256
f 9353
a 9407 736 64
f 9301
f 8915
a 9408 201136 16
f 9408
f 9383
a 9409 13744 16
f 9385
a 9410 8832 16
f 9355
f 8941
f 8982
a 9411 52320 256
a 9412 3136 16
a 9413 14192 64
a 9414 61552 256
a 9415 1232 16
a 9416 288 256
a 9417 5888 64
a 9418 1520 64
f 9369
a 9419 10832 256
a 9420 432 64
a 9421 5776 64
a 9422 97552 256
f 9120
a 9423 992 256
a 9424 230512 256
a 9425 247952 64
f 8596
a 9426 99280 64
f 9292
f 8556
f 9000
f 9094
f 8700
f 8981
a 9427 1472 16
f 9365
f 9388
f 9207
f 9127
f 8623
a 9428 53792 64
f 9058
a 9429 1424 16
f 9379
a 9430 6080 64
a 9431 272 256
a 9432 23936 64
a 9433 143216 256
f 8817
a 9434 384 256
f 9314
f 9286
f 8624
a 9435 97488 256
a 9436 30192 16
f 9203
f 9393
f 9175
f 9398
a 9437 56640 256
f 8301
f 9047
a 9438 320 16
f 9342
a 9439 288 16
a 9440 8176 16
a 9441 944 256
a 9442 2352 64
a 9443 208576 16
a 9444 127968 64
a 9445 272 16
f 8796
a 9446 8240 256
f 9182
f 9446
f 9340
f 9201
f 9092
f 8957
f 9395
a 9447 4192 64
f 8973
f 9434
f 9137
a 9448 7424 256
a 9449 768 16
f 9293
a 9450 448 256
a 9451 9104 256
a 9452 320 256
f 9249
a 9453 16848 64
a 9454 25840 64
a 9455 30416 64
f 8771
a 9456 25600 16
a 9457 29104 16
a 9458 114704 16
f 8719
f 9455
f 9071
f 7772
a 9459 50608 256
f 8891
f 9132
a 9460 1024 16
a 9461 832 16
a 9462 2496 16
f 9184
a 9463 210720 64
f 9093
a 9464 512 256
a 9465 7696 16
a 9466 8192 16
f 9276
a 9467 5904 64
f 8878
a 9468 10192 256
a 9469 1520 256
a 9470 17472 256
a 9471 272 64
a 9472 16272 64
a 9473 672 64
f 9139
a 9474 63952 64
a 9475 31168 64
a 9476 129808 64
a 9477 400 256
a 9478 8224 64
a 9479 9232 16
f 8388
f 9430
a 9480 928 256
a 9481 24080 16
f 8898
a 9482 6976 64
a 9483 156976 64
f 9238
f 9308
f 8731
f 9230
f 9339
a 9484 1440 256
a 9485 416 16
f 9239
a 9486 960 256
f 9307
a 9487 3024 64
a 9488 26592 16
a 9489 3200 16
f 8932
a 9490 5648 64
f 9400
a 9491 7040 256
a 9492 2016 64
a 9493 3792 64
a 9494 3696 64
f 9420
a 9495 11808 64
f 9422
a 9496 45072 256
a 9497 18048 256
a 9498 672 64
a 9499 11232 64
a 9500 100288 64
a 9501 20672 256
f 9332
a 9502 9584 16
a 9503 5520 256
a 9504 1968 256
a 9505 2096 256
f 9077
f 9251
a 9506 239856 64
a 9507 5824 16
f 8665
a 9508 1088 16
f 9417
f 9374
a 9509 4400 256
a 9510 1568 256
a 9511 13184 16
a 9512 52320 16
a 9513 13312 64
f 9389
a 9514 1040 64
a 9515 800 16
f 8944
f 9470
f 9210
a 9516 155952 16
a 9517 2016 16
f 8858
a 9518 15856 256
a 9519 213280 64
f 8794
f 8799
f 8090
f 9488
a 9520 6976 64
a 9521 41968 64
f 9447
f 9258
f 9454
f 8979
a 9522 25248 64
f 9309
a 9523 64064 64
f 9439
a 9524 114208 64
a 9525 205840 16
f 9200
a 9526 10096 16
f 9496
f 8976
a 9527 20752 64
f 9267
f 9235
f 9396
a 9528 7696 64
f 9231
a 9529 118848 16
f 9315
f 9472
f 9040
f 9527
a 9530 1936 16
a 9531 1472 256
f 9090
f 9281
f 9014
f 9268
a 9532 800 64
f 9321
a 9533 94928 16
a 9534 544 16
a 9535 26624 64
a 9536 6512 256
a 9537 4544 16
f 9475
f 9364
f 8820
a 9538 54240 16
a 9539 25744 16
a 9540 10800 16
f 9064
a 9541 48976 64
f 9432
a 9542 4720 16
f 8449
f 9451
a 9543 8064 16
f 9319
f 9448
f 9156
a 9544 23504 256
a 9545 1536 256
a 9546 1808 16
a 9547 1376 16
a 9548 480 16
f 9435
a 9549 2784 256
a 9550 336 256
a 9551 50736 256
a 9552 4304 64
a 9553 58176 16
f 8761
a 9554 79088 64
f 9115
f 9088
a 9555 127552 256
f 9104
f 8801
f 8689
a 9556 464 16
f 9524
f 8605
f 8835
f 9515
f 9436
f 9262
f 9493
f 8889
f 9404
a 9557 249376 256
f 9312
f 8925
f 9441
f 9233
a 9558 1232 16
f 9358
a 9559 2016 64
f 9333
a 9560 8592 64
f 9237
a 9561 2416 16
a 9562 6816 16
a 9563 16976 256
f 9553
a 9564 32768 256
a 9565 166464 256
f 9480
f 9410
f 9522
a 9566 60320 256
f 9264
a 9567 28176 16
f 9069
f 9234
f 9548
f 9359
f 9511
f 9330
f 9157
f 9046
a 9568 12048 256
a 9569 118432 16
a 9570 38016 64
f 9082
a 9571 3664 16
f 8442
f 9041
a 9572 13472 256
a 9573 18688 256
a 9574 544 64
a 9575 20032 64
f 9489
f 9516
f 9568
a 9576 19008 64
a 9577 1152 256
f 9449
a 9578 7424 256
a 9579 94528 16
a 9580 14096 16
a 9581 8048 16
a 9582 1920 16
a 9583 187872 256
f 8774
a 9584 7632 16
f 9519
f 8439
a 9585 9984 64
a 9586 13296 64
a 9587 656 64
f 9033
a 9588 46784 64
f 8823
a 9589 34848 16
a 9590 222592 256
f 9415
a 9591 2912 16
a 9592 137776 256
f 8883
f 9154
a 9593 512 16
a 9594 27296 16
a 9595 16064 16
a 9596 384 16
a 9597 92496 64
a 9598 13216 16
f 8937
a 9599 172112 16
f 9316
f 9492
f 9565
a 9600 244784 64
a 9601 976 64
f 9348
f 9176
f 9452
f 9532
a 9602 3936 16
f 9557
a 9603 29872 64
a 9604 20224 16
a 9605 189296 64
a 9606 12192 256
a 9607 10672 256
f 9102
f 9476
f 9349
a 9608 246000 256
f 9221
f 9306
f 9305
a 9609 88112 64
f 9287
f 9331
f 7771
a 9610 2240 64
a 9611 704 16
a 9612 608 256
a 9613 9616 16
a 9614 864 256
f 9177
a 9615 4208 64
a 9616 94064 16
a 9617 13216 16
f 9507
f 9575
a 9618 752 256
a 9619 800 64
a 9620 432 64
f 9462
a 9621 19248 256
a 9622 4160 16
a 9623 320 256
a 9624 1328 16
a 9625 15344 256
f 9083
f 9244
a 9626 63600 64
f 9357
f 9198
a 9627 10976 64
a 9628 114656 64
a 9629 2736 64
f 9158
f 9460
f 9478
f 9540
a 9630 1424 64
a 9631 2768 16
f 9240
a 9632 115952 256
a 9633 21200 16
a 9634 108688 16
f 9409
a 9635 368 16
f 9002
a 9636 2112 16
a 9637 368 256
a 9638 912 16
a 9639 1168 64
a 9640 113952 16
a 9641 1840 256
f 8323
a 9642 1024 64
a 9643 1104 16
a 9644 6576 64
a 9645 7712 256
a 9646 816 64
a 9647 8128 256
a 9648 336 256
a 9649 4992 64
a 9650 384 16
a 9651 288 16
a 9652 70240 16
f 9453
a 9653 22832 256
a 9654 1152 256
f 9461
a 9655 30400 16
f 9068
f 9370
a 9656 18976 256
a 9657 2240 256
f 9631
a 9658 3760 16
f 9225
a 9659 10192 256
a 9660 16416 16
a 9661 14608 256
f 9326
a 9662 1776 16
a 9663 10816 256
a 9664 36880 64
a 9665 288 64
a 9666 120080 256
a 9667 21552 256
f 8726
f 9334
f 9546
f 9285
a 9668 10400 256
a 9669 2928 64
a 9670 21760 16
a 9671 100336 256
a 9672 142256 64
a 9673 5984 64
a 9674 1184 256
f 9270
f 9541
a 9675 190448 64
a 9676 320 16
f 9337
a 9677 7424 16
f 8565
f 9595
f 9474
a 9678 1136 16
f 9394
a 9679 125600 256
a 9680 1696 16
f 8458
a 9681 246384 16
f 9608
f 8440
a 9682 33792 16
a 9683 2976 16
a 9684 79248 64
a 9685 21936 16
a 9686 34432 64
f 9630
a 9687 6800 64
f 9325
f 9380
a 9688 69552 16
a 9689 7808 16
a 9690 6336 64
a 9691 243712 256
f 9466
f 9399
f 9250
f 9563
a 9692 67072 64
f 8894
f 9133
f 9610
f 9626
a 9693 179504 256
f 9491
f 8795
a 9694 201616 256
f 9686
f 9458
f 9376
f 9284
a 9695 107904 64
f 9688
f 9444
f 9646
f 8998
a 9696 704 64
f 9562
f 9616
a 9697 928 64
a 9698 336 16
a 9699 26336 256
a 9700 624 16
f 9431
a 9701 1280 64
f 8728
f 9498
a 9702 5968 64
f 8715
f 9487
f 9427
f 9643
f 9465
f 9690
f 9038
f 9426
a 9703 12544 256
a 9704 800 64
a 9705 202784 256
f 9424
f 9567
a 9706 928 256
a 9707 5696 16
f 9411
a 9708 69248 16
a 9709 32272 256
a 9710 18352 16
a 9711 2976 64
a 9712 5664 256
a 9713 2144 16
f 7936
a 9714 198336 16
f 8890
f 9275
f 9162
f 9640
a 9715 1920 16
a 9716 51904 16
f 8824
a 9717 272 256
f 9440
f 9084
f 9621
a 9718 152128 64
a 9719 1920 256
a 9720 25376 64
a 9721 13152 16
a 9722 2000 256
a 9723 8896 256
a 9724 45936 256
a 9725 4304 16
a 9726 13680 64
a 9727 1824 16
f 9160
a 9728 272 16
f 9655
a 9729 4640 64
a 9730 992 64
a 9731 159280 64
f 9718
a 9732 464 256
a 9733 10768 256
f 9593
f 9534
f 9252
a 9734 94080 256
a 9735 193280 64
f 9034
f 9111
f 9722
f 9536
f 9650
f 9494
f 9694
f 9638
a 9736 2528 64
f 9620
a 9737 816 16
f 9715
a 9738 4336 16
f 9703
a 9739 624 256
a 9740 3744 16
a 9741 2448 64
f 9661
a 9742 1632 16
a 9743 99744 16
a 9744 2000 256
a 9745 8112 64
a 9746 624 64
f 9603
a 9747 272 16
a 9748 4880 16
f 9723
a 9749 1392 16
a 9750 352 16
a 9751 5232 16
a 9752 8432 256
a 9753 45712 16
a 9754 50960 16
f 9635
f 8750
a 9755 27984 64
a 9756 211872 16
f 9566
f 9680
f 8984
a 9757 56752 16
a 9758 560 16
f 9689
f 9193
a 9759 13536 16
f 9704
f 9477
f 9076
a 9760 2816 256
a 9761 1952 16
f 9327
a 9762 124800 16
f 9533
f 9701
a 9763 336 64
a 9764 512 64
f 9373
a 9765 29360 64
a 9766 161296 16
f 9599
a 9767 4816 256
a 9768 10368 256
f 9392
f 9152
a 9769 22480 256
f 9666
f 9253
a 9770 400 16
a 9771 15312 64
f 9692
a 9772 29584 64
a 9773 7712 64
f 9459
a 9774 1248 64
a 9775 34656 64
f 9652
a 9776 2368 64
a 9777 1600 16
a 9778 400 64
a 9779 1632 64
a 9780 1104 64
f 9758
a 9781 30496 16
f 8205
a 9782 336 16
f 9737
f 9179
a 9783 1200 256
f 9279
a 9784 2720 256
a 9785 1008 16
a 9786 29648 16
a 9787 21936 64
a 9788 1760 16
a 9789 5808 64
a 9790 196848 256
a 9791 464 64
a 9792 928 64
a 9793 103280 16
a 9794 480 16
a 9795 1936 64
a 9796 416 64
f 9732
a 9797 448 256
a 9798 190560 256
f 9708
f 9263
f 9592
a 9799 1744 256
f 9544
a 9800 2288 256
a 9801 188144 64
f 8935
f 9790
f 9596
f 9740
a 9802 6960 16
f 9521
a 9803 7824 16
a 9804 1456 256
f 9747
a 9805 7904 64
a 9806 107808 64
a 9807 13248 64
a 9808 608 64
f 9677
f 9554
f 9164
a 9809 5776 256
a 9810 54336 16
a 9811 199152 256
f 9625
a 9812 191936 16
f 9699
f 9706
f 9793
f 9346
f 9547
a 9813 10608 16
f 9628
a 9814 5424 16
a 9815 37424 64
a 9816 50304 64
a 9817 1072 256
f 9261
f 9402
a 9818 51520 16
f 9615
f 9437
a 9819 5520 256
f 9629
f 9611
f 8581
f 9606
f 9807
a 9820 218384 256
f 9501
f 9705
a 9821 1888 16
a 9822 9760 64
f 9481
a 9823 53632 256
f 9514
f 9218
f 9138
f 8672
f 9520
f 9189
a 9824 116064 256
f 9668
a 9825 7344 16
f 9445
f 9710
a 9826 59312 256
f 9717
f 9290
a 9827 47520 16
a 9828 104944 64
f 9278
f 9406
f 9654
f 8580
f 9613
f 9826
a 9829 107312 16
f 9347
f 8904
f 9696
f 9413
f 9823
f 9800
f 9368
a 9830 400 64
a 9831 54560 64
a 9832 336 64
a 9833 2144 64
a 9834 11392 64
a 9835 205568 256
f 9682
f 9529
f 9512
f 9762
a 9836 98128 64
a 9837 23616 16
a 9838 944 256
a 9839 82352 64
f 9036
f 9782
a 9840 34128 16
a 9841 6784 64
a 9842 10320 64
a 9843 5552 16
a 9844 25968 64
f 9726
a 9845 23232 256
a 9846 25776 64
a 9847 2912 16
f 9295
f 9627
a 9848 448 256
a 9849 1024 64
a 9850 227888 16
f 9585
f 9752
f 9843
f 9642
a 9851 448 256
f 9523
f 9438
f 9755
f 9734
a 9852 880 256
a 9853 173184 16
a 9854 448 16
a 9855 53472 256
a 9856 25008 64
f 9004
f 9834
f 9781
f 9837
a 9857 2656 256
f 9419
f 9738
f 9618
f 9505
f 9819
f 9543
a 9858 1872 16
f 8784
a 9859 203136 64
a 9860 880 16
f 9442
f 9150
f 9614
f 9658
f 8843
a 9861 15088 16
f 9727
a 9862 29568 16
f 9232
f 9581
f 8593
f 9684
a 9863 2032 64
a 9864 134160 16
a 9865 2912 64
f 9719
f 9586
f 9149
f 9702
a 9866 150928 64
f 9428
f 9763
f 9804
f 9590
a 9867 352 16
a 9868 272 16
a 9869 272 64
a 9870 8912 16
a 9871 10672 64
a 9872 105024 64
a 9873 235984 256
f 9778
f 9510
a 9874 120144 64
a 9875 28112 256
a 9876 368 64
f 8552
f 9468
f 9674
f 9671
f 9714
f 9864
f 9802
a 9877 22576 64
a 9878 34688 16
a 9879 5984 16
a 9880 15120 16
a 9881 34688 16
a 9882 32144 256
a 9883 288 64
f 9741
f 9273
f 9749
a 9884 5520 64
f 9224
f 9497
a 9885 232416 256
f 9241
f 9371
f 8463
f 9759
f 9122
f 9517
f 9421
a 9886 5584 16
f 9637
f 9753
f 9591
a 9887 592 256
f 8893
a 9888 110880 256
a 9889 252960 16
f 9644
f 9508
f 9246
f 9711
f 9847
f 9569
a 9890 3824 64
f 9841
f 9728
f 9450
f 9743
f 9779
a 9891 2896 64
f 8994
a 9892 800 256
f 9425
a 9893 2416 16
a 9894 10576 64
f 8630
f 9771
a 9895 1248 256
a 9896 784 256
a 9897 111168 64
a 9898 448 256
a 9899 30208 16
f 8991
f 9777
f 9504
a 9900 3488 16
f 8174
a 9901 19296 16
a 9902 55104 256
f 9750
f 9887
f 9859
a 9903 78544 256
a 9904 4160 64
a 9905 13200 256
a 9906 992 16
a 9907 1408 64
a 9908 49264 256
a 9909 9632 16
f 9538
f 9679
a 9910 7632 64
a 9911 122144 64
a 9912 237568 16
f 9187
a 9913 95872 64
a 9914 179696 64
f 9673
f 9573
f 9803
f 9530
f 9868
f 9633
f 9746
f 9854
f 9889
a 9915 2224 16
f 9161
f 9683
a 9916 150032 64
a 9917 1712 64
f 9457
f 9350
f 9072
f 9885
a 9918 1008 16
a 9919 185952 64
f 9757
f 9509
f 9888
f 9423
f 9095
f 9570
a 9920 320 64
f 9037
f 9881
a 9921 30688 64
f 9582
f 9899
f 9838
a 9922 130560 16
f 9354
f 9212
f 9855
a 9923 896 16
a 9924 64640 64
f 9791
f 9482
f 9412
a 9925 2112 64
a 9926 272 16
f 9904
a 9927 45280 256
f 9598
f 9663
f 9910
a 9928 1680 256
f 9675
f 9407
f 9851
a 9929 89616 256
f 9100
a 9930 560 256
a 9931 20112 16
a 9932 24256 16
a 9933 8160 16
a 9934 6608 16
a 9935 720 16
a 9936 1904 64
f 8517
f 9766
f 9909
a 9937 9184 256
a 9938 97200 16
a 9939 560 16
f 9869
a 9940 6272 64
f 9820
a 9941 1504 256
f 9874
f 9589
a 9942 3856 64
a 9943 31248 64
f 9433
a 9944 103328 16
f 9320
a 9945 272 256
a 9946 31072 16
a 9947 640 16
f 9894
f 9335
f 8812
a 9948 21664 16
f 9876
a 9949 109936 16
a 9950 1648 16
f 9830
a 9951 1456 16
a 9952 8496 64
a 9953 60144 64
a 9954 13504 256
a 9955 31408 256
a 9956 736 256
a 9957 1936 64
a 9958 47568 256
a 9959 272 16
f 9583
a 9960 223408 16
a 9961 39744 64
f 9559
a 9962 320 64
f 9170
f 9473
a 9963 13440 16
a 9964 30640 256
a 9965 592 256
a 9966 512 64
a 9967 91664 16
a 9968 4432 16
f 9676
f 9925
a 9969 188768 16
f 9525
f 8236
a 9970 4400 16
a 9971 159152 256
a 9972 34000 16
f 9848
f 9356
a 9973 95248 256
f 9634
f 9382
a 9974 528 16
a 9975 288 256
a 9976 150192 64
a 9977 27808 64
a 9978 320 64
a 9979 3824 64
a 9980 336 256
f 9174
a 9981 4704 256
a 9982 6448 64
a 9983 4608 256
a 9984 432 16
a 9985 3936 16
a 9986 992 64
a 9987 7984 256
a 9988 12672 64
f 9927
a 9989 52400 16
a 9990 108608 256
f 9469
a 9991 24384 256
f 9853
a 9992 3760 64
a 9993 448 16
a 9994 1472 16
a 9995 9712 256
f 9975
a 9996 261840 16
f 9360
f 9555
f 9632
a 9997 320 16
f 9651
f 9915
f 9721
a 9998 10960 16
f 9341
a 9999 79664 16
f 9921
a 10000 704 256
a 10001 10608 64
a 10002 27584 256
f 9845
a 10003 1136 256
f 9948
a 10004 177744 16
a 10005 236864 256
f 9795
f 9844
f 8895
a 10006 126160 16
f 8577
f 9697
f 9998
f 9324
f 9147
f 9937
f 10001
f 9829
f 9660
f 9377
f 9391
f 9772
a 10007 10304 64
f 9872
f 9999
f 9574
f 9827
f 9483
a 10008 113664 16
f 9649
a 10009 83872 256
a 10010 29328 64
f 9982
f 9624
f 9484
f 9528
f 9959
f 9698
f 9942
a 10011 1840 16
a 10012 1792 256
f 9089
f 9923
f 10007
f 9274
a 10013 4128 16
f 9883
f 9993
f 9866
f 9272
a 10014 13296 64
f 9716
a 10015 68464 16
a 10016 46432 256
f 9935
a 10017 8192 64
a 10018 688 64
f 9479
f 9345
a 10019 20176 256
f 9571
a 10020 2608 16
a 10021 1264 256
a 10022 656 256
f 8970
f 9639
f 9318
a 10023 82336 256
a 10024 203104 16
f 9836
f 9600
a 10025 688 16
a 10026 3888 256
a 10027 9840 16
a 10028 3152 16
a 10029 1760 16
a 10030 6176 64
a 10031 432 256
f 8810
a 10032 11728 64
f 9895
a 10033 1088 64
f 9378
a 10034 6512 16
a 10035 8864 256
a 10036 17104 64
a 10037 336 64
a 10038 64400 256
a 10039 560 16
a 10040 70272 64
f 9296
a 10041 6304 256
f 8712
a 10042 68512 256
a 10043 1056 64
a 10044 49024 16
a 10045 480 256
a 10046 126304 16
f 9729
f 8897
f 9897
a 10047 54864 64
f 9891
f 8677
f 9962
a 10048 752 256
f 8745
f 10035
a 10049 560 256
f 10003
a 10050 13584 256
f 9924
f 9912
f 9669
f 9464
f 9594
f 9966
a 10051 31360 256
a 10052 656 256
a 10053 2256 256
f 9817
f 8846
a 10054 2080 16
a 10055 10016 64
f 9986
a 10056 2384 16
a 10057 10896 16
a 10058 21312 256
a 10059 3520 256
a 10060 1024 16
a 10061 704 16
a 10062 1360 256
f 9956
a 10063 1072 256
a 10064 3392 256
a 10065 98672 64
a 10066 4000 16
a 10067 11648 16
f 9579
a 10068 4256 64
a 10069 528 256
a 10070 232864 16
a 10071 12000 16
f 9849
a 10072 25200 64
f 10051
f 9735
f 9725
f 9297
f 9989
a 10073 2912 16
f 9641
a 10074 5392 16
f 9720
a 10075 197536 64
a 10076 123232 16
f 9361
f 9636
f 9983
f 9908
a 10077 512 16
a 10078 26112 64
f 10037
f 9949
f 8907
f 9884
f 10018
a 10079 2336 64
f 9672
a 10080 33520 256
a 10081 7248 64
f 9835
a 10082 19008 16
a 10083 16336 256
f 9896
a 10084 123856 64
a 10085 145184 256
a 10086 848 64
f 9605
a 10087 102800 64
a 10088 5120 256
a 10089 109712 16
a 10090 55872 64
f 9693
a 10091 1008 16
a 10092 3840 256
a 10093 29936 256
a 10094 216032 256
a 10095 4480 16
f 9893
f 8544
f 9907
f 9609
f 9168
a 10096 43152 16
a 10097 2064 256
a 10098 195824 64
a 10099 247840 256
a 10100 2304 256
f 9972
f 10012
a 10101 6176 16
f 9951
a 10102 1856 64
a 10103 30048 256
f 9913
f 9124
f 10050
f 9678
f 10029
f 8438
a 10104 230256 16
f 10072
f 9390
f 9789
f 9928
f 10045
f 10031
f 9833
a 10105 118400 16
a 10106 2864 256
a 10107 37680 64
a 10108 17456 64
f 9808
f 10104
f 9979
f 9375
f 9499
f 10106
f 10068
f 8993
f 9822
f 9401
a 10109 416 16
a 10110 204640 16
f 9971
f 9500
f 9695
a 10111 4784 256
f 10049
f 10011
f 9503
f 9974
f 9739
f 9798
a 10112 512 64
f 9731
a 10113 16048 256
a 10114 560 16
f 10097
a 10115 72000 64
a 10116 3728 64
a 10117 89968 64
a 10118 8320 256
a 10119 2992 256
a 10120 14512 256
f 9926
a 10121 121744 256
f 9856
a 10122 304 16
a 10123 2400 64
a 10124 8336 16
f 10081
a 10125 928 64
a 10126 608 64
a 10127 7120 256
a 10128 66704 64
f 9867
f 10005
a 10129 7248 256
a 10130 464 64
f 10094
a 10131 1104 16
a 10132 400 256
a 10133 34320 256
a 10134 194768 256
f 9976
a 10135 14064 16
a 10136 23664 256
a 10137 7408 256
a 10138 592 64
a 10139 24960 16
a 10140 720 16
a 10141 3120 16
a 10142 624 16
a 10143 8192 16
a 10144 7616 256
a 10145 5776 256
a 10146 720 256
f 9878
a 10147 151344 16
f 9860
a 10148 7696 16
f 9941
a 10149 2160 64
a 10150 47168 64
f 9403
a 10151 272 64
a 10152 8224 16
a 10153 4624 64
a 10154 14048 256
a 10155 39872 64
a 10156 448 64
a 10157 2944 256
f 9786
a 10158 150496 256
a 10159 56032 256
f 9572
f 10158
a 10160 944 16
f 10093
f 9712
a 10161 7856 64
f 10063
a 10162 7376 256
a 10163 182688 64
f 10019
f 10110
f 8519
a 10164 84544 16
a 10165 1008 256
a 10166 229408 256
f 10116
f 9929
f 10164
f 9463
a 10167 12000 16
a 10168 320 256
a 10169 10288 16
f 10118
f 9601
a 10170 44608 64
a 10171 1664 256
a 10172 155280 16
f 10125
f 9953
a 10173 9856 64
a 10174 93536 256
f 10159
a 10175 235168 256
f 10171
f 9906
a 10176 9360 16
f 10089
a 10177 3216 16
f 10141
f 10112
f 10004
a 10178 2944 64
f 8790
a 10179 896 256
f 9255
a 10180 185088 64
a 10181 448 256
a 10182 8784 16
f 10025
f 10178
a 10183 320 256
a 10184 784 16
a 10185 11440 16
a 10186 512 256
a 10187 16144 16
a 10188 225824 256
f 8963
a 10189 8032 64
a 10190 896 256
f 10150
a 10191 4592 256
a 10192 1488 64
f 9774
f 10139
a 10193 8128 64
f 10107
f 10038
a 10194 448 16
f 10120
a 10195 592 16
a 10196 33168 256
f 9978
a 10197 3248 256
f 9681
a 10198 186832 16
a 10199 1536 256
a 10200 336 64
a 10201 2464 16
a 10202 272 64
a 10203 13056 16
a 10204 1152 16
a 10205 38912 16
a 10206 2560 64
f 9713
f 10103
a 10207 68368 64
a 10208 99552 16
f 10028
f 8875
f 9992
f 9513
f 9945
f 9857
f 10132
f 10055
f 9151
f 9181
f 10067
a 10209 4784 64
f 9813
f 9197
c op-20000
